{"video_url": "https://www.youtube.com/embed/DM2xHAKuWgY?showinfo=0", "1": {"text": "Put the watch on without adjusting it.", "img": "https://www.wikihow.com/images/thumb/5/5d/Adjust-a-Watch-Band-Step-1-Version-8.jpg/v4-460px-Adjust-a-Watch-Band-Step-1-Version-8.jpg", "vid": null}, "2": {"text": "Find the clasp.", "img": "https://www.wikihow.com/images/thumb/9/95/Adjust-a-Watch-Band-Step-2-Version-8.jpg/v4-460px-Adjust-a-Watch-Band-Step-2-Version-8.jpg", "vid": null}, "3": {"text": "Get your tools assembled.", "img": "https://www.wikihow.com/images/thumb/9/93/Adjust-a-Watch-Band-Step-3-Version-8.jpg/v4-460px-Adjust-a-Watch-Band-Step-3-Version-8.jpg", "vid": null}, "4": {"text": "Lay the watch on its side on your flat surface.", "img": "https://www.wikihow.com/images/thumb/7/7f/Adjust-a-Watch-Band-Step-4-Version-8.jpg/v4-460px-Adjust-a-Watch-Band-Step-4-Version-8.jpg", "vid": null}, "5": {"text": "Get your pushpins.", "img": null, "vid": "/d/dc/Adjust a Watch Band Step 5 Version 8.360p.mp4"}, "6": {"text": "Remove the pin with the pliers.", "img": null, "vid": "/c/c3/Adjust a Watch Band Step 6 Version 6.360p.mp4"}, "7": {"text": "Detach the clasp from the section of removed links.", "img": "https://www.wikihow.com/images/thumb/0/09/Adjust-a-Watch-Band-Step-7-Version-8.jpg/v4-460px-Adjust-a-Watch-Band-Step-7-Version-8.jpg", "vid": null}, "8": {"text": "Attach the clasp back onto the wrist band.", "img": null, "vid": "/c/c2/Adjust a Watch Band Step 8 Version 5.360p.mp4"}, "9": {"text": "Try on the watch.", "img": "https://www.wikihow.com/images/thumb/0/0c/Adjust-a-Watch-Band-Step-9-Version-7.jpg/v4-460px-Adjust-a-Watch-Band-Step-9-Version-7.jpg", "vid": null}}