{"video_url": "https://www.youtube.com/embed/7d3Bb0zBtjs", "1": {"text": "Strengthen your mid back.", "img": "https://www.wikihow.com/images/thumb/6/68/Align-Your-Shoulders-Step-1-Version-2.jpg/v4-460px-Align-Your-Shoulders-Step-1-Version-2.jpg", "vid": null}, "2": {"text": "Make your thoracic spine more flexible.", "img": "https://www.wikihow.com/images/thumb/2/27/Align-Your-Shoulders-Step-2-Version-2.jpg/v4-460px-Align-Your-Shoulders-Step-2-Version-2.jpg", "vid": null}, "3": {"text": "Stretch your chest and neck muscles.", "img": "https://www.wikihow.com/images/thumb/2/26/Align-Your-Shoulders-Step-3-Version-2.jpg/v4-460px-Align-Your-Shoulders-Step-3-Version-2.jpg", "vid": null}, "4": {"text": "See a chiropractor.", "img": "https://www.wikihow.com/images/thumb/7/70/Align-Your-Shoulders-Step-4-Version-2.jpg/v4-460px-Align-Your-Shoulders-Step-4-Version-2.jpg", "vid": null}, "5": {"text": "Avoid poor posture.", "img": "https://www.wikihow.com/images/thumb/8/8b/Align-Your-Shoulders-Step-5-Version-2.jpg/v4-460px-Align-Your-Shoulders-Step-5-Version-2.jpg", "vid": null}, "6": {"text": "Deal with shoulder injuries properly.", "img": "https://www.wikihow.com/images/thumb/e/e4/Align-Your-Shoulders-Step-6-Version-2.jpg/v4-460px-Align-Your-Shoulders-Step-6-Version-2.jpg", "vid": null}, "7": {"text": "Ask your doctor if you have scoliosis.", "img": "https://www.wikihow.com/images/thumb/8/8c/Align-Your-Shoulders-Step-7-Version-2.jpg/v4-460px-Align-Your-Shoulders-Step-7-Version-2.jpg", "vid": null}, "8": {"text": "Try to prevent osteoporosis.", "img": "https://www.wikihow.com/images/thumb/c/c9/Align-Your-Shoulders-Step-8-Version-2.jpg/v4-460px-Align-Your-Shoulders-Step-8-Version-2.jpg", "vid": null}}