{"video_url": "https://www.youtube.com/embed/SqQDabsY7Bo?showinfo=0", "1": {"text": "Wash your face with a gentle cleanser.", "img": "https://www.wikihow.com/images/thumb/8/87/Apply-Raw-Milk-on-Your-Face-Step-1.jpg/v4-460px-Apply-Raw-Milk-on-Your-Face-Step-1.jpg", "vid": null}, "2": {"text": "Dab 2 tablespoons (30\u00a0mL) of raw milk onto a cotton pad.", "img": null, "vid": "/3/36/Apply Raw Milk on Your Face Step 2.360p.mp4"}, "3": {"text": "Rub the cotton pad on your face for 1 minute.", "img": null, "vid": "/a/ab/Apply Raw Milk on Your Face Step 3.360p.mp4"}, "4": {"text": "Rinse your face with cool water.", "img": null, "vid": "/6/6b/Apply Raw Milk on Your Face Step 4.360p.mp4"}, "5": {"text": "Apply the raw milk every day for best results.", "img": "https://www.wikihow.com/images/thumb/2/24/Apply-Raw-Milk-on-Your-Face-Step-5.jpg/v4-460px-Apply-Raw-Milk-on-Your-Face-Step-5.jpg", "vid": null}, "6": {"text": "Mix 3 tablespoons (44\u00a0mL) of milk with 1\u00a0US\u00a0tbsp (15\u00a0mL) of honey.", "img": null, "vid": "/3/3c/Apply Raw Milk on Your Face Step 6.360p.mp4"}, "7": {"text": "Massage the mixture into your skin for 5 minutes.", "img": "https://www.wikihow.com/images/thumb/6/68/Apply-Raw-Milk-on-Your-Face-Step-7.jpg/v4-460px-Apply-Raw-Milk-on-Your-Face-Step-7.jpg", "vid": null}, "8": {"text": "Let the mixture sit on your skin for another 5 minutes.", "img": "https://www.wikihow.com/images/thumb/d/d4/Apply-Raw-Milk-on-Your-Face-Step-8.jpg/v4-460px-Apply-Raw-Milk-on-Your-Face-Step-8.jpg", "vid": null}, "9": {"text": "Rinse your skin with cold water.", "img": null, "vid": "/9/99/Apply Raw Milk on Your Face Step 9.360p.mp4"}, "10": {"text": "Repeat this daily to remove dark spots and even out your skin tone.", "img": "https://www.wikihow.com/images/thumb/3/39/Apply-Raw-Milk-on-Your-Face-Step-10.jpg/v4-460px-Apply-Raw-Milk-on-Your-Face-Step-10.jpg", "vid": null}, "11": {"text": "Mix 4 tbsp (36 g) of turmeric and 5 tablespoons (74\u00a0mL) of raw milk.", "img": null, "vid": "/b/be/Apply Raw Milk on Your Face Step 11.360p.mp4"}, "12": {"text": "Apply the mixture to your face with your fingers.", "img": null, "vid": "/f/fb/Apply Raw Milk on Your Face Step 12.360p.mp4"}, "13": {"text": "Let the mixture sit for 25 minutes.", "img": "https://www.wikihow.com/images/thumb/e/e2/Apply-Raw-Milk-on-Your-Face-Step-13.jpg/v4-460px-Apply-Raw-Milk-on-Your-Face-Step-13.jpg", "vid": null}, "14": {"text": "Rinse your skin with cold water.", "img": null, "vid": "/b/b3/Apply Raw Milk on Your Face Step 14.360p.mp4"}, "15": {"text": "Repeat this 3 to 4 times a week until your skin is even.", "img": "https://www.wikihow.com/images/thumb/4/4c/Apply-Raw-Milk-on-Your-Face-Step-15.jpg/v4-460px-Apply-Raw-Milk-on-Your-Face-Step-15.jpg", "vid": null}}