{"video_url": "https://www.youtube.com/embed/tDF8uQ8Wjnw", "1": {"text": "Wash your face.", "img": "https://www.wikihow.com/images/thumb/1/1d/Apply-Simple-Makeup-Step-1-Version-4.jpg/v4-460px-Apply-Simple-Makeup-Step-1-Version-4.jpg", "vid": null}, "2": {"text": "Moisturize your face.", "img": null, "vid": "/1/1b/Apply Simple Makeup Step 2 Version 3.360p.mp4"}, "3": {"text": "Prime your face.", "img": null, "vid": "/3/36/Apply Simple Makeup Step 3 Version 3.360p.mp4"}, "4": {"text": "Assess your skin tone.", "img": null, "vid": "/8/8a/Apply Simple Makeup Step 4 Version 3.360p.mp4"}, "5": {"text": "Apply foundation.", "img": null, "vid": "/9/92/Apply Simple Makeup Step 5 Version 2.360p.mp4"}, "6": {"text": "Apply concealer.", "img": null, "vid": "/8/89/Apply Simple Makeup Step 6 Version 3.360p.mp4"}, "7": {"text": "Apply powder.", "img": null, "vid": "/3/3b/Apply Simple Makeup Step 7 Version 3.360p.mp4"}, "8": {"text": "Apply blush to your cheeks.", "img": null, "vid": "/2/27/Apply Simple Makeup Step 8 Version 3.360p.mp4"}, "9": {"text": "Curl your lashes and apply a thin coat of mascara.", "img": null, "vid": "/7/7e/Apply Simple Makeup Step 9 Version 3.360p.mp4"}, "10": {"text": "Enhance your lips\u2019 natural pigment.", "img": null, "vid": "/6/67/Apply Simple Makeup Step 10 Version 3.360p.mp4"}}