{"video_url": "https://www.youtube.com/embed/XqycmRLZzPk?showinfo=0", "1": {"text": "Have a private conversation.", "img": "https://www.wikihow.com/images/thumb/7/7a/Ask-Someone-if-They%27re-Ok-Step-1.jpg/v4-460px-Ask-Someone-if-They%27re-Ok-Step-1.jpg", "vid": null}, "2": {"text": "Remove any distractions.", "img": "https://www.wikihow.com/images/thumb/b/bf/Ask-Someone-if-They%27re-Okay-Step-2.jpg/v4-460px-Ask-Someone-if-They%27re-Okay-Step-2.jpg", "vid": null}, "3": {"text": "Feel prepared to talk.", "img": "https://www.wikihow.com/images/thumb/e/e8/Ask-Someone-if-They%27re-Okay-Step-3.jpg/v4-460px-Ask-Someone-if-They%27re-Okay-Step-3.jpg", "vid": null}, "4": {"text": "Take a friendly yet concerned approach.", "img": "https://www.wikihow.com/images/thumb/d/dd/Ask-Someone-if-They%27re-Okay-Step-4.jpg/v4-460px-Ask-Someone-if-They%27re-Okay-Step-4.jpg", "vid": null}, "5": {"text": "Ask how they are.", "img": "https://www.wikihow.com/images/thumb/8/8e/Ask-Someone-if-They%27re-Okay-Step-5.jpg/v4-460px-Ask-Someone-if-They%27re-Okay-Step-5.jpg", "vid": null}, "6": {"text": "Mention something specific.", "img": "https://www.wikihow.com/images/thumb/e/e4/Ask-Someone-if-They%27re-Okay-Step-6.jpg/v4-460px-Ask-Someone-if-They%27re-Okay-Step-6.jpg", "vid": null}, "7": {"text": "Avoid confrontation.", "img": "https://www.wikihow.com/images/thumb/3/32/Ask-Someone-if-They%27re-Okay-Step-7.jpg/v4-460px-Ask-Someone-if-They%27re-Okay-Step-7.jpg", "vid": null}, "8": {"text": "Talk about suicide.", "img": "https://www.wikihow.com/images/thumb/2/24/Ask-Someone-if-They%27re-Okay-Step-8.jpg/v4-460px-Ask-Someone-if-They%27re-Okay-Step-8.jpg", "vid": null}, "9": {"text": "Be available to listen.", "img": "https://www.wikihow.com/images/thumb/9/96/Ask-Someone-if-They%27re-Okay-Step-9.jpg/v4-460px-Ask-Someone-if-They%27re-Okay-Step-9.jpg", "vid": null}, "10": {"text": "Avoid judgments.", "img": "https://www.wikihow.com/images/thumb/8/87/Ask-Someone-if-They%27re-Okay-Step-10.jpg/v4-460px-Ask-Someone-if-They%27re-Okay-Step-10.jpg", "vid": null}, "11": {"text": "Acknowledge their experience.", "img": "https://www.wikihow.com/images/thumb/7/7f/Ask-Someone-if-They%27re-Okay-Step-11.jpg/v4-460px-Ask-Someone-if-They%27re-Okay-Step-11.jpg", "vid": null}, "12": {"text": "Encourage action.", "img": "https://www.wikihow.com/images/thumb/0/0c/Ask-Someone-if-They%27re-Okay-Step-12.jpg/v4-460px-Ask-Someone-if-They%27re-Okay-Step-12.jpg", "vid": null}, "13": {"text": "Stay in contact.", "img": "https://www.wikihow.com/images/thumb/5/53/Ask-Someone-if-They%27re-Okay-Step-13.jpg/v4-460px-Ask-Someone-if-They%27re-Okay-Step-13.jpg", "vid": null}}