{"video_url": "https://www.youtube.com/embed/dxqB2ap4BgY", "1": {"text": "Survey the area.", "img": null, "vid": "/b/b9/Attend to a Stab Wound Step 1.360p.mp4"}, "2": {"text": "Call for emergency help immediately.", "img": null, "vid": "/f/f9/Attend to a Stab Wound Step 2.360p.mp4"}, "3": {"text": "Lay the person down.", "img": null, "vid": "/1/1d/Attend to a Stab Wound Step 3.360p.mp4"}, "4": {"text": "Examine the person and determine the extent of the injury.", "img": null, "vid": "/0/0a/Attend to a Stab Wound Step 4.360p.mp4"}, "5": {"text": "Put on disposable gloves if you have them.", "img": null, "vid": "/4/4d/Attend to a Stab Wound Step 5.360p.mp4"}, "6": {"text": "Check the victim's ABCs, Airway, Breathing, and Circulation.", "img": "https://www.wikihow.com/images/thumb/b/b2/Attend-to-a-Stab-Wound-Step-6-Version-3.jpg/v4-460px-Attend-to-a-Stab-Wound-Step-6-Version-3.jpg", "vid": null}, "7": {"text": "Remove the victim's clothing around the affected area.", "img": null, "vid": "/c/c8/Attend to a Stab Wound Step 7.360p.mp4"}, "8": {"text": "Do not remove the stabbing object if it is embedded.", "img": null, "vid": "/1/18/Attend to a Stab Wound Step 8.360p.mp4"}, "9": {"text": "Stop the bleeding", "img": null, "vid": "/0/0f/Attend to a Stab Wound Step 9.360p.mp4"}, "10": {"text": "Reposition the victim so the wound is above the heart.", "img": "https://www.wikihow.com/images/thumb/e/e4/Attend-to-a-Stab-Wound-Step-10-Version-3.jpg/v4-460px-Attend-to-a-Stab-Wound-Step-10-Version-3.jpg", "vid": null}, "11": {"text": "Cover the dressing.", "img": "https://www.wikihow.com/images/thumb/f/f5/Attend-to-a-Stab-Wound-Step-11-Version-3.jpg/v4-460px-Attend-to-a-Stab-Wound-Step-11-Version-3.jpg", "vid": null}, "12": {"text": "Continue to apply pressure to the wound until help arrives.", "img": "https://www.wikihow.com/images/thumb/e/e3/Attend-to-a-Stab-Wound-Step-12-Version-2.jpg/v4-460px-Attend-to-a-Stab-Wound-Step-12-Version-2.jpg", "vid": null}, "13": {"text": "Check the victim's consciousness.", "img": "https://www.wikihow.com/images/thumb/0/0f/Attend-to-a-Stab-Wound-Step-13-Version-2.jpg/v4-460px-Attend-to-a-Stab-Wound-Step-13-Version-2.jpg", "vid": null}, "14": {"text": "Keep the victim warm and comfortable.", "img": "https://www.wikihow.com/images/thumb/f/f9/Attend-to-a-Stab-Wound-Step-14-Version-2.jpg/v4-460px-Attend-to-a-Stab-Wound-Step-14-Version-2.jpg", "vid": null}, "15": {"text": "Begin cleaning the wound.", "img": "https://www.wikihow.com/images/thumb/8/84/Attend-to-a-Stab-Wound-Step-15-Version-2.jpg/v4-460px-Attend-to-a-Stab-Wound-Step-15-Version-2.jpg", "vid": null}, "16": {"text": "Pack the wound.", "img": "https://www.wikihow.com/images/thumb/d/dd/Attend-to-a-Stab-Wound-Step-16-Version-2.jpg/v4-460px-Attend-to-a-Stab-Wound-Step-16-Version-2.jpg", "vid": null}, "17": {"text": "Apply antibiotic treatment, if available.", "img": "https://www.wikihow.com/images/thumb/3/35/Attend-to-a-Stab-Wound-Step-17-Version-2.jpg/v4-460px-Attend-to-a-Stab-Wound-Step-17-Version-2.jpg", "vid": null}, "18": {"text": "Check that the bandage is not too tight.", "img": "https://www.wikihow.com/images/thumb/5/5b/Attend-to-a-Stab-Wound-Step-18-Version-2.jpg/v4-460px-Attend-to-a-Stab-Wound-Step-18-Version-2.jpg", "vid": null}}