{"video_url": "https://www.youtube.com/embed/FanCUzBTUlE?showinfo=0", "1": {"text": "Select seeds and grains that pigeons normally eat in the wild.", "img": "https://www.wikihow.com/images/thumb/5/56/Attract-Pigeons-Step-1.jpg/v4-460px-Attract-Pigeons-Step-1.jpg", "vid": null}, "2": {"text": "Choose an open platform or tray feeder that pigeons can perch on.", "img": "https://www.wikihow.com/images/thumb/4/47/Attract-Pigeons-Step-2.jpg/v4-460px-Attract-Pigeons-Step-2.jpg", "vid": null}, "3": {"text": "Hang the feeder low to the ground near plants and trees.", "img": "https://www.wikihow.com/images/thumb/e/e8/Attract-Pigeons-Step-3.jpg/v4-460px-Attract-Pigeons-Step-3.jpg", "vid": null}, "4": {"text": "Sit quietly at a distance to avoid scaring approaching pigeons.", "img": "https://www.wikihow.com/images/thumb/4/43/Attract-Pigeons-Step-4.jpg/v4-460px-Attract-Pigeons-Step-4.jpg", "vid": null}, "5": {"text": "Feed pigeons around the same time every day to attract more.", "img": "https://www.wikihow.com/images/thumb/4/4a/Attract-Pigeons-Step-5.jpg/v4-460px-Attract-Pigeons-Step-5.jpg", "vid": null}, "6": {"text": "Sweep up hulls and other debris after pigeons are done feeding.", "img": "https://www.wikihow.com/images/thumb/5/58/Attract-Pigeons-Step-6.jpg/v4-460px-Attract-Pigeons-Step-6.jpg", "vid": null}, "7": {"text": "Set up a shallow birdbath with fresh water.", "img": "https://www.wikihow.com/images/thumb/1/13/Attract-Pigeons-Step-7.jpg/v4-460px-Attract-Pigeons-Step-7.jpg", "vid": null}, "8": {"text": "Hang a nesting shelf in your yard to keep pigeons around.", "img": "https://www.wikihow.com/images/thumb/0/04/Attract-Pigeons-Step-8.jpg/v4-460px-Attract-Pigeons-Step-8.jpg", "vid": null}, "9": {"text": "Plant some shrubs, bushes, or trees if there aren\u2019t any nearby.", "img": "https://www.wikihow.com/images/thumb/0/0a/Attract-Pigeons-Step-9.jpg/v4-460px-Attract-Pigeons-Step-9.jpg", "vid": null}}