{"video_url": "https://www.youtube.com/embed/LTq7AXQ-IhA?showinfo=0", "1": {"text": "Choose the right type of potato.", "img": null, "vid": "/0/04/Bake a Potato in the Microwave Step 1 Version 3.360p.mp4"}, "2": {"text": "Wash the potato.", "img": null, "vid": "/2/29/Bake a Potato in the Microwave Step 2 Version 3.360p.mp4"}, "3": {"text": "Season the potato.", "img": null, "vid": "/8/86/Bake a Potato in the Microwave Step 3 Version 3.360p.mp4"}, "4": {"text": "Prick the potato with a fork.", "img": null, "vid": "/9/97/Bake a Potato in the Microwave Step 4 Version 3.360p.mp4"}, "5": {"text": "Place the potato on a microwavable plate.", "img": null, "vid": "/c/c2/Bake a Potato in the Microwave Step 5 Version 3.360p.mp4"}, "6": {"text": "Put the plate in the microwave and choose a cooking time.", "img": null, "vid": "/d/dd/Bake a Potato in the Microwave Step 6 Version 3.360p.mp4"}, "7": {"text": "Check if the potato is cooked.", "img": null, "vid": "/9/9c/Bake a Potato in the Microwave Step 7 Version 3.360p.mp4"}, "8": {"text": "Let the potato rest for five minutes.", "img": null, "vid": "/9/97/Bake a Potato in the Microwave Step 8 Version 3.360p.mp4"}, "9": {"text": "Serve the potato.", "img": null, "vid": "/d/d6/Bake a Potato in the Microwave Step 9 Version 3.360p.mp4"}}