{"video_url": "https://www.youtube.com/embed/oPQJqdftQKE", "1": {"text": "Know the difference between a nerd, a geek, and a dork.", "img": "https://www.wikihow.com/images/thumb/5/57/Jewish-Guy-with-an-Idea.png/460px-Jewish-Guy-with-an-Idea.png", "vid": null}, "2": {"text": "Be singular.", "img": "https://www.wikihow.com/images/thumb/0/07/Hijabi-Girl-at-Computer.png/460px-Hijabi-Girl-at-Computer.png", "vid": null}, "3": {"text": "Find a subject or subjects that you can immerse yourself in.", "img": "https://www.wikihow.com/images/thumb/2/2b/Relaxed-Guy-Reading.png/460px-Relaxed-Guy-Reading.png", "vid": null}, "4": {"text": "Question, constantly.", "img": "https://www.wikihow.com/images/thumb/e/ee/Man-in-Blue-Asks-Question.png/460px-Man-in-Blue-Asks-Question.png", "vid": null}, "5": {"text": "Examine the details.", "img": "https://www.wikihow.com/images/thumb/c/ca/Laptop-with-Code-Error-1.png/460px-Laptop-with-Code-Error-1.png", "vid": null}, "6": {"text": "Go toward the gray areas.", "img": "https://www.wikihow.com/images/thumb/3/38/Young-Person-Weighs-Pros-and-Cons.png/460px-Young-Person-Weighs-Pros-and-Cons.png", "vid": null}, "7": {"text": "Ask the experts.", "img": "https://www.wikihow.com/images/thumb/6/68/Asexual-Teen-and-Tall-Woman-Talk.png/460px-Asexual-Teen-and-Tall-Woman-Talk.png", "vid": null}, "8": {"text": "Lose the ideas of genius and talent.", "img": "https://www.wikihow.com/images/thumb/1/12/Guy-in-Blue-Mentions-Brain.png/460px-Guy-in-Blue-Mentions-Brain.png", "vid": null}, "9": {"text": "Lose yourself in your passion.", "img": "https://www.wikihow.com/images/thumb/8/81/Cute-Girl-Reading-1.png/460px-Cute-Girl-Reading-1.png", "vid": null}, "10": {"text": "Don't be afraid to go beyond the ordinary.", "img": "https://www.wikihow.com/images/thumb/2/23/Young-Autistic-Woman-Mentions-Neurodiversity.png/460px-Young-Autistic-Woman-Mentions-Neurodiversity.png", "vid": null}, "11": {"text": "Always keep learning.", "img": "https://www.wikihow.com/images/thumb/3/33/Educational-Video-About-Forests.png/460px-Educational-Video-About-Forests.png", "vid": null}, "12": {"text": "Read voraciously.", "img": "https://www.wikihow.com/images/thumb/a/a7/Pile-of-Books.png/460px-Pile-of-Books.png", "vid": null}, "13": {"text": "Pay attention in school.", "img": "https://www.wikihow.com/images/thumb/a/ae/Girl-Raises-Hand-in-Class.png/460px-Girl-Raises-Hand-in-Class.png", "vid": null}, "14": {"text": "Channel any difficult feelings you may have into your passions.", "img": "https://www.wikihow.com/images/thumb/d/d3/Pencil-and-Paper.png/460px-Pencil-and-Paper.png", "vid": null}, "15": {"text": "Take care of your body.", "img": "https://www.wikihow.com/images/thumb/7/7a/Sleeping-Man.png/460px-Sleeping-Man.png", "vid": null}, "16": {"text": "Be an optimist.", "img": "https://www.wikihow.com/images/thumb/9/9b/Handsome-Man-in-Pink-2.png/460px-Handsome-Man-in-Pink-2.png", "vid": null}, "17": {"text": "Don\u2019t worry too much about your wardrobe.", "img": "https://www.wikihow.com/images/thumb/4/4d/Preppy-Girl-1.png/460px-Preppy-Girl-1.png", "vid": null}, "18": {"text": "Consider practicality.", "img": "https://www.wikihow.com/images/thumb/a/a3/Girl-Ties-Hair-Back-1.png/460px-Girl-Ties-Hair-Back-1.png", "vid": null}, "19": {"text": "Use your shirts to make nerd references or jokes.", "img": "https://www.wikihow.com/images/thumb/5/5d/Guy-in-Nerdy-T-Shirt-Takes-a-Walk.png/460px-Guy-in-Nerdy-T-Shirt-Takes-a-Walk.png", "vid": null}, "20": {"text": "Wear glasses.", "img": "https://www.wikihow.com/images/thumb/4/46/Cheerful-Geek-Smiling.png/460px-Cheerful-Geek-Smiling.png", "vid": null}, "21": {"text": "Sport ill-fitting clothes (if desired).", "img": "https://www.wikihow.com/images/thumb/5/59/Young-Woman-in-Sweater-and-Polo-Shirt.png/460px-Young-Woman-in-Sweater-and-Polo-Shirt.png", "vid": null}, "22": {"text": "Dress preppy.", "img": "https://www.wikihow.com/images/thumb/c/c9/Preppy-Boy-1.png/460px-Preppy-Boy-1.png", "vid": null}, "23": {"text": "Be nice.", "img": "https://www.wikihow.com/images/thumb/4/42/Man-Speaks-Positively-to-Woman.png/460px-Man-Speaks-Positively-to-Woman.png", "vid": null}, "24": {"text": "Use the right words.", "img": "https://www.wikihow.com/images/thumb/a/ac/Cheerful-Girl-Says-Yes.png/460px-Cheerful-Girl-Says-Yes.png", "vid": null}, "25": {"text": "Seek good, wholesome fun.", "img": "https://www.wikihow.com/images/thumb/a/a6/Best-Friends-Playing-Video-Game.png/460px-Best-Friends-Playing-Video-Game.png", "vid": null}, "26": {"text": "Find friends with similar interests.", "img": "https://www.wikihow.com/images/thumb/4/45/Three-Students-Talk.png/460px-Three-Students-Talk.png", "vid": null}}