{"video_url": "https://www.youtube.com/embed/5nItmVYD_zI", "1": {"text": "Become physically fit.", "img": null, "vid": "/f/f4/Be Attractive to Girls Step 1.360p.mp4"}, "2": {"text": "Dress to attract.", "img": null, "vid": "/7/79/Be Attractive to Girls Step 2.360p.mp4"}, "3": {"text": "Maintain your personal hygiene.", "img": null, "vid": "/f/fc/Be Attractive to Girls Step 3.360p.mp4"}, "4": {"text": "Uphold good posture.", "img": null, "vid": "/d/d5/Be Attractive to Girls Step 4.360p.mp4"}, "5": {"text": "Eat well.", "img": "https://www.wikihow.com/images/thumb/e/e9/Be-Attractive-to-Girls-Step-5-Version-2.jpg/v4-460px-Be-Attractive-to-Girls-Step-5-Version-2.jpg", "vid": null}, "6": {"text": "Pursue a passion.", "img": null, "vid": "/6/65/Be Attractive to Girls Step 6.360p.mp4"}, "7": {"text": "Talk to women more often.", "img": "https://www.wikihow.com/images/thumb/5/53/Be-Attractive-to-Girls-Step-7-Version-2.jpg/v4-460px-Be-Attractive-to-Girls-Step-7-Version-2.jpg", "vid": null}, "8": {"text": "Practice respect and kindness.", "img": "https://www.wikihow.com/images/thumb/d/d3/Be-Attractive-to-Girls-Step-8.jpg/v4-460px-Be-Attractive-to-Girls-Step-8.jpg", "vid": null}, "9": {"text": "Take risks to have fun.", "img": "https://www.wikihow.com/images/thumb/2/2e/Be-Attractive-to-Girls-Step-9.jpg/v4-460px-Be-Attractive-to-Girls-Step-9.jpg", "vid": null}, "10": {"text": "Be intellectually curious.", "img": "https://www.wikihow.com/images/thumb/6/61/Be-Attractive-to-Girls-Step-10.jpg/v4-460px-Be-Attractive-to-Girls-Step-10.jpg", "vid": null}, "11": {"text": "Use your sense of humor.", "img": "https://www.wikihow.com/images/thumb/7/7d/Be-Attractive-to-Girls-Step-11.jpg/v4-460px-Be-Attractive-to-Girls-Step-11.jpg", "vid": null}, "12": {"text": "Be a confident person.", "img": "https://www.wikihow.com/images/thumb/e/e6/Be-Attractive-to-Girls-Step-12.jpg/v4-460px-Be-Attractive-to-Girls-Step-12.jpg", "vid": null}, "13": {"text": "Look for signals of flirting.", "img": "https://www.wikihow.com/images/thumb/b/bc/Be-Attractive-to-Girls-Step-13.jpg/v4-460px-Be-Attractive-to-Girls-Step-13.jpg", "vid": null}, "14": {"text": "Seek out someone in your league.", "img": null, "vid": "/b/b5/Be Attractive to Girls Step 14.360p.mp4"}, "15": {"text": "Never shy from an opportunity.", "img": "https://www.wikihow.com/images/thumb/a/a9/Be-Attractive-to-Girls-Step-15.jpg/v4-460px-Be-Attractive-to-Girls-Step-15.jpg", "vid": null}}