{"video_url": "https://www.youtube.com/embed/reM7H3yzj8Y", "1": {"text": "Get a wardrobe that looks great on you", "img": "https://www.wikihow.com/images/thumb/a/a5/Be-Cool-and-Popular-in-Sixth-Grade-Step-1-Version-2.jpg/v4-460px-Be-Cool-and-Popular-in-Sixth-Grade-Step-1-Version-2.jpg", "vid": null}, "2": {"text": "Accessorize.", "img": "https://www.wikihow.com/images/thumb/9/95/Be-Cool-and-Popular-in-Sixth-Grade-Step-2.jpg/v4-460px-Be-Cool-and-Popular-in-Sixth-Grade-Step-2.jpg", "vid": null}, "3": {"text": "Keep your look natural", "img": "https://www.wikihow.com/images/thumb/2/26/Be-Cool-and-Popular-in-Sixth-Grade-Step-3.jpg/v4-460px-Be-Cool-and-Popular-in-Sixth-Grade-Step-3.jpg", "vid": null}, "4": {"text": "Take good care of your skin.", "img": "https://www.wikihow.com/images/thumb/9/96/Be-Cool-and-Popular-in-Sixth-Grade-Step-4-Version-2.jpg/v4-460px-Be-Cool-and-Popular-in-Sixth-Grade-Step-4-Version-2.jpg", "vid": null}, "5": {"text": "Consider getting a manicure.", "img": "https://www.wikihow.com/images/thumb/8/85/Be-Cool-and-Popular-in-Sixth-Grade-Step-5.jpg/v4-460px-Be-Cool-and-Popular-in-Sixth-Grade-Step-5.jpg", "vid": null}, "6": {"text": "Be clean.", "img": "https://www.wikihow.com/images/thumb/5/59/Be-Cool-and-Popular-in-Sixth-Grade-Step-6.jpg/v4-460px-Be-Cool-and-Popular-in-Sixth-Grade-Step-6.jpg", "vid": null}, "7": {"text": "Get a stylish look", "img": "https://www.wikihow.com/images/thumb/1/10/Be-Cool-and-Popular-in-Sixth-Grade-Step-7.jpg/v4-460px-Be-Cool-and-Popular-in-Sixth-Grade-Step-7.jpg", "vid": null}, "8": {"text": "Have a stylish school bag.", "img": "https://www.wikihow.com/images/thumb/4/4b/Be-Cool-and-Popular-in-Sixth-Grade-Step-8.jpg/v4-460px-Be-Cool-and-Popular-in-Sixth-Grade-Step-8.jpg", "vid": null}, "9": {"text": "Make other people feel important", "img": "https://www.wikihow.com/images/thumb/5/51/Be-Cool-and-Popular-in-Sixth-Grade-Step-9-Version-2.jpg/v4-460px-Be-Cool-and-Popular-in-Sixth-Grade-Step-9-Version-2.jpg", "vid": null}, "10": {"text": "Treat other people with respect.", "img": "https://www.wikihow.com/images/thumb/c/c3/Be-Cool-and-Popular-in-Sixth-Grade-Step-10-Version-3.jpg/v4-460px-Be-Cool-and-Popular-in-Sixth-Grade-Step-10-Version-3.jpg", "vid": null}, "11": {"text": "Be nice to members of the opposite gender.", "img": "https://www.wikihow.com/images/thumb/b/b1/Be-Cool-and-Popular-in-Sixth-Grade-Step-12-Version-3.jpg/v4-460px-Be-Cool-and-Popular-in-Sixth-Grade-Step-12-Version-3.jpg", "vid": null}, "12": {"text": "Don't be afraid to talk to new people.", "img": "https://www.wikihow.com/images/thumb/9/9e/Be-Cool-and-Popular-in-Sixth-Grade-Step-11-Version-3.jpg/v4-460px-Be-Cool-and-Popular-in-Sixth-Grade-Step-11-Version-3.jpg", "vid": null}, "13": {"text": "Let people see you having a great time.", "img": "https://www.wikihow.com/images/thumb/9/93/Be-Cool-and-Popular-in-Sixth-Grade-Step-13-Version-3.jpg/v4-460px-Be-Cool-and-Popular-in-Sixth-Grade-Step-13-Version-3.jpg", "vid": null}, "14": {"text": "Build your confidence.", "img": "https://www.wikihow.com/images/thumb/1/10/Be-Cool-and-Popular-in-Sixth-Grade-Step-14-Version-2.jpg/v4-460px-Be-Cool-and-Popular-in-Sixth-Grade-Step-14-Version-2.jpg", "vid": null}, "15": {"text": ".", "img": "https://www.wikihow.com/images/thumb/a/a6/Be-Cool-and-Popular-in-Sixth-Grade-Step-15-Version-2.jpg/v4-460px-Be-Cool-and-Popular-in-Sixth-Grade-Step-15-Version-2.jpg", "vid": null}, "16": {"text": "Accept others.", "img": "https://www.wikihow.com/images/thumb/b/b5/Be-Cool-Step-17-Version-8.jpg/v4-460px-Be-Cool-Step-17-Version-8.jpg", "vid": null}, "17": {"text": "Be active in the classroom.", "img": "https://www.wikihow.com/images/thumb/7/78/Be-Cool-and-Popular-in-Sixth-Grade-Step-16-Version-3.jpg/v4-460px-Be-Cool-and-Popular-in-Sixth-Grade-Step-16-Version-3.jpg", "vid": null}, "18": {"text": "Try out for a team.", "img": "https://www.wikihow.com/images/thumb/2/23/Be-Cool-and-Popular-in-Sixth-Grade-Step-17-Version-2.jpg/v4-460px-Be-Cool-and-Popular-in-Sixth-Grade-Step-17-Version-2.jpg", "vid": null}, "19": {"text": "Join a club.", "img": "https://www.wikihow.com/images/thumb/2/20/Be-Cool-and-Popular-in-Sixth-Grade-Step-18-Version-2.jpg/v4-460px-Be-Cool-and-Popular-in-Sixth-Grade-Step-18-Version-2.jpg", "vid": null}, "20": {"text": "Get involved in your neighborhood.", "img": "https://www.wikihow.com/images/thumb/f/fe/Be-Cool-and-Popular-in-Sixth-Grade-Step-19-Version-2.jpg/v4-460px-Be-Cool-and-Popular-in-Sixth-Grade-Step-19-Version-2.jpg", "vid": null}, "21": {"text": "Be more social.", "img": "https://www.wikihow.com/images/thumb/8/81/Be-Cool-and-Popular-in-Sixth-Grade-Step-20-Version-2.jpg/v4-460px-Be-Cool-and-Popular-in-Sixth-Grade-Step-20-Version-2.jpg", "vid": null}}