{"video_url": "https://www.youtube.com/embed/D3i5kNPk6p0?showinfo=0", "1": {"text": "Hold the spoon with the bowl downward.", "img": "https://www.wikihow.com/images/thumb/0/01/Bend-a-Spoon-Step-1-Version-4.jpg/v4-460px-Bend-a-Spoon-Step-1-Version-4.jpg", "vid": null}, "2": {"text": "Push the spoon against the table while letting it fall backward.", "img": null, "vid": "/5/5d/Bend a Spoon Step 2 Version 4.360p.mp4"}, "3": {"text": "Pretend to straighten the spoon.", "img": null, "vid": "/a/ad/Bend a Spoon Step 3 Version 4.360p.mp4"}, "4": {"text": "Be realistic.", "img": "https://www.wikihow.com/images/thumb/a/ab/Bend-a-Spoon-Step-4-Version-4.jpg/v4-460px-Bend-a-Spoon-Step-4-Version-4.jpg", "vid": null}, "5": {"text": "Break the spoon.", "img": null, "vid": "/d/d2/Bend a Spoon Step 5 Version 3.360p.mp4"}, "6": {"text": "Hold both parts of the spoon between your pointer finger and thumb.", "img": "https://www.wikihow.com/images/thumb/b/b2/Bend-a-Spoon-Step-6-Version-4.jpg/v4-460px-Bend-a-Spoon-Step-6-Version-4.jpg", "vid": null}, "7": {"text": "Loosen your grip gradually.", "img": null, "vid": "/0/03/Bend a Spoon Step 7 Version 3.360p.mp4"}, "8": {"text": "Break the spoon.", "img": null, "vid": "/7/7e/Bend a Spoon Step 8 Version 2.360p.mp4"}, "9": {"text": "Bend the other spoon.", "img": null, "vid": "/5/50/Bend a Spoon Step 9 Version 3.360p.mp4"}, "10": {"text": "Hold the bent spoon behind the bowl with your pointer finger and thumb.", "img": null, "vid": "/b/bd/Bend a Spoon Step 10 Version 2.360p.mp4"}, "11": {"text": "Hold the handle of the broken spoon between the same fingers.", "img": null, "vid": "/3/35/Bend a Spoon Step 11 Version 3.360p.mp4"}, "12": {"text": "Loosen your grip on the broken handle gradually.", "img": null, "vid": "/7/7d/Bend a Spoon Step 12 Version 3.360p.mp4"}, "13": {"text": "Palm the broken handle.", "img": null, "vid": "/d/db/Bend a Spoon Step 13 Version 3.360p.mp4"}, "14": {"text": "Distract the audience with the bent spoon.", "img": null, "vid": "/7/7c/Bend a Spoon Step 14 Version 3.360p.mp4"}}