{"video_url": "https://www.youtube.com/embed/kVieMSQ4pRY?showinfo=0", "1": {"text": "Peel the potatoes.", "img": "https://www.wikihow.com/images/thumb/4/42/Blanch-Potatoes-Step-1-Version-3.jpg/v4-460px-Blanch-Potatoes-Step-1-Version-3.jpg", "vid": null}, "2": {"text": "Cut the potatoes into the desired size.", "img": "https://www.wikihow.com/images/thumb/f/fa/Blanch-Potatoes-Step-2-Version-3.jpg/v4-460px-Blanch-Potatoes-Step-2-Version-3.jpg", "vid": null}, "3": {"text": "Wash the potatoes.", "img": "https://www.wikihow.com/images/thumb/7/7b/Blanch-Potatoes-Step-3-Version-3.jpg/v4-460px-Blanch-Potatoes-Step-3-Version-3.jpg", "vid": null}, "4": {"text": "Cool a bowl of tap water to room temperature.", "img": "https://www.wikihow.com/images/thumb/b/b2/Blanch-Potatoes-Step-4-Version-3.jpg/v4-460px-Blanch-Potatoes-Step-4-Version-3.jpg", "vid": null}, "5": {"text": "Place the potatoes over high heat until the water begins to simmer.", "img": "https://www.wikihow.com/images/thumb/2/25/Blanch-Potatoes-Step-6-Version-3.jpg/v4-460px-Blanch-Potatoes-Step-6-Version-3.jpg", "vid": null}, "6": {"text": "Prepare an ice bath while the potatoes simmer.", "img": "https://www.wikihow.com/images/thumb/b/be/Blanch-Potatoes-Step-7-Version-3.jpg/v4-460px-Blanch-Potatoes-Step-7-Version-3.jpg", "vid": null}, "7": {"text": "Test the potatoes with a knife after 12 minutes.", "img": "https://www.wikihow.com/images/thumb/5/5b/Blanch-Potatoes-Step-8-Version-3.jpg/v4-460px-Blanch-Potatoes-Step-8-Version-3.jpg", "vid": null}, "8": {"text": "Cook the potatoes for longer, if necessary.", "img": "https://www.wikihow.com/images/thumb/a/ac/Blanch-Potatoes-Step-9-Version-3.jpg/v4-460px-Blanch-Potatoes-Step-9-Version-3.jpg", "vid": null}, "9": {"text": "Remove the potatoes from the heat.", "img": "https://www.wikihow.com/images/thumb/5/53/Blanch-Potatoes-Step-10-Version-2.jpg/v4-460px-Blanch-Potatoes-Step-10-Version-2.jpg", "vid": null}, "10": {"text": "Pat the potatoes dry after they cool.", "img": "https://www.wikihow.com/images/thumb/7/7e/Blanch-Potatoes-Step-11-Version-2.jpg/v4-460px-Blanch-Potatoes-Step-11-Version-2.jpg", "vid": null}, "11": {"text": "Roast, cook, or fry your potatoes.", "img": "https://www.wikihow.com/images/thumb/7/7d/Blanch-Potatoes-Step-12-Version-2.jpg/v4-460px-Blanch-Potatoes-Step-12-Version-2.jpg", "vid": null}, "12": {"text": "Freeze the potatoes if you want to use them for later.", "img": null, "vid": "/4/42/Blanch Potatoes Step 13.360p.mp4"}}