{"video_url": "https://www.youtube.com/embed/h5Ld-J0snYM?showinfo=0", "1": {"text": "Prepare your green beans.", "img": null, "vid": "/4/4c/Blanch Green Beans Step 1 Version 2.360p.mp4"}, "2": {"text": "Salt a large pot of water.", "img": null, "vid": "/c/c3/Blanch Green Beans Step 2 Version 2.360p.mp4"}, "3": {"text": "Place your pot of water on the stove to boil.", "img": null, "vid": "/9/91/Blanch Green Beans Step 3 Version 2.360p.mp4"}, "4": {"text": "Prepare an ice bath.", "img": null, "vid": "/d/df/Blanch Green Beans Step 4 Version 2.360p.mp4"}, "5": {"text": "Place your green beans into the boiling water a few at a time.", "img": null, "vid": "/5/5f/Blanch Green Beans Step 5 Version 2.360p.mp4"}, "6": {"text": "Remove the green beans from the pot.", "img": null, "vid": "/3/31/Blanch Green Beans Step 6 Version 2.360p.mp4"}, "7": {"text": "Place your green beans in the ice bath immediately.", "img": null, "vid": "/4/4e/Blanch Green Beans Step 7 Version 2.360p.mp4"}, "8": {"text": "Wrap the green beans in a paper towel.", "img": null, "vid": "/d/d8/Blanch Green Beans Step 8.360p.mp4"}, "9": {"text": "Blanch your green beans in the microwave.", "img": null, "vid": "/6/60/Blanch Green Beans Step 9.360p.mp4"}, "10": {"text": "Use steam to blanch your green beans.", "img": null, "vid": "/c/ce/Blanch Green Beans Step 10.360p.mp4"}, "11": {"text": "Saut\u00e9 your green beans", "img": null, "vid": "/2/2d/Blanch Green Beans Step 11.360p.mp4"}}