{"video_url": "https://www.youtube.com/embed/Tw3UO3J6PdE?showinfo=0", "1": {"text": "Prep your broccoli.", "img": "https://www.wikihow.com/images/thumb/7/74/Blanch-Broccoli-Step-1-Version-3.jpg/v4-460px-Blanch-Broccoli-Step-1-Version-3.jpg", "vid": null}, "2": {"text": "Boil your water.", "img": null, "vid": "/e/e3/Blanch Broccoli Step 2 Version 3.360p.mp4"}, "3": {"text": "Prepare your ice water bath.", "img": null, "vid": "/0/03/Blanch Broccoli Step 3 Version 3.360p.mp4"}, "4": {"text": "Cook your broccoli.", "img": null, "vid": "/3/32/Blanch Broccoli Step 4 Version 3.360p.mp4"}, "5": {"text": "Cool your broccoli down.", "img": null, "vid": "/1/19/Blanch Broccoli Step 5 Version 3.360p.mp4"}, "6": {"text": "Serve.", "img": "https://www.wikihow.com/images/thumb/7/74/Blanch-Broccoli-Step-6-Version-3.jpg/v4-460px-Blanch-Broccoli-Step-6-Version-3.jpg", "vid": null}, "7": {"text": "Clean and prepare your broccoli.", "img": null, "vid": "/f/f7/Blanch Broccoli Step 7 Version 3.360p.mp4"}, "8": {"text": "Prep for steaming.", "img": null, "vid": "/d/d5/Blanch Broccoli Step 8 Version 3.360p.mp4"}, "9": {"text": "Time your steam cooking.", "img": null, "vid": "/7/7a/Blanch Broccoli Step 9 Version 3.360p.mp4"}, "10": {"text": "Stop the cooking process.", "img": "https://www.wikihow.com/images/thumb/c/c5/Blanch-Broccoli-Step-10-Version-2.jpg/v4-460px-Blanch-Broccoli-Step-10-Version-2.jpg", "vid": null}, "11": {"text": "Complete the blanching.", "img": null, "vid": "/1/15/Blanch Broccoli Step 11 Version 3.360p.mp4"}}