{"video_url": "https://www.youtube.com/embed/uerkjLNto8U", "1": {"text": "Partially inhale the smoke.", "img": null, "vid": "/d/d0/Blow Smoke Rings Step 1 Version 3.360p.mp4"}, "2": {"text": "Move your tongue toward the back of your throat.", "img": null, "vid": "/4/4e/Blow Smoke Rings Step 2 Version 3.360p.mp4"}, "3": {"text": "Shape your mouth into an \"O\" shape.", "img": null, "vid": "/7/76/Blow Smoke Rings Step 3 Version 3.360p.mp4"}, "4": {"text": "Push small amounts of smoke out.", "img": null, "vid": "/3/36/Blow Smoke Rings Step 4 Version 3.360p.mp4"}, "5": {"text": "After you master the basic technique, try to blow rings with backspin.", "img": null, "vid": "/4/4b/Blow Smoke Rings Step 5 Version 3.360p.mp4"}, "6": {"text": "To make your O's travel faster and farther, try to incorporate a speedy tongue push along with a rapid jut of your jaw.", "img": null, "vid": "/d/d5/Blow Smoke Rings Step 6 Version 3.360p.mp4"}, "7": {"text": "Use your lips to affect the distance traveled by smoke rings.", "img": null, "vid": "/d/d4/Blow Smoke Rings Step 7 Version 3.360p.mp4"}, "8": {"text": "Blow smoke rings with a light tap of the cheek.", "img": null, "vid": "/c/c5/Blow Smoke Rings Step 8 Version 3.360p.mp4"}, "9": {"text": "Use the tongue-push method for smoke rings.", "img": null, "vid": "/3/3a/Blow Smoke Rings Step 9 Version 3.360p.mp4"}, "10": {"text": "Use a cellophane wrapper to get smoke rings.", "img": null, "vid": "/4/42/Blow Smoke Rings Step 10 Version 3.360p.mp4"}}