{"video_url": "https://www.youtube.com/embed/LXn90KabG_4?showinfo=0", "1": {"text": "Wash your hair as normal.", "img": "https://www.wikihow.com/images/thumb/d/dd/Blow-Dry-Bangs-Step-1-Version-6.jpg/v4-460px-Blow-Dry-Bangs-Step-1-Version-6.jpg", "vid": null}, "2": {"text": "Apply a heat protectant serum to your hair.", "img": null, "vid": "/d/d5/Blow Dry Bangs Step 2 Version 2.360p.mp4"}, "3": {"text": "Comb your hair with a wide-tooth comb to make sure you remove any tangles.", "img": null, "vid": "/1/1b/Blow Dry Bangs Step 3 Version 2.360p.mp4"}, "4": {"text": "Hold the blow dryer above your head, with the nozzle pointed down toward your face.", "img": "https://www.wikihow.com/images/thumb/2/21/Blow-Dry-Bangs-Step-4-Version-4.jpg/v4-460px-Blow-Dry-Bangs-Step-4-Version-4.jpg", "vid": null}, "5": {"text": "Use a flat paddle brush to brush your bangs all to one side of your forehead.", "img": null, "vid": "/3/3f/Blow Dry Bangs Step 5 Version 2.360p.mp4"}, "6": {"text": "Brush your bangs in the opposite direction across your forehead.", "img": null, "vid": "/b/b4/Blow Dry Bangs Step 6 Version 2.360p.mp4"}, "7": {"text": "Hold the flat brush under your bangs, right against your roots, and blow dry straight down your hair.", "img": null, "vid": "/e/e7/Blow Dry Bangs Step 7 Version 2.360p.mp4"}, "8": {"text": "Hold a round brush under your bangs, against the roots.", "img": "https://www.wikihow.com/images/thumb/8/85/Blow-Dry-Bangs-Step-8-Version-5.jpg/v4-460px-Blow-Dry-Bangs-Step-8-Version-5.jpg", "vid": null}, "9": {"text": "Twist the brush under your bangs to curl the hair on the brush.", "img": null, "vid": "/4/4f/Blow Dry Bangs Step 9 Version 4.360p.mp4"}, "10": {"text": "Brush your hair straight down and release it from the round brush.", "img": null, "vid": "/6/6c/Blow Dry Bangs Step 10 Version 4.360p.mp4"}}