{"video_url": "https://www.youtube.com/embed/GANHpP3PM2I", "1": {"text": "Choose beets that are roughly the same size to ensure that they cook evenly.", "img": "https://www.wikihow.com/images/thumb/5/56/Boil-Beets-Step-1-Version-2.jpg/v4-460px-Boil-Beets-Step-1-Version-2.jpg", "vid": null}, "2": {"text": "Cut the leafy stalks off of the top of your beets.", "img": null, "vid": "/5/56/Boil Beets Step 2.360p.mp4"}, "3": {"text": "Slice off the roots protruding from the bottom of the beets.", "img": "https://www.wikihow.com/images/thumb/9/94/Boil-Beets-Step-3-Version-2.jpg/v4-460px-Boil-Beets-Step-3-Version-2.jpg", "vid": null}, "4": {"text": "Scrub your beets with a vegetable brush to remove excess dirt and debris.", "img": null, "vid": "/8/8e/Boil Beets Step 4.360p.mp4"}, "5": {"text": "Rinse your beets thoroughly with cool, clean water.", "img": null, "vid": "/6/63/Boil Beets Step 5.360p.mp4"}, "6": {"text": "Place your beets at the bottom of a pot or saucepan.", "img": "https://www.wikihow.com/images/thumb/2/25/Boil-Beets-Step-6-Version-2.jpg/v4-460px-Boil-Beets-Step-6-Version-2.jpg", "vid": null}, "7": {"text": "Fill the pot with enough water to completely cover the beets.", "img": null, "vid": "/9/9a/Boil Beets Step 7.360p.mp4"}, "8": {"text": "Add 2 tablespoons (30\u00a0mL) of vinegar or lemon juice to prevent bleeding.", "img": null, "vid": "/a/a9/Boil Beets Step 8.360p.mp4"}, "9": {"text": "Bring the water in your pot to a boil.", "img": "https://www.wikihow.com/images/thumb/e/e7/Boil-Beets-Step-9-Version-2.jpg/v4-460px-Boil-Beets-Step-9-Version-2.jpg", "vid": null}, "10": {"text": "Reduce the heat and simmer the beets for 30-45 minutes.", "img": null, "vid": "/c/c7/Boil Beets Step 10.360p.mp4"}, "11": {"text": "Use a knife to check whether your beets are done.", "img": null, "vid": "/4/40/Boil Beets Step 11.360p.mp4"}, "12": {"text": "Fill a large bowl with ice water.", "img": "https://www.wikihow.com/images/thumb/7/79/Boil-Beets-Step-12-Version-2.jpg/v4-460px-Boil-Beets-Step-12-Version-2.jpg", "vid": null}, "13": {"text": "Transfer the beets to the ice bath using a slotted spoon or pair of tongs.", "img": null, "vid": "/5/5f/Boil Beets Step 13.360p.mp4"}, "14": {"text": "Let the beets cool in the ice bath for 2-3 minutes.", "img": "https://www.wikihow.com/images/thumb/9/9c/Boil-Beets-Step-14.jpg/v4-460px-Boil-Beets-Step-14.jpg", "vid": null}, "15": {"text": "Peel the loose skin off of your beets by hand.", "img": "https://www.wikihow.com/images/thumb/9/99/Boil-Beets-Step-15.jpg/v4-460px-Boil-Beets-Step-15.jpg", "vid": null}}