{"video_url": "https://www.youtube.com/embed/1SQP7fltbG4?showinfo=0", "1": {"text": "Bring a large pot of water to a rolling boil.", "img": "https://www.wikihow.com/images/thumb/9/95/Boil-a-Hot-Dog-Step-1-Version-6.jpg/v4-460px-Boil-a-Hot-Dog-Step-1-Version-6.jpg", "vid": null}, "2": {"text": "Place the hot dogs in the pot.", "img": null, "vid": "/0/00/Boil a Hot Dog Step 2 Version 4.360p.mp4"}, "3": {"text": "Boil the hot dogs for six minutes.", "img": null, "vid": "/5/56/Boil a Hot Dog Step 3 Version 4.360p.mp4"}, "4": {"text": "Remove the hot dogs from heat and drain them.", "img": "https://www.wikihow.com/images/thumb/a/ac/Boil-a-Hot-Dog-Step-4-Version-6.jpg/v4-460px-Boil-a-Hot-Dog-Step-4-Version-6.jpg", "vid": null}, "5": {"text": "Fill a microwave-safe bowl half-full with water.", "img": "https://www.wikihow.com/images/thumb/d/d5/Boil-a-Hot-Dog-Step-5-Version-6.jpg/v4-460px-Boil-a-Hot-Dog-Step-5-Version-6.jpg", "vid": null}, "6": {"text": "Slit the hot dogs with a knife.", "img": null, "vid": "/c/c4/Boil a Hot Dog Step 6 Version 4.360p.mp4"}, "7": {"text": "Cook the hot dogs on high for 75 seconds.", "img": null, "vid": "/0/07/Boil a Hot Dog Step 7 Version 4.360p.mp4"}, "8": {"text": "Drain the hot dogs.", "img": "https://www.wikihow.com/images/thumb/a/ab/Boil-a-Hot-Dog-Step-8-Version-5.jpg/v4-460px-Boil-a-Hot-Dog-Step-8-Version-5.jpg", "vid": null}, "9": {"text": "Season the water before you boil the hot dogs.", "img": "https://www.wikihow.com/images/thumb/2/2a/Boil-a-Hot-Dog-Step-9-Version-3.jpg/v4-460px-Boil-a-Hot-Dog-Step-9-Version-3.jpg", "vid": null}, "10": {"text": "Pour a beer into the water.", "img": "https://www.wikihow.com/images/thumb/5/54/Boil-a-Hot-Dog-Step-10-Version-3.jpg/v4-460px-Boil-a-Hot-Dog-Step-10-Version-3.jpg", "vid": null}, "11": {"text": "Add a garlic clove to the water.", "img": "https://www.wikihow.com/images/thumb/d/d6/Boil-a-Hot-Dog-Step-11-Version-3.jpg/v4-460px-Boil-a-Hot-Dog-Step-11-Version-3.jpg", "vid": null}, "12": {"text": "Try sauteing the hot dogs after you boil them.", "img": null, "vid": "/6/69/Boil a Hot Dog Step 12.360p.mp4"}, "13": {"text": "Dress the dogs with your favorite condiments.", "img": "https://www.wikihow.com/images/thumb/0/09/Boil-a-Hot-Dog-Step-13-Version-3.jpg/v4-460px-Boil-a-Hot-Dog-Step-13-Version-3.jpg", "vid": null}}