{"video_url": "https://www.youtube.com/embed/ErP8VJ7UuNc?showinfo=0", "1": {"text": "Place your choice of chicken into a large pot.", "img": "https://www.wikihow.com/images/thumb/f/fa/Boil-Chicken-Step-1-Version-2.jpg/v4-460px-Boil-Chicken-Step-1-Version-2.jpg", "vid": null}, "2": {"text": "Pour in enough cold water or stock to cover the chicken.", "img": null, "vid": "/5/55/Boil Chicken Step 2.360p.mp4"}, "3": {"text": "Put a handful of fresh herbs into the pot.", "img": null, "vid": "/0/01/Boil Chicken Step 3.360p.mp4"}, "4": {"text": "Add a variety of vegetables to create a rich flavor.", "img": "https://www.wikihow.com/images/thumb/3/39/Boil-Chicken-Step-4-Version-2.jpg/v4-460px-Boil-Chicken-Step-4-Version-2.jpg", "vid": null}, "5": {"text": "Customize the flavor of the chicken by adding spices.", "img": null, "vid": "/f/fd/Boil Chicken Step 5.360p.mp4"}, "6": {"text": "Boil a whole chicken for 80 to 90 minutes.", "img": "https://www.wikihow.com/images/thumb/c/cf/Boil-Chicken-Step-6-Version-2.jpg/v4-460px-Boil-Chicken-Step-6-Version-2.jpg", "vid": null}, "7": {"text": "Cook the chicken breasts for 15 to 30 minutes.", "img": "https://www.wikihow.com/images/thumb/e/e1/Boil-Chicken-Step-7-Version-2.jpg/v4-460px-Boil-Chicken-Step-7-Version-2.jpg", "vid": null}, "8": {"text": "Boil chicken legs for 30 to 40 minutes.", "img": "https://www.wikihow.com/images/thumb/1/16/Boil-Chicken-Step-8-Version-2.jpg/v4-460px-Boil-Chicken-Step-8-Version-2.jpg", "vid": null}, "9": {"text": "Cook chicken thighs in the boiling liquid for 30 to 45 minutes.", "img": "https://www.wikihow.com/images/thumb/0/0e/Boil-Chicken-Step-9-Version-2.jpg/v4-460px-Boil-Chicken-Step-9-Version-2.jpg", "vid": null}, "10": {"text": "Remove the boiled chicken and serve it while it's hot.", "img": "https://www.wikihow.com/images/thumb/f/fd/Boil-Chicken-Step-10-Version-2.jpg/v4-460px-Boil-Chicken-Step-10-Version-2.jpg", "vid": null}, "11": {"text": "Use forks if you'd like to shred the chicken.", "img": null, "vid": "/0/0e/Boil Chicken Step 11.360p.mp4"}, "12": {"text": "Chop or slice the chicken to make even pieces.", "img": "https://www.wikihow.com/images/thumb/1/1e/Boil-Chicken-Step-12.jpg/v4-460px-Boil-Chicken-Step-12.jpg", "vid": null}, "13": {"text": "Store the boiled chicken in the refrigerator for up to 3 to 4 days.", "img": null, "vid": "/c/ca/Boil Chicken Step 13.360p.mp4"}}