{"video_url": "https://www.youtube.com/embed/UTnc3-hPHTg?showinfo=0", "1": {"text": "Skip rinsing the chicken breasts before you cook them.", "img": "https://www.wikihow.com/images/thumb/4/4c/Boil-Chicken-Breasts-Step-1-Version-5.jpg/v4-460px-Boil-Chicken-Breasts-Step-1-Version-5.jpg", "vid": null}, "2": {"text": "Cut the chicken into halves, quarters, or cubes to help it cook faster.", "img": null, "vid": "/4/40/Boil Chicken Breasts Step 2 Version 5.360p.mp4"}, "3": {"text": "Place the chicken into a medium or large pot.", "img": "https://www.wikihow.com/images/thumb/f/fa/Boil-Chicken-Breasts-Step-3-Version-5.jpg/v4-460px-Boil-Chicken-Breasts-Step-3-Version-5.jpg", "vid": null}, "4": {"text": "Cover the chicken with water or broth.", "img": null, "vid": "/e/e9/Boil Chicken Breasts Step 4 Version 5.360p.mp4"}, "5": {"text": "Season the pot using spices, herbs, or chopped veggies, if you like.", "img": null, "vid": "/c/c8/Boil Chicken Breasts Step 5 Version 5.360p.mp4"}, "6": {"text": "Cover the pot with a lid.", "img": "https://www.wikihow.com/images/thumb/9/9c/Boil-Chicken-Breasts-Step-6-Version-5.jpg/v4-460px-Boil-Chicken-Breasts-Step-6-Version-5.jpg", "vid": null}, "7": {"text": "Bring the water or broth to a boil over medium-high heat.", "img": "https://www.wikihow.com/images/thumb/9/94/Boil-Chicken-Breasts-Step-7-Version-5.jpg/v4-460px-Boil-Chicken-Breasts-Step-7-Version-5.jpg", "vid": null}, "8": {"text": "Turn the heat down to a simmer.", "img": null, "vid": "/8/8d/Boil Chicken Breasts Step 8 Version 5.360p.mp4"}, "9": {"text": "Check the chicken breasts with a meat thermometer after 10 minutes.", "img": "https://www.wikihow.com/images/thumb/e/e3/Boil-Chicken-Breasts-Step-9-Version-5.jpg/v4-460px-Boil-Chicken-Breasts-Step-9-Version-5.jpg", "vid": null}, "10": {"text": "Continue cooking the chicken until it reaches 165\u00a0\u00b0F (74\u00a0\u00b0C) inside it.", "img": "https://www.wikihow.com/images/thumb/9/9d/Boil-Chicken-Breasts-Step-10-Version-5.jpg/v4-460px-Boil-Chicken-Breasts-Step-10-Version-5.jpg", "vid": null}, "11": {"text": "Remove the pot from the heat.", "img": "https://www.wikihow.com/images/thumb/c/c3/Boil-Chicken-Breasts-Step-11-Version-2.jpg/v4-460px-Boil-Chicken-Breasts-Step-11-Version-2.jpg", "vid": null}, "12": {"text": "Drain the liquid from the pot.", "img": "https://www.wikihow.com/images/thumb/8/88/Boil-Chicken-Breasts-Step-12-Version-2.jpg/v4-460px-Boil-Chicken-Breasts-Step-12-Version-2.jpg", "vid": null}, "13": {"text": "Transfer the chicken breasts to a plate.", "img": null, "vid": "/0/0e/Boil Chicken Breasts Step 13 Version 2.360p.mp4"}, "14": {"text": "Let the chicken rest for 10 minutes before you use it.", "img": "https://www.wikihow.com/images/thumb/d/d2/Boil-Chicken-Breasts-Step-14-Version-2.jpg/v4-460px-Boil-Chicken-Breasts-Step-14-Version-2.jpg", "vid": null}, "15": {"text": "Serve the chicken whole or cut it into chunks.", "img": "https://www.wikihow.com/images/thumb/2/2c/Boil-Chicken-Breasts-Step-15-Version-2.jpg/v4-460px-Boil-Chicken-Breasts-Step-15-Version-2.jpg", "vid": null}, "16": {"text": "Shred the chicken with 2 forks if you\u2019re making tacos or sandwiches.", "img": null, "vid": "/3/3b/Boil Chicken Breasts Step 16 Version 2.360p.mp4"}}