{"video_url": "https://www.youtube.com/embed/qNxyAnG3o_I", "1": {"text": "Learn as much as possible.", "img": "https://www.wikihow.com/images/thumb/6/67/Jerome-Bettas-6.jpg/460px-Jerome-Bettas-6.jpg", "vid": null}, "2": {"text": "Set up your permanent tanks.", "img": "https://www.wikihow.com/images/thumb/8/88/Breed-Betta-Fish-Step-2.jpg/v4-460px-Breed-Betta-Fish-Step-2.jpg", "vid": null}, "3": {"text": "Obtain a breeding pair.", "img": "https://www.wikihow.com/images/thumb/7/7b/Breed-Betta-Fish-Step-3.jpg/v4-460px-Breed-Betta-Fish-Step-3.jpg", "vid": null}, "4": {"text": "Let them settle in.", "img": "https://www.wikihow.com/images/thumb/c/c2/Breed-Betta-Fish-Step-4.jpg/v4-460px-Breed-Betta-Fish-Step-4.jpg", "vid": null}, "5": {"text": "Set up your breeding tank.", "img": "https://www.wikihow.com/images/thumb/8/8f/Breed-Betta-Fish-Step-5.jpg/v4-460px-Breed-Betta-Fish-Step-5.jpg", "vid": null}, "6": {"text": "Start feeding live food when you are ready to breed them.", "img": "https://www.wikihow.com/images/thumb/7/72/Breed-Betta-Fish-Step-6.jpg/v4-460px-Breed-Betta-Fish-Step-6.jpg", "vid": null}, "7": {"text": "Begin raising fry food.", "img": "https://www.wikihow.com/images/thumb/0/0d/Breed-Betta-Fish-Step-7.jpg/v4-460px-Breed-Betta-Fish-Step-7.jpg", "vid": null}, "8": {"text": "Introduce the pair.", "img": "https://www.wikihow.com/images/thumb/7/76/Breed-Betta-Fish-Step-8.jpg/v4-460px-Breed-Betta-Fish-Step-8.jpg", "vid": null}, "9": {"text": "Observe their behavior.", "img": "https://www.wikihow.com/images/thumb/1/11/Breed-Betta-Fish-Step-9.jpg/v4-460px-Breed-Betta-Fish-Step-9.jpg", "vid": null}, "10": {"text": "Remove the divider.", "img": "https://www.wikihow.com/images/thumb/7/70/Breed-Betta-Fish-Step-10.jpg/v4-460px-Breed-Betta-Fish-Step-10.jpg", "vid": null}, "11": {"text": "Let nature take its course.", "img": "https://www.wikihow.com/images/thumb/2/2e/Breed-Betta-Fish-Step-11.jpg/v4-460px-Breed-Betta-Fish-Step-11.jpg", "vid": null}, "12": {"text": "Remove the female betta.", "img": "https://www.wikihow.com/images/thumb/e/e7/Breed-Betta-Fish-Step-12.jpg/v4-460px-Breed-Betta-Fish-Step-12.jpg", "vid": null}, "13": {"text": "Leave the male in the tank until the fry can swim around .", "img": "https://www.wikihow.com/images/thumb/e/e3/Breed-Betta-Fish-Step-13.jpg/v4-460px-Breed-Betta-Fish-Step-13.jpg", "vid": null}, "14": {"text": "Wait for fry to hatch.", "img": "https://www.wikihow.com/images/thumb/6/69/Breed-Betta-Fish-Step-14.jpg/v4-460px-Breed-Betta-Fish-Step-14.jpg", "vid": null}, "15": {"text": "Remove the male from the tank, being very careful not to net any fry.", "img": "https://www.wikihow.com/images/thumb/5/57/Breed-Betta-Fish-Step-15.jpg/v4-460px-Breed-Betta-Fish-Step-15.jpg", "vid": null}, "16": {"text": "Feed the fry.", "img": "https://www.wikihow.com/images/thumb/f/fc/Breed-Betta-Fish-Step-16.jpg/v4-460px-Breed-Betta-Fish-Step-16.jpg", "vid": null}, "17": {"text": "Give the fry time to grow.", "img": "https://www.wikihow.com/images/thumb/e/ea/Breed-Betta-Fish-Step-17.jpg/v4-460px-Breed-Betta-Fish-Step-17.jpg", "vid": null}, "18": {"text": "Place the fry into grow-out tanks.", "img": "https://www.wikihow.com/images/thumb/b/bf/Breed-Betta-Fish-Step-18.jpg/v4-460px-Breed-Betta-Fish-Step-18.jpg", "vid": null}, "19": {"text": "Wean the fry off live food.", "img": "https://www.wikihow.com/images/thumb/4/45/Breed-Betta-Fish-Step-19.jpg/v4-460px-Breed-Betta-Fish-Step-19.jpg", "vid": null}, "20": {"text": "Separate males.", "img": "https://www.wikihow.com/images/thumb/6/63/Breed-Betta-Fish-Step-20.jpg/v4-460px-Breed-Betta-Fish-Step-20.jpg", "vid": null}, "21": {"text": "Decide the future of your spawn.", "img": "https://www.wikihow.com/images/thumb/0/0e/Breed-Betta-Fish-Step-21.jpg/v4-460px-Breed-Betta-Fish-Step-21.jpg", "vid": null}, "22": {"text": "Sexing Young Bettas.", "img": "https://www.wikihow.com/images/thumb/3/35/Breed-Betta-Fish-Step-22.jpg/v4-460px-Breed-Betta-Fish-Step-22.jpg", "vid": null}}