{"video_url": "https://www.youtube.com/embed/lvT-Huj2mBo?showinfo=0", "1": {"text": "Keep it clean.", "img": null, "vid": "/e/e3/Brew Your Own Beer Step 1.360p.mp4"}, "2": {"text": "Rinse everything well.", "img": "https://www.wikihow.com/images/thumb/7/70/Brew-Your-Own-Beer-Step-2-Version-2.jpg/v4-460px-Brew-Your-Own-Beer-Step-2-Version-2.jpg", "vid": null}, "3": {"text": "Prepare everything before you begin.", "img": "https://www.wikihow.com/images/thumb/c/c7/Brew-Your-Own-Beer-Step-3-Version-2.jpg/v4-460px-Brew-Your-Own-Beer-Step-3-Version-2.jpg", "vid": null}, "4": {"text": "Take notes.", "img": "https://www.wikihow.com/images/thumb/8/8a/Brew-Your-Own-Beer-Step-4-Version-2.jpg/v4-460px-Brew-Your-Own-Beer-Step-4-Version-2.jpg", "vid": null}, "5": {"text": "Steep your grains.", "img": null, "vid": "/c/cc/Brew Your Own Beer Step 5.360p.mp4"}, "6": {"text": "Add the malt extract and bring everything to a boil.", "img": null, "vid": "/f/ff/Brew Your Own Beer Step 6.360p.mp4"}, "7": {"text": "Chill your wort.", "img": null, "vid": "/0/07/Brew Your Own Beer Step 7.360p.mp4"}, "8": {"text": "Pour the cooled wort into your fermenter.", "img": null, "vid": "/9/9e/Brew Your Own Beer Step 8.360p.mp4"}, "9": {"text": "Prepare for bottling!", "img": null, "vid": "/1/19/Brew Your Own Beer Step 9.360p.mp4"}, "10": {"text": "Transfer the brew.", "img": null, "vid": "/c/c4/Brew Your Own Beer Step 10.360p.mp4"}, "11": {"text": "Get your thoroughly cleaned and sanitized bottles ready.", "img": null, "vid": "/1/1b/Brew Your Own Beer Step 11.360p.mp4"}, "12": {"text": "Age the brew\u2014briefly!", "img": "https://www.wikihow.com/images/thumb/c/c4/Brew-Your-Own-Beer-Step-12-Version-2.jpg/v4-460px-Brew-Your-Own-Beer-Step-12-Version-2.jpg", "vid": null}, "13": {"text": "Get thirsty.", "img": null, "vid": "/c/cc/Brew Your Own Beer Step 13.360p.mp4"}, "14": {"text": "Enjoy!", "img": "https://www.wikihow.com/images/thumb/5/5c/Brew-Your-Own-Beer-Step-14-Version-2.jpg/v4-460px-Brew-Your-Own-Beer-Step-14-Version-2.jpg", "vid": null}}