{"video_url": "https://www.youtube.com/embed/4WO8D6xylNQ", "1": {"text": "Pour fresh, cold water into a saucepan or kettle.", "img": "https://www.wikihow.com/images/thumb/e/e0/Brew-Loose-Leaf-Tea-Step-1-Version-3.jpg/v4-460px-Brew-Loose-Leaf-Tea-Step-1-Version-3.jpg", "vid": null}, "2": {"text": "Heat the water until it reaches 160 to 212\u00a0\u00b0F (71 to 100\u00a0\u00b0C).", "img": null, "vid": "/0/04/Brew Loose Leaf Tea Step 2.360p.mp4"}, "3": {"text": "Weight out 2 to 3 grams of loose leaf tea for every 6\u00a0\u00a0fl\u00a0oz (180\u00a0mL) of water.", "img": "https://www.wikihow.com/images/thumb/c/c7/Brew-Loose-Leaf-Tea-Step-3-Version-3.jpg/v4-460px-Brew-Loose-Leaf-Tea-Step-3-Version-3.jpg", "vid": null}, "4": {"text": "Steep the tea in hot water for 3 to 5 minutes.", "img": null, "vid": "/0/02/Brew Loose Leaf Tea Step 4.360p.mp4"}, "5": {"text": "Remove the tea leaves from the water once they\u2019ve steeped.", "img": null, "vid": "/6/69/Brew Loose Leaf Tea Step 5.360p.mp4"}, "6": {"text": "Place the tea leaves directly into a tea strainer for easy cleanup.", "img": null, "vid": "/b/b3/Brew Loose Leaf Tea Step 6.360p.mp4"}, "7": {"text": "Choose a disposable filter bag for fine, powdery teas.", "img": "https://www.wikihow.com/images/thumb/0/0a/Brew-Loose-Leaf-Tea-Step-7-Version-3.jpg/v4-460px-Brew-Loose-Leaf-Tea-Step-7-Version-3.jpg", "vid": null}, "8": {"text": "Use a mesh, basket-style tea strainer for larger tea leaves.", "img": null, "vid": "/6/65/Brew Loose Leaf Tea Step 8.360p.mp4"}, "9": {"text": "Avoid using tea balls or infusers for large or fine leaves.", "img": "https://www.wikihow.com/images/thumb/9/9d/Brew-Loose-Leaf-Tea-Step-9.jpg/v4-460px-Brew-Loose-Leaf-Tea-Step-9.jpg", "vid": null}, "10": {"text": "Leave plenty of room for the tea leaves to expand in the strainer.", "img": null, "vid": "/a/a1/Brew Loose Leaf Tea Step 10.360p.mp4"}, "11": {"text": "Strain the tea after it steeps in the teapot if you prefer.", "img": null, "vid": "/e/e6/Brew Loose Leaf Tea Step 11.360p.mp4"}}