{"video_url": "https://www.youtube.com/embed/FBLypE4ygJM", "1": {"text": "Choose a tender cut of steak.", "img": "https://www.wikihow.com/images/thumb/2/25/Broil-Steak-Step-1-Version-5.jpg/v4-460px-Broil-Steak-Step-1-Version-5.jpg", "vid": null}, "2": {"text": "Let the steak come to room temperature.", "img": "https://www.wikihow.com/images/thumb/7/75/Broil-Steak-Step-2-Version-5.jpg/v4-460px-Broil-Steak-Step-2-Version-5.jpg", "vid": null}, "3": {"text": "Place a cast iron skillet in the oven and turn on the broiler.", "img": null, "vid": "/3/3b/Broil Steak Step 3 Version 5.360p.mp4"}, "4": {"text": "Season or marinate the steak as desired.", "img": null, "vid": "/5/53/Broil Steak Step 4 Version 5.360p.mp4"}, "5": {"text": "Remove the skillet from the oven and place the steak in it.", "img": null, "vid": "/2/2d/Broil Steak Step 5 Version 5.360p.mp4"}, "6": {"text": "Sear the steak for 3 minutes on each side.", "img": null, "vid": "/c/c6/Broil Steak Step 6 Version 5.360p.mp4"}, "7": {"text": "Turn the oven to 500\u00a0\u00b0F (260\u00a0\u00b0C).", "img": "https://www.wikihow.com/images/thumb/7/75/Broil-Steak-Step-7-Version-3.jpg/v4-460px-Broil-Steak-Step-7-Version-3.jpg", "vid": null}, "8": {"text": "Cook the steak for 1-5 minutes if you like it rare.", "img": null, "vid": "/7/7a/Broil Steak Step 8 Version 4.360p.mp4"}, "9": {"text": "Cook the steak for 2-7 minutes if you like it medium.", "img": null, "vid": "/5/5b/Broil Steak Step 9 Version 2.360p.mp4"}, "10": {"text": "Cook the steak for 4-9 minutes if you like it medium-well.", "img": null, "vid": "/b/bc/Broil Steak Step 10 Version 2.360p.mp4"}, "11": {"text": "Let the steak rest for 3-10 minutes.", "img": null, "vid": "/8/86/Broil Steak Step 11.360p.mp4"}, "12": {"text": "Cut the steak diagonally, if desired.", "img": null, "vid": "/1/14/Broil Steak Step 12 Version 2.360p.mp4"}, "13": {"text": "Serve the steak on warm plates.", "img": "https://www.wikihow.com/images/thumb/f/f4/Broil-Steak-Step-13-Version-2.jpg/v4-460px-Broil-Steak-Step-13-Version-2.jpg", "vid": null}}