{"video_url": "https://www.youtube.com/embed/bsJqO93vN48?showinfo=0", "1": {"text": "Wear sterilized rubber gloves.", "img": "https://www.wikihow.com/images/thumb/9/9f/Brush-a-Cat-Step-1-Version-4.jpg/v4-460px-Brush-a-Cat-Step-1-Version-4.jpg", "vid": null}, "2": {"text": "Recognize what healthy fur and skin look like.", "img": "https://www.wikihow.com/images/thumb/9/98/Brush-a-Cat-Step-2-Version-4.jpg/v4-460px-Brush-a-Cat-Step-2-Version-4.jpg", "vid": null}, "3": {"text": "Search for signs of fleas.", "img": "https://www.wikihow.com/images/thumb/d/db/Brush-a-Cat-Step-3-Version-4.jpg/v4-460px-Brush-a-Cat-Step-3-Version-4.jpg", "vid": null}, "4": {"text": "Look for ticks.", "img": "https://www.wikihow.com/images/thumb/8/80/Brush-a-Cat-Step-4-Version-4.jpg/v4-460px-Brush-a-Cat-Step-4-Version-4.jpg", "vid": null}, "5": {"text": "Check under the tail.", "img": "https://www.wikihow.com/images/thumb/c/c4/Brush-a-Cat-Step-5-Version-4.jpg/v4-460px-Brush-a-Cat-Step-5-Version-4.jpg", "vid": null}, "6": {"text": "Move from head to tail.", "img": "https://www.wikihow.com/images/thumb/9/98/Brush-a-Cat-Step-6-Version-2.jpg/v4-460px-Brush-a-Cat-Step-6-Version-2.jpg", "vid": null}, "7": {"text": "Brush your cat's sides and abdomen.", "img": "https://www.wikihow.com/images/thumb/6/6e/Brush-a-Cat-Step-7-Version-2.jpg/v4-460px-Brush-a-Cat-Step-7-Version-2.jpg", "vid": null}, "8": {"text": "Finish with damp rubber gloves.", "img": "https://www.wikihow.com/images/thumb/6/62/Brush-a-Cat-Step-8-Version-2.jpg/v4-460px-Brush-a-Cat-Step-8-Version-2.jpg", "vid": null}, "9": {"text": "Remove fur when the brush is full.", "img": "https://www.wikihow.com/images/thumb/4/44/Brush-a-Cat-Step-9-Version-2.jpg/v4-460px-Brush-a-Cat-Step-9-Version-2.jpg", "vid": null}, "10": {"text": "Repeat 2 to 3 times a week.", "img": "https://www.wikihow.com/images/thumb/5/57/Brush-a-Cat-Step-10-Version-2.jpg/v4-460px-Brush-a-Cat-Step-10-Version-2.jpg", "vid": null}, "11": {"text": "Brush with a wide-toothed comb.", "img": "https://www.wikihow.com/images/thumb/3/34/Brush-a-Cat-Step-11-Version-2.jpg/v4-460px-Brush-a-Cat-Step-11-Version-2.jpg", "vid": null}, "12": {"text": "Comb the longer locks on the armpits and belly.", "img": "https://www.wikihow.com/images/thumb/4/45/Brush-a-Cat-Step-12-Version-2.jpg/v4-460px-Brush-a-Cat-Step-12-Version-2.jpg", "vid": null}, "13": {"text": "Detangle any mats.", "img": "https://www.wikihow.com/images/thumb/5/51/Brush-a-Cat-Step-13-Version-2.jpg/v4-460px-Brush-a-Cat-Step-13-Version-2.jpg", "vid": null}, "14": {"text": "Use a rubber mitten.", "img": "https://www.wikihow.com/images/thumb/3/30/Brush-a-Cat-Step-14-Version-2.jpg/v4-460px-Brush-a-Cat-Step-14-Version-2.jpg", "vid": null}, "15": {"text": "Finish with damp rubber gloves.", "img": "https://www.wikihow.com/images/thumb/e/e9/Brush-a-Cat-Step-15-Version-2.jpg/v4-460px-Brush-a-Cat-Step-15-Version-2.jpg", "vid": null}, "16": {"text": "Remove fur when the brush is full.", "img": "https://www.wikihow.com/images/thumb/f/ff/Brush-a-Cat-Step-16-Version-2.jpg/v4-460px-Brush-a-Cat-Step-16-Version-2.jpg", "vid": null}, "17": {"text": "Repeat every one to two days.", "img": "https://www.wikihow.com/images/thumb/1/17/Brush-a-Cat-Step-17-Version-2.jpg/v4-460px-Brush-a-Cat-Step-17-Version-2.jpg", "vid": null}}