{"video_url": "https://www.youtube.com/embed/H2hQwvyn-c0?showinfo=0", "1": {"text": "Pick the right notebook.", "img": "https://www.wikihow.com/images/thumb/4/41/Bullet-Journal-Step-1-Version-6.jpg/v4-460px-Bullet-Journal-Step-1-Version-6.jpg", "vid": null}, "2": {"text": "Create an index.", "img": "https://www.wikihow.com/images/thumb/b/be/Bullet-Journal-Step-2-Version-5.jpg/v4-460px-Bullet-Journal-Step-2-Version-5.jpg", "vid": null}, "3": {"text": "Make your future log.", "img": "https://www.wikihow.com/images/thumb/e/e6/Bullet-Journal-Step-3-Version-5.jpg/v4-460px-Bullet-Journal-Step-3-Version-5.jpg", "vid": null}, "4": {"text": "Write the name of the next six months in each section.", "img": "https://www.wikihow.com/images/thumb/1/13/Bullet-Journal-Step-4-Version-5.jpg/v4-460px-Bullet-Journal-Step-4-Version-5.jpg", "vid": null}, "5": {"text": "Add a monthly log.", "img": "https://www.wikihow.com/images/thumb/8/82/Bullet-Journal-Step-10-Version-3.jpg/v4-460px-Bullet-Journal-Step-10-Version-3.jpg", "vid": null}, "6": {"text": "Update your index.", "img": "https://www.wikihow.com/images/thumb/b/b3/Bullet-Journal-Step-6-Version-5.jpg/v4-460px-Bullet-Journal-Step-6-Version-5.jpg", "vid": null}, "7": {"text": "Add a daily log.", "img": "https://www.wikihow.com/images/thumb/5/55/Bullet-Journal-Step-11-Version-3.jpg/v4-460px-Bullet-Journal-Step-11-Version-3.jpg", "vid": null}, "8": {"text": "Use signifiers that work for you.", "img": "https://www.wikihow.com/images/thumb/7/76/Bullet-Journal-Step-5-Version-4.jpg/v4-460px-Bullet-Journal-Step-5-Version-4.jpg", "vid": null}, "9": {"text": "Organize your monthly goals into categories.", "img": "https://www.wikihow.com/images/thumb/b/b7/Bullet-Journal-Step-9-Version-4.jpg/v4-460px-Bullet-Journal-Step-9-Version-4.jpg", "vid": null}, "10": {"text": "Store collections in the back of the journal.", "img": "https://www.wikihow.com/images/thumb/2/22/Bullet-Journal-Step-4-Version-4.jpg/v4-460px-Bullet-Journal-Step-4-Version-4.jpg", "vid": null}, "11": {"text": "Fill out daily events that matter to you.", "img": "https://www.wikihow.com/images/thumb/b/bc/Bullet-Journal-Step-11-Version-4.jpg/v4-460px-Bullet-Journal-Step-11-Version-4.jpg", "vid": null}, "12": {"text": "Cross off items as you complete them.", "img": "https://www.wikihow.com/images/thumb/3/3f/Bullet-Journal-Step-12-Version-4.jpg/v4-460px-Bullet-Journal-Step-12-Version-4.jpg", "vid": null}, "13": {"text": "Transfer important uncompleted tasks to the next month.", "img": "https://www.wikihow.com/images/thumb/6/65/Bullet-Journal-Step-3-Version-4.jpg/v4-460px-Bullet-Journal-Step-3-Version-4.jpg", "vid": null}, "14": {"text": "Add long-term goals to your future log.", "img": "https://www.wikihow.com/images/thumb/5/59/Bullet-Journal-Step-14-Version-4.jpg/v4-460px-Bullet-Journal-Step-14-Version-4.jpg", "vid": null}, "15": {"text": "Make notes on projects specific to you.", "img": "https://www.wikihow.com/images/thumb/e/ef/Bullet-Journal-Step-18-Version-3.jpg/v4-460px-Bullet-Journal-Step-18-Version-3.jpg", "vid": null}}