{"video_url": "https://www.youtube.com/embed/g6-cgKyAwqU", "1": {"text": "Find the major radius of the ellipse.", "img": "https://www.wikihow.com/images/thumb/b/bd/Calculate-the-Area-of-an-Ellipse-Step-1-Version-3.jpg/v4-460px-Calculate-the-Area-of-an-Ellipse-Step-1-Version-3.jpg", "vid": null}, "2": {"text": "Find the minor radius.", "img": "https://www.wikihow.com/images/thumb/1/1f/Calculate-the-Area-of-an-Ellipse-Step-2-Version-3.jpg/v4-460px-Calculate-the-Area-of-an-Ellipse-Step-2-Version-3.jpg", "vid": null}, "3": {"text": "Multiply by pi.", "img": "https://www.wikihow.com/images/thumb/2/25/Calculate-the-Area-of-an-Ellipse-Step-3-Version-3.jpg/v4-460px-Calculate-the-Area-of-an-Ellipse-Step-3-Version-3.jpg", "vid": null}, "4": {"text": "Think of the area of a circle.", "img": "https://www.wikihow.com/images/thumb/b/bc/Calculate-the-Area-of-an-Ellipse-Step-4-Version-2.jpg/v4-460px-Calculate-the-Area-of-an-Ellipse-Step-4-Version-2.jpg", "vid": null}, "5": {"text": "Picture a circle being squashed.", "img": "https://www.wikihow.com/images/thumb/b/b8/Calculate-the-Area-of-an-Ellipse-Step-5-Version-2.jpg/v4-460px-Calculate-the-Area-of-an-Ellipse-Step-5-Version-2.jpg", "vid": null}}