{"video_url": "https://www.youtube.com/embed/RNN_mV-zKzI?showinfo=0", "1": {"text": "Choose a meter stick or metric tape measure.", "img": "https://www.wikihow.com/images/thumb/0/0c/Calculate-Square-Meters-Step-1-Version-3.jpg/v4-460px-Calculate-Square-Meters-Step-1-Version-3.jpg", "vid": null}, "2": {"text": "Measure the length of the area you're measuring.", "img": "https://www.wikihow.com/images/thumb/3/32/Calculate-Square-Meters-Step-2-Version-3.jpg/v4-460px-Calculate-Square-Meters-Step-2-Version-3.jpg", "vid": null}, "3": {"text": "If you can't measure the entire length at once, do it in stages.", "img": "https://www.wikihow.com/images/thumb/8/86/Calculate-Square-Meters-Step-3-Version-3.jpg/v4-460px-Calculate-Square-Meters-Step-3-Version-3.jpg", "vid": null}, "4": {"text": "Measure the width.", "img": "https://www.wikihow.com/images/thumb/9/98/Calculate-Square-Meters-Step-4-Version-3.jpg/v4-460px-Calculate-Square-Meters-Step-4-Version-3.jpg", "vid": null}, "5": {"text": "Convert from centimeters to meters.", "img": "https://www.wikihow.com/images/thumb/4/4f/Calculate-Square-Meters-Step-5-Version-2.jpg/v4-460px-Calculate-Square-Meters-Step-5-Version-2.jpg", "vid": null}, "6": {"text": "Multiply the length and width together.", "img": "https://www.wikihow.com/images/thumb/d/d6/Calculate-Square-Meters-Step-6-Version-2.jpg/v4-460px-Calculate-Square-Meters-Step-6-Version-2.jpg", "vid": null}, "7": {"text": "Round to a more convenient measurement.", "img": "https://www.wikihow.com/images/thumb/e/e1/Calculate-Square-Meters-Step-7-Version-2.jpg/v4-460px-Calculate-Square-Meters-Step-7-Version-2.jpg", "vid": null}, "8": {"text": "Multiply square feet by 0.093", "img": "https://www.wikihow.com/images/thumb/f/f8/Calculate-Square-Meters-Step-8-Version-2.jpg/v4-460px-Calculate-Square-Meters-Step-8-Version-2.jpg", "vid": null}, "9": {"text": "Multiply square yards by 0.84", "img": "https://www.wikihow.com/images/thumb/7/75/Calculate-Square-Meters-Step-9-Version-2.jpg/v4-460px-Calculate-Square-Meters-Step-9-Version-2.jpg", "vid": null}, "10": {"text": "Multiply acres by 4050.", "img": "https://www.wikihow.com/images/thumb/9/93/Calculate-Square-Meters-Step-10-Version-2.jpg/v4-460px-Calculate-Square-Meters-Step-10-Version-2.jpg", "vid": null}, "11": {"text": "Convert square miles to square kilometers instead.", "img": "https://www.wikihow.com/images/thumb/4/4c/Calculate-Square-Meters-Step-11-Version-2.jpg/v4-460px-Calculate-Square-Meters-Step-11-Version-2.jpg", "vid": null}, "12": {"text": "Convert square meters to units of area, not length.", "img": "https://www.wikihow.com/images/thumb/7/7a/Calculate-Square-Meters-Step-12-Version-2.jpg/v4-460px-Calculate-Square-Meters-Step-12-Version-2.jpg", "vid": null}, "13": {"text": "Break the shape up into pieces.", "img": "https://www.wikihow.com/images/thumb/f/f7/Calculate-Square-Meters-Step-13-Version-2.jpg/v4-460px-Calculate-Square-Meters-Step-13-Version-2.jpg", "vid": null}, "14": {"text": "Measure rectangle shaped pieces as you would normally.", "img": "https://www.wikihow.com/images/thumb/6/63/Calculate-Square-Meters-Step-14-Version-2.jpg/v4-460px-Calculate-Square-Meters-Step-14-Version-2.jpg", "vid": null}, "15": {"text": "Measure right triangles similarly, then divide by two.", "img": "https://www.wikihow.com/images/thumb/0/02/Calculate-Square-Meters-Step-15-Version-2.jpg/v4-460px-Calculate-Square-Meters-Step-15-Version-2.jpg", "vid": null}, "16": {"text": "Turn other triangles into right triangles, then measure them.", "img": "https://www.wikihow.com/images/thumb/b/b1/Calculate-Square-Meters-Step-16-Version-2.jpg/v4-460px-Calculate-Square-Meters-Step-16-Version-2.jpg", "vid": null}, "17": {"text": "Calculate the area of a circle.", "img": "https://www.wikihow.com/images/thumb/4/4d/Calculate-Square-Meters-Step-17-Version-2.jpg/v4-460px-Calculate-Square-Meters-Step-17-Version-2.jpg", "vid": null}}