{"video_url": "https://www.youtube.com/embed/KZW9b_LJkMk?showinfo=0", "1": {"text": "Identify the radius of a circle.", "img": "https://www.wikihow.com/images/thumb/6/65/Calculate-the-Area-of-a-Circle-Step-1-Version-6.jpg/v4-460px-Calculate-the-Area-of-a-Circle-Step-1-Version-6.jpg", "vid": null}, "2": {"text": "Square the radius.", "img": "https://www.wikihow.com/images/thumb/c/c8/Calculate-the-Area-of-a-Circle-Step-2-Version-6.jpg/v4-460px-Calculate-the-Area-of-a-Circle-Step-2-Version-6.jpg", "vid": null}, "3": {"text": "Multiply by pi.", "img": "https://www.wikihow.com/images/thumb/9/99/Calculate-the-Area-of-a-Circle-Step-3-Version-6.jpg/v4-460px-Calculate-the-Area-of-a-Circle-Step-3-Version-6.jpg", "vid": null}, "4": {"text": "Report your result.", "img": "https://www.wikihow.com/images/thumb/f/fe/Calculate-the-Area-of-a-Circle-Step-4-Version-6.jpg/v4-460px-Calculate-the-Area-of-a-Circle-Step-4-Version-6.jpg", "vid": null}, "5": {"text": "Measure or record the diameter.", "img": "https://www.wikihow.com/images/thumb/e/e4/Calculate-the-Area-of-a-Circle-Step-5-Version-6.jpg/v4-460px-Calculate-the-Area-of-a-Circle-Step-5-Version-6.jpg", "vid": null}, "6": {"text": "Divide the diameter in half.", "img": "https://www.wikihow.com/images/thumb/4/47/Calculate-the-Area-of-a-Circle-Step-6-Version-6.jpg/v4-460px-Calculate-the-Area-of-a-Circle-Step-6-Version-6.jpg", "vid": null}, "7": {"text": "Use the original formula for area.", "img": "https://www.wikihow.com/images/thumb/d/d6/Calculate-the-Area-of-a-Circle-Step-7-Version-6.jpg/v4-460px-Calculate-the-Area-of-a-Circle-Step-7-Version-6.jpg", "vid": null}, "8": {"text": "Report the value of the area.", "img": "https://www.wikihow.com/images/thumb/6/64/Calculate-the-Area-of-a-Circle-Step-8-Version-6.jpg/v4-460px-Calculate-the-Area-of-a-Circle-Step-8-Version-6.jpg", "vid": null}, "9": {"text": "Learn the revised formula.", "img": "https://www.wikihow.com/images/thumb/0/0f/Calculate-the-Area-of-a-Circle-Step-9-Version-6.jpg/v4-460px-Calculate-the-Area-of-a-Circle-Step-9-Version-6.jpg", "vid": null}, "10": {"text": "Measure or record the circumference.", "img": "https://www.wikihow.com/images/thumb/e/eb/Calculate-the-Area-of-a-Circle-Step-10-Version-6.jpg/v4-460px-Calculate-the-Area-of-a-Circle-Step-10-Version-6.jpg", "vid": null}, "11": {"text": "Use the relationship between circumference and radius to revise the formula.", "img": "https://www.wikihow.com/images/thumb/1/12/Calculate-the-Area-of-a-Circle-Step-11-Version-6.jpg/v4-460px-Calculate-the-Area-of-a-Circle-Step-11-Version-6.jpg", "vid": null}, "12": {"text": "Substitute into the formula for the area of a circle.", "img": "https://www.wikihow.com/images/thumb/a/af/Calculate-the-Area-of-a-Circle-Step-12-Version-6.jpg/v4-460px-Calculate-the-Area-of-a-Circle-Step-12-Version-6.jpg", "vid": null}, "13": {"text": "Use the revised formula to solve the area.", "img": "https://www.wikihow.com/images/thumb/7/71/Calculate-the-Area-of-a-Circle-Step-13-Version-6.jpg/v4-460px-Calculate-the-Area-of-a-Circle-Step-13-Version-6.jpg", "vid": null}, "14": {"text": "Report your result.", "img": "https://www.wikihow.com/images/thumb/4/4c/Calculate-the-Area-of-a-Circle-Step-14-Version-6.jpg/v4-460px-Calculate-the-Area-of-a-Circle-Step-14-Version-6.jpg", "vid": null}, "15": {"text": "Identify the known or given information.", "img": "https://www.wikihow.com/images/thumb/1/19/Calculate-the-Area-of-a-Circle-Step-15-Version-7.jpg/v4-460px-Calculate-the-Area-of-a-Circle-Step-15-Version-7.jpg", "vid": null}, "16": {"text": "Define the chosen sector.", "img": "https://www.wikihow.com/images/thumb/1/1f/Calculate-the-Area-of-a-Circle-Step-16-Version-6.jpg/v4-460px-Calculate-the-Area-of-a-Circle-Step-16-Version-6.jpg", "vid": null}, "17": {"text": "Measure the central angle of the sector.", "img": "https://www.wikihow.com/images/thumb/0/0f/Calculate-the-Area-of-a-Circle-Step-17-Version-2.jpg/v4-460px-Calculate-the-Area-of-a-Circle-Step-17-Version-2.jpg", "vid": null}, "18": {"text": "Use a modified formula for area.", "img": "https://www.wikihow.com/images/thumb/2/24/Calculate-the-Area-of-a-Circle-Step-18.jpg/v4-460px-Calculate-the-Area-of-a-Circle-Step-18.jpg", "vid": null}, "19": {"text": "Enter the values that you know and solve the area.", "img": "https://www.wikihow.com/images/thumb/9/9b/Calculate-the-Area-of-a-Circle-Step-19.jpg/v4-460px-Calculate-the-Area-of-a-Circle-Step-19.jpg", "vid": null}, "20": {"text": "Report the result.", "img": "https://www.wikihow.com/images/thumb/7/7f/Calculate-the-Area-of-a-Circle-Step-20-Version-2.jpg/v4-460px-Calculate-the-Area-of-a-Circle-Step-20-Version-2.jpg", "vid": null}}