{"video_url": "https://www.youtube.com/embed/Oy4_fbqZqtc", "1": {"text": "Find the difference between the beginning and ending values for each year.", "img": "https://www.wikihow.com/images/thumb/9/90/Calculate-Annualized-Portfolio-Return-Step-1-Version-4.jpg/v4-460px-Calculate-Annualized-Portfolio-Return-Step-1-Version-4.jpg", "vid": null}, "2": {"text": "Add 1 to each rate and multiply them together.", "img": "https://www.wikihow.com/images/thumb/4/46/Calculate-Annualized-Portfolio-Return-Step-2-Version-3.jpg/v4-460px-Calculate-Annualized-Portfolio-Return-Step-2-Version-3.jpg", "vid": null}, "3": {"text": "Raise the total rate by an exponent of 1/n.", "img": "https://www.wikihow.com/images/thumb/d/db/Calculate-Annualized-Portfolio-Return-Step-3-Version-2.jpg/v4-460px-Calculate-Annualized-Portfolio-Return-Step-3-Version-2.jpg", "vid": null}, "4": {"text": "Subtract 1 and multiply by 100 to get the annualized rate of return.", "img": "https://www.wikihow.com/images/thumb/2/28/Calculate-Annualized-Portfolio-Return-Step-4-Version-2.jpg/v4-460px-Calculate-Annualized-Portfolio-Return-Step-4-Version-2.jpg", "vid": null}, "5": {"text": "Use a different formula if you only have the initial and final values.", "img": "https://www.wikihow.com/images/thumb/a/a2/Calculate-Annualized-Portfolio-Return-Step-5-Version-2.jpg/v4-460px-Calculate-Annualized-Portfolio-Return-Step-5-Version-2.jpg", "vid": null}, "6": {"text": "Enter your contributions or withdrawals in column A of a spreadsheet.", "img": "https://www.wikihow.com/images/thumb/e/ee/Calculate-Annualized-Portfolio-Return-Step-6-Version-2.jpg/v4-460px-Calculate-Annualized-Portfolio-Return-Step-6-Version-2.jpg", "vid": null}, "7": {"text": "Put the dates of the contributions or withdrawals in column B.", "img": "https://www.wikihow.com/images/thumb/7/7c/Calculate-Annualized-Portfolio-Return-Step-7-Version-2.jpg/v4-460px-Calculate-Annualized-Portfolio-Return-Step-7-Version-2.jpg", "vid": null}, "8": {"text": "Input the formula on a new row.", "img": "https://www.wikihow.com/images/thumb/f/f6/Calculate-Annualized-Portfolio-Return-Step-8-Version-2.jpg/v4-460px-Calculate-Annualized-Portfolio-Return-Step-8-Version-2.jpg", "vid": null}, "9": {"text": "Allow the program to compute the solution in the same cell.", "img": "https://www.wikihow.com/images/thumb/e/e5/Calculate-Annualized-Portfolio-Return-Step-9.jpg/v4-460px-Calculate-Annualized-Portfolio-Return-Step-9.jpg", "vid": null}, "10": {"text": "Troubleshoot your data if you get an error.", "img": "https://www.wikihow.com/images/thumb/8/82/Calculate-Annualized-Portfolio-Return-Step-10.jpg/v4-460px-Calculate-Annualized-Portfolio-Return-Step-10.jpg", "vid": null}}