{"video_url": "https://www.youtube.com/embed/ueV29E9X-3g", "1": {"text": "Find the radius of the circular base.", "img": "https://www.wikihow.com/images/thumb/5/5b/Calculate-the-Volume-of-a-Cylinder-Step-1-Version-4.jpg/v4-460px-Calculate-the-Volume-of-a-Cylinder-Step-1-Version-4.jpg", "vid": null}, "2": {"text": "Calculate the area of the circular base.", "img": "https://www.wikihow.com/images/thumb/4/48/Calculate-the-Volume-of-a-Cylinder-Step-2-Version-4.jpg/v4-460px-Calculate-the-Volume-of-a-Cylinder-Step-2-Version-4.jpg", "vid": null}, "3": {"text": "Find the height of the cylinder.", "img": "https://www.wikihow.com/images/thumb/1/10/Calculate-the-Volume-of-a-Cylinder-Step-3-Version-4.jpg/v4-460px-Calculate-the-Volume-of-a-Cylinder-Step-3-Version-4.jpg", "vid": null}, "4": {"text": "Multiply the area of the base by the height.", "img": "https://www.wikihow.com/images/thumb/9/9a/Calculate-the-Volume-of-a-Cylinder-Step-4-Version-4.jpg/v4-460px-Calculate-the-Volume-of-a-Cylinder-Step-4-Version-4.jpg", "vid": null}}