{"video_url": "https://www.youtube.com/embed/uZKn2fdLfGE?showinfo=0", "1": {"text": "Choose an event with mutually exclusive outcomes.", "img": "https://www.wikihow.com/images/thumb/d/d0/Calculate-Probability-Step-1-Version-6.jpg/v4-460px-Calculate-Probability-Step-1-Version-6.jpg", "vid": null}, "2": {"text": "Define all possible events and outcomes that can occur.", "img": "https://www.wikihow.com/images/thumb/7/7e/Calculate-Probability-Step-2-Version-5.jpg/v4-460px-Calculate-Probability-Step-2-Version-5.jpg", "vid": null}, "3": {"text": "Divide the number of events by the number of possible outcomes.", "img": "https://www.wikihow.com/images/thumb/f/fa/Calculate-Probability-Step-3-Version-5.jpg/v4-460px-Calculate-Probability-Step-3-Version-5.jpg", "vid": null}, "4": {"text": "Add up all possible event likelihoods to make sure they equal 1.", "img": "https://www.wikihow.com/images/thumb/e/e3/Calculate-Probability-Step-4-Version-6.jpg/v4-460px-Calculate-Probability-Step-4-Version-6.jpg", "vid": null}, "5": {"text": "Represent the probability of an impossible outcome with a 0.", "img": "https://www.wikihow.com/images/thumb/b/b0/Calculate-Probability-Step-5-Version-5.jpg/v4-460px-Calculate-Probability-Step-5-Version-5.jpg", "vid": null}, "6": {"text": "Deal with each probability separately to calculate independent events.", "img": "https://www.wikihow.com/images/thumb/b/b6/Calculate-Probability-Step-6-Version-5.jpg/v4-460px-Calculate-Probability-Step-6-Version-5.jpg", "vid": null}, "7": {"text": "Consider the effect of prior events when calculating probability for dependent events.", "img": "https://www.wikihow.com/images/thumb/8/8d/Calculate-Probability-Step-7-Version-5.jpg/v4-460px-Calculate-Probability-Step-7-Version-5.jpg", "vid": null}, "8": {"text": "Multiply the probabilities of each separate event by one another.", "img": "https://www.wikihow.com/images/thumb/6/63/Calculate-Probability-Step-8-Version-5.jpg/v4-460px-Calculate-Probability-Step-8-Version-5.jpg", "vid": null}, "9": {"text": "Set the odds as a ratio with the positive outcome as a numerator.", "img": "https://www.wikihow.com/images/thumb/2/2d/Calculate-Probability-Step-9-Version-5.jpg/v4-460px-Calculate-Probability-Step-9-Version-5.jpg", "vid": null}, "10": {"text": "Add the numbers together to convert the odds to probability.", "img": "https://www.wikihow.com/images/thumb/e/e0/Calculate-Probability-Step-10-Version-5.jpg/v4-460px-Calculate-Probability-Step-10-Version-5.jpg", "vid": null}, "11": {"text": "Find the odds as if you were calculating the probability of a single event.", "img": "https://www.wikihow.com/images/thumb/5/57/Calculate-Probability-Step-11.jpg/v4-460px-Calculate-Probability-Step-11.jpg", "vid": null}}