{"video_url": "https://www.youtube.com/embed/zPcdFI5RKGg?showinfo=0", "1": {"text": "Do a grounding exercise to refocus your attention.", "img": "https://www.wikihow.com/images/thumb/1/10/Calm-Yourself-During-an-Anxiety-Attack-Step-1-Version-2.jpg/v4-460px-Calm-Yourself-During-an-Anxiety-Attack-Step-1-Version-2.jpg", "vid": null}, "2": {"text": "Breathe", "img": "https://www.wikihow.com/images/thumb/1/18/Calm-Yourself-During-an-Anxiety-Attack-Step-2-Version-2.jpg/v4-460px-Calm-Yourself-During-an-Anxiety-Attack-Step-2-Version-2.jpg", "vid": null}, "3": {"text": "Focus on your thoughts and feelings.", "img": "https://www.wikihow.com/images/thumb/5/5c/Calm-Yourself-During-an-Anxiety-Attack-Step-3-Version-2.jpg/v4-460px-Calm-Yourself-During-an-Anxiety-Attack-Step-3-Version-2.jpg", "vid": null}, "4": {"text": "Practice progressive muscle relaxation.", "img": "https://www.wikihow.com/images/thumb/4/46/Calm-Yourself-During-an-Anxiety-Attack-Step-4-Version-2.jpg/v4-460px-Calm-Yourself-During-an-Anxiety-Attack-Step-4-Version-2.jpg", "vid": null}, "5": {"text": "Acknowledge your anxiety.", "img": "https://www.wikihow.com/images/thumb/f/fc/Calm-Yourself-During-an-Anxiety-Attack-Step-5-Version-2.jpg/v4-460px-Calm-Yourself-During-an-Anxiety-Attack-Step-5-Version-2.jpg", "vid": null}, "6": {"text": "Try to challenge and replace unrealistic thoughts.", "img": "https://www.wikihow.com/images/thumb/d/d4/Calm-Yourself-During-an-Anxiety-Attack-Step-6-Version-2.jpg/v4-460px-Calm-Yourself-During-an-Anxiety-Attack-Step-6-Version-2.jpg", "vid": null}, "7": {"text": "Use guided imagery to help you unwind.", "img": "https://www.wikihow.com/images/thumb/4/47/Calm-Yourself-During-an-Anxiety-Attack-Step-7-Version-2.jpg/v4-460px-Calm-Yourself-During-an-Anxiety-Attack-Step-7-Version-2.jpg", "vid": null}, "8": {"text": "Write down your feelings to make them more manageable.", "img": "https://www.wikihow.com/images/thumb/e/e9/Calm-Yourself-During-an-Anxiety-Attack-Step-8-Version-2.jpg/v4-460px-Calm-Yourself-During-an-Anxiety-Attack-Step-8-Version-2.jpg", "vid": null}, "9": {"text": "Take care of your body so you can feel your best.", "img": "https://www.wikihow.com/images/thumb/2/21/Calm-Yourself-During-an-Anxiety-Attack-Step-9-Version-2.jpg/v4-460px-Calm-Yourself-During-an-Anxiety-Attack-Step-9-Version-2.jpg", "vid": null}, "10": {"text": "Take positive action to avoid dwelling on your thoughts.", "img": "https://www.wikihow.com/images/thumb/0/02/Calm-Yourself-During-an-Anxiety-Attack-Step-10-Version-2.jpg/v4-460px-Calm-Yourself-During-an-Anxiety-Attack-Step-10-Version-2.jpg", "vid": null}, "11": {"text": "Use music therapy to help you relax.", "img": "https://www.wikihow.com/images/thumb/4/49/Calm-Yourself-During-an-Anxiety-Attack-Step-11-Version-2.jpg/v4-460px-Calm-Yourself-During-an-Anxiety-Attack-Step-11-Version-2.jpg", "vid": null}, "12": {"text": "Get help from a friend.", "img": "https://www.wikihow.com/images/thumb/5/54/Calm-Yourself-During-an-Anxiety-Attack-Step-12-Version-2.jpg/v4-460px-Calm-Yourself-During-an-Anxiety-Attack-Step-12-Version-2.jpg", "vid": null}, "13": {"text": "See a therapist if your anxiety is severe or long-lasting.", "img": "https://www.wikihow.com/images/thumb/c/ce/Calm-Yourself-During-an-Anxiety-Attack-Step-13-Version-2.jpg/v4-460px-Calm-Yourself-During-an-Anxiety-Attack-Step-13-Version-2.jpg", "vid": null}, "14": {"text": "Talk to your doctor for advice or a referral.", "img": "https://www.wikihow.com/images/thumb/8/82/Calm-Yourself-During-an-Anxiety-Attack-Step-14-Version-2.jpg/v4-460px-Calm-Yourself-During-an-Anxiety-Attack-Step-14-Version-2.jpg", "vid": null}, "15": {"text": "Look for community clinics if you can\u2019t afford therapy.", "img": "https://www.wikihow.com/images/thumb/1/11/Calm-Yourself-During-an-Anxiety-Attack-Step-15-Version-2.jpg/v4-460px-Calm-Yourself-During-an-Anxiety-Attack-Step-15-Version-2.jpg", "vid": null}, "16": {"text": "Check for physical symptoms.", "img": "https://www.wikihow.com/images/thumb/5/56/Calm-Yourself-During-an-Anxiety-Attack-Step-16-Version-2.jpg/v4-460px-Calm-Yourself-During-an-Anxiety-Attack-Step-16-Version-2.jpg", "vid": null}, "17": {"text": "Look for feelings of dread or fear.", "img": "https://www.wikihow.com/images/thumb/b/bf/Calm-Yourself-During-an-Anxiety-Attack-Step-17-Version-2.jpg/v4-460px-Calm-Yourself-During-an-Anxiety-Attack-Step-17-Version-2.jpg", "vid": null}, "18": {"text": "Familiarize yourself with the symptoms of a heart attack.", "img": "https://www.wikihow.com/images/thumb/6/6e/Calm-Yourself-During-an-Anxiety-Attack-Step-18-Version-2.jpg/v4-460px-Calm-Yourself-During-an-Anxiety-Attack-Step-18-Version-2.jpg", "vid": null}, "19": {"text": "Distinguish between normal anxiety and a panic disorder.", "img": "https://www.wikihow.com/images/thumb/5/51/Calm-Yourself-During-an-Anxiety-Attack-Step-19-Version-2.jpg/v4-460px-Calm-Yourself-During-an-Anxiety-Attack-Step-19-Version-2.jpg", "vid": null}}