{"video_url": "https://www.youtube.com/embed/pg58HRwRtpU?showinfo=0", "1": {"text": "Find the contract you signed with Planet Fitness.", "img": "https://www.wikihow.com/images/thumb/2/2d/Cancel-Planet-Fitness-Membership-Step-1-Version-5.jpg/v4-460px-Cancel-Planet-Fitness-Membership-Step-1-Version-5.jpg", "vid": null}, "2": {"text": "Read your contract.", "img": "https://www.wikihow.com/images/thumb/c/c5/Cancel-Planet-Fitness-Membership-Step-2-Version-5.jpg/v4-460px-Cancel-Planet-Fitness-Membership-Step-2-Version-5.jpg", "vid": null}, "3": {"text": "Pay attention to the billing cycle.", "img": "https://www.wikihow.com/images/thumb/b/b0/Cancel-Planet-Fitness-Membership-Step-3-Version-5.jpg/v4-460px-Cancel-Planet-Fitness-Membership-Step-3-Version-5.jpg", "vid": null}, "4": {"text": "Get your gym fees waived.", "img": "https://www.wikihow.com/images/thumb/c/c2/Cancel-Planet-Fitness-Membership-Step-4-Version-5.jpg/v4-460px-Cancel-Planet-Fitness-Membership-Step-4-Version-5.jpg", "vid": null}, "5": {"text": "Write down the information you'll need.", "img": "https://www.wikihow.com/images/thumb/4/48/Cancel-Planet-Fitness-Membership-Step-5-Version-5.jpg/v4-460px-Cancel-Planet-Fitness-Membership-Step-5-Version-5.jpg", "vid": null}, "6": {"text": "Write a one-page document asking to cancel your membership.", "img": "https://www.wikihow.com/images/thumb/3/35/Cancel-Planet-Fitness-Membership-Step-6-Version-5.jpg/v4-460px-Cancel-Planet-Fitness-Membership-Step-6-Version-5.jpg", "vid": null}, "7": {"text": "Check the hours for your location's Membership Services department.", "img": "https://www.wikihow.com/images/thumb/6/63/Cancel-Planet-Fitness-Membership-Step-7-Version-5.jpg/v4-460px-Cancel-Planet-Fitness-Membership-Step-7-Version-5.jpg", "vid": null}, "8": {"text": "Tell them you want to cancel your membership.", "img": "https://www.wikihow.com/images/thumb/7/77/Cancel-Planet-Fitness-Membership-Step-8-Version-5.jpg/v4-460px-Cancel-Planet-Fitness-Membership-Step-8-Version-5.jpg", "vid": null}, "9": {"text": "Ask for the cancellation in writing.", "img": "https://www.wikihow.com/images/thumb/5/5e/Cancel-Planet-Fitness-Membership-Step-9-Version-5.jpg/v4-460px-Cancel-Planet-Fitness-Membership-Step-9-Version-5.jpg", "vid": null}, "10": {"text": "Arrange to cancel any future monthly payments.", "img": "https://www.wikihow.com/images/thumb/4/47/Cancel-Planet-Fitness-Membership-Step-10-Version-5.jpg/v4-460px-Cancel-Planet-Fitness-Membership-Step-10-Version-5.jpg", "vid": null}, "11": {"text": "Ask for the name and number of an appropriate contact person.", "img": "https://www.wikihow.com/images/thumb/2/26/Cancel-Planet-Fitness-Membership-Step-11-Version-5.jpg/v4-460px-Cancel-Planet-Fitness-Membership-Step-11-Version-5.jpg", "vid": null}, "12": {"text": "Monitor your credit card or bank statements.", "img": "https://www.wikihow.com/images/thumb/1/11/Cancel-Planet-Fitness-Membership-Step-12-Version-4.jpg/v4-460px-Cancel-Planet-Fitness-Membership-Step-12-Version-4.jpg", "vid": null}, "13": {"text": "Call Membership Services if any extra charges were taken out.", "img": "https://www.wikihow.com/images/thumb/2/25/Cancel-Planet-Fitness-Membership-Step-13-Version-4.jpg/v4-460px-Cancel-Planet-Fitness-Membership-Step-13-Version-4.jpg", "vid": null}, "14": {"text": "Visit in person.", "img": "https://www.wikihow.com/images/thumb/0/01/Cancel-Planet-Fitness-Membership-Step-14-Version-4.jpg/v4-460px-Cancel-Planet-Fitness-Membership-Step-14-Version-4.jpg", "vid": null}, "15": {"text": "Alternatively, send a certified letter.", "img": "https://www.wikihow.com/images/thumb/6/69/Cancel-Planet-Fitness-Membership-Step-15-Version-4.jpg/v4-460px-Cancel-Planet-Fitness-Membership-Step-15-Version-4.jpg", "vid": null}, "16": {"text": "Gather your letter together.", "img": "https://www.wikihow.com/images/thumb/7/75/Cancel-Planet-Fitness-Membership-Step-16-Version-4.jpg/v4-460px-Cancel-Planet-Fitness-Membership-Step-16-Version-4.jpg", "vid": null}, "17": {"text": "Take the letter to the post office.", "img": "https://www.wikihow.com/images/thumb/6/67/Cancel-Planet-Fitness-Membership-Step-17-Version-4.jpg/v4-460px-Cancel-Planet-Fitness-Membership-Step-17-Version-4.jpg", "vid": null}, "18": {"text": "Call the gym if you do not receive notice your membership was cancelled.", "img": "https://www.wikihow.com/images/thumb/1/14/Cancel-Planet-Fitness-Membership-Step-18-Version-4.jpg/v4-460px-Cancel-Planet-Fitness-Membership-Step-18-Version-4.jpg", "vid": null}, "19": {"text": "Check your accounts.", "img": "https://www.wikihow.com/images/thumb/c/c2/Cancel-Planet-Fitness-Membership-Step-19-Version-4.jpg/v4-460px-Cancel-Planet-Fitness-Membership-Step-19-Version-4.jpg", "vid": null}}