{"video_url": "https://www.youtube.com/embed/dmkiXtGH0Ao?showinfo=0", "1": {"text": "Place 4 stones into each of the 12 cups.", "img": "https://www.wikihow.com/images/thumb/9/91/Capture-in-Mancala-Step-1.jpg/v4-460px-Capture-in-Mancala-Step-1.jpg", "vid": null}, "2": {"text": "Pick up the stones from 1 of your cups on your turn.", "img": null, "vid": "/a/ae/Capture in Mancala Step 2.360p.mp4"}, "3": {"text": "Place 1 stone into each of the cups to the right of that cup.", "img": null, "vid": "/5/58/Capture in Mancala Step 3.360p.mp4"}, "4": {"text": "Take turns to continue playing the game.", "img": "https://www.wikihow.com/images/thumb/d/d7/Capture-in-Mancala-Step-4.jpg/v4-460px-Capture-in-Mancala-Step-4.jpg", "vid": null}, "5": {"text": "End the game when all the cups on 1 side of the board are empty.", "img": "https://www.wikihow.com/images/thumb/6/60/Capture-in-Mancala-Step-5.jpg/v4-460px-Capture-in-Mancala-Step-5.jpg", "vid": null}, "6": {"text": "Count your stones to see who has the most.", "img": null, "vid": "/5/5f/Capture in Mancala Step 6.360p.mp4"}, "7": {"text": "Note that there will still be stones on the board when the game is over.", "img": "https://www.wikihow.com/images/thumb/f/fc/Capture-in-Mancala-Step-7.jpg/v4-460px-Capture-in-Mancala-Step-7.jpg", "vid": null}, "8": {"text": "Identify a move that would end on an empty cup on your side.", "img": "https://www.wikihow.com/images/thumb/7/7b/Capture-in-Mancala-Step-8.jpg/v4-460px-Capture-in-Mancala-Step-8.jpg", "vid": null}, "9": {"text": "Place 1 stone into each space going counter-clockwise.", "img": null, "vid": "/b/b3/Capture in Mancala Step 9.360p.mp4"}, "10": {"text": "Collect the stones in your opponent\u2019s cup across from your cup.", "img": null, "vid": "/c/c5/Capture in Mancala Step 10.360p.mp4"}, "11": {"text": "Place your opponent\u2019s stones and your stone into your mancala.", "img": null, "vid": "/d/db/Capture in Mancala Step 11.360p.mp4"}, "12": {"text": "Determine if you will be playing by Wari rules before you start.", "img": "https://www.wikihow.com/images/thumb/6/65/Capture-in-Mancala-Step-12.jpg/v4-460px-Capture-in-Mancala-Step-12.jpg", "vid": null}, "13": {"text": "Look for cups that have 1 or 2 stones and target those cups.", "img": null, "vid": "/d/d0/Capture in Mancala Step 13.360p.mp4"}, "14": {"text": "Collect stones from the cup that you end on if it has 2 to 3 stones.", "img": null, "vid": "/6/6c/Capture in Mancala Step 14.360p.mp4"}, "15": {"text": "Gather the stones in previous cups if they also have 2 to 3.", "img": "https://www.wikihow.com/images/thumb/d/d0/Capture-in-Mancala-Step-15.jpg/v4-460px-Capture-in-Mancala-Step-15.jpg", "vid": null}}