{"video_url": "https://www.youtube.com/embed/IEzKsa_w-e8?showinfo=0", "1": {"text": "Leave the covering on for 2-3 hours.", "img": "https://www.wikihow.com/images/thumb/b/b0/Care-for-a-New-Tattoo-Step-2.jpg/v4-460px-Care-for-a-New-Tattoo-Step-2.jpg", "vid": null}, "2": {"text": "Wash your hands", "img": "https://www.wikihow.com/images/thumb/0/06/Care-for-a-New-Tattoo-Step-3.jpg/v4-460px-Care-for-a-New-Tattoo-Step-3.jpg", "vid": null}, "3": {"text": "Wash the tattoo with lukewarm water and antibacterial soap.", "img": "https://www.wikihow.com/images/thumb/b/be/Care-for-a-New-Tattoo-Step-4.jpg/v4-460px-Care-for-a-New-Tattoo-Step-4.jpg", "vid": null}, "4": {"text": "Let the tattoo air dry or pat it dry with a clean paper towel.", "img": "https://www.wikihow.com/images/thumb/3/30/Care-for-a-New-Tattoo-Step-5.jpg/v4-460px-Care-for-a-New-Tattoo-Step-5.jpg", "vid": null}, "5": {"text": "Apply a non-scented antibacterial cream.", "img": "https://www.wikihow.com/images/thumb/9/96/Care-for-a-New-Tattoo-Step-6.jpg/v4-460px-Care-for-a-New-Tattoo-Step-6.jpg", "vid": null}, "6": {"text": "Listen to your tattoo artist's advice.", "img": null, "vid": null}, "7": {"text": "Wash and moisturize your tattoo daily until the scabs are gone.", "img": "https://www.wikihow.com/images/thumb/b/bd/Care-for-a-New-Tattoo-Step-7.jpg/v4-460px-Care-for-a-New-Tattoo-Step-7.jpg", "vid": null}, "8": {"text": "Avoid scratching or picking at your tattoo.", "img": "https://www.wikihow.com/images/thumb/7/7f/Care-for-a-New-Tattoo-Step-10.jpg/v4-460px-Care-for-a-New-Tattoo-Step-10.jpg", "vid": null}, "9": {"text": "Keep your tattoo out of direct sunlight.", "img": "https://www.wikihow.com/images/thumb/0/07/Care-for-a-New-Tattoo-Step-9.jpg/v4-460px-Care-for-a-New-Tattoo-Step-9.jpg", "vid": null}, "10": {"text": "Avoid soaking the tattoo in water.", "img": "https://www.wikihow.com/images/thumb/2/2e/Care-for-a-New-Tattoo-Step-8.jpg/v4-460px-Care-for-a-New-Tattoo-Step-8.jpg", "vid": null}, "11": {"text": "Wear clean, loose-fitting clothing to avoid irritating your tattoo.", "img": "https://www.wikihow.com/images/thumb/8/8a/Care-for-a-New-Tattoo-Step-11.jpg/v4-460px-Care-for-a-New-Tattoo-Step-11.jpg", "vid": null}, "12": {"text": "Wait for your tattoo to heal before doing strenuous workouts.", "img": "https://www.wikihow.com/images/thumb/6/68/Care-for-a-New-Tattoo-Step-12.jpg/v4-460px-Care-for-a-New-Tattoo-Step-12.jpg", "vid": null}}