{"video_url": "https://www.youtube.com/embed/5V3S75-yNSQ", "1": {"text": "Make sure you get the right size of tank.", "img": "https://www.wikihow.com/images/thumb/d/d5/Care-for-Hermit-Crabs-Step-1-Version-2.jpg/v4-460px-Care-for-Hermit-Crabs-Step-1-Version-2.jpg", "vid": null}, "2": {"text": "Make sure your hermit's home is the right humidity.", "img": "https://www.wikihow.com/images/thumb/7/78/Care-for-Hermit-Crabs-Step-2-Version-2.jpg/v4-460px-Care-for-Hermit-Crabs-Step-2-Version-2.jpg", "vid": null}, "3": {"text": "Make sure your tank is the right temperature.", "img": "https://www.wikihow.com/images/thumb/f/f6/Care-for-Hermit-Crabs-Step-3-Version-2.jpg/v4-460px-Care-for-Hermit-Crabs-Step-3-Version-2.jpg", "vid": null}, "4": {"text": "Get substrate.", "img": "https://www.wikihow.com/images/thumb/f/ff/Care-for-Hermit-Crabs-Step-4-Version-2.jpg/v4-460px-Care-for-Hermit-Crabs-Step-4-Version-2.jpg", "vid": null}, "5": {"text": "Keep the substrate clean.", "img": "https://www.wikihow.com/images/thumb/4/4c/Care-for-Hermit-Crabs-Step-5-Version-2.jpg/v4-460px-Care-for-Hermit-Crabs-Step-5-Version-2.jpg", "vid": null}, "6": {"text": "Get climbing-toys.", "img": "https://www.wikihow.com/images/thumb/8/81/Care-for-Hermit-Crabs-Step-6-Version-2.jpg/v4-460px-Care-for-Hermit-Crabs-Step-6-Version-2.jpg", "vid": null}, "7": {"text": "Provide your hermit crabs with a hiding place.", "img": "https://www.wikihow.com/images/thumb/4/4c/Care-for-Hermit-Crabs-Step-7-Version-2.jpg/v4-460px-Care-for-Hermit-Crabs-Step-7-Version-2.jpg", "vid": null}, "8": {"text": "Add some live plants to your tank.", "img": "https://www.wikihow.com/images/thumb/9/94/Care-for-Hermit-Crabs-Step-8-Version-2.jpg/v4-460px-Care-for-Hermit-Crabs-Step-8-Version-2.jpg", "vid": null}, "9": {"text": "Provide your hermies with water.", "img": "https://www.wikihow.com/images/thumb/3/32/Care-for-Hermit-Crabs-Step-9-Version-2.jpg/v4-460px-Care-for-Hermit-Crabs-Step-9-Version-2.jpg", "vid": null}, "10": {"text": "Make sure the water is dechlorinated.", "img": "https://www.wikihow.com/images/thumb/6/6e/Care-for-Hermit-Crabs-Step-10-Version-2.jpg/v4-460px-Care-for-Hermit-Crabs-Step-10-Version-2.jpg", "vid": null}, "11": {"text": "Know that there are different kinds of hermit crabs you can buy.", "img": "https://www.wikihow.com/images/thumb/e/e9/Care-for-Hermit-Crabs-Step-11-Version-2.jpg/v4-460px-Care-for-Hermit-Crabs-Step-11-Version-2.jpg", "vid": null}, "12": {"text": "Handle your hermies with care.", "img": "https://www.wikihow.com/images/thumb/7/75/Care-for-Hermit-Crabs-Step-12.jpg/v4-460px-Care-for-Hermit-Crabs-Step-12.jpg", "vid": null}, "13": {"text": "Know that crabs go through molting and need extra shells.", "img": "https://www.wikihow.com/images/thumb/0/0f/Care-for-Hermit-Crabs-Step-13.jpg/v4-460px-Care-for-Hermit-Crabs-Step-13.jpg", "vid": null}, "14": {"text": "Provide shells for your hermie.", "img": "https://www.wikihow.com/images/thumb/0/01/Care-for-Hermit-Crabs-Step-14.jpg/v4-460px-Care-for-Hermit-Crabs-Step-14.jpg", "vid": null}, "15": {"text": "Provide a steady and varied diet.", "img": "https://www.wikihow.com/images/thumb/9/98/Care-for-Hermit-Crabs-Step-15.jpg/v4-460px-Care-for-Hermit-Crabs-Step-15.jpg", "vid": null}, "16": {"text": "Know what fruits and veggies hermies like.", "img": "https://www.wikihow.com/images/thumb/0/03/Care-for-Hermit-Crabs-Step-16.jpg/v4-460px-Care-for-Hermit-Crabs-Step-16.jpg", "vid": null}, "17": {"text": "Play with them.", "img": "https://www.wikihow.com/images/thumb/b/ba/Care-for-Hermit-Crabs-Step-17.jpg/v4-460px-Care-for-Hermit-Crabs-Step-17.jpg", "vid": null}, "18": {"text": "Be aware that hermit crabs may pinch.", "img": "https://www.wikihow.com/images/thumb/6/6b/Care-for-Hermit-Crabs-Step-18.jpg/v4-460px-Care-for-Hermit-Crabs-Step-18.jpg", "vid": null}}