{"video_url": "https://www.youtube.com/embed/LsZ3nMT6JwY", "1": {"text": "Use an aquarium or tank to house your salamander.", "img": "https://www.wikihow.com/images/thumb/9/91/Care-for-Salamanders-Step-1-Version-2.jpg/v4-460px-Care-for-Salamanders-Step-1-Version-2.jpg", "vid": null}, "2": {"text": "Make sure you have a tight-fitting lid.", "img": "https://www.wikihow.com/images/thumb/a/af/Care-for-Salamanders-Step-2-Version-2.jpg/v4-460px-Care-for-Salamanders-Step-2-Version-2.jpg", "vid": null}, "3": {"text": "Determine if your sal needs an aquatic, semi-aquatic, or terrestrial home.", "img": "https://www.wikihow.com/images/thumb/6/66/Care-for-Salamanders-Step-3-Version-2.jpg/v4-460px-Care-for-Salamanders-Step-3-Version-2.jpg", "vid": null}, "4": {"text": "Setup your tank.", "img": "https://www.wikihow.com/images/thumb/f/f3/Care-for-Salamanders-Step-4-Version-2.jpg/v4-460px-Care-for-Salamanders-Step-4-Version-2.jpg", "vid": null}, "5": {"text": "Provide your terrestrial salamander with a water bowl.", "img": "https://www.wikihow.com/images/thumb/3/31/Care-for-Salamanders-Step-5-Version-2.jpg/v4-460px-Care-for-Salamanders-Step-5-Version-2.jpg", "vid": null}, "6": {"text": "Add some hiding places.", "img": "https://www.wikihow.com/images/thumb/1/1e/Care-for-Salamanders-Step-6-Version-2.jpg/v4-460px-Care-for-Salamanders-Step-6-Version-2.jpg", "vid": null}, "7": {"text": "Clean the cage weekly.", "img": "https://www.wikihow.com/images/thumb/9/90/Care-for-Salamanders-Step-7-Version-2.jpg/v4-460px-Care-for-Salamanders-Step-7-Version-2.jpg", "vid": null}, "8": {"text": "Use a broad-spectrum light for your sal.", "img": "https://www.wikihow.com/images/thumb/5/5e/Care-for-Salamanders-Step-8-Version-2.jpg/v4-460px-Care-for-Salamanders-Step-8-Version-2.jpg", "vid": null}, "9": {"text": "Give your sal the temperature they want.", "img": "https://www.wikihow.com/images/thumb/5/5a/Care-for-Salamanders-Step-9-Version-2.jpg/v4-460px-Care-for-Salamanders-Step-9-Version-2.jpg", "vid": null}, "10": {"text": " Provide your salamander with filtered water.", "img": "https://www.wikihow.com/images/thumb/0/0a/Care-for-Salamanders-Step-10-Version-2.jpg/v4-460px-Care-for-Salamanders-Step-10-Version-2.jpg", "vid": null}, "11": {"text": "Do not handle your salamander.", "img": "https://www.wikihow.com/images/thumb/c/cc/Care-for-Salamanders-Step-11-Version-2.jpg/v4-460px-Care-for-Salamanders-Step-11-Version-2.jpg", "vid": null}, "12": {"text": "Allow your salamander to hibernate.", "img": "https://www.wikihow.com/images/thumb/4/4a/Care-for-Salamanders-Step-12-Version-2.jpg/v4-460px-Care-for-Salamanders-Step-12-Version-2.jpg", "vid": null}, "13": {"text": "Know that salamanders are nocturnal.", "img": "https://www.wikihow.com/images/thumb/5/5b/Care-for-Salamanders-Step-13-Version-2.jpg/v4-460px-Care-for-Salamanders-Step-13-Version-2.jpg", "vid": null}, "14": {"text": "Feed your salamander two to three times a week.", "img": "https://www.wikihow.com/images/thumb/8/82/Care-for-Salamanders-Step-14-Version-2.jpg/v4-460px-Care-for-Salamanders-Step-14-Version-2.jpg", "vid": null}, "15": {"text": "Provide your salamander with a well-balanced meal.", "img": "https://www.wikihow.com/images/thumb/2/2e/Care-for-Salamanders-Step-15-Version-2.jpg/v4-460px-Care-for-Salamanders-Step-15-Version-2.jpg", "vid": null}, "16": {"text": "Monitor the amount your salamander eats.", "img": "https://www.wikihow.com/images/thumb/4/44/Care-for-Salamanders-Step-16-Version-2.jpg/v4-460px-Care-for-Salamanders-Step-16-Version-2.jpg", "vid": null}, "17": {"text": "Remove uneaten food from your salamander's home.", "img": "https://www.wikihow.com/images/thumb/d/d1/Care-for-Salamanders-Step-17.jpg/v4-460px-Care-for-Salamanders-Step-17.jpg", "vid": null}}