{"video_url": "https://www.youtube.com/embed/-mXHcvlZFec?showinfo=0", "1": {"text": "Make sure to wash your feet daily.", "img": "https://www.wikihow.com/images/thumb/8/8e/Care-for-Your-Feet-and-Toenails-Step-1-Version-2.jpg/v4-460px-Care-for-Your-Feet-and-Toenails-Step-1-Version-2.jpg", "vid": null}, "2": {"text": "Massage a moisturizing lotion into your feet everyday.", "img": "https://www.wikihow.com/images/thumb/a/a0/Care-for-Your-Feet-and-Toenails-Step-2-Version-2.jpg/v4-460px-Care-for-Your-Feet-and-Toenails-Step-2-Version-2.jpg", "vid": null}, "3": {"text": "Wear the right footwear for the occasion.", "img": "https://www.wikihow.com/images/thumb/3/3b/Care-for-Your-Feet-and-Toenails-Step-3-Version-2.jpg/v4-460px-Care-for-Your-Feet-and-Toenails-Step-3-Version-2.jpg", "vid": null}, "4": {"text": " Get rid of odors", "img": "https://www.wikihow.com/images/thumb/b/b1/Care-for-Your-Feet-and-Toenails-Step-4-Version-2.jpg/v4-460px-Care-for-Your-Feet-and-Toenails-Step-4-Version-2.jpg", "vid": null}, "5": {"text": "Keep your feet dry.", "img": "https://www.wikihow.com/images/thumb/e/ea/Care-for-Your-Feet-and-Toenails-Step-5-Version-2.jpg/v4-460px-Care-for-Your-Feet-and-Toenails-Step-5-Version-2.jpg", "vid": null}, "6": {"text": "Shower safely.", "img": "https://www.wikihow.com/images/thumb/8/87/Care-for-Your-Feet-and-Toenails-Step-6.jpg/v4-460px-Care-for-Your-Feet-and-Toenails-Step-6.jpg", "vid": null}, "7": {"text": "Trim your toenails properly.", "img": "https://www.wikihow.com/images/thumb/6/64/Care-for-Your-Feet-and-Toenails-Step-7.jpg/v4-460px-Care-for-Your-Feet-and-Toenails-Step-7.jpg", "vid": null}, "8": {"text": "Give your feet a pedicure every two weeks.", "img": "https://www.wikihow.com/images/thumb/f/fb/Care-for-Your-Feet-and-Toenails-Step-8.jpg/v4-460px-Care-for-Your-Feet-and-Toenails-Step-8.jpg", "vid": null}, "9": {"text": "Start with a foot massage.", "img": "https://www.wikihow.com/images/thumb/4/4a/Care-for-Your-Feet-and-Toenails-Step-9.jpg/v4-460px-Care-for-Your-Feet-and-Toenails-Step-9.jpg", "vid": null}, "10": {"text": "Soak your feet for 5-10 minutes in a large bowl of warm water.", "img": "https://www.wikihow.com/images/thumb/9/95/Care-for-Your-Feet-and-Toenails-Step-10.jpg/v4-460px-Care-for-Your-Feet-and-Toenails-Step-10.jpg", "vid": null}, "11": {"text": "Exfoliate your feet with a foot scrub and pumice stone.", "img": null, "vid": null}, "12": {"text": "Attend to your toenails.", "img": "https://www.wikihow.com/images/thumb/b/ba/Care-for-Your-Feet-and-Toenails-Step-11.jpg/v4-460px-Care-for-Your-Feet-and-Toenails-Step-11.jpg", "vid": null}, "13": {"text": "Moisturize your feet.", "img": "https://www.wikihow.com/images/thumb/5/52/Care-for-Your-Feet-and-Toenails-Step-12.jpg/v4-460px-Care-for-Your-Feet-and-Toenails-Step-12.jpg", "vid": null}, "14": {"text": "Apply nail polish if desired.", "img": "https://www.wikihow.com/images/thumb/3/34/Care-for-Your-Feet-and-Toenails-Step-13.jpg/v4-460px-Care-for-Your-Feet-and-Toenails-Step-13.jpg", "vid": null}, "15": {"text": " Correct an ingrown toenail", "img": "https://www.wikihow.com/images/thumb/7/7d/Care-for-Your-Feet-and-Toenails-Step-14.jpg/v4-460px-Care-for-Your-Feet-and-Toenails-Step-14.jpg", "vid": null}, "16": {"text": "Treat foot fungus.", "img": "https://www.wikihow.com/images/thumb/5/52/Care-for-Your-Feet-and-Toenails-Step-15.jpg/v4-460px-Care-for-Your-Feet-and-Toenails-Step-15.jpg", "vid": null}, "17": {"text": " Stop bunions before they get out of hand", "img": "https://www.wikihow.com/images/thumb/0/09/Care-for-Your-Feet-and-Toenails-Step-16.jpg/v4-460px-Care-for-Your-Feet-and-Toenails-Step-16.jpg", "vid": null}, "18": {"text": "See a podiatrist if you have foot pain.", "img": "https://www.wikihow.com/images/thumb/2/24/Care-for-Your-Feet-and-Toenails-Step-17.jpg/v4-460px-Care-for-Your-Feet-and-Toenails-Step-17.jpg", "vid": null}}