{"video_url": "https://www.youtube.com/embed/UqrYPJjLBWs", "1": {"text": "Choose your tortoise.", "img": "https://www.wikihow.com/images/thumb/b/b7/Care-for-a-Tortoise-Step-1.jpg/v4-460px-Care-for-a-Tortoise-Step-1.jpg", "vid": null}, "2": {"text": "Buy your tortoise from a reputable seller.", "img": "https://www.wikihow.com/images/thumb/b/ba/Care-for-a-Tortoise-Step-2.jpg/v4-460px-Care-for-a-Tortoise-Step-2.jpg", "vid": null}, "3": {"text": "Make sure you can make a long commitment to your tortoise.", "img": "https://www.wikihow.com/images/thumb/9/9e/Care-for-a-Tortoise-Step-3.jpg/v4-460px-Care-for-a-Tortoise-Step-3.jpg", "vid": null}, "4": {"text": "Feed your tortoise.", "img": "https://www.wikihow.com/images/thumb/9/9a/Care-for-a-Tortoise-Step-4.jpg/v4-460px-Care-for-a-Tortoise-Step-4.jpg", "vid": null}, "5": {"text": "Provide your tortoise with water.", "img": "https://www.wikihow.com/images/thumb/3/33/Care-for-a-Tortoise-Step-5.jpg/v4-460px-Care-for-a-Tortoise-Step-5.jpg", "vid": null}, "6": {"text": "Handle your tortoise with care.", "img": "https://www.wikihow.com/images/thumb/b/b8/Care-for-a-Tortoise-Step-6.jpg/v4-460px-Care-for-a-Tortoise-Step-6.jpg", "vid": null}, "7": {"text": "Soak your baby tortoise in water a few times a week.", "img": "https://www.wikihow.com/images/thumb/a/ab/Care-for-a-Tortoise-Step-7.jpg/v4-460px-Care-for-a-Tortoise-Step-7.jpg", "vid": null}, "8": {"text": "Choose the type of shelter you'd like for your tortoise.", "img": "https://www.wikihow.com/images/thumb/c/c8/Care-for-a-Tortoise-Step-8.jpg/v4-460px-Care-for-a-Tortoise-Step-8.jpg", "vid": null}, "9": {"text": "Have adequate indoor housing.", "img": "https://www.wikihow.com/images/thumb/b/b9/Care-for-a-Tortoise-Step-9.jpg/v4-460px-Care-for-a-Tortoise-Step-9.jpg", "vid": null}, "10": {"text": "Provide your indoor tortoise with adequate lighting.", "img": "https://www.wikihow.com/images/thumb/2/24/Care-for-a-Tortoise-Step-10.jpg/v4-460px-Care-for-a-Tortoise-Step-10.jpg", "vid": null}, "11": {"text": "Have the proper substrate for your tortoise.", "img": "https://www.wikihow.com/images/thumb/d/de/Care-for-a-Tortoise-Step-11.jpg/v4-460px-Care-for-a-Tortoise-Step-11.jpg", "vid": null}, "12": {"text": "Create a protective barrier for your tortoise.", "img": "https://www.wikihow.com/images/thumb/e/e2/Care-for-a-Tortoise-Step-12.jpg/v4-460px-Care-for-a-Tortoise-Step-12.jpg", "vid": null}, "13": {"text": "Provide shelter for your tortoise.", "img": "https://www.wikihow.com/images/thumb/4/47/Care-for-a-Tortoise-Step-13.jpg/v4-460px-Care-for-a-Tortoise-Step-13.jpg", "vid": null}, "14": {"text": "Provide plants for your tortoise.", "img": "https://www.wikihow.com/images/thumb/b/bc/Care-for-a-Tortoise-Step-14.jpg/v4-460px-Care-for-a-Tortoise-Step-14.jpg", "vid": null}, "15": {"text": "Provide stimulation for your tortoise.", "img": "https://www.wikihow.com/images/thumb/c/ce/Care-for-a-Tortoise-Step-15.jpg/v4-460px-Care-for-a-Tortoise-Step-15.jpg", "vid": null}, "16": {"text": "Protect your tortoise from other creatures.", "img": "https://www.wikihow.com/images/thumb/5/58/Care-for-a-Tortoise-Step-16.jpg/v4-460px-Care-for-a-Tortoise-Step-16.jpg", "vid": null}, "17": {"text": "Help keep your tortoise healthy if it closes its eyes.", "img": "https://www.wikihow.com/images/thumb/a/a9/Care-for-a-Tortoise-Step-17.jpg/v4-460px-Care-for-a-Tortoise-Step-17.jpg", "vid": null}, "18": {"text": "Help your tortoise stay active by meeting their basic needs.", "img": "https://www.wikihow.com/images/thumb/9/9d/Care-for-a-Tortoise-Step-18.jpg/v4-460px-Care-for-a-Tortoise-Step-18.jpg", "vid": null}, "19": {"text": "Keep your tortoise's shell firm.", "img": "https://www.wikihow.com/images/thumb/4/4f/Care-for-a-Tortoise-Step-19.jpg/v4-460px-Care-for-a-Tortoise-Step-19.jpg", "vid": null}}