{"video_url": "https://www.youtube.com/embed/tA0kGbeEIAU?showinfo=0", "1": {"text": "Place the cooked turkey on a clean wooden board.", "img": "https://www.wikihow.com/images/thumb/2/26/Carve-a-Turkey-Step-1-Version-2.jpg/v4-460px-Carve-a-Turkey-Step-1-Version-2.jpg", "vid": null}, "2": {"text": "Allow the turkey to stand at room temperature for 10-15 minutes or longer after roasting.", "img": "https://www.wikihow.com/images/thumb/9/99/Carve-a-Turkey-Step-2-Version-2.jpg/v4-460px-Carve-a-Turkey-Step-2-Version-2.jpg", "vid": null}, "3": {"text": "Check the quality of the knife before proceeding.", "img": "https://www.wikihow.com/images/thumb/3/31/Carve-a-Turkey-Step-3-Version-2.jpg/v4-460px-Carve-a-Turkey-Step-3-Version-2.jpg", "vid": null}, "4": {"text": "Warm the serving platter.", "img": "https://www.wikihow.com/images/thumb/6/63/Carve-a-Turkey-Step-4-Version-2.jpg/v4-460px-Carve-a-Turkey-Step-4-Version-2.jpg", "vid": null}, "5": {"text": "Remove a little skin from the neck-end of the turkey's breast.", "img": null, "vid": "/7/7f/Carve a Turkey Step 5.360p.mp4"}, "6": {"text": "Poke into the cavity with your finger, feeling around for the wishbone.", "img": "https://www.wikihow.com/images/thumb/5/51/Carve-a-Turkey-Step-6-Version-2.jpg/v4-460px-Carve-a-Turkey-Step-6-Version-2.jpg", "vid": null}, "7": {"text": "Grasp the wishbone carefully and remove it from the turkey.", "img": null, "vid": "/5/53/Carve a Turkey Step 7.360p.mp4"}, "8": {"text": "Allow the wishbone to dry for a few days, and then use it to make a wish.", "img": "https://www.wikihow.com/images/thumb/0/03/Carve-a-Turkey-Step-8-Version-2.jpg/v4-460px-Carve-a-Turkey-Step-8-Version-2.jpg", "vid": null}, "9": {"text": "Carve the legs", "img": null, "vid": "/9/93/Carve a Turkey Step 9.360p.mp4"}, "10": {"text": "Remove as much meat as you can.", "img": "https://www.wikihow.com/images/thumb/8/8f/Carve-a-Turkey-Step-10-Version-2.jpg/v4-460px-Carve-a-Turkey-Step-10-Version-2.jpg", "vid": null}, "11": {"text": "Cut the leg at its knee joint.", "img": null, "vid": "/5/52/Carve a Turkey Step 11.360p.mp4"}, "12": {"text": "Slice the thigh meat by holding it firmly to the cutting surface with a fork.", "img": "https://www.wikihow.com/images/thumb/6/6f/Carve-a-Turkey-Step-12-Version-2.jpg/v4-460px-Carve-a-Turkey-Step-12-Version-2.jpg", "vid": null}, "13": {"text": "Cut into the bird alongside its breastbone.", "img": null, "vid": "/5/5a/Carve a Turkey Step 13.360p.mp4"}, "14": {"text": "Angle the knife and cut the meat away from the carcass.", "img": null, "vid": "/a/a2/Carve a Turkey Step 14.360p.mp4"}, "15": {"text": "Cut off the wing tips from the breasts.", "img": null, "vid": "/2/28/Carve a Turkey Step 15.360p.mp4"}, "16": {"text": "Slice the remaining meat against the grain.", "img": null, "vid": "/3/30/Carve a Turkey Step 16.360p.mp4"}}