{"video_url": "https://www.youtube.com/embed/Z0-NIPAyd9o?showinfo=0", "1": {"text": "Type in a series of names or text in a column in your worksheet.", "img": "https://www.wikihow.com/images/thumb/8/8d/Change-from-Lowercase-to-Uppercase-in-Excel-Step-1-Version-3.jpg/v4-460px-Change-from-Lowercase-to-Uppercase-in-Excel-Step-1-Version-3.jpg", "vid": null}, "2": {"text": "Add a column to the right of your text column.", "img": "https://www.wikihow.com/images/thumb/6/6b/Change-from-Lowercase-to-Uppercase-in-Excel-Step-2-Version-3.jpg/v4-460px-Change-from-Lowercase-to-Uppercase-in-Excel-Step-2-Version-3.jpg", "vid": null}, "3": {"text": "Move your cursor into the cell to the right of the first data you want to capitalize.", "img": "https://www.wikihow.com/images/thumb/4/43/Change-from-Lowercase-to-Uppercase-in-Excel-Step-3-Version-3.jpg/v4-460px-Change-from-Lowercase-to-Uppercase-in-Excel-Step-3-Version-3.jpg", "vid": null}, "4": {"text": "Press the function button in the top toolbar.", "img": "https://www.wikihow.com/images/thumb/f/f1/Change-from-Lowercase-to-Uppercase-in-Excel-Step-4-Version-3.jpg/v4-460px-Change-from-Lowercase-to-Uppercase-in-Excel-Step-4-Version-3.jpg", "vid": null}, "5": {"text": "Select the text function labeled \u201cUPPER\u201d or type in the word \u201cUPPER\u201d next to the equals sign in your formula bar.", "img": "https://www.wikihow.com/images/thumb/4/4a/Change-from-Lowercase-to-Uppercase-in-Excel-Step-5-Version-3.jpg/v4-460px-Change-from-Lowercase-to-Uppercase-in-Excel-Step-5-Version-3.jpg", "vid": null}, "6": {"text": "Type the cell location in parenthesis next to the word UPPER.", "img": "https://www.wikihow.com/images/thumb/9/9c/Change-from-Lowercase-to-Uppercase-in-Excel-Step-6-Version-3.jpg/v4-460px-Change-from-Lowercase-to-Uppercase-in-Excel-Step-6-Version-3.jpg", "vid": null}, "7": {"text": "Press \u201cEnter.", "img": "https://www.wikihow.com/images/thumb/c/c3/Change-from-Lowercase-to-Uppercase-in-Excel-Step-7-Version-3.jpg/v4-460px-Change-from-Lowercase-to-Uppercase-in-Excel-Step-7-Version-3.jpg", "vid": null}, "8": {"text": "Click your cursor on the little box in the bottom right corner of the cell.", "img": "https://www.wikihow.com/images/thumb/6/6a/Change-from-Lowercase-to-Uppercase-in-Excel-Step-8-Version-3.jpg/v4-460px-Change-from-Lowercase-to-Uppercase-in-Excel-Step-8-Version-3.jpg", "vid": null}, "9": {"text": "Check that all of the text has been correctly copied into the second column.", "img": "https://www.wikihow.com/images/thumb/9/9e/Change-from-Lowercase-to-Uppercase-in-Excel-Step-9-Version-3.jpg/v4-460px-Change-from-Lowercase-to-Uppercase-in-Excel-Step-9-Version-3.jpg", "vid": null}, "10": {"text": "Check that the same text reappears in the column.", "img": "https://www.wikihow.com/images/thumb/4/48/Change-from-Lowercase-to-Uppercase-in-Excel-Step-10-Version-3.jpg/v4-460px-Change-from-Lowercase-to-Uppercase-in-Excel-Step-10-Version-3.jpg", "vid": null}, "11": {"text": "Enter your text into the first column of your spreadsheet.", "img": "https://www.wikihow.com/images/thumb/9/91/Change-from-Lowercase-to-Uppercase-in-Excel-Step-11-Version-3.jpg/v4-460px-Change-from-Lowercase-to-Uppercase-in-Excel-Step-11-Version-3.jpg", "vid": null}, "12": {"text": "Add a new column.", "img": "https://www.wikihow.com/images/thumb/6/61/Change-from-Lowercase-to-Uppercase-in-Excel-Step-12-Version-3.jpg/v4-460px-Change-from-Lowercase-to-Uppercase-in-Excel-Step-12-Version-3.jpg", "vid": null}, "13": {"text": "Move your cursor to the cell to the right of the first text entry.", "img": "https://www.wikihow.com/images/thumb/9/99/Change-from-Lowercase-to-Uppercase-in-Excel-Step-13-Version-3.jpg/v4-460px-Change-from-Lowercase-to-Uppercase-in-Excel-Step-13-Version-3.jpg", "vid": null}, "14": {"text": "Click on the formula bar.", "img": "https://www.wikihow.com/images/thumb/7/74/Change-from-Lowercase-to-Uppercase-in-Excel-Step-14-Version-3.jpg/v4-460px-Change-from-Lowercase-to-Uppercase-in-Excel-Step-14-Version-3.jpg", "vid": null}, "15": {"text": "Type the first cell location of your text in parenthesis next to the word \u201cPROPER.", "img": "https://www.wikihow.com/images/thumb/8/89/Change-from-Lowercase-to-Uppercase-in-Excel-Step-15-Version-3.jpg/v4-460px-Change-from-Lowercase-to-Uppercase-in-Excel-Step-15-Version-3.jpg", "vid": null}, "16": {"text": "Press \u201cEnter.", "img": "https://www.wikihow.com/images/thumb/b/b7/Change-from-Lowercase-to-Uppercase-in-Excel-Step-16-Version-3.jpg/v4-460px-Change-from-Lowercase-to-Uppercase-in-Excel-Step-16-Version-3.jpg", "vid": null}, "17": {"text": "Grab the box in the lower right corner of the cell.", "img": "https://www.wikihow.com/images/thumb/c/c7/Change-from-Lowercase-to-Uppercase-in-Excel-Step-17-Version-3.jpg/v4-460px-Change-from-Lowercase-to-Uppercase-in-Excel-Step-17-Version-3.jpg", "vid": null}, "18": {"text": "Click on the letter at the top of your replacement column to select the entire column.", "img": "https://www.wikihow.com/images/thumb/f/f2/Change-from-Lowercase-to-Uppercase-in-Excel-Step-18-Version-3.jpg/v4-460px-Change-from-Lowercase-to-Uppercase-in-Excel-Step-18-Version-3.jpg", "vid": null}, "19": {"text": "Right click on the first column.", "img": "https://www.wikihow.com/images/thumb/0/0c/Change-from-Lowercase-to-Uppercase-in-Excel-Step-19-Version-3.jpg/v4-460px-Change-from-Lowercase-to-Uppercase-in-Excel-Step-19-Version-3.jpg", "vid": null}, "20": {"text": "Use this section if your series is a list of proper names.", "img": "https://www.wikihow.com/images/thumb/2/2b/Change-from-Lowercase-to-Uppercase-in-Excel-Step-20-Version-2.jpg/v4-460px-Change-from-Lowercase-to-Uppercase-in-Excel-Step-20-Version-2.jpg", "vid": null}, "21": {"text": "Complete your list of names using lowercase letters.", "img": "https://www.wikihow.com/images/thumb/2/27/Change-from-Lowercase-to-Uppercase-in-Excel-Step-21-Version-3.jpg/v4-460px-Change-from-Lowercase-to-Uppercase-in-Excel-Step-21-Version-3.jpg", "vid": null}, "22": {"text": "Click on the cell to the right of the first name that is listed.", "img": "https://www.wikihow.com/images/thumb/d/d8/Change-from-Lowercase-to-Uppercase-in-Excel-Step-22-Version-3.jpg/v4-460px-Change-from-Lowercase-to-Uppercase-in-Excel-Step-22-Version-3.jpg", "vid": null}, "23": {"text": "Type the same name as the cell in A1, but include proper capitalization of first and last names.", "img": "https://www.wikihow.com/images/thumb/2/25/Change-from-Lowercase-to-Uppercase-in-Excel-Step-23-Version-3.jpg/v4-460px-Change-from-Lowercase-to-Uppercase-in-Excel-Step-23-Version-3.jpg", "vid": null}, "24": {"text": "Go to the \u201cData\u201d menu and select \u201cFlash Fill.", "img": "https://www.wikihow.com/images/thumb/4/45/Change-from-Lowercase-to-Uppercase-in-Excel-Step-24-Version-3.jpg/v4-460px-Change-from-Lowercase-to-Uppercase-in-Excel-Step-24-Version-3.jpg", "vid": null}, "25": {"text": "Delete the column with the lowercase names.", "img": "https://www.wikihow.com/images/thumb/f/f8/Change-from-Lowercase-to-Uppercase-in-Excel-Step-25-Version-3.jpg/v4-460px-Change-from-Lowercase-to-Uppercase-in-Excel-Step-25-Version-3.jpg", "vid": null}, "26": {"text": "An alternative to writing Excel formulas to change the case which is very quick is this:", "img": "https://www.wikihow.com/images/thumb/9/91/Change-from-Lowercase-to-Uppercase-in-Excel-Step-26.jpg/v4-460px-Change-from-Lowercase-to-Uppercase-in-Excel-Step-26.jpg", "vid": null}, "27": {"text": "\n\n\n", "img": "/images/thumb/b/ba/Change-from-Lowercase-to-Uppercase-in-Excel-Step-27.jpg/aid4221623-v4-728px-Change-from-Lowercase-to-Uppercase-in-Excel-Step-27.jpg", "vid": null}, "28": {"text": "\n\n\n", "img": "/images/thumb/a/a6/Change-from-Lowercase-to-Uppercase-in-Excel-Step-28.jpg/aid4221623-v4-728px-Change-from-Lowercase-to-Uppercase-in-Excel-Step-28.jpg", "vid": null}, "29": {"text": "\n\n\n", "img": "/images/thumb/3/31/Change-from-Lowercase-to-Uppercase-in-Excel-Step-29.jpg/aid4221623-v4-728px-Change-from-Lowercase-to-Uppercase-in-Excel-Step-29.jpg", "vid": null}, "30": {"text": "\n\n\n", "img": "/images/thumb/a/ae/Change-from-Lowercase-to-Uppercase-in-Excel-Step-30.jpg/aid4221623-v4-728px-Change-from-Lowercase-to-Uppercase-in-Excel-Step-30.jpg", "vid": null}, "31": {"text": "\n\n\n", "img": "/images/thumb/0/04/Change-from-Lowercase-to-Uppercase-in-Excel-Step-31.jpg/aid4221623-v4-728px-Change-from-Lowercase-to-Uppercase-in-Excel-Step-31.jpg", "vid": null}, "32": {"text": "\n\n\n", "img": "/images/thumb/7/7c/Change-from-Lowercase-to-Uppercase-in-Excel-Step-32.jpg/aid4221623-v4-728px-Change-from-Lowercase-to-Uppercase-in-Excel-Step-32.jpg", "vid": null}, "33": {"text": "\n\n\n", "img": "/images/thumb/0/05/Change-from-Lowercase-to-Uppercase-in-Excel-Step-33.jpg/aid4221623-v4-728px-Change-from-Lowercase-to-Uppercase-in-Excel-Step-33.jpg", "vid": null}, "34": {"text": "\n\n\n", "img": "/images/thumb/a/a0/Change-from-Lowercase-to-Uppercase-in-Excel-Step-34.jpg/aid4221623-v4-728px-Change-from-Lowercase-to-Uppercase-in-Excel-Step-34.jpg", "vid": null}, "35": {"text": "\n\n\n", "img": "/images/thumb/7/76/Change-from-Lowercase-to-Uppercase-in-Excel-Step-35.jpg/aid4221623-v4-728px-Change-from-Lowercase-to-Uppercase-in-Excel-Step-35.jpg", "vid": null}}