{"video_url": "https://www.youtube.com/embed/7wxZ44QL_5Q?showinfo=0", "1": {"text": "Try to stay at your current job while beginning the search for a new job.", "img": "https://www.wikihow.com/images/thumb/9/9e/Change-Jobs-Step-1.jpg/v4-460px-Change-Jobs-Step-1.jpg", "vid": null}, "2": {"text": "Make sure the grass isn't dead.", "img": "https://www.wikihow.com/images/thumb/f/f0/Change-Jobs-Step-2-Version-3.jpg/v4-460px-Change-Jobs-Step-2-Version-3.jpg", "vid": null}, "3": {"text": "Start thinking about what kind of job you'd like to switch to.", "img": "https://www.wikihow.com/images/thumb/9/92/Change-Jobs-Step-3-Version-3.jpg/v4-460px-Change-Jobs-Step-3-Version-3.jpg", "vid": null}, "4": {"text": "Start keeping a career journal or diary.", "img": "https://www.wikihow.com/images/thumb/2/20/Change-Jobs-Step-4-Version-2.jpg/v4-460px-Change-Jobs-Step-4-Version-2.jpg", "vid": null}, "5": {"text": "Stoke your natural curiosity.", "img": "https://www.wikihow.com/images/thumb/2/2f/Change-Jobs-Step-5-Version-2.jpg/v4-460px-Change-Jobs-Step-5-Version-2.jpg", "vid": null}, "6": {"text": "Decide whether to tell your boss that you'll be looking for a new job.", "img": "https://www.wikihow.com/images/thumb/5/58/Change-Jobs-Step-6-Version-2.jpg/v4-460px-Change-Jobs-Step-6-Version-2.jpg", "vid": null}, "7": {"text": "Sort out all the personal documents you need to start applying to different jobs.", "img": "https://www.wikihow.com/images/thumb/0/03/Change-Jobs-Step-7-Version-3.jpg/v4-460px-Change-Jobs-Step-7-Version-3.jpg", "vid": null}, "8": {"text": "Start networking", "img": "https://www.wikihow.com/images/thumb/3/3c/Change-Jobs-Step-8-Version-2.jpg/v4-460px-Change-Jobs-Step-8-Version-2.jpg", "vid": null}, "9": {"text": "Identify and speak to people who do what you think you'd like to do.", "img": "https://www.wikihow.com/images/thumb/b/b9/Change-Jobs-Step-9-Version-2.jpg/v4-460px-Change-Jobs-Step-9-Version-2.jpg", "vid": null}, "10": {"text": "Establish personal relationships with companies or organizations you determine you'd like to work for.", "img": "https://www.wikihow.com/images/thumb/e/ee/Change-Jobs-Step-10-Version-2.jpg/v4-460px-Change-Jobs-Step-10-Version-2.jpg", "vid": null}, "11": {"text": "Apply to different jobs online", "img": "https://www.wikihow.com/images/thumb/5/54/Change-Jobs-Step-11-Version-2.jpg/v4-460px-Change-Jobs-Step-11-Version-2.jpg", "vid": null}, "12": {"text": "Volunteer, if necessary, to try out a job or career on for size.", "img": "https://www.wikihow.com/images/thumb/2/28/Change-Jobs-Step-12-Version-2.jpg/v4-460px-Change-Jobs-Step-12-Version-2.jpg", "vid": null}, "13": {"text": "Practice job interviewing", "img": "https://www.wikihow.com/images/thumb/7/73/Change-Jobs-Step-13-Version-2.jpg/v4-460px-Change-Jobs-Step-13-Version-2.jpg", "vid": null}, "14": {"text": "Ace the interview", "img": "https://www.wikihow.com/images/thumb/c/c4/Change-Jobs-Step-14-Version-2.jpg/v4-460px-Change-Jobs-Step-14-Version-2.jpg", "vid": null}, "15": {"text": "Follow up with all the interviewers", "img": "https://www.wikihow.com/images/thumb/b/b2/Change-Jobs-Step-15-Version-2.jpg/v4-460px-Change-Jobs-Step-15-Version-2.jpg", "vid": null}, "16": {"text": "When you get your job offer, negotiate a salary and benefits.", "img": "https://www.wikihow.com/images/thumb/3/35/Change-Jobs-Step-16-Version-2.jpg/v4-460px-Change-Jobs-Step-16-Version-2.jpg", "vid": null}, "17": {"text": "Don't submit your letter of resignation until you've landed a job you know you're going to take.", "img": "https://www.wikihow.com/images/thumb/d/d2/Change-Jobs-Step-17-Version-2.jpg/v4-460px-Change-Jobs-Step-17-Version-2.jpg", "vid": null}, "18": {"text": "Transition from one job to the next without burning any bridges.", "img": "https://www.wikihow.com/images/thumb/5/53/Change-Jobs-Step-18-Version-2.jpg/v4-460px-Change-Jobs-Step-18-Version-2.jpg", "vid": null}, "19": {"text": "Settle in to your new job!", "img": "https://www.wikihow.com/images/thumb/a/a8/Change-Jobs-Step-19-Version-2.jpg/v4-460px-Change-Jobs-Step-19-Version-2.jpg", "vid": null}}