{"video_url": "https://www.youtube.com/embed/_-ayGlHZunM?showinfo=0", "1": {"text": "Open the Control Panel.", "img": "https://www.wikihow.com/images/thumb/e/ed/Change-the-Language-in-Windows-7-Step-1-Version-3.jpg/v4-460px-Change-the-Language-in-Windows-7-Step-1-Version-3.jpg", "vid": null}, "2": {"text": "Click the \"View by\" menu and select \"Large icons\" or \"Small icons\".", "img": "https://www.wikihow.com/images/thumb/e/e7/Change-the-Language-in-Windows-7-Step-2-Version-3.jpg/v4-460px-Change-the-Language-in-Windows-7-Step-2-Version-3.jpg", "vid": null}, "3": {"text": "Select Windows Update.", "img": "https://www.wikihow.com/images/thumb/9/96/Change-the-Language-in-Windows-7-Step-3-Version-3.jpg/v4-460px-Change-the-Language-in-Windows-7-Step-3-Version-3.jpg", "vid": null}, "4": {"text": "Click the \"# optional updates are available\" link.", "img": "https://www.wikihow.com/images/thumb/a/a1/Change-the-Language-in-Windows-7-Step-4-Version-3.jpg/v4-460px-Change-the-Language-in-Windows-7-Step-4-Version-3.jpg", "vid": null}, "5": {"text": "Check the box for the language you want to download.", "img": "https://www.wikihow.com/images/thumb/0/0c/Change-the-Language-in-Windows-7-Step-5-Version-3.jpg/v4-460px-Change-the-Language-in-Windows-7-Step-5-Version-3.jpg", "vid": null}, "6": {"text": "Click the .", "img": "https://www.wikihow.com/images/thumb/0/0d/Change-the-Language-in-Windows-7-Step-6-Version-3.jpg/v4-460px-Change-the-Language-in-Windows-7-Step-6-Version-3.jpg", "vid": null}, "7": {"text": "Return to the Control Panel and select \"Region and Language\".", "img": "https://www.wikihow.com/images/thumb/2/2c/Change-the-Language-in-Windows-7-Step-7.jpg/v4-460px-Change-the-Language-in-Windows-7-Step-7.jpg", "vid": null}, "8": {"text": "Select the language you just installed from the \"Choose a display language\" drop-down menu.", "img": "https://www.wikihow.com/images/thumb/f/f4/Change-the-Language-in-Windows-7-Step-8.jpg/v4-460px-Change-the-Language-in-Windows-7-Step-8.jpg", "vid": null}, "9": {"text": "Click .", "img": "https://www.wikihow.com/images/thumb/6/6f/Change-the-Language-in-Windows-7-Step-9.jpg/v4-460px-Change-the-Language-in-Windows-7-Step-9.jpg", "vid": null}, "10": {"text": "Change your system locale if the language is not displaying in some programs.", "img": "https://www.wikihow.com/images/thumb/2/2a/Change-the-Language-in-Windows-7-Step-10.jpg/v4-460px-Change-the-Language-in-Windows-7-Step-10.jpg", "vid": null}, "11": {"text": "Understand the difference between language packs and Language Interface Packs (LIPs).", "img": "https://www.wikihow.com/images/thumb/5/5e/Change-the-Language-in-Windows-7-Step-11.jpg/v4-460px-Change-the-Language-in-Windows-7-Step-11.jpg", "vid": null}, "12": {"text": "Visit the LIP download page.", "img": "https://www.wikihow.com/images/thumb/a/a1/Change-the-Language-in-Windows-7-Step-12.jpg/v4-460px-Change-the-Language-in-Windows-7-Step-12.jpg", "vid": null}, "13": {"text": "Check the requirements.", "img": "https://www.wikihow.com/images/thumb/2/2d/Change-the-Language-in-Windows-7-Step-13.jpg/v4-460px-Change-the-Language-in-Windows-7-Step-13.jpg", "vid": null}, "14": {"text": "Click the \"Get it now\" link.", "img": "https://www.wikihow.com/images/thumb/c/ca/Change-the-Language-in-Windows-7-Step-14.jpg/v4-460px-Change-the-Language-in-Windows-7-Step-14.jpg", "vid": null}, "15": {"text": "Click the \"Download\" button.", "img": "https://www.wikihow.com/images/thumb/f/f3/Change-the-Language-in-Windows-7-Step-15.jpg/v4-460px-Change-the-Language-in-Windows-7-Step-15.jpg", "vid": null}, "16": {"text": "Select the appropriate file for your computer.", "img": "https://www.wikihow.com/images/thumb/5/5a/Change-the-Language-in-Windows-7-Step-16.jpg/v4-460px-Change-the-Language-in-Windows-7-Step-16.jpg", "vid": null}, "17": {"text": "Check the box for the file and then click the \"Download\" button.", "img": "https://www.wikihow.com/images/thumb/5/5e/Change-the-Language-in-Windows-7-Step-17.jpg/v4-460px-Change-the-Language-in-Windows-7-Step-17.jpg", "vid": null}, "18": {"text": "Double-click the downloaded file.", "img": "https://www.wikihow.com/images/thumb/d/d4/Change-the-Language-in-Windows-7-Step-18.jpg/v4-460px-Change-the-Language-in-Windows-7-Step-18.jpg", "vid": null}, "19": {"text": "Review the ReadMe file.", "img": "https://www.wikihow.com/images/thumb/d/df/Change-the-Language-in-Windows-7-Step-19.jpg/v4-460px-Change-the-Language-in-Windows-7-Step-19.jpg", "vid": null}, "20": {"text": "Wait for the language to install.", "img": "https://www.wikihow.com/images/thumb/8/89/Change-the-Language-in-Windows-7-Step-20.jpg/v4-460px-Change-the-Language-in-Windows-7-Step-20.jpg", "vid": null}, "21": {"text": "Select and apply your new language.", "img": "https://www.wikihow.com/images/thumb/9/9e/Change-the-Language-in-Windows-7-Step-21.jpg/v4-460px-Change-the-Language-in-Windows-7-Step-21.jpg", "vid": null}, "22": {"text": "Log out to complete the change.", "img": "https://www.wikihow.com/images/thumb/8/83/Change-the-Language-in-Windows-7-Step-22.jpg/v4-460px-Change-the-Language-in-Windows-7-Step-22.jpg", "vid": null}, "23": {"text": "Set a new system locale if some programs don't recognize the new language.", "img": "https://www.wikihow.com/images/thumb/1/17/Change-the-Language-in-Windows-7-Step-23.jpg/v4-460px-Change-the-Language-in-Windows-7-Step-23.jpg", "vid": null}, "24": {"text": "Open the Control Panel.", "img": "https://www.wikihow.com/images/thumb/9/9d/Change-the-Language-in-Windows-7-Step-24.jpg/v4-460px-Change-the-Language-in-Windows-7-Step-24.jpg", "vid": null}, "25": {"text": "Click the \"View by\" drop-down menu and select \"Large icons\" or \"Small icons\".", "img": "https://www.wikihow.com/images/thumb/e/e3/Change-the-Language-in-Windows-7-Step-25.jpg/v4-460px-Change-the-Language-in-Windows-7-Step-25.jpg", "vid": null}, "26": {"text": "Select \"Region and Language\" and then click the .", "img": "https://www.wikihow.com/images/thumb/0/02/Change-the-Language-in-Windows-7-Step-26.jpg/v4-460px-Change-the-Language-in-Windows-7-Step-26.jpg", "vid": null}, "27": {"text": "Click .", "img": "https://www.wikihow.com/images/thumb/e/ed/Change-the-Language-in-Windows-7-Step-27.jpg/v4-460px-Change-the-Language-in-Windows-7-Step-27.jpg", "vid": null}, "28": {"text": "Select the keyboard language you want to install.", "img": "https://www.wikihow.com/images/thumb/8/84/Change-the-Language-in-Windows-7-Step-28.jpg/v4-460px-Change-the-Language-in-Windows-7-Step-28.jpg", "vid": null}, "29": {"text": "Switch between languages using the Language bar.", "img": "https://www.wikihow.com/images/thumb/6/6e/Change-the-Language-in-Windows-7-Step-29.jpg/v4-460px-Change-the-Language-in-Windows-7-Step-29.jpg", "vid": null}}