{"video_url": "https://www.youtube.com/embed/XnIHCDCFM8w?showinfo=0", "1": {"text": "Locate your lymph nodes.", "img": "https://www.wikihow.com/images/thumb/a/a2/Check-Lymph-Nodes-Step-1-Version-3.jpg/v4-460px-Check-Lymph-Nodes-Step-1-Version-3.jpg", "vid": null}, "2": {"text": "Test an area with no lymph nodes for comparison.", "img": "https://www.wikihow.com/images/thumb/d/db/Check-Lymph-Nodes-Step-2-Version-3.jpg/v4-460px-Check-Lymph-Nodes-Step-2-Version-3.jpg", "vid": null}, "3": {"text": "Check the lymph nodes on your neck and collarbone.", "img": "https://www.wikihow.com/images/thumb/8/88/Check-Lymph-Nodes-Step-3-Version-3.jpg/v4-460px-Check-Lymph-Nodes-Step-3-Version-3.jpg", "vid": null}, "4": {"text": "Feel the lymph nodes", "img": "https://www.wikihow.com/images/thumb/8/8a/Check-Lymph-Nodes-Step-4-Version-3.jpg/v4-460px-Check-Lymph-Nodes-Step-4-Version-3.jpg", "vid": null}, "5": {"text": "Feel for the inguinal lymph nodes in your groin.", "img": "https://www.wikihow.com/images/thumb/5/5b/Check-Lymph-Nodes-Step-5-Version-2.jpg/v4-460px-Check-Lymph-Nodes-Step-5-Version-2.jpg", "vid": null}, "6": {"text": "Determine if your lymph nodes are swollen.", "img": "https://www.wikihow.com/images/thumb/2/20/Check-Lymph-Nodes-Step-6-Version-3.jpg/v4-460px-Check-Lymph-Nodes-Step-6-Version-3.jpg", "vid": null}, "7": {"text": "Monitor the swollen lymph nodes.", "img": "https://www.wikihow.com/images/thumb/b/bc/Check-Lymph-Nodes-Step-7-Version-2.jpg/v4-460px-Check-Lymph-Nodes-Step-7-Version-2.jpg", "vid": null}, "8": {"text": "See a doctor right away if you experience certain symptoms.", "img": "https://www.wikihow.com/images/thumb/b/b8/Check-Lymph-Nodes-Step-8-Version-2.jpg/v4-460px-Check-Lymph-Nodes-Step-8-Version-2.jpg", "vid": null}, "9": {"text": "Tell your doctor if any other symptoms are present.", "img": "https://www.wikihow.com/images/thumb/c/c1/Check-Lymph-Nodes-Step-9-Version-3.jpg/v4-460px-Check-Lymph-Nodes-Step-9-Version-3.jpg", "vid": null}, "10": {"text": "Assess whether swelling is due to an infection.", "img": "https://www.wikihow.com/images/thumb/b/bd/Check-Lymph-Nodes-Step-10-Version-2.jpg/v4-460px-Check-Lymph-Nodes-Step-10-Version-2.jpg", "vid": null}, "11": {"text": "Get testing done for immune system diseases.", "img": "https://www.wikihow.com/images/thumb/d/d9/Check-Lymph-Nodes-Step-11.jpg/v4-460px-Check-Lymph-Nodes-Step-11.jpg", "vid": null}, "12": {"text": "Have testing done for cancer.", "img": "https://www.wikihow.com/images/thumb/3/3c/Check-Lymph-Nodes-Step-12.jpg/v4-460px-Check-Lymph-Nodes-Step-12.jpg", "vid": null}}