{"video_url": "https://www.youtube.com/embed/joawvWWKW2c?showinfo=0", "1": {"text": "Launch Microsoft Word.", "img": "https://www.wikihow.com/images/thumb/9/97/Check-a-Word-Count-in-Microsoft-Word-Step-1-Version-4.jpg/v4-460px-Check-a-Word-Count-in-Microsoft-Word-Step-1-Version-4.jpg", "vid": null}, "2": {"text": "Navigate to an existing document.", "img": "https://www.wikihow.com/images/thumb/0/03/Convert-a-Microsoft-Word-Document-to-PDF-Format-Step-16-Version-3.jpg/v4-460px-Convert-a-Microsoft-Word-Document-to-PDF-Format-Step-16-Version-3.jpg", "vid": null}, "3": {"text": "Select a document.", "img": "https://www.wikihow.com/images/thumb/2/25/Check-a-Word-Count-in-Microsoft-Word-Step-3-Version-5.jpg/v4-460px-Check-a-Word-Count-in-Microsoft-Word-Step-3-Version-5.jpg", "vid": null}, "4": {"text": "Select Tools.", "img": "https://www.wikihow.com/images/thumb/e/e1/Check-a-Word-Count-in-Microsoft-Word-Step-4-Version-5.jpg/v4-460px-Check-a-Word-Count-in-Microsoft-Word-Step-4-Version-5.jpg", "vid": null}, "5": {"text": "Scroll to Word Count.", "img": "https://www.wikihow.com/images/thumb/c/ce/Check-a-Word-Count-in-Microsoft-Word-Step-5-Version-2.jpg/v4-460px-Check-a-Word-Count-in-Microsoft-Word-Step-5-Version-2.jpg", "vid": null}, "6": {"text": "Review your word count.", "img": "https://www.wikihow.com/images/thumb/6/6d/Check-a-Word-Count-in-Microsoft-Word-Step-6-Version-2.jpg/v4-460px-Check-a-Word-Count-in-Microsoft-Word-Step-6-Version-2.jpg", "vid": null}, "7": {"text": "Place your cursor at the beginning of the text you wish to count.", "img": "https://www.wikihow.com/images/thumb/e/ec/Check-a-Word-Count-in-Microsoft-Word-Step-7-Version-2.jpg/v4-460px-Check-a-Word-Count-in-Microsoft-Word-Step-7-Version-2.jpg", "vid": null}, "8": {"text": "Highlight the section of text.", "img": "https://www.wikihow.com/images/thumb/1/1b/Check-a-Word-Count-in-Microsoft-Word-Step-8-Version-2.jpg/v4-460px-Check-a-Word-Count-in-Microsoft-Word-Step-8-Version-2.jpg", "vid": null}, "9": {"text": "Click on the Tools menu.", "img": "https://www.wikihow.com/images/thumb/b/b9/Check-a-Word-Count-in-Microsoft-Word-Step-9-Version-2.jpg/v4-460px-Check-a-Word-Count-in-Microsoft-Word-Step-9-Version-2.jpg", "vid": null}, "10": {"text": "Click on Word Count.", "img": "https://www.wikihow.com/images/thumb/7/79/Check-a-Word-Count-in-Microsoft-Word-Step-10-Version-2.jpg/v4-460px-Check-a-Word-Count-in-Microsoft-Word-Step-10-Version-2.jpg", "vid": null}, "11": {"text": "Launch the Microsoft Word mobile app.", "img": "https://www.wikihow.com/images/thumb/0/0e/Check-a-Word-Count-in-Microsoft-Word-Step-11-Version-2.jpg/v4-460px-Check-a-Word-Count-in-Microsoft-Word-Step-11-Version-2.jpg", "vid": null}, "12": {"text": "Open a document.", "img": "https://www.wikihow.com/images/thumb/b/ba/Check-a-Word-Count-in-Microsoft-Word-Step-12-Version-2.jpg/v4-460px-Check-a-Word-Count-in-Microsoft-Word-Step-12-Version-2.jpg", "vid": null}, "13": {"text": "Tap the Edit menu.", "img": "https://www.wikihow.com/images/thumb/a/ab/Check-a-Word-Count-in-Microsoft-Word-Step-13-Version-2.jpg/v4-460px-Check-a-Word-Count-in-Microsoft-Word-Step-13-Version-2.jpg", "vid": null}, "14": {"text": "Tap on \"Home.", "img": "https://www.wikihow.com/images/thumb/d/dc/Check-a-Word-Count-in-Microsoft-Word-Step-14-Version-2.jpg/v4-460px-Check-a-Word-Count-in-Microsoft-Word-Step-14-Version-2.jpg", "vid": null}, "15": {"text": "Tap on \"Review.", "img": "https://www.wikihow.com/images/thumb/8/84/Check-a-Word-Count-in-Microsoft-Word-Step-15-Version-2.jpg/v4-460px-Check-a-Word-Count-in-Microsoft-Word-Step-15-Version-2.jpg", "vid": null}, "16": {"text": "Tap on \"Word Count.", "img": "https://www.wikihow.com/images/thumb/7/7e/Check-a-Word-Count-in-Microsoft-Word-Step-16-Version-2.jpg/v4-460px-Check-a-Word-Count-in-Microsoft-Word-Step-16-Version-2.jpg", "vid": null}, "17": {"text": "Launch Word online.", "img": "https://www.wikihow.com/images/thumb/e/ec/Check-a-Word-Count-in-Microsoft-Word-Step-17-Version-2.jpg/v4-460px-Check-a-Word-Count-in-Microsoft-Word-Step-17-Version-2.jpg", "vid": null}, "18": {"text": "Open a document.", "img": "https://www.wikihow.com/images/thumb/1/1d/Check-a-Word-Count-in-Microsoft-Word-Step-18-Version-2.jpg/v4-460px-Check-a-Word-Count-in-Microsoft-Word-Step-18-Version-2.jpg", "vid": null}, "19": {"text": "Review the word count.", "img": "https://www.wikihow.com/images/thumb/d/da/Check-a-Word-Count-in-Microsoft-Word-Step-19-Version-2.jpg/v4-460px-Check-a-Word-Count-in-Microsoft-Word-Step-19-Version-2.jpg", "vid": null}}