{"video_url": "https://www.youtube.com/embed/nX9VcFGNEq4", "1": {"text": "Make sure you can afford a German Shepherd.", "img": "https://www.wikihow.com/images/thumb/2/2c/Choose-a-German-Shepherd-Puppy-Step-1-Version-3.jpg/v4-460px-Choose-a-German-Shepherd-Puppy-Step-1-Version-3.jpg", "vid": null}, "2": {"text": "Research the breed.", "img": "https://www.wikihow.com/images/thumb/f/f7/Choose-a-German-Shepherd-Puppy-Step-2-Version-3.jpg/v4-460px-Choose-a-German-Shepherd-Puppy-Step-2-Version-3.jpg", "vid": null}, "3": {"text": "Be willing to devote time to early training.", "img": "https://www.wikihow.com/images/thumb/5/50/Choose-a-German-Shepherd-Puppy-Step-3-Version-3.jpg/v4-460px-Choose-a-German-Shepherd-Puppy-Step-3-Version-3.jpg", "vid": null}, "4": {"text": "Decide whether you want a male or female dog.", "img": "https://www.wikihow.com/images/thumb/a/a3/Choose-a-German-Shepherd-Puppy-Step-4-Version-3.jpg/v4-460px-Choose-a-German-Shepherd-Puppy-Step-4-Version-3.jpg", "vid": null}, "5": {"text": "Attend breed events to meet some German Shepherds.", "img": "https://www.wikihow.com/images/thumb/3/36/Choose-a-German-Shepherd-Puppy-Step-5-Version-3.jpg/v4-460px-Choose-a-German-Shepherd-Puppy-Step-5-Version-3.jpg", "vid": null}, "6": {"text": "Choose where you want to get your new puppy.", "img": "https://www.wikihow.com/images/thumb/f/f9/Choose-a-German-Shepherd-Puppy-Step-6-Version-3.jpg/v4-460px-Choose-a-German-Shepherd-Puppy-Step-6-Version-3.jpg", "vid": null}, "7": {"text": "Research and contact breed clubs.", "img": "https://www.wikihow.com/images/thumb/c/c1/Choose-a-German-Shepherd-Puppy-Step-7-Version-2.jpg/v4-460px-Choose-a-German-Shepherd-Puppy-Step-7-Version-2.jpg", "vid": null}, "8": {"text": "Talk to local veterinarians.", "img": "https://www.wikihow.com/images/thumb/e/ed/Choose-a-German-Shepherd-Puppy-Step-8-Version-2.jpg/v4-460px-Choose-a-German-Shepherd-Puppy-Step-8-Version-2.jpg", "vid": null}, "9": {"text": "Look for a specialized breeder.", "img": "https://www.wikihow.com/images/thumb/3/3f/Choose-a-German-Shepherd-Puppy-Step-9-Version-2.jpg/v4-460px-Choose-a-German-Shepherd-Puppy-Step-9-Version-2.jpg", "vid": null}, "10": {"text": "Ask how much time the dogs spend with humans.", "img": "https://www.wikihow.com/images/thumb/5/54/Choose-a-German-Shepherd-Puppy-Step-10-Version-2.jpg/v4-460px-Choose-a-German-Shepherd-Puppy-Step-10-Version-2.jpg", "vid": null}, "11": {"text": "Make sure the females are bred ethically.", "img": "https://www.wikihow.com/images/thumb/a/ae/Choose-a-German-Shepherd-Puppy-Step-11-Version-2.jpg/v4-460px-Choose-a-German-Shepherd-Puppy-Step-11-Version-2.jpg", "vid": null}, "12": {"text": "Ask about the puppies' health.", "img": "https://www.wikihow.com/images/thumb/2/2c/Choose-a-German-Shepherd-Puppy-Step-12-Version-2.jpg/v4-460px-Choose-a-German-Shepherd-Puppy-Step-12-Version-2.jpg", "vid": null}, "13": {"text": "Determine the litter's bloodline.", "img": "https://www.wikihow.com/images/thumb/a/ae/Choose-a-German-Shepherd-Puppy-Step-13-Version-2.jpg/v4-460px-Choose-a-German-Shepherd-Puppy-Step-13-Version-2.jpg", "vid": null}, "14": {"text": "Inquire into the breeder's decision-making process.", "img": "https://www.wikihow.com/images/thumb/b/b5/Choose-a-German-Shepherd-Puppy-Step-14-Version-2.jpg/v4-460px-Choose-a-German-Shepherd-Puppy-Step-14-Version-2.jpg", "vid": null}, "15": {"text": "Answer any questions the breeder asks honestly.", "img": "https://www.wikihow.com/images/thumb/e/e6/Choose-a-German-Shepherd-Puppy-Step-15-Version-2.jpg/v4-460px-Choose-a-German-Shepherd-Puppy-Step-15-Version-2.jpg", "vid": null}, "16": {"text": "Learn the signs of an unethical breeder.", "img": "https://www.wikihow.com/images/thumb/3/33/Choose-a-German-Shepherd-Puppy-Step-16-Version-2.jpg/v4-460px-Choose-a-German-Shepherd-Puppy-Step-16-Version-2.jpg", "vid": null}, "17": {"text": "Find out about the breeder's return policy.", "img": "https://www.wikihow.com/images/thumb/9/9a/Choose-a-German-Shepherd-Puppy-Step-17-Version-2.jpg/v4-460px-Choose-a-German-Shepherd-Puppy-Step-17-Version-2.jpg", "vid": null}, "18": {"text": "Read and negotiate the puppy health guarantee.", "img": "https://www.wikihow.com/images/thumb/9/91/Choose-a-German-Shepherd-Puppy-Step-18-Version-2.jpg/v4-460px-Choose-a-German-Shepherd-Puppy-Step-18-Version-2.jpg", "vid": null}, "19": {"text": "Contact breed rescues in your area.", "img": "https://www.wikihow.com/images/thumb/8/8d/Choose-a-German-Shepherd-Puppy-Step-19-Version-2.jpg/v4-460px-Choose-a-German-Shepherd-Puppy-Step-19-Version-2.jpg", "vid": null}, "20": {"text": "Make sure you're dealing with a legitimate rescue group.", "img": "https://www.wikihow.com/images/thumb/b/b4/Choose-a-German-Shepherd-Puppy-Step-20-Version-2.jpg/v4-460px-Choose-a-German-Shepherd-Puppy-Step-20-Version-2.jpg", "vid": null}, "21": {"text": "Go through the application process.", "img": "https://www.wikihow.com/images/thumb/4/4a/Choose-a-German-Shepherd-Puppy-Step-21-Version-2.jpg/v4-460px-Choose-a-German-Shepherd-Puppy-Step-21-Version-2.jpg", "vid": null}, "22": {"text": "Research the history of diseases in the puppy's lineage.", "img": "https://www.wikihow.com/images/thumb/f/ff/Choose-a-German-Shepherd-Puppy-Step-22-Version-2.jpg/v4-460px-Choose-a-German-Shepherd-Puppy-Step-22-Version-2.jpg", "vid": null}, "23": {"text": "Visit the puppy more than once.", "img": "https://www.wikihow.com/images/thumb/2/2f/Choose-a-German-Shepherd-Puppy-Step-23-Version-2.jpg/v4-460px-Choose-a-German-Shepherd-Puppy-Step-23-Version-2.jpg", "vid": null}, "24": {"text": "Examine the puppy's health.", "img": "https://www.wikihow.com/images/thumb/d/d1/Choose-a-German-Shepherd-Puppy-Step-24-Version-2.jpg/v4-460px-Choose-a-German-Shepherd-Puppy-Step-24-Version-2.jpg", "vid": null}, "25": {"text": "Test the puppy\u2019s temperament.", "img": "https://www.wikihow.com/images/thumb/4/49/Choose-a-German-Shepherd-Puppy-Step-25-Version-2.jpg/v4-460px-Choose-a-German-Shepherd-Puppy-Step-25-Version-2.jpg", "vid": null}, "26": {"text": "Look for bad behaviors.", "img": "https://www.wikihow.com/images/thumb/4/4d/Choose-a-German-Shepherd-Puppy-Step-26-Version-2.jpg/v4-460px-Choose-a-German-Shepherd-Puppy-Step-26-Version-2.jpg", "vid": null}, "27": {"text": "Play with the puppy.", "img": "https://www.wikihow.com/images/thumb/b/b0/Choose-a-German-Shepherd-Puppy-Step-27-Version-2.jpg/v4-460px-Choose-a-German-Shepherd-Puppy-Step-27-Version-2.jpg", "vid": null}, "28": {"text": "Think carefully about adopting a faraway puppy.", "img": "https://www.wikihow.com/images/thumb/a/a1/Choose-a-German-Shepherd-Puppy-Step-28-Version-2.jpg/v4-460px-Choose-a-German-Shepherd-Puppy-Step-28-Version-2.jpg", "vid": null}}