{"video_url": "https://www.youtube.com/embed/l43jwJyu4ic?showinfo=0", "1": {"text": "Fill a medium sized bowl with cold water.", "img": null, "vid": "/f/f6/Chop Cilantro Step 1 Version 2.360p.mp4"}, "2": {"text": "Set the bundle of cilantro in a colander.", "img": null, "vid": "/5/52/Chop Cilantro Step 2 Version 2.360p.mp4"}, "3": {"text": "Shake the colander with the cilantro bundle well until all of the excess water exits the colander.", "img": null, "vid": "/8/8b/Chop Cilantro Step 4 Version 2.360p.mp4"}, "4": {"text": "Look through the cilantro for any discolored or wilted cilantro leaves.", "img": null, "vid": "/2/2b/Chop Cilantro Step 5 Version 2.360p.mp4"}, "5": {"text": "Decide how much of the stems you want to keep.", "img": "https://www.wikihow.com/images/thumb/a/a5/Chop-Cilantro-Step-7-Version-2.jpg/v4-460px-Chop-Cilantro-Step-7-Version-2.jpg", "vid": null}, "6": {"text": "Remove however much of the stems you wish.", "img": null, "vid": "/f/fd/Chop Cilantro Step 7 Version 2.360p.mp4"}, "7": {"text": "Chop the bundle of cilantro in half, using the middle as a guideline.", "img": null, "vid": "/2/2d/Chop Cilantro Step 8 Version 2.360p.mp4"}, "8": {"text": "Store the unused cilantro.", "img": null, "vid": "/8/80/Chop Cilantro Step 9 Version 2.360p.mp4"}, "9": {"text": "Decide how finely chopped you want your cilantro.", "img": "https://www.wikihow.com/images/thumb/6/67/Make-a-Pico-de-Gallo-Salsa-Step-1-Version-2.jpg/v4-460px-Make-a-Pico-de-Gallo-Salsa-Step-1-Version-2.jpg", "vid": null}, "10": {"text": "Fold the bunch of cilantro leaves in half and place them on the cutting board.", "img": null, "vid": "/6/63/Chop Cilantro Step 10 Version 2.360p.mp4"}}