{"video_url": "https://www.youtube.com/embed/XtKyxifaVGM", "1": {"text": "Warm up the olive oil.", "img": "https://www.wikihow.com/images/thumb/3/3a/Clear-up-Ear-Congestion-With-Olive-Oil-Step-2-Version-3.jpg/v4-460px-Clear-up-Ear-Congestion-With-Olive-Oil-Step-2-Version-3.jpg", "vid": null}, "2": {"text": "Add essential oils if you wish.", "img": "https://www.wikihow.com/images/thumb/3/38/Clear-up-Ear-Congestion-With-Olive-Oil-Step-3-Version-3.jpg/v4-460px-Clear-up-Ear-Congestion-With-Olive-Oil-Step-3-Version-3.jpg", "vid": null}, "3": {"text": "Collect some of the mix with an eyedropper.", "img": "https://www.wikihow.com/images/thumb/0/0e/Clear-up-Ear-Congestion-With-Olive-Oil-Step-4-Version-3.jpg/v4-460px-Clear-up-Ear-Congestion-With-Olive-Oil-Step-4-Version-3.jpg", "vid": null}, "4": {"text": "Squeeze two drops of the solution into your ear.", "img": "https://www.wikihow.com/images/thumb/3/31/Clear-up-Ear-Congestion-With-Olive-Oil-Step-5-Version-3.jpg/v4-460px-Clear-up-Ear-Congestion-With-Olive-Oil-Step-5-Version-3.jpg", "vid": null}, "5": {"text": "Repeat the process two to three times a day.", "img": "https://www.wikihow.com/images/thumb/7/7e/Clear-up-Ear-Congestion-With-Olive-Oil-Step-6-Version-3.jpg/v4-460px-Clear-up-Ear-Congestion-With-Olive-Oil-Step-6-Version-3.jpg", "vid": null}, "6": {"text": "Consider irrigating your ear.", "img": "https://www.wikihow.com/images/thumb/d/dc/Clear-up-Ear-Congestion-With-Olive-Oil-Step-7-Version-2.jpg/v4-460px-Clear-up-Ear-Congestion-With-Olive-Oil-Step-7-Version-2.jpg", "vid": null}, "7": {"text": "Equalize the pressure in your ears.", "img": "https://www.wikihow.com/images/thumb/b/ba/Clear-up-Ear-Congestion-With-Olive-Oil-Step-9-Version-2.jpg/v4-460px-Clear-up-Ear-Congestion-With-Olive-Oil-Step-9-Version-2.jpg", "vid": null}, "8": {"text": "Stay hydrated.", "img": "https://www.wikihow.com/images/thumb/8/8f/Clear-up-Ear-Congestion-With-Olive-Oil-Step-10-Version-2.jpg/v4-460px-Clear-up-Ear-Congestion-With-Olive-Oil-Step-10-Version-2.jpg", "vid": null}, "9": {"text": "Sleep with your head elevated.", "img": "https://www.wikihow.com/images/thumb/9/9a/Clear-up-Ear-Congestion-With-Olive-Oil-Step-11-Version-2.jpg/v4-460px-Clear-up-Ear-Congestion-With-Olive-Oil-Step-11-Version-2.jpg", "vid": null}, "10": {"text": "Put a warm compress on your ear.", "img": "https://www.wikihow.com/images/thumb/a/a1/Clear-up-Ear-Congestion-With-Olive-Oil-Step-12-Version-2.jpg/v4-460px-Clear-up-Ear-Congestion-With-Olive-Oil-Step-12-Version-2.jpg", "vid": null}, "11": {"text": "Take a hot shower.", "img": "https://www.wikihow.com/images/thumb/3/3f/Clear-up-Ear-Congestion-With-Olive-Oil-Step-13-Version-2.jpg/v4-460px-Clear-up-Ear-Congestion-With-Olive-Oil-Step-13-Version-2.jpg", "vid": null}, "12": {"text": "Take an over-the-counter (OTC) product.", "img": "https://www.wikihow.com/images/thumb/2/2a/Clear-up-Ear-Congestion-With-Olive-Oil-Step-14-Version-2.jpg/v4-460px-Clear-up-Ear-Congestion-With-Olive-Oil-Step-14-Version-2.jpg", "vid": null}, "13": {"text": "See your doctor if you have symptoms of a blockage, which can be serious.", "img": null, "vid": null}, "14": {"text": "Visit your doctor to safely remove the wax if olive oil didn\u2019t work.", "img": null, "vid": null}, "15": {"text": "See your doctor if you\u2019ve ever had an ear injury.", "img": null, "vid": null}, "16": {"text": "Call your doctor if your child has ear congestion.", "img": null, "vid": null}}