{"video_url": "https://www.youtube.com/embed/5sRo6sEULqY", "1": {"text": "Make a paste of baking soda and water.", "img": "https://www.wikihow.com/images/thumb/d/dc/1804529-1.jpg/v4-460px-1804529-1.jpg", "vid": null}, "2": {"text": "Spray the baking soda paste with a vinegar solution.", "img": "https://www.wikihow.com/images/thumb/7/73/1804529-2.jpg/v4-460px-1804529-2.jpg", "vid": null}, "3": {"text": "Wait for the solution to stop bubbling.", "img": "https://www.wikihow.com/images/thumb/6/6b/1804529-3.jpg/v4-460px-1804529-3.jpg", "vid": null}, "4": {"text": "Scrub the grout lines with a brush.", "img": "https://www.wikihow.com/images/thumb/1/13/1804529-4.jpg/v4-460px-1804529-4.jpg", "vid": null}, "5": {"text": "Mop the floor with plain water.", "img": "https://www.wikihow.com/images/thumb/7/7d/1804529-5.jpg/v4-460px-1804529-5.jpg", "vid": null}, "6": {"text": "Dissolve 2 tablespoons of oxygenated bleach into 2 cups of warm water.", "img": "https://www.wikihow.com/images/thumb/1/18/1804529-6.jpg/v4-460px-1804529-6.jpg", "vid": null}, "7": {"text": "Test a hidden corner of the grout before cleaning the entire floor.", "img": "https://www.wikihow.com/images/thumb/2/2b/1804529-7.jpg/v4-460px-1804529-7.jpg", "vid": null}, "8": {"text": "Pour the oxygen bleach solution onto the grout.", "img": "https://www.wikihow.com/images/thumb/e/eb/1804529-8.jpg/v4-460px-1804529-8.jpg", "vid": null}, "9": {"text": "Use a nylon bristle brush to scrub the oxygen bleach solution into the grout lines.", "img": "https://www.wikihow.com/images/thumb/c/c3/1804529-9.jpg/v4-460px-1804529-9.jpg", "vid": null}, "10": {"text": "Dip the brush into the oxygenated bleach powder to increase cleaning power.", "img": "https://www.wikihow.com/images/thumb/7/7d/1804529-10.jpg/v4-460px-1804529-10.jpg", "vid": null}, "11": {"text": "Rinse the floor with water and dry.", "img": "https://www.wikihow.com/images/thumb/b/ba/1804529-11.jpg/v4-460px-1804529-11.jpg", "vid": null}, "12": {"text": "Make a paste.", "img": "https://www.wikihow.com/images/thumb/f/ff/1804529-12.jpg/v4-460px-1804529-12.jpg", "vid": null}, "13": {"text": "Apply the paste with a nylon-bristled brush.", "img": "https://www.wikihow.com/images/thumb/2/25/1804529-13.jpg/v4-460px-1804529-13.jpg", "vid": null}, "14": {"text": "Let the mixture sit on the grout for 15 minutes.", "img": "https://www.wikihow.com/images/thumb/a/ae/1804529-14.jpg/v4-460px-1804529-14.jpg", "vid": null}, "15": {"text": "Rinse the grout with warm or hot water to remove all of the solution.", "img": "https://www.wikihow.com/images/thumb/c/c6/1804529-15.jpg/v4-460px-1804529-15.jpg", "vid": null}, "16": {"text": "Use a rag to wipe the grout to remove any leftover residue or dirt.", "img": "https://www.wikihow.com/images/thumb/7/7f/1804529-16.jpg/v4-460px-1804529-16.jpg", "vid": null}, "17": {"text": "Mop the floor with clean water.", "img": "https://www.wikihow.com/images/thumb/c/c5/1804529-17.jpg/v4-460px-1804529-17.jpg", "vid": null}, "18": {"text": "Rent or purchase a steam cleaner.", "img": "https://www.wikihow.com/images/thumb/a/a0/1804529-18.jpg/v4-460px-1804529-18.jpg", "vid": null}, "19": {"text": "Follow the manufacturer\u2019s directions to assemble and fill the steam cleaner.", "img": "https://www.wikihow.com/images/thumb/9/91/1804529-19.jpg/v4-460px-1804529-19.jpg", "vid": null}, "20": {"text": "Fill the reservoir with clean water to the fill line according to the manual\u2019s instructions.", "img": "https://www.wikihow.com/images/thumb/2/23/1804529-20.jpg/v4-460px-1804529-20.jpg", "vid": null}, "21": {"text": "Turn the steam cleaner on and allow it to heat up.", "img": "https://www.wikihow.com/images/thumb/8/87/1804529-21.jpg/v4-460px-1804529-21.jpg", "vid": null}, "22": {"text": "Move the cleaning brush back and forth over the grout.", "img": "https://www.wikihow.com/images/thumb/7/72/1804529-22.jpg/v4-460px-1804529-22.jpg", "vid": null}, "23": {"text": "Use a towel or mop to wipe up the excess moisture after cleaning.", "img": "https://www.wikihow.com/images/thumb/6/65/1804529-23.jpg/v4-460px-1804529-23.jpg", "vid": null}, "24": {"text": "NOTE:", "img": null, "vid": null}}