{"video_url": "https://www.youtube.com/embed/gDIQCYsS_RE?showinfo=0", "1": {"text": "Wipe the knife clean right after each use.", "img": null, "vid": "/6/6b/Clean a Knife Step 1 Version 2.360p.mp4"}, "2": {"text": "Clean with the blade pointed away from you.", "img": null, "vid": "/c/c9/Clean a Knife Step 2 Version 2.360p.mp4"}, "3": {"text": "Soak the knife for a minute or two if food is stuck on.", "img": null, "vid": "/2/20/Clean a Knife Step 3 Version 2.360p.mp4"}, "4": {"text": "Dry the knife.", "img": null, "vid": "/7/71/Clean a Knife Step 4 Version 2.360p.mp4"}, "5": {"text": "Wear rubber gloves.", "img": "https://www.wikihow.com/images/thumb/c/cf/Clean-a-Knife-Step-5-Version-5.jpg/v4-460px-Clean-a-Knife-Step-5-Version-5.jpg", "vid": null}, "6": {"text": "Gather necessary materials.", "img": "https://www.wikihow.com/images/thumb/7/77/Clean-a-Knife-Step-6-Version-5.jpg/v4-460px-Clean-a-Knife-Step-6-Version-5.jpg", "vid": null}, "7": {"text": "Open the knife completely.", "img": null, "vid": "/a/a6/Clean a Knife Step 7 Version 2.360p.mp4"}, "8": {"text": "Scrub the knife with dish detergent.", "img": null, "vid": "/3/31/Clean a Knife Step 8 Version 2.360p.mp4"}, "9": {"text": "Remove rust.", "img": null, "vid": "/e/e5/Clean a Knife Step 9 Version 2.360p.mp4"}, "10": {"text": "Dry the knife and apply lubricant.", "img": null, "vid": "/4/45/Clean a Knife Step 10 Version 2.360p.mp4"}, "11": {"text": "Do not leave knives in the kitchen sink.", "img": "https://www.wikihow.com/images/thumb/a/a4/Clean-a-Knife-Step-11-Version-5.jpg/v4-460px-Clean-a-Knife-Step-11-Version-5.jpg", "vid": null}, "12": {"text": "Dry knives immediately after washing.", "img": "https://www.wikihow.com/images/thumb/d/d5/Clean-a-Knife-Step-12-Version-5.jpg/v4-460px-Clean-a-Knife-Step-12-Version-5.jpg", "vid": null}, "13": {"text": "Avoid the dishwasher, especially on expensive knives.", "img": "https://www.wikihow.com/images/thumb/b/b7/Clean-a-Knife-Step-13-Version-5.jpg/v4-460px-Clean-a-Knife-Step-13-Version-5.jpg", "vid": null}, "14": {"text": "Store quality knives in their own space separate from the utensil drawer.", "img": "https://www.wikihow.com/images/thumb/1/14/Clean-a-Knife-Step-14-Version-5.jpg/v4-460px-Clean-a-Knife-Step-14-Version-5.jpg", "vid": null}}