{"video_url": "https://www.youtube.com/embed/QFOFyCOTb1o?showinfo=0", "1": {"text": "Check the shrimp for freshness.", "img": "https://www.wikihow.com/images/thumb/b/bb/Clean-Shrimp-Step-1-Version-4.jpg/v4-460px-Clean-Shrimp-Step-1-Version-4.jpg", "vid": null}, "2": {"text": "Rinse the shrimp.", "img": "https://www.wikihow.com/images/thumb/1/18/Clean-Shrimp-Step-2-Version-4.jpg/v4-460px-Clean-Shrimp-Step-2-Version-4.jpg", "vid": null}, "3": {"text": "Remove the heads.", "img": null, "vid": "/5/58/Clean Shrimp Step 3.360p.mp4"}, "4": {"text": "Remove the legs.", "img": null, "vid": "/8/8b/Clean Shrimp Step 4.360p.mp4"}, "5": {"text": "Remove the shell.", "img": null, "vid": "/b/bd/Clean Shrimp Step 5.360p.mp4"}, "6": {"text": "Remove the tail, if you want.", "img": null, "vid": "/f/f2/Clean Shrimp Step 6.360p.mp4"}, "7": {"text": "Remove the vein.", "img": null, "vid": "/7/72/Clean Shrimp Step 7.360p.mp4"}, "8": {"text": "Store shrimp properly.", "img": null, "vid": "/d/d9/Clean Shrimp Step 8.360p.mp4"}}