{"video_url": "https://www.youtube.com/embed/xwO2kwXge64", "1": {"text": "Do a preliminary clean.", "img": "https://www.wikihow.com/images/thumb/b/b7/Clean-Grout-Step-1-Version-3.jpg/v4-460px-Clean-Grout-Step-1-Version-3.jpg", "vid": null}, "2": {"text": "Create your solution.", "img": null, "vid": "/5/57/Clean Grout Step 2.360p.mp4"}, "3": {"text": "Pour the mixture in a spray bottle.", "img": null, "vid": "/3/36/Clean Grout Step 3.360p.mp4"}, "4": {"text": "Spray the grout.", "img": "https://www.wikihow.com/images/thumb/1/12/Clean-Grout-Step-4-Version-3.jpg/v4-460px-Clean-Grout-Step-4-Version-3.jpg", "vid": null}, "5": {"text": "Begin scrubbing.", "img": null, "vid": "/1/10/Clean Grout Step 5.360p.mp4"}, "6": {"text": "Clean up the dirty liquid.", "img": null, "vid": "/c/cd/Clean Grout Step 6.360p.mp4"}, "7": {"text": "Complete your grout cleaning.", "img": null, "vid": "/1/18/Clean Grout Step 7.360p.mp4"}, "8": {"text": "Do a final wipe-down.", "img": null, "vid": "/4/43/Clean Grout Step 8.360p.mp4"}, "9": {"text": "Clean up your tiles.", "img": null, "vid": "/5/5d/Clean Grout Step 9.360p.mp4"}, "10": {"text": "Create your paste.", "img": null, "vid": "/6/6a/Clean Grout Step 10.360p.mp4"}, "11": {"text": "Spread your mixture.", "img": "https://www.wikihow.com/images/thumb/2/2e/Clean-Grout-Step-11-Version-3.jpg/v4-460px-Clean-Grout-Step-11-Version-3.jpg", "vid": null}, "12": {"text": "Begin scrubbing.", "img": null, "vid": "/7/78/Clean Grout Step 12.360p.mp4"}, "13": {"text": "Finish your space.", "img": null, "vid": "/8/80/Clean Grout Step 13.360p.mp4"}, "14": {"text": "Wipe up your tile.", "img": null, "vid": "/0/03/Clean Grout Step 14.360p.mp4"}, "15": {"text": "Wipe down your tile.", "img": "https://www.wikihow.com/images/thumb/5/53/Clean-Grout-Step-15-Version-3.jpg/v4-460px-Clean-Grout-Step-15-Version-3.jpg", "vid": null}, "16": {"text": "Create your solution.", "img": null, "vid": "/7/72/Clean Grout Step 16.360p.mp4"}, "17": {"text": "Apply your cleaner.", "img": null, "vid": "/5/50/Clean Grout Step 17.360p.mp4"}, "18": {"text": "Begin scrubbing.", "img": null, "vid": "/0/07/Clean Grout Step 18.360p.mp4"}, "19": {"text": "Mop up the excess liquid.", "img": "https://www.wikihow.com/images/thumb/2/2e/Clean-Grout-Step-19-Version-3.jpg/v4-460px-Clean-Grout-Step-19-Version-3.jpg", "vid": null}, "20": {"text": "Continue washing your grout.", "img": null, "vid": "/6/66/Clean Grout Step 20.360p.mp4"}, "21": {"text": "Finish cleaning your tile.", "img": "https://www.wikihow.com/images/thumb/7/74/Clean-Grout-Step-21-Version-3.jpg/v4-460px-Clean-Grout-Step-21-Version-3.jpg", "vid": null}, "22": {"text": "Clean up spills right away.", "img": null, "vid": "/0/03/Clean Grout Step 22.360p.mp4"}, "23": {"text": "Treat small stains regularly.", "img": null, "vid": "/4/47/Clean Grout Step 23.360p.mp4"}, "24": {"text": "Keep the area ventilated.", "img": "https://www.wikihow.com/images/thumb/9/9d/Clean-Grout-Step-24-Version-3.jpg/v4-460px-Clean-Grout-Step-24-Version-3.jpg", "vid": null}, "25": {"text": "Apply grout sealer.", "img": "https://www.wikihow.com/images/thumb/5/53/Clean-Grout-Step-25-Version-3.jpg/v4-460px-Clean-Grout-Step-25-Version-3.jpg", "vid": null}, "26": {"text": "Dye it a different color.", "img": "https://www.wikihow.com/images/thumb/d/de/Clean-Grout-Step-26-Version-3.jpg/v4-460px-Clean-Grout-Step-26-Version-3.jpg", "vid": null}, "27": {"text": "Know when to replace your grout.", "img": "https://www.wikihow.com/images/thumb/0/07/Clean-Grout-Step-27-Version-3.jpg/v4-460px-Clean-Grout-Step-27-Version-3.jpg", "vid": null}}