{"video_url": "https://www.youtube.com/embed/8FDgHJjAl3Y", "1": {"text": "Disconnect the negative terminal on the battery.", "img": "https://www.wikihow.com/images/thumb/2/2f/Clean-Spark-Plugs-Step-1-Version-2.jpg/v4-460px-Clean-Spark-Plugs-Step-1-Version-2.jpg", "vid": null}, "2": {"text": "Locate the spark plugs.", "img": "https://www.wikihow.com/images/thumb/5/50/Clean-Spark-Plugs-Step-2-Version-2.jpg/v4-460px-Clean-Spark-Plugs-Step-2-Version-2.jpg", "vid": null}, "3": {"text": "Use a can of compressed air to blow debris away from the spark plugs.", "img": "https://www.wikihow.com/images/thumb/3/3f/Clean-Spark-Plugs-Step-3-Version-2.jpg/v4-460px-Clean-Spark-Plugs-Step-3-Version-2.jpg", "vid": null}, "4": {"text": "Disconnect the spark plug wire on 1 spark plug at a time.", "img": "https://www.wikihow.com/images/thumb/6/64/Clean-Spark-Plugs-Step-4-Version-2.jpg/v4-460px-Clean-Spark-Plugs-Step-4-Version-2.jpg", "vid": null}, "5": {"text": "Use a spark plug socket to unscrew the spark plug.", "img": "https://www.wikihow.com/images/thumb/f/f3/Clean-Spark-Plugs-Step-5-Version-2.jpg/v4-460px-Clean-Spark-Plugs-Step-5-Version-2.jpg", "vid": null}, "6": {"text": "Use 220-grit sandpaper on the electrode.", "img": "https://www.wikihow.com/images/thumb/1/1b/Clean-Spark-Plugs-Step-6-Version-2.jpg/v4-460px-Clean-Spark-Plugs-Step-6-Version-2.jpg", "vid": null}, "7": {"text": "File down the grime on the electrode if it\u2019s particularly dirty.", "img": "https://www.wikihow.com/images/thumb/6/69/Clean-Spark-Plugs-Step-7-Version-2.jpg/v4-460px-Clean-Spark-Plugs-Step-7-Version-2.jpg", "vid": null}, "8": {"text": "Scrub the threads with a wire brush.", "img": "https://www.wikihow.com/images/thumb/1/11/Clean-Spark-Plugs-Step-8-Version-2.jpg/v4-460px-Clean-Spark-Plugs-Step-8-Version-2.jpg", "vid": null}, "9": {"text": "Spray brake cleaner on the plug and wipe it down.", "img": "https://www.wikihow.com/images/thumb/4/4f/Clean-Spark-Plugs-Step-9-Version-2.jpg/v4-460px-Clean-Spark-Plugs-Step-9-Version-2.jpg", "vid": null}, "10": {"text": "Repeat the process for each spark plug.", "img": "https://www.wikihow.com/images/thumb/f/f4/Clean-Spark-Plugs-Step-10-Version-2.jpg/v4-460px-Clean-Spark-Plugs-Step-10-Version-2.jpg", "vid": null}, "11": {"text": "Grip the spark with pliers on the end the wire connects to.", "img": "https://www.wikihow.com/images/thumb/c/c7/Clean-Spark-Plugs-Step-11.jpg/v4-460px-Clean-Spark-Plugs-Step-11.jpg", "vid": null}, "12": {"text": "Put on gloves and ignite your torch.", "img": "https://www.wikihow.com/images/thumb/0/0e/Clean-Spark-Plugs-Step-12.jpg/v4-460px-Clean-Spark-Plugs-Step-12.jpg", "vid": null}, "13": {"text": "Hold the end of the spark plug in the flame until it turns red.", "img": "https://www.wikihow.com/images/thumb/0/06/Clean-Spark-Plugs-Step-13.jpg/v4-460px-Clean-Spark-Plugs-Step-13.jpg", "vid": null}, "14": {"text": "Let the plug cool and do not touch it with your fingers.", "img": "https://www.wikihow.com/images/thumb/8/86/Clean-Spark-Plugs-Step-14.jpg/v4-460px-Clean-Spark-Plugs-Step-14.jpg", "vid": null}, "15": {"text": "Repeat the process for each spark plug.", "img": "https://www.wikihow.com/images/thumb/8/8d/Clean-Spark-Plugs-Step-15.jpg/v4-460px-Clean-Spark-Plugs-Step-15.jpg", "vid": null}, "16": {"text": "Use a gap tool to correct the gap  between the plug and the electrode.", "img": "https://www.wikihow.com/images/thumb/3/31/Clean-Spark-Plugs-Step-16.jpg/v4-460px-Clean-Spark-Plugs-Step-16.jpg", "vid": null}, "17": {"text": "Place the plug in the spark plug socket with the threads facing out.", "img": "https://www.wikihow.com/images/thumb/4/42/Clean-Spark-Plugs-Step-17.jpg/v4-460px-Clean-Spark-Plugs-Step-17.jpg", "vid": null}, "18": {"text": "Insert the spark plug and turn it clockwise to seat it by hand.", "img": "https://www.wikihow.com/images/thumb/b/bc/Clean-Spark-Plugs-Step-18.jpg/v4-460px-Clean-Spark-Plugs-Step-18.jpg", "vid": null}, "19": {"text": "Tighten the spark plug using a socket wrench.", "img": "https://www.wikihow.com/images/thumb/2/23/Clean-Spark-Plugs-Step-19.jpg/v4-460px-Clean-Spark-Plugs-Step-19.jpg", "vid": null}, "20": {"text": "Reconnect the plug wire to the spark plug.", "img": "https://www.wikihow.com/images/thumb/9/9c/Clean-Spark-Plugs-Step-20.jpg/v4-460px-Clean-Spark-Plugs-Step-20.jpg", "vid": null}}