{"video_url": "https://www.youtube.com/embed/T2CDpZ9Jo-w?showinfo=0", "1": {"text": "Put a few drops of liquid dish detergent in a bowl of lukewarm (not hot) water.", "img": null, "vid": "/a/af/Clean Gold Jewelry Step 1 Version 2.360p.mp4"}, "2": {"text": "Soak the gold jewelry in the solution.", "img": null, "vid": "/0/02/Clean Gold Jewelry Step 2 Version 3.360p.mp4"}, "3": {"text": "Gently scrub the jewelry with a soft-bristled toothbrush.", "img": null, "vid": "/5/52/Clean Gold Jewelry Step 3 Version 3.360p.mp4"}, "4": {"text": "Rinse each piece in warm running water.", "img": "https://www.wikihow.com/images/thumb/4/4d/Clean-Gold-Jewelry-Step-4-Version-3.jpg/v4-460px-Clean-Gold-Jewelry-Step-4-Version-3.jpg", "vid": null}, "5": {"text": "Blot dry with a soft cloth.", "img": "https://www.wikihow.com/images/thumb/5/50/Clean-Gold-Jewelry-Step-5-Version-3.jpg/v4-460px-Clean-Gold-Jewelry-Step-5-Version-3.jpg", "vid": null}, "6": {"text": "Know when to clean with ammonia.", "img": "https://www.wikihow.com/images/thumb/b/bd/Clean-Gold-Jewelry-Step-6-Version-5.jpg/v4-460px-Clean-Gold-Jewelry-Step-6-Version-5.jpg", "vid": null}, "7": {"text": "Add one part ammonia to six parts water.", "img": null, "vid": "/f/ff/Clean Gold Jewelry Step 7 Version 3.360p.mp4"}, "8": {"text": "Soak the jewelry in the mixture for no more than one minute.", "img": null, "vid": "/0/0f/Clean Gold Jewelry Step 8 Version 3.360p.mp4"}, "9": {"text": "Rinse the jewelry thoroughly under running water.", "img": "https://www.wikihow.com/images/thumb/7/7d/Clean-Gold-Jewelry-Step-9-Version-5.jpg/v4-460px-Clean-Gold-Jewelry-Step-9-Version-5.jpg", "vid": null}, "10": {"text": "Gently dry the jewelry with a soft polishing cloth.", "img": "https://www.wikihow.com/images/thumb/8/81/Clean-Gold-Jewelry-Step-10-Version-3.jpg/v4-460px-Clean-Gold-Jewelry-Step-10-Version-3.jpg", "vid": null}, "11": {"text": "Know which types of jewelry should be kept dry.", "img": "https://www.wikihow.com/images/thumb/1/11/Clean-Gold-Jewelry-Step-11-Version-5.jpg/v4-460px-Clean-Gold-Jewelry-Step-11-Version-5.jpg", "vid": null}, "12": {"text": "Wipe the jewelry with a wet, soapy cloth.", "img": null, "vid": "/8/80/Clean Gold Jewelry Step 12 Version 3.360p.mp4"}, "13": {"text": "\"Rinse\" the jewelry with a cloth dampened with plain water.", "img": null, "vid": "/2/20/Clean Gold Jewelry Step 13 Version 3.360p.mp4"}, "14": {"text": "Lay or hang the pieces upside down after cleaning.", "img": "https://www.wikihow.com/images/thumb/9/9c/Clean-Gold-Jewelry-Step-14-Version-5.jpg/v4-460px-Clean-Gold-Jewelry-Step-14-Version-5.jpg", "vid": null}, "15": {"text": "Know when boiling is appropriate.", "img": "https://www.wikihow.com/images/thumb/2/23/Clean-Gold-Jewelry-Step-15-Version-5.jpg/v4-460px-Clean-Gold-Jewelry-Step-15-Version-5.jpg", "vid": null}, "16": {"text": "Bring water to a boil.", "img": "https://www.wikihow.com/images/thumb/9/94/Clean-Gold-Jewelry-Step-16-Version-3.jpg/v4-460px-Clean-Gold-Jewelry-Step-16-Version-3.jpg", "vid": null}, "17": {"text": "Carefully pour the water over your jewelry.", "img": null, "vid": "/e/e4/Clean Gold Jewelry Step 17 Version 3.360p.mp4"}, "18": {"text": "Wait for the water to cool.", "img": "https://www.wikihow.com/images/thumb/3/30/Clean-Gold-Jewelry-Step-18-Version-3.jpg/v4-460px-Clean-Gold-Jewelry-Step-18-Version-3.jpg", "vid": null}}