{"video_url": "https://www.youtube.com/embed/Dliyd3acx7M?showinfo=0", "1": {"text": "Put 0.5 cups (8.0\u00a0US\u00a0tbsp) of baking soda down the drain.", "img": "https://www.wikihow.com/images/thumb/a/a0/Clear-a-Drain-with-Baking-Soda-Step-1-Version-4.jpg/v4-460px-Clear-a-Drain-with-Baking-Soda-Step-1-Version-4.jpg", "vid": null}, "2": {"text": "Pour 0.5 cups (120\u00a0ml) of white vinegar down the drain.", "img": null, "vid": "/f/f2/Clear a Drain with Baking Soda Step 2 Version 4.360p.mp4"}, "3": {"text": "Cover the drain with a wet cloth for 5 minutes.", "img": null, "vid": "/6/68/Clear a Drain with Baking Soda Step 3 Version 4.360p.mp4"}, "4": {"text": "Pour a full pot or kettle of boiling water down the drain.", "img": null, "vid": "/3/33/Clear a Drain with Baking Soda Step 4 Version 4.360p.mp4"}, "5": {"text": "Repeat the process if necessary.", "img": null, "vid": "/e/e2/Clear a Drain with Baking Soda Step 5 Version 4.360p.mp4"}, "6": {"text": "Pour 1 cup (16\u00a0US\u00a0tbsp) of baking soda down the drain.", "img": null, "vid": "/c/cc/Clear a Drain with Baking Soda Step 6 Version 4.360p.mp4"}, "7": {"text": "Drizzle about 0.125 cups (2.00\u00a0US\u00a0tbsp)  of warm water over the baking soda.", "img": null, "vid": "/a/a0/Clear a Drain with Baking Soda Step 7 Version 4.360p.mp4"}, "8": {"text": "Let the baking soda sit for 1 hour.", "img": "https://www.wikihow.com/images/thumb/c/c6/Clear-a-Drain-with-Baking-Soda-Step-8-Version-4.jpg/v4-460px-Clear-a-Drain-with-Baking-Soda-Step-8-Version-4.jpg", "vid": null}, "9": {"text": "Run the water to flush the baking soda away.", "img": "https://www.wikihow.com/images/thumb/b/b8/Clear-a-Drain-with-Baking-Soda-Step-9-Version-4.jpg/v4-460px-Clear-a-Drain-with-Baking-Soda-Step-9-Version-4.jpg", "vid": null}}