{"video_url": "https://www.youtube.com/embed/WTs11PY9BEA", "1": {"text": "Check the labels.", "img": "https://www.wikihow.com/images/thumb/5/54/Clean-Faux-Suede-Step-1-Version-3.jpg/v4-460px-Clean-Faux-Suede-Step-1-Version-3.jpg", "vid": null}, "2": {"text": "Do a spot test.", "img": "https://www.wikihow.com/images/thumb/d/d3/Clean-Faux-Suede-Step-2-Version-3.jpg/v4-460px-Clean-Faux-Suede-Step-2-Version-3.jpg", "vid": null}, "3": {"text": "Spot clean stains.", "img": "https://www.wikihow.com/images/thumb/a/a6/Clean-Faux-Suede-Step-3-Version-3.jpg/v4-460px-Clean-Faux-Suede-Step-3-Version-3.jpg", "vid": null}, "4": {"text": "Treat stubborn stains.", "img": "https://www.wikihow.com/images/thumb/a/a7/Clean-Faux-Suede-Step-4-Version-3.jpg/v4-460px-Clean-Faux-Suede-Step-4-Version-3.jpg", "vid": null}, "5": {"text": "Launder the garment.", "img": "https://www.wikihow.com/images/thumb/7/7d/Clean-Faux-Suede-Step-5-Version-3.jpg/v4-460px-Clean-Faux-Suede-Step-5-Version-3.jpg", "vid": null}, "6": {"text": "Dry the item.", "img": "https://www.wikihow.com/images/thumb/d/d4/Clean-Faux-Suede-Step-6-Version-3.jpg/v4-460px-Clean-Faux-Suede-Step-6-Version-3.jpg", "vid": null}, "7": {"text": "Brush the fabric.", "img": "https://www.wikihow.com/images/thumb/d/de/Clean-Faux-Suede-Step-7-Version-2.jpg/v4-460px-Clean-Faux-Suede-Step-7-Version-2.jpg", "vid": null}, "8": {"text": "Brush off dirt, salt, and mud.", "img": "https://www.wikihow.com/images/thumb/a/a5/Clean-Faux-Suede-Step-8-Version-3.jpg/v4-460px-Clean-Faux-Suede-Step-8-Version-3.jpg", "vid": null}, "9": {"text": "Prepare a cleaning solution.", "img": "https://www.wikihow.com/images/thumb/8/8c/Clean-Faux-Suede-Step-9-Version-3.jpg/v4-460px-Clean-Faux-Suede-Step-9-Version-3.jpg", "vid": null}, "10": {"text": "Clean the accessory.", "img": "https://www.wikihow.com/images/thumb/2/20/Clean-Faux-Suede-Step-10-Version-3.jpg/v4-460px-Clean-Faux-Suede-Step-10-Version-3.jpg", "vid": null}, "11": {"text": "Let the item dry.", "img": "https://www.wikihow.com/images/thumb/d/d9/Clean-Faux-Suede-Step-11-Version-3.jpg/v4-460px-Clean-Faux-Suede-Step-11-Version-3.jpg", "vid": null}, "12": {"text": "Brush the fabric.", "img": "https://www.wikihow.com/images/thumb/e/e2/Clean-Faux-Suede-Step-12-Version-3.jpg/v4-460px-Clean-Faux-Suede-Step-12-Version-3.jpg", "vid": null}, "13": {"text": "Vacuum regularly.", "img": "https://www.wikihow.com/images/thumb/c/c0/Clean-Faux-Suede-Step-13-Version-2.jpg/v4-460px-Clean-Faux-Suede-Step-13-Version-2.jpg", "vid": null}, "14": {"text": "Check for labels.", "img": "https://www.wikihow.com/images/thumb/3/3c/Clean-Faux-Suede-Step-14-Version-2.jpg/v4-460px-Clean-Faux-Suede-Step-14-Version-2.jpg", "vid": null}, "15": {"text": "Dab spills immediately.", "img": "https://www.wikihow.com/images/thumb/e/e8/Clean-Faux-Suede-Step-15-Version-2.jpg/v4-460px-Clean-Faux-Suede-Step-15-Version-2.jpg", "vid": null}, "16": {"text": "Clean stains and messes.", "img": "https://www.wikihow.com/images/thumb/c/c3/Clean-Faux-Suede-Step-16-Version-2.jpg/v4-460px-Clean-Faux-Suede-Step-16-Version-2.jpg", "vid": null}, "17": {"text": "Remove stubborn stains.", "img": "https://www.wikihow.com/images/thumb/d/dc/Clean-Faux-Suede-Step-17-Version-2.jpg/v4-460px-Clean-Faux-Suede-Step-17-Version-2.jpg", "vid": null}, "18": {"text": "Buff the fabric with a brush to return the softness.", "img": "https://www.wikihow.com/images/thumb/1/14/Clean-Faux-Suede-Step-18.jpg/v4-460px-Clean-Faux-Suede-Step-18.jpg", "vid": null}}