{"video_url": "https://www.youtube.com/embed/t3rmsGGc7Vg?showinfo=0", "1": {"text": "Fill a bucket with hot water.", "img": "https://www.wikihow.com/images/thumb/6/68/Clean-Tile-Floors-with-Vinegar-Step-1-Version-2.jpg/v4-460px-Clean-Tile-Floors-with-Vinegar-Step-1-Version-2.jpg", "vid": null}, "2": {"text": "Add a cup of distilled white vinegar.", "img": null, "vid": "/2/28/Clean Tile Floors with Vinegar Step 2.360p.mp4"}, "3": {"text": "Mop the tiles with the vinegar solution.", "img": null, "vid": "/9/97/Clean Tile Floors with Vinegar Step 3.360p.mp4"}, "4": {"text": "Rinse the floor with fresh water.", "img": "https://www.wikihow.com/images/thumb/b/b7/Clean-Tile-Floors-with-Vinegar-Step-4-Version-2.jpg/v4-460px-Clean-Tile-Floors-with-Vinegar-Step-4-Version-2.jpg", "vid": null}, "5": {"text": "Combine warm water and vinegar in a spray bottle.", "img": null, "vid": "/c/cb/Clean Tile Floors with Vinegar Step 5.360p.mp4"}, "6": {"text": "Sprinkle baking soda along one section of grout lines.", "img": null, "vid": "/1/1f/Clean Tile Floors with Vinegar Step 6.360p.mp4"}, "7": {"text": "Spray the baking soda with the vinegar solution.", "img": null, "vid": "/0/0a/Clean Tile Floors with Vinegar Step 7.360p.mp4"}, "8": {"text": "Scrub the grout clean.", "img": null, "vid": "/f/f4/Clean Tile Floors with Vinegar Step 8.360p.mp4"}, "9": {"text": "Clean tile floors regularly.", "img": "https://www.wikihow.com/images/thumb/7/72/Clean-Tile-Floors-with-Vinegar-Step-9-Version-2.jpg/v4-460px-Clean-Tile-Floors-with-Vinegar-Step-9-Version-2.jpg", "vid": null}, "10": {"text": "Wipe up spills and messes right away.", "img": null, "vid": "/f/f6/Clean Tile Floors with Vinegar Step 10.360p.mp4"}, "11": {"text": "Avoid using chemical cleaners.", "img": "https://www.wikihow.com/images/thumb/e/e1/Clean-Tile-Floors-with-Vinegar-Step-11-Version-2.jpg/v4-460px-Clean-Tile-Floors-with-Vinegar-Step-11-Version-2.jpg", "vid": null}}