{"video_url": "https://www.youtube.com/embed/OvxkT7sw8Zk?showinfo=0", "1": {"text": "Use vinegar to clean the tile.", "img": null, "vid": "/2/26/Clean Bathroom Tile Step 1 Version 3.360p.mp4"}, "2": {"text": "Apply lemon juice to the tile.", "img": null, "vid": "/3/36/Clean Bathroom Tile Step 2 Version 3.360p.mp4"}, "3": {"text": "Spray your tile with a cleaning product.", "img": null, "vid": "/1/1e/Clean Bathroom Tile Step 3 Version 3.360p.mp4"}, "4": {"text": "Use baking soda cleaner.", "img": null, "vid": "/0/02/Clean Bathroom Tile Step 4 Version 3.360p.mp4"}, "5": {"text": "Mix water and bleach to clean tile.", "img": null, "vid": "/6/68/Clean Bathroom Tile Step 5 Version 3.360p.mp4"}, "6": {"text": "Utilize ammonia.", "img": null, "vid": "/a/a2/Clean Bathroom Tile Step 6 Version 3.360p.mp4"}, "7": {"text": "Use a steam cleaner.", "img": "https://www.wikihow.com/images/thumb/0/03/Clean-Upholstery-with-a-Steam-Cleaner-Step-4.jpg/v4-460px-Clean-Upholstery-with-a-Steam-Cleaner-Step-4.jpg", "vid": null}, "8": {"text": "Make a baking soda paste.", "img": null, "vid": "/0/0b/Clean Bathroom Tile Step 8 Version 3.360p.mp4"}, "9": {"text": "Create a salt and vinegar cleaning agent.", "img": null, "vid": "/3/31/Clean Bathroom Tile Step 9 Version 3.360p.mp4"}, "10": {"text": "Scrub the grout with bleach.", "img": null, "vid": "/0/08/Clean Bathroom Tile Step 10 Version 3.360p.mp4"}, "11": {"text": "Use a cotton ball to clean corner tiles.", "img": null, "vid": "/a/a1/Clean Bathroom Tile Step 11 Version 3.360p.mp4"}, "12": {"text": "Apply a coat of wax to ceramic tile.", "img": null, "vid": "/e/ed/Clean Bathroom Tile Step 12 Version 3.360p.mp4"}, "13": {"text": "Clean floor tile last.", "img": null, "vid": "/0/08/Clean Bathroom Tile Step 13 Version 2.360p.mp4"}}