{"video_url": "https://www.youtube.com/embed/kCJUH-SpkzA", "1": {"text": "Remove fabric covers from cushions and pillows.", "img": "https://www.wikihow.com/images/thumb/6/67/Clean-Microfiber-Step-1-Version-2.jpg/v4-460px-Clean-Microfiber-Step-1-Version-2.jpg", "vid": null}, "2": {"text": "Use rubbing alcohol to remove dirt and greasy stains.", "img": "https://www.wikihow.com/images/thumb/c/c9/Clean-Microfiber-Step-2-Version-2.jpg/v4-460px-Clean-Microfiber-Step-2-Version-2.jpg", "vid": null}, "3": {"text": "Use distilled water to get rid of water stains.", "img": "https://www.wikihow.com/images/thumb/7/70/Clean-Microfiber-Step-3-Version-2.jpg/v4-460px-Clean-Microfiber-Step-3-Version-2.jpg", "vid": null}, "4": {"text": "Let your furniture air dry.", "img": "https://www.wikihow.com/images/thumb/8/89/Clean-Microfiber-Step-4-Version-2.jpg/v4-460px-Clean-Microfiber-Step-4-Version-2.jpg", "vid": null}, "5": {"text": "Scrub the microfiber with a brush after cleaning.", "img": "https://www.wikihow.com/images/thumb/f/f5/Clean-Microfiber-Step-5-Version-2.jpg/v4-460px-Clean-Microfiber-Step-5-Version-2.jpg", "vid": null}, "6": {"text": "Soak the cloth in warm water.", "img": "https://www.wikihow.com/images/thumb/7/79/Clean-Microfiber-Step-6-Version-2.jpg/v4-460px-Clean-Microfiber-Step-6-Version-2.jpg", "vid": null}, "7": {"text": "Use your hands to wash the fabric.", "img": "https://www.wikihow.com/images/thumb/f/fc/Clean-Microfiber-Step-7-Version-2.jpg/v4-460px-Clean-Microfiber-Step-7-Version-2.jpg", "vid": null}, "8": {"text": "Rinse the cloth thoroughly with warm water.", "img": "https://www.wikihow.com/images/thumb/f/f7/Clean-Microfiber-Step-8-Version-2.jpg/v4-460px-Clean-Microfiber-Step-8-Version-2.jpg", "vid": null}, "9": {"text": "Allow the fabric to air dry if possible.", "img": "https://www.wikihow.com/images/thumb/9/93/Clean-Microfiber-Step-9-Version-2.jpg/v4-460px-Clean-Microfiber-Step-9-Version-2.jpg", "vid": null}, "10": {"text": "Use the lowest dryer setting if you need to dry the cloth quickly.", "img": "https://www.wikihow.com/images/thumb/7/79/Clean-Microfiber-Step-10-Version-2.jpg/v4-460px-Clean-Microfiber-Step-10-Version-2.jpg", "vid": null}, "11": {"text": "Wash microfiber only with other microfiber fabrics.", "img": "https://www.wikihow.com/images/thumb/3/31/Clean-Microfiber-Step-11-Version-2.jpg/v4-460px-Clean-Microfiber-Step-11-Version-2.jpg", "vid": null}, "12": {"text": "Use a gentle, clear, liquid laundry detergent.", "img": "https://www.wikihow.com/images/thumb/8/85/Clean-Microfiber-Step-12-Version-2.jpg/v4-460px-Clean-Microfiber-Step-12-Version-2.jpg", "vid": null}, "13": {"text": "Skip the fabric softener.", "img": "https://www.wikihow.com/images/thumb/6/6c/Clean-Microfiber-Step-13-Version-2.jpg/v4-460px-Clean-Microfiber-Step-13-Version-2.jpg", "vid": null}, "14": {"text": "Avoid using bleach to clean microfiber fabric.", "img": "https://www.wikihow.com/images/thumb/8/87/Clean-Microfiber-Step-14-Version-2.jpg/v4-460px-Clean-Microfiber-Step-14-Version-2.jpg", "vid": null}, "15": {"text": "Set your washer to a cool or warm water setting.", "img": "https://www.wikihow.com/images/thumb/c/cd/Clean-Microfiber-Step-15-Version-2.jpg/v4-460px-Clean-Microfiber-Step-15-Version-2.jpg", "vid": null}, "16": {"text": "Use the lowest temperature possible to dry your microfiber.", "img": "https://www.wikihow.com/images/thumb/f/f0/Clean-Microfiber-Step-16-Version-2.jpg/v4-460px-Clean-Microfiber-Step-16-Version-2.jpg", "vid": null}}