{"video_url": "https://www.youtube.com/embed/BxawlCuP9AU?showinfo=0", "1": {"text": "Wet the inside of your cup with cold water, then pour out the excess.", "img": "https://www.wikihow.com/images/thumb/9/97/Clean-Tea-Stains-from-Cups-Step-1.jpg/v4-460px-Clean-Tea-Stains-from-Cups-Step-1.jpg", "vid": null}, "2": {"text": "Sprinkle about 1/4 cup (45 g) of baking soda into the cup.", "img": null, "vid": "/c/c6/Clean Tea Stains from Cups Step 2.360p.mp4"}, "3": {"text": "Turn the cup sideways and rotate it to spread the baking soda evenly.", "img": null, "vid": "/5/56/Clean Tea Stains from Cups Step 3.360p.mp4"}, "4": {"text": "Let the baking soda sit in place for about 30 minutes.", "img": "https://www.wikihow.com/images/thumb/1/1d/Clean-Tea-Stains-from-Cups-Step-4.jpg/v4-460px-Clean-Tea-Stains-from-Cups-Step-4.jpg", "vid": null}, "5": {"text": "Use a soft cloth or sponge to scrub the baking soda gently into the cup.", "img": null, "vid": "/f/fe/Clean Tea Stains from Cups Step 5.360p.mp4"}, "6": {"text": "Wash the cup as usual.", "img": null, "vid": "/4/40/Clean Tea Stains from Cups Step 6.360p.mp4"}, "7": {"text": "Pour 1\u20132\u00a0US\u00a0tbsp (15\u201330\u00a0mL) of vinegar inside of your cup.", "img": null, "vid": "/a/a4/Clean Tea Stains from Cups Step 7.360p.mp4"}, "8": {"text": "Coat the sides of the cup with about 1/2 tsp (3 g) of salt.", "img": null, "vid": "/e/ec/Clean Tea Stains from Cups Step 8.360p.mp4"}, "9": {"text": "Allow the salt to sit for about 5 minutes.", "img": "https://www.wikihow.com/images/thumb/b/bb/Clean-Tea-Stains-from-Cups-Step-9.jpg/v4-460px-Clean-Tea-Stains-from-Cups-Step-9.jpg", "vid": null}, "10": {"text": "Scrub the salt into the cup with a soft cloth or a sponge.", "img": null, "vid": "/7/70/Clean Tea Stains from Cups Step 10.360p.mp4"}, "11": {"text": "Wash the mug very well.", "img": "https://www.wikihow.com/images/thumb/8/8f/Clean-Tea-Stains-from-Cups-Step-11.jpg/v4-460px-Clean-Tea-Stains-from-Cups-Step-11.jpg", "vid": null}}