{"video_url": "https://www.youtube.com/embed/F_TEL8SOXRw?showinfo=0", "1": {"text": "Cook or kill the lobster.", "img": "https://www.wikihow.com/images/thumb/d/d0/Clean-a-Lobster-Step-1-Version-5.jpg/v4-460px-Clean-a-Lobster-Step-1-Version-5.jpg", "vid": null}, "2": {"text": "Harvest the claws.", "img": null, "vid": "/e/e0/Clean a Lobster Step 2.360p.mp4"}, "3": {"text": "Break off the claw knuckles.", "img": null, "vid": "/5/5e/Clean a Lobster Step 3.360p.mp4"}, "4": {"text": "Remove the tail.", "img": null, "vid": "/7/77/Clean a Lobster Step 4.360p.mp4"}, "5": {"text": "Pick out the lobster's tail flippers.", "img": null, "vid": "/7/7d/Clean a Lobster Step 5.360p.mp4"}, "6": {"text": "Push out the meat from the tail.", "img": null, "vid": "/e/ec/Clean a Lobster Step 6.360p.mp4"}, "7": {"text": "Peel off the intestinal tract.", "img": null, "vid": "/1/15/Clean a Lobster Step 7.360p.mp4"}, "8": {"text": "Collect the roe.", "img": "https://www.wikihow.com/images/thumb/4/47/Clean-a-Lobster-Step-8-Version-5.jpg/v4-460px-Clean-a-Lobster-Step-8-Version-5.jpg", "vid": null}, "9": {"text": "Access the body of the lobster.", "img": null, "vid": "/7/7e/Clean a Lobster Step 9.360p.mp4"}, "10": {"text": "Twist off the eight lobster legs.", "img": null, "vid": "/a/a6/Clean a Lobster Step 10.360p.mp4"}, "11": {"text": "Throw away the gills.", "img": "https://www.wikihow.com/images/thumb/4/41/Clean-a-Lobster-Step-11-Version-5.jpg/v4-460px-Clean-a-Lobster-Step-11-Version-5.jpg", "vid": null}, "12": {"text": "Throw out the sand sac.", "img": "https://www.wikihow.com/images/thumb/5/54/Clean-a-Lobster-Step-12-Version-5.jpg/v4-460px-Clean-a-Lobster-Step-12-Version-5.jpg", "vid": null}, "13": {"text": "Save or discard the tomalley.", "img": "https://www.wikihow.com/images/thumb/f/fd/Clean-a-Lobster-Step-13-Version-5.jpg/v4-460px-Clean-a-Lobster-Step-13-Version-5.jpg", "vid": null}, "14": {"text": "Pick out the meat from the body cavity.", "img": "https://www.wikihow.com/images/thumb/c/c5/Clean-a-Lobster-Step-14-Version-5.jpg/v4-460px-Clean-a-Lobster-Step-14-Version-5.jpg", "vid": null}, "15": {"text": "Boil the leftover shells into lobster stock.", "img": "https://www.wikihow.com/images/thumb/8/82/Clean-a-Lobster-Step-15-Version-5.jpg/v4-460px-Clean-a-Lobster-Step-15-Version-5.jpg", "vid": null}}