{"video_url": "https://www.youtube.com/embed/il9KFLvXVQs", "1": {"text": "Regularly sweep the floor.", "img": "https://www.wikihow.com/images/thumb/1/17/Clean-Laminate-Floors-Step-1-Version-3.jpg/v4-460px-Clean-Laminate-Floors-Step-1-Version-3.jpg", "vid": null}, "2": {"text": "Clean up spills immediately.", "img": null, "vid": "/c/cf/Clean Laminate Floors Step 2 Version 3.360p.mp4"}, "3": {"text": "Stick to a mop for deep cleaning, not a steam cleaner or buffer.", "img": null, "vid": "/c/cb/Clean Laminate Floors Step 5 Version 3.360p.mp4"}, "4": {"text": "Use vinegar or a mild detergent if you need more cleaning power.", "img": null, "vid": "/1/10/Clean Laminate Floors Step 12 Version 3.360p.mp4"}, "5": {"text": "Fill a bucket with hot water.", "img": "https://www.wikihow.com/images/thumb/9/90/Clean-Laminate-Floors-Step-3-Version-3.jpg/v4-460px-Clean-Laminate-Floors-Step-3-Version-3.jpg", "vid": null}, "6": {"text": "Soak and wring out a mop.", "img": null, "vid": "/9/92/Clean Laminate Floors Step 4 Version 3.360p.mp4"}, "7": {"text": "Give the flooring a thorough mopping.", "img": null, "vid": "/c/cb/Clean Laminate Floors Step 5 Version 3.360p.mp4"}, "8": {"text": "Dry the flooring.", "img": null, "vid": "/2/24/Clean Laminate Floors Step 6 Version 3.360p.mp4"}, "9": {"text": "Create a solution of vinegar and water.", "img": "https://www.wikihow.com/images/thumb/1/1c/Clean-Laminate-Floors-Step-7-Version-3.jpg/v4-460px-Clean-Laminate-Floors-Step-7-Version-3.jpg", "vid": null}, "10": {"text": "Spray the solution onto the laminate a little a time.", "img": null, "vid": "/8/89/Clean Laminate Floors Step 8 Version 3.360p.mp4"}, "11": {"text": "Wipe the solution up with a damp mop or cloth.", "img": null, "vid": "/4/43/Clean Laminate Floors Step 9 Version 3.360p.mp4"}, "12": {"text": "Dry the laminate.", "img": null, "vid": "/f/fd/Clean Laminate Floors Step 10 Version 3.360p.mp4"}, "13": {"text": "Fill a bucket with hot water.", "img": "https://www.wikihow.com/images/thumb/9/91/Clean-Laminate-Floors-Step-11-Version-3.jpg/v4-460px-Clean-Laminate-Floors-Step-11-Version-3.jpg", "vid": null}, "14": {"text": "Add a mild detergent or baby shampoo.", "img": null, "vid": "/1/10/Clean Laminate Floors Step 12 Version 3.360p.mp4"}, "15": {"text": "Soak and wring out a mop.", "img": null, "vid": "/0/04/Clean Laminate Floors Step 13 Version 3.360p.mp4"}, "16": {"text": "Wipe the floor from one side to the other.", "img": null, "vid": "/0/01/Clean Laminate Floors Step 14 Version 3.360p.mp4"}, "17": {"text": "Dry the laminate.", "img": null, "vid": "/e/e5/Clean Laminate Floors Step 15 Version 3.360p.mp4"}, "18": {"text": "Clean blood stains with window cleaner.", "img": null, "vid": "/e/ed/Clean Laminate Floors Step 16 Version 3.360p.mp4"}, "19": {"text": "Remove chewing gum with a plastic knife.", "img": null, "vid": "/d/d4/Clean Laminate Floors Step 17 Version 3.360p.mp4"}, "20": {"text": "Wipe away soda, wine, crayon marks, or ink with a damp cloth.", "img": null, "vid": "/6/62/Clean Laminate Floors Step 18 Version 3.360p.mp4"}, "21": {"text": "Get nail polish, shoe polish, or tar off with acetone nail polish remover.", "img": null, "vid": "/1/1c/Clean Laminate Floors Step 19 Version 3.360p.mp4"}, "22": {"text": "Erase heel marks and scuffs with a pencil eraser.", "img": "https://www.wikihow.com/images/thumb/2/27/Clean-Laminate-Floors-Step-20-Version-3.jpg/v4-460px-Clean-Laminate-Floors-Step-20-Version-3.jpg", "vid": null}, "23": {"text": "Freeze away grease.", "img": null, "vid": "/e/e6/Clean Laminate Floors Step 21 Version 3.360p.mp4"}}