{"video_url": "https://www.youtube.com/embed/FSSFhG7J4Vs?showinfo=0", "1": {"text": "Remove the racks, gas burners, knobs, and handles from the stove.", "img": "https://www.wikihow.com/images/thumb/f/f1/Clean-a-Stove-Step-1-Version-3.jpg/v4-460px-Clean-a-Stove-Step-1-Version-3.jpg", "vid": null}, "2": {"text": "Add 1 cup (237 mL) of ammonia to the bag.", "img": "https://www.wikihow.com/images/thumb/2/23/Clean-a-Stove-Step-2-Version-3.jpg/v4-460px-Clean-a-Stove-Step-2-Version-3.jpg", "vid": null}, "3": {"text": "Allow the stove parts to soak in the ammonia for 24 hours.", "img": "https://www.wikihow.com/images/thumb/9/95/Clean-a-Stove-Step-3-Version-3.jpg/v4-460px-Clean-a-Stove-Step-3-Version-3.jpg", "vid": null}, "4": {"text": "Wash the stove parts in warm soapy water.", "img": "https://www.wikihow.com/images/thumb/8/8f/Clean-a-Stove-Step-4-Version-3.jpg/v4-460px-Clean-a-Stove-Step-4-Version-3.jpg", "vid": null}, "5": {"text": "Reassemble the stove.", "img": "https://www.wikihow.com/images/thumb/1/16/Clean-a-Stove-Step-5-Version-3.jpg/v4-460px-Clean-a-Stove-Step-5-Version-3.jpg", "vid": null}, "6": {"text": "Remove the burners from the stovetop.", "img": "https://www.wikihow.com/images/thumb/e/e4/Clean-a-Stove-Step-6-Version-3.jpg/v4-460px-Clean-a-Stove-Step-6-Version-3.jpg", "vid": null}, "7": {"text": "Use a soapy, damp dishcloth to wipe down the burners.", "img": "https://www.wikihow.com/images/thumb/6/64/Clean-a-Stove-Step-7-Version-2.jpg/v4-460px-Clean-a-Stove-Step-7-Version-2.jpg", "vid": null}, "8": {"text": "Clean tough stains with a mixture of baking soda and water.", "img": "https://www.wikihow.com/images/thumb/a/a6/Clean-a-Stove-Step-8.jpg/v4-460px-Clean-a-Stove-Step-8.jpg", "vid": null}, "9": {"text": "Rinse each burner with a damp cloth.", "img": "https://www.wikihow.com/images/thumb/f/f3/Clean-a-Stove-Step-9.jpg/v4-460px-Clean-a-Stove-Step-9.jpg", "vid": null}, "10": {"text": "Allow the burners to dry completely before replacing them.", "img": "https://www.wikihow.com/images/thumb/a/a5/Clean-a-Stove-Step-10.jpg/v4-460px-Clean-a-Stove-Step-10.jpg", "vid": null}, "11": {"text": "Remove the drip pans from the stove.", "img": "https://www.wikihow.com/images/thumb/f/ff/Clean-a-Stove-Step-11.jpg/v4-460px-Clean-a-Stove-Step-11.jpg", "vid": null}, "12": {"text": "Rinse the drip pans.", "img": "https://www.wikihow.com/images/thumb/4/41/Clean-a-Stove-Step-12.jpg/v4-460px-Clean-a-Stove-Step-12.jpg", "vid": null}, "13": {"text": "Coat the pans with a mixture of dish soap and baking soda.", "img": "https://www.wikihow.com/images/thumb/f/f7/Clean-a-Stove-Step-13.jpg/v4-460px-Clean-a-Stove-Step-13.jpg", "vid": null}, "14": {"text": "Seal the pans in a Ziploc bag and let them set for 1 hour.", "img": "https://www.wikihow.com/images/thumb/9/97/Clean-a-Stove-Step-14.jpg/v4-460px-Clean-a-Stove-Step-14.jpg", "vid": null}, "15": {"text": "Rinse and dry the drip pans before replacing them.", "img": "https://www.wikihow.com/images/thumb/8/8f/Clean-a-Stove-Step-15.jpg/v4-460px-Clean-a-Stove-Step-15.jpg", "vid": null}, "16": {"text": "Spray the stovetop with degreaser.", "img": "https://www.wikihow.com/images/thumb/e/ed/Clean-a-Stove-Step-16.jpg/v4-460px-Clean-a-Stove-Step-16.jpg", "vid": null}, "17": {"text": "Allow the degreaser to sit for the recommended amount of time.", "img": "https://www.wikihow.com/images/thumb/7/78/Clean-a-Stove-Step-17.jpg/v4-460px-Clean-a-Stove-Step-17.jpg", "vid": null}, "18": {"text": "Scrub the stovetop with a sponge or scouring pad.", "img": "https://www.wikihow.com/images/thumb/9/98/Clean-a-Stove-Step-18.jpg/v4-460px-Clean-a-Stove-Step-18.jpg", "vid": null}, "19": {"text": "Remove stuck-on food from glass stovetops with a razor blade.", "img": "https://www.wikihow.com/images/thumb/2/22/Clean-a-Stove-Step-19.jpg/v4-460px-Clean-a-Stove-Step-19.jpg", "vid": null}, "20": {"text": "Rinse and dry the stovetop.", "img": "https://www.wikihow.com/images/thumb/4/41/Clean-a-Stove-Step-20.jpg/v4-460px-Clean-a-Stove-Step-20.jpg", "vid": null}}