{"video_url": "https://www.youtube.com/embed/S0RtlcKdEl8", "1": {"text": "Remove pillows and decorations from the bed.", "img": "https://www.wikihow.com/images/thumb/7/72/Clean-a-Mattress-Step-1-Version-3.jpg/v4-460px-Clean-a-Mattress-Step-1-Version-3.jpg", "vid": null}, "2": {"text": "Strip the linens.", "img": "https://www.wikihow.com/images/thumb/8/87/Clean-a-Mattress-Step-2-Version-3.jpg/v4-460px-Clean-a-Mattress-Step-2-Version-3.jpg", "vid": null}, "3": {"text": "Wash your bedding and linens.", "img": "https://www.wikihow.com/images/thumb/8/8e/Clean-a-Mattress-Step-3-Version-2.jpg/v4-460px-Clean-a-Mattress-Step-3-Version-2.jpg", "vid": null}, "4": {"text": "Vacuum.", "img": "https://www.wikihow.com/images/thumb/7/7f/Clean-a-Mattress-Step-4-Version-2.jpg/v4-460px-Clean-a-Mattress-Step-4-Version-2.jpg", "vid": null}, "5": {"text": "Address fresh spills.", "img": "https://www.wikihow.com/images/thumb/f/f0/Clean-a-Mattress-Step-5-Version-2.jpg/v4-460px-Clean-a-Mattress-Step-5-Version-2.jpg", "vid": null}, "6": {"text": "Spot clean stains.", "img": "https://www.wikihow.com/images/thumb/7/77/Clean-a-Mattress-Step-6-Version-2.jpg/v4-460px-Clean-a-Mattress-Step-6-Version-2.jpg", "vid": null}, "7": {"text": "Clean biological stains with enzyme cleaner.", "img": "https://www.wikihow.com/images/thumb/3/35/Clean-a-Mattress-Step-7-Version-2.jpg/v4-460px-Clean-a-Mattress-Step-7-Version-2.jpg", "vid": null}, "8": {"text": "Sprinkle baking soda over the mattress.", "img": "https://www.wikihow.com/images/thumb/c/c6/Clean-a-Mattress-Step-8-Version-2.jpg/v4-460px-Clean-a-Mattress-Step-8-Version-2.jpg", "vid": null}, "9": {"text": "Give the baking soda time to absorb odors.", "img": "https://www.wikihow.com/images/thumb/b/ba/Clean-a-Mattress-Step-9-Version-2.jpg/v4-460px-Clean-a-Mattress-Step-9-Version-2.jpg", "vid": null}, "10": {"text": "Vacuum the mattress again.", "img": "https://www.wikihow.com/images/thumb/3/3e/Clean-a-Mattress-Step-10-Version-2.jpg/v4-460px-Clean-a-Mattress-Step-10-Version-2.jpg", "vid": null}, "11": {"text": "Let the mattress air out.", "img": "https://www.wikihow.com/images/thumb/3/37/Clean-a-Mattress-Step-11-Version-2.jpg/v4-460px-Clean-a-Mattress-Step-11-Version-2.jpg", "vid": null}, "12": {"text": "Flip or rotate the mattress.", "img": "https://www.wikihow.com/images/thumb/e/e4/Clean-a-Mattress-Step-12-Version-2.jpg/v4-460px-Clean-a-Mattress-Step-12-Version-2.jpg", "vid": null}, "13": {"text": "Apply a mattress protector.", "img": "https://www.wikihow.com/images/thumb/d/d3/Clean-a-Mattress-Step-13-Version-2.jpg/v4-460px-Clean-a-Mattress-Step-13-Version-2.jpg", "vid": null}, "14": {"text": "Make the bed.", "img": "https://www.wikihow.com/images/thumb/2/2d/Clean-a-Mattress-Step-14-Version-3.jpg/v4-460px-Clean-a-Mattress-Step-14-Version-3.jpg", "vid": null}}