{"video_url": "https://www.youtube.com/embed/PH5jWTI1tsE?showinfo=0", "1": {"text": "Leave your record on the turntable.", "img": "https://www.wikihow.com/images/thumb/0/02/Clean-Vinyl-Records-Step-1.jpg/v4-460px-Clean-Vinyl-Records-Step-1.jpg", "vid": null}, "2": {"text": "Remove debris with canned air.", "img": null, "vid": "/d/d0/Clean Vinyl Records Step 2.360p.mp4"}, "3": {"text": "Dust with a microfiber cloth.", "img": null, "vid": "/8/83/Clean Vinyl Records Step 3.360p.mp4"}, "4": {"text": "Use a carbon fiber brush.", "img": null, "vid": "/d/d5/Clean Vinyl Records Step 4.360p.mp4"}, "5": {"text": "Use a record cleaning arm.", "img": "https://www.wikihow.com/images/thumb/6/60/Clean-Vinyl-Records-Step-5.jpg/v4-460px-Clean-Vinyl-Records-Step-5.jpg", "vid": null}, "6": {"text": "Use a static gun.", "img": "https://www.wikihow.com/images/thumb/a/a2/Clean-Vinyl-Records-Step-6.jpg/v4-460px-Clean-Vinyl-Records-Step-6.jpg", "vid": null}, "7": {"text": "Use a sticky roller.", "img": null, "vid": "/0/07/Clean Vinyl Records Step 7.360p.mp4"}, "8": {"text": "Make your own cleaning solution.", "img": null, "vid": "/f/f9/Clean Vinyl Records Step 8.360p.mp4"}, "9": {"text": "Use a prepackaged solution.", "img": "https://www.wikihow.com/images/thumb/7/76/Clean-Vinyl-Records-Step-9.jpg/v4-460px-Clean-Vinyl-Records-Step-9.jpg", "vid": null}, "10": {"text": "Place the record on a cleaning mat.", "img": null, "vid": "/3/3e/Clean Vinyl Records Step 10.360p.mp4"}, "11": {"text": "Drizzle the liquid over the record.", "img": null, "vid": "/b/b7/Clean Vinyl Records Step 11.360p.mp4"}, "12": {"text": "Wipe with a microfiber towel.", "img": null, "vid": "/2/25/Clean Vinyl Records Step 12.360p.mp4"}, "13": {"text": "Use a manual cleaning machine.", "img": null, "vid": null}, "14": {"text": "Keep your records dry.", "img": "https://www.wikihow.com/images/thumb/6/6b/Clean-Vinyl-Records-Step-14.jpg/v4-460px-Clean-Vinyl-Records-Step-14.jpg", "vid": null}, "15": {"text": "Touch them carefully.", "img": "https://www.wikihow.com/images/thumb/d/db/Clean-Vinyl-Records-Step-15.jpg/v4-460px-Clean-Vinyl-Records-Step-15.jpg", "vid": null}, "16": {"text": "Place them in archival sleeves.", "img": "https://www.wikihow.com/images/thumb/6/66/Clean-Vinyl-Records-Step-16.jpg/v4-460px-Clean-Vinyl-Records-Step-16.jpg", "vid": null}, "17": {"text": "Store them vertically.", "img": "https://www.wikihow.com/images/thumb/8/8e/Clean-Vinyl-Records-Step-17.jpg/v4-460px-Clean-Vinyl-Records-Step-17.jpg", "vid": null}}