{"video_url": "https://www.youtube.com/embed/BHwSt6cvNFY?showinfo=0", "1": {"text": "Locate your vacuum\u2019s serial number.", "img": "https://www.wikihow.com/images/thumb/4/4e/Clean-a-Dyson-Filter-Step-1.jpg/v4-460px-Clean-a-Dyson-Filter-Step-1.jpg", "vid": null}, "2": {"text": "Select your model on Dyson\u2019s support site.", "img": "https://www.wikihow.com/images/thumb/b/b9/Clean-a-Dyson-Filter-Step-2.jpg/v4-460px-Clean-a-Dyson-Filter-Step-2.jpg", "vid": null}, "3": {"text": "Check the manufacturer\u2019s recommendations.", "img": "https://www.wikihow.com/images/thumb/6/63/Clean-a-Dyson-Filter-Step-3.jpg/v4-460px-Clean-a-Dyson-Filter-Step-3.jpg", "vid": null}, "4": {"text": "Disconnect from any power source.", "img": "https://www.wikihow.com/images/thumb/5/5e/Clean-a-Dyson-Filter-Step-4.jpg/v4-460px-Clean-a-Dyson-Filter-Step-4.jpg", "vid": null}, "5": {"text": "Remove the filter.", "img": "https://www.wikihow.com/images/thumb/a/a7/Clean-a-Dyson-Filter-Step-5.jpg/v4-460px-Clean-a-Dyson-Filter-Step-5.jpg", "vid": null}, "6": {"text": "Soak the filter, if applicable.", "img": "https://www.wikihow.com/images/thumb/e/e9/Clean-a-Dyson-Filter-Step-6.jpg/v4-460px-Clean-a-Dyson-Filter-Step-6.jpg", "vid": null}, "7": {"text": "Rinse the filter under cold water.", "img": "https://www.wikihow.com/images/thumb/6/63/Clean-a-Dyson-Filter-Step-7.jpg/v4-460px-Clean-a-Dyson-Filter-Step-7.jpg", "vid": null}, "8": {"text": "Tap off the excess water.", "img": "https://www.wikihow.com/images/thumb/a/a6/Clean-a-Dyson-Filter-Step-8.jpg/v4-460px-Clean-a-Dyson-Filter-Step-8.jpg", "vid": null}, "9": {"text": "Lay the filter in a warm, dry place.", "img": "https://www.wikihow.com/images/thumb/0/01/Clean-a-Dyson-Filter-Step-9.jpg/v4-460px-Clean-a-Dyson-Filter-Step-9.jpg", "vid": null}, "10": {"text": "Allow the filter to dry completely.", "img": "https://www.wikihow.com/images/thumb/1/10/Clean-a-Dyson-Filter-Step-10.jpg/v4-460px-Clean-a-Dyson-Filter-Step-10.jpg", "vid": null}}