{"video_url": "https://www.youtube.com/embed/ODw1aIDHpFU?showinfo=0", "1": {"text": "Wipe off your shoes with a damp cloth.", "img": "https://www.wikihow.com/images/thumb/8/81/Clean-Shoes-with-a-Toothbrush-Step-1.jpg/v4-460px-Clean-Shoes-with-a-Toothbrush-Step-1.jpg", "vid": null}, "2": {"text": "Mix 1 teaspoon (4.9\u00a0mL) of laundry detergent with 1 cup (240\u00a0mL) of water.", "img": null, "vid": "/9/9b/Clean Shoes with a Toothbrush Step 2.360p.mp4"}, "3": {"text": "Dip your toothbrush in the mix and scrub the soles of your shoes.", "img": null, "vid": "/c/c0/Clean Shoes with a Toothbrush Step 3.360p.mp4"}, "4": {"text": "Wipe off the soles of your shoes with a towel.", "img": "https://www.wikihow.com/images/thumb/9/9c/Clean-Shoes-with-a-Toothbrush-Step-4.jpg/v4-460px-Clean-Shoes-with-a-Toothbrush-Step-4.jpg", "vid": null}, "5": {"text": "Mix 1 teaspoon (4.9\u00a0mL) of detergent with 1 cup (240\u00a0mL) of water.", "img": null, "vid": "/6/6c/Clean Shoes with a Toothbrush Step 5.360p.mp4"}, "6": {"text": "Dip a clean toothbrush in the mixture and spot scrub your shoes.", "img": null, "vid": "/0/0c/Clean Shoes with a Toothbrush Step 6.360p.mp4"}, "7": {"text": "Use a damp sponge to wipe off the soap.", "img": null, "vid": "/a/a1/Clean Shoes with a Toothbrush Step 7.360p.mp4"}, "8": {"text": "Let your shoes air dry.", "img": "https://www.wikihow.com/images/thumb/8/83/Clean-Shoes-with-a-Toothbrush-Step-8.jpg/v4-460px-Clean-Shoes-with-a-Toothbrush-Step-8.jpg", "vid": null}, "9": {"text": "Mix 1 part bleach and 5 parts water together.", "img": null, "vid": "/e/e1/Clean Shoes with a Toothbrush Step 9.360p.mp4"}, "10": {"text": "Dip a clean toothbrush into your mixture and scrub your shoes.", "img": "https://www.wikihow.com/images/thumb/c/c6/Clean-Shoes-with-a-Toothbrush-Step-10.jpg/v4-460px-Clean-Shoes-with-a-Toothbrush-Step-10.jpg", "vid": null}, "11": {"text": "Rinse your shoes with warm water.", "img": null, "vid": "/f/f5/Clean Shoes with a Toothbrush Step 11.360p.mp4"}, "12": {"text": "Let your shoes air dry before using them.", "img": "https://www.wikihow.com/images/thumb/2/2a/Clean-Shoes-with-a-Toothbrush-Step-12.jpg/v4-460px-Clean-Shoes-with-a-Toothbrush-Step-12.jpg", "vid": null}}