{"video_url": "https://www.youtube.com/embed/SbK1zz-7aCE", "1": {"text": "Hold the glass carefully by the bowl and not by the stem.", "img": "https://www.wikihow.com/images/thumb/3/38/Clean-Wine-Glasses-Step-1-Version-3.jpg/v4-460px-Clean-Wine-Glasses-Step-1-Version-3.jpg", "vid": null}, "2": {"text": "Rinse the glasses in lukewarm to hot water.", "img": "https://www.wikihow.com/images/thumb/9/95/Clean-Wine-Glasses-Step-2-Version-3.jpg/v4-460px-Clean-Wine-Glasses-Step-2-Version-3.jpg", "vid": null}, "3": {"text": "Wipe the glass clean with a long-handled sponge.", "img": "https://www.wikihow.com/images/thumb/5/59/Clean-Wine-Glasses-Step-3-Version-3.jpg/v4-460px-Clean-Wine-Glasses-Step-3-Version-3.jpg", "vid": null}, "4": {"text": "Use a mild, odorless dish soap if needed.", "img": "https://www.wikihow.com/images/thumb/b/b6/Clean-Wine-Glasses-Step-4-Version-3.jpg/v4-460px-Clean-Wine-Glasses-Step-4-Version-3.jpg", "vid": null}, "5": {"text": "Rinse each glass well, inside and out, with hot water.", "img": "https://www.wikihow.com/images/thumb/f/f8/Clean-Wine-Glasses-Step-5-Version-3.jpg/v4-460px-Clean-Wine-Glasses-Step-5-Version-3.jpg", "vid": null}, "6": {"text": "Place the wine glass upside down on a soft towel so that it can air dry.", "img": "https://www.wikihow.com/images/thumb/c/c7/Clean-Wine-Glasses-Step-6-Version-3.jpg/v4-460px-Clean-Wine-Glasses-Step-6-Version-3.jpg", "vid": null}, "7": {"text": "Dry the glasses with a soft, lint-free towel if you live in an area that has hard water.", "img": "https://www.wikihow.com/images/thumb/8/83/Clean-Wine-Glasses-Step-7-Version-3.jpg/v4-460px-Clean-Wine-Glasses-Step-7-Version-3.jpg", "vid": null}, "8": {"text": "Know that some stains may be permanent.", "img": "https://www.wikihow.com/images/thumb/3/32/Clean-Wine-Glasses-Step-8-Version-2.jpg/v4-460px-Clean-Wine-Glasses-Step-8-Version-2.jpg", "vid": null}, "9": {"text": "Choose short-stemmed wine glasses made out of glass.", "img": "https://www.wikihow.com/images/thumb/4/4d/Clean-Wine-Glasses-Step-9-Version-2.jpg/v4-460px-Clean-Wine-Glasses-Step-9-Version-2.jpg", "vid": null}, "10": {"text": "Plan on washing the glasses separate from the rest of your dishes.", "img": "https://www.wikihow.com/images/thumb/7/7a/Clean-Wine-Glasses-Step-10-Version-2.jpg/v4-460px-Clean-Wine-Glasses-Step-10-Version-2.jpg", "vid": null}, "11": {"text": "Place the glasses upside down on the top rack, and space them so that they are not touching.", "img": "https://www.wikihow.com/images/thumb/6/6d/Clean-Wine-Glasses-Step-11.jpg/v4-460px-Clean-Wine-Glasses-Step-11.jpg", "vid": null}, "12": {"text": "Use a small amount of odorless detergent.", "img": "https://www.wikihow.com/images/thumb/1/19/Clean-Wine-Glasses-Step-12.jpg/v4-460px-Clean-Wine-Glasses-Step-12.jpg", "vid": null}, "13": {"text": "Use a short, gentle cycle.", "img": "https://www.wikihow.com/images/thumb/3/3b/Clean-Wine-Glasses-Step-13.jpg/v4-460px-Clean-Wine-Glasses-Step-13.jpg", "vid": null}, "14": {"text": "Skip the drying cycle.", "img": "https://www.wikihow.com/images/thumb/e/e9/Clean-Wine-Glasses-Step-14.jpg/v4-460px-Clean-Wine-Glasses-Step-14.jpg", "vid": null}, "15": {"text": "Dry the glasses by hand if you live in an area with hard water.", "img": "https://www.wikihow.com/images/thumb/8/81/Clean-Wine-Glasses-Step-15.jpg/v4-460px-Clean-Wine-Glasses-Step-15.jpg", "vid": null}, "16": {"text": "Bring a pot of water to a boil over the stove.", "img": "https://www.wikihow.com/images/thumb/8/80/Clean-Wine-Glasses-Step-16.jpg/v4-460px-Clean-Wine-Glasses-Step-16.jpg", "vid": null}, "17": {"text": "Hold the wine glass upside down above the water.", "img": "https://www.wikihow.com/images/thumb/b/b0/Clean-Wine-Glasses-Step-17.jpg/v4-460px-Clean-Wine-Glasses-Step-17.jpg", "vid": null}, "18": {"text": "Wait until the steam covers the wine glass.", "img": "https://www.wikihow.com/images/thumb/9/94/Clean-Wine-Glasses-Step-18.jpg/v4-460px-Clean-Wine-Glasses-Step-18.jpg", "vid": null}, "19": {"text": "Wait a few moments, then take the glass away.", "img": "https://www.wikihow.com/images/thumb/f/ff/Clean-Wine-Glasses-Step-19.jpg/v4-460px-Clean-Wine-Glasses-Step-19.jpg", "vid": null}, "20": {"text": "Wipe the wine glass off with a soft, lint-free towel.", "img": "https://www.wikihow.com/images/thumb/f/ff/Clean-Wine-Glasses-Step-20.jpg/v4-460px-Clean-Wine-Glasses-Step-20.jpg", "vid": null}, "21": {"text": "Line the bottom of plastic container with a soft cloth.", "img": "https://www.wikihow.com/images/thumb/4/46/Clean-Wine-Glasses-Step-21.jpg/v4-460px-Clean-Wine-Glasses-Step-21.jpg", "vid": null}, "22": {"text": "Fill the bowl with warm water.", "img": "https://www.wikihow.com/images/thumb/9/9b/Clean-Wine-Glasses-Step-22.jpg/v4-460px-Clean-Wine-Glasses-Step-22.jpg", "vid": null}, "23": {"text": "Add five tablespoons of white vinegar.", "img": "https://www.wikihow.com/images/thumb/b/b7/Clean-Wine-Glasses-Step-23.jpg/v4-460px-Clean-Wine-Glasses-Step-23.jpg", "vid": null}, "24": {"text": "Lay the wine glass down in the container.", "img": "https://www.wikihow.com/images/thumb/4/49/Clean-Wine-Glasses-Step-24.jpg/v4-460px-Clean-Wine-Glasses-Step-24.jpg", "vid": null}, "25": {"text": "Wait one to two hours before removing the wine glass.", "img": "https://www.wikihow.com/images/thumb/b/b1/Clean-Wine-Glasses-Step-25.jpg/v4-460px-Clean-Wine-Glasses-Step-25.jpg", "vid": null}, "26": {"text": "Rinse the glass using fresh water.", "img": "https://www.wikihow.com/images/thumb/b/bb/Clean-Wine-Glasses-Step-26.jpg/v4-460px-Clean-Wine-Glasses-Step-26.jpg", "vid": null}, "27": {"text": "Set the wine glass upside down on a soft, lint-free cloth to air dry.", "img": "https://www.wikihow.com/images/thumb/6/6f/Clean-Wine-Glasses-Step-27.jpg/v4-460px-Clean-Wine-Glasses-Step-27.jpg", "vid": null}}