{"video_url": "https://www.youtube.com/embed/h22pRtmiHmM?showinfo=0", "1": {"text": "Open the conversation.", "img": "https://www.wikihow.com/images/thumb/a/af/Comfort-Someone-Who-Is-Sad-Step-1-Version-2.jpg/v4-460px-Comfort-Someone-Who-Is-Sad-Step-1-Version-2.jpg", "vid": null}, "2": {"text": "Tell it like it is.", "img": "https://www.wikihow.com/images/thumb/d/d1/Comfort-Someone-Who-Is-Sad-Step-2-Version-2.jpg/v4-460px-Comfort-Someone-Who-Is-Sad-Step-2-Version-2.jpg", "vid": null}, "3": {"text": "Ask how they're feeling.", "img": "https://www.wikihow.com/images/thumb/2/20/Comfort-Someone-Who-Is-Sad-Step-3-Version-2.jpg/v4-460px-Comfort-Someone-Who-Is-Sad-Step-3-Version-2.jpg", "vid": null}, "4": {"text": "Keep the attention on them.", "img": "https://www.wikihow.com/images/thumb/3/33/Comfort-Someone-Who-Is-Sad-Step-4-Version-2.jpg/v4-460px-Comfort-Someone-Who-Is-Sad-Step-4-Version-2.jpg", "vid": null}, "5": {"text": "Don't try to turn the conversation instantly positive.", "img": "https://www.wikihow.com/images/thumb/d/d2/Comfort-Someone-Who-Is-Sad-Step-5-Version-2.jpg/v4-460px-Comfort-Someone-Who-Is-Sad-Step-5-Version-2.jpg", "vid": null}, "6": {"text": "Understand the person wants to be heard.", "img": "https://www.wikihow.com/images/thumb/5/57/Comfort-Someone-Who-Is-Sad-Step-6.jpg/v4-460px-Comfort-Someone-Who-Is-Sad-Step-6.jpg", "vid": null}, "7": {"text": "Show you understand.", "img": "https://www.wikihow.com/images/thumb/a/af/Comfort-Someone-Who-Is-Sad-Step-7.jpg/v4-460px-Comfort-Someone-Who-Is-Sad-Step-7.jpg", "vid": null}, "8": {"text": "Don't get distracted.", "img": "https://www.wikihow.com/images/thumb/b/b2/Comfort-Someone-Who-Is-Sad-Step-8.jpg/v4-460px-Comfort-Someone-Who-Is-Sad-Step-8.jpg", "vid": null}, "9": {"text": "Use body language to show you are listening.", "img": "https://www.wikihow.com/images/thumb/b/b5/Comfort-Someone-Who-Is-Sad-Step-9.jpg/v4-460px-Comfort-Someone-Who-Is-Sad-Step-9.jpg", "vid": null}, "10": {"text": "Acknowledge your helplessness.", "img": "https://www.wikihow.com/images/thumb/3/3a/Comfort-Someone-Who-Is-Sad-Step-10.jpg/v4-460px-Comfort-Someone-Who-Is-Sad-Step-10.jpg", "vid": null}, "11": {"text": "Offer a hug.", "img": "https://www.wikihow.com/images/thumb/4/46/Comfort-Someone-Who-Is-Sad-Step-11.jpg/v4-460px-Comfort-Someone-Who-Is-Sad-Step-11.jpg", "vid": null}, "12": {"text": "Ask about next steps.", "img": "https://www.wikihow.com/images/thumb/1/17/Comfort-Someone-Who-Is-Sad-Step-12.jpg/v4-460px-Comfort-Someone-Who-Is-Sad-Step-12.jpg", "vid": null}, "13": {"text": "Bring up therapy.", "img": "https://www.wikihow.com/images/thumb/1/13/Comfort-Someone-Who-Is-Sad-Step-13.jpg/v4-460px-Comfort-Someone-Who-Is-Sad-Step-13.jpg", "vid": null}, "14": {"text": "Ask if you can do anything.", "img": "https://www.wikihow.com/images/thumb/a/ab/Comfort-Someone-Who-Is-Sad-Step-14.jpg/v4-460px-Comfort-Someone-Who-Is-Sad-Step-14.jpg", "vid": null}, "15": {"text": "Be sincere.", "img": "https://www.wikihow.com/images/thumb/e/eb/Comfort-Someone-Who-Is-Sad-Step-15.jpg/v4-460px-Comfort-Someone-Who-Is-Sad-Step-15.jpg", "vid": null}, "16": {"text": "Check in again.", "img": "https://www.wikihow.com/images/thumb/f/f4/Comfort-Someone-Who-Is-Sad-Step-16.jpg/v4-460px-Comfort-Someone-Who-Is-Sad-Step-16.jpg", "vid": null}}