{"video_url": "https://www.youtube.com/embed/0TZpY4eclZo?showinfo=0", "1": {"text": "Select the part of the Excel spreadsheet you want to convert to PDF (optional).", "img": "https://www.wikihow.com/images/thumb/9/93/Convert-Excel-to-PDF-Step-1-Version-9.jpg/v4-460px-Convert-Excel-to-PDF-Step-1-Version-9.jpg", "vid": null}, "2": {"text": "Click the \"File\" tab.", "img": null, "vid": "/0/0e/Convert Excel to PDF Step 2 Version 7.360p.mp4"}, "3": {"text": "Click \"Export\".", "img": null, "vid": "/0/0e/Convert Excel to PDF Step 3 Version 6.360p.mp4"}, "4": {"text": "Click \"Create PDF/XPS\".", "img": "https://www.wikihow.com/images/thumb/4/41/Convert-Excel-to-PDF-Step-4-Version-8.jpg/v4-460px-Convert-Excel-to-PDF-Step-4-Version-8.jpg", "vid": null}, "5": {"text": "Click the .", "img": "https://www.wikihow.com/images/thumb/8/81/Convert-Excel-to-PDF-Step-5-Version-8.jpg/v4-460px-Convert-Excel-to-PDF-Step-5-Version-8.jpg", "vid": null}, "6": {"text": "Select what gets included in the PDF.", "img": "https://www.wikihow.com/images/thumb/8/8f/Convert-Excel-to-PDF-Step-6-Version-7.jpg/v4-460px-Convert-Excel-to-PDF-Step-6-Version-7.jpg", "vid": null}, "7": {"text": "Choose your optimization (optional).", "img": null, "vid": "/2/24/Convert Excel to PDF Step 7 Version 6.360p.mp4"}, "8": {"text": "Name and save the file.", "img": "https://www.wikihow.com/images/thumb/c/cd/Convert-Excel-to-PDF-Step-8-Version-7.jpg/v4-460px-Convert-Excel-to-PDF-Step-8-Version-7.jpg", "vid": null}, "9": {"text": "Review the PDF.", "img": null, "vid": "/3/3f/Convert Excel to PDF Step 9 Version 6.360p.mp4"}, "10": {"text": "Ensure that the headers and footers on all of your sheets are the same (optional).", "img": null, "vid": "/0/08/Convert Excel to PDF Step 10 Version 5.360p.mp4"}, "11": {"text": "Select the part of the Excel spreadsheet you want to convert to PDF (optional).", "img": null, "vid": "/4/43/Convert Excel to PDF Step 11 Version 6.360p.mp4"}, "12": {"text": "Click the File menu and select \"Save As\".", "img": null, "vid": "/5/5d/Convert Excel to PDF Step 12 Version 6.360p.mp4"}, "13": {"text": "Click the Format pull-down menu and select \"PDF\".", "img": null, "vid": "/c/c0/Convert Excel to PDF Step 13 Version 6.360p.mp4"}, "14": {"text": "Select what gets included in the PDF.", "img": null, "vid": "/c/cb/Convert Excel to PDF Step 14 Version 6.360p.mp4"}, "15": {"text": "Click .", "img": null, "vid": "/d/d9/Convert Excel to PDF Step 15 Version 6.360p.mp4"}, "16": {"text": "Join the separate PDF files (if necessary).", "img": "https://www.wikihow.com/images/thumb/9/9b/Convert-Excel-to-PDF-Step-16-Version-7.jpg/v4-460px-Convert-Excel-to-PDF-Step-16-Version-7.jpg", "vid": null}, "17": {"text": "Review the PDF.", "img": null, "vid": "/a/af/Convert Excel to PDF Step 17 Version 6.360p.mp4"}}