{"video_url": "https://www.youtube.com/embed/W2y08tniQ7o", "1": {"text": "Write the number of feet.", "img": "https://www.wikihow.com/images/thumb/b/b8/Convert-Feet-to-Inches-Step-1-Version-3.jpg/v4-460px-Convert-Feet-to-Inches-Step-1-Version-3.jpg", "vid": null}, "2": {"text": "Multiply the number of feet by 12.", "img": "https://www.wikihow.com/images/thumb/f/fa/Convert-Feet-to-Inches-Step-2-Version-3.jpg/v4-460px-Convert-Feet-to-Inches-Step-2-Version-3.jpg", "vid": null}, "3": {"text": "Label your answer in inches.", "img": "https://www.wikihow.com/images/thumb/8/86/Convert-Feet-to-Inches-Step-3-Version-2.jpg/v4-460px-Convert-Feet-to-Inches-Step-3-Version-2.jpg", "vid": null}, "4": {"text": "To get inches back to feet, divide by twelve.", "img": "https://www.wikihow.com/images/thumb/a/a7/Convert-Feet-to-Inches-Step-4-Version-2.jpg/v4-460px-Convert-Feet-to-Inches-Step-4-Version-2.jpg", "vid": null}, "5": {"text": "Write the number of feet.", "img": "https://www.wikihow.com/images/thumb/7/70/Convert-Feet-to-Inches-Step-5-Version-2.jpg/v4-460px-Convert-Feet-to-Inches-Step-5-Version-2.jpg", "vid": null}, "6": {"text": "Multiply the number of feet by 12.", "img": "https://www.wikihow.com/images/thumb/3/3f/Convert-Feet-to-Inches-Step-6-Version-2.jpg/v4-460px-Convert-Feet-to-Inches-Step-6-Version-2.jpg", "vid": null}, "7": {"text": "Add the remaining inches.", "img": "https://www.wikihow.com/images/thumb/e/e0/Convert-Feet-to-Inches-Step-7-Version-2.jpg/v4-460px-Convert-Feet-to-Inches-Step-7-Version-2.jpg", "vid": null}, "8": {"text": "Divide by 12 and use the remainder to get back to feet and inches.", "img": "https://www.wikihow.com/images/thumb/b/b5/Convert-Feet-to-Inches-Step-8-Version-2.jpg/v4-460px-Convert-Feet-to-Inches-Step-8-Version-2.jpg", "vid": null}}