{"video_url": "https://www.youtube.com/embed/cWlKjd5uFFw?showinfo=0", "1": {"text": "Bring 5 cups (1,200\u00a0ml) of water to a boil over high heat.", "img": "https://www.wikihow.com/images/thumb/0/09/Cook-Small-Tapioca-Pearls-Step-1.jpg/v4-460px-Cook-Small-Tapioca-Pearls-Step-1.jpg", "vid": null}, "2": {"text": "Uncover the pot and pour in the small tapioca pearls.", "img": null, "vid": "/5/5e/Cook Small Tapioca Pearls Step 2.360p.mp4"}, "3": {"text": "Cover the pot and turn the burner to medium.", "img": null, "vid": "/a/a5/Cook Small Tapioca Pearls Step 3.360p.mp4"}, "4": {"text": "Simmer the tapioca pearls for 8 to 13 minutes.", "img": null, "vid": "/7/7b/Cook Small Tapioca Pearls Step 4.360p.mp4"}, "5": {"text": "Turn off the burner and stir the tapioca pearls.", "img": null, "vid": "/1/17/Cook Small Tapioca Pearls Step 5.360p.mp4"}, "6": {"text": "Pour the pearls into a strainer under cold running water.", "img": "https://www.wikihow.com/images/thumb/e/e2/Cook-Small-Tapioca-Pearls-Step-6.jpg/v4-460px-Cook-Small-Tapioca-Pearls-Step-6.jpg", "vid": null}, "7": {"text": "Rest the pearls for 5 minutes before using them.", "img": "https://www.wikihow.com/images/thumb/d/d8/Cook-Small-Tapioca-Pearls-Step-7.jpg/v4-460px-Cook-Small-Tapioca-Pearls-Step-7.jpg", "vid": null}, "8": {"text": "Put the tapioca, milk, and salt, into a saucepan.", "img": null, "vid": "/3/35/Cook Small Tapioca Pearls Step 8.360p.mp4"}, "9": {"text": "Soak the tapioca pearls for 5 to 30 minutes.", "img": "https://www.wikihow.com/images/thumb/c/cd/Cook-Small-Tapioca-Pearls-Step-9.jpg/v4-460px-Cook-Small-Tapioca-Pearls-Step-9.jpg", "vid": null}, "10": {"text": "Turn the burner to medium-high and stir the mixture.", "img": "https://www.wikihow.com/images/thumb/a/a3/Cook-Small-Tapioca-Pearls-Step-10.jpg/v4-460px-Cook-Small-Tapioca-Pearls-Step-10.jpg", "vid": null}, "11": {"text": "Reduce the burner to low and stir in the sugar.", "img": null, "vid": "/c/ca/Cook Small Tapioca Pearls Step 11.360p.mp4"}, "12": {"text": "Cook the tapioca for 5 to 45 minutes.", "img": "https://www.wikihow.com/images/thumb/e/e6/Cook-Small-Tapioca-Pearls-Step-12.jpg/v4-460px-Cook-Small-Tapioca-Pearls-Step-12.jpg", "vid": null}, "13": {"text": "Whisk 2 eggs with 1\u20442 cup (120\u00a0ml) of hot milk and stir it into the pudding.", "img": null, "vid": "/d/d4/Cook Small Tapioca Pearls Step 13.360p.mp4"}, "14": {"text": "Stir the egg mixture into the pudding and cook it for 3 to 5 minutes.", "img": "https://www.wikihow.com/images/thumb/c/cb/Cook-Small-Tapioca-Pearls-Step-14.jpg/v4-460px-Cook-Small-Tapioca-Pearls-Step-14.jpg", "vid": null}, "15": {"text": "Add 1 teaspoon (4.9\u00a0ml) of vanilla and serve the tapioca pudding.", "img": null, "vid": "/d/d4/Cook Small Tapioca Pearls Step 15.360p.mp4"}}