{"video_url": "https://www.youtube.com/embed/6Ee0IEgFnWI?showinfo=0", "1": {"text": "Defrost the roast for up to 2 days in the refrigerator.", "img": "https://www.wikihow.com/images/thumb/a/a6/Cook-a-Top-Round-Roast-Step-1-Version-4.jpg/v4-460px-Cook-a-Top-Round-Roast-Step-1-Version-4.jpg", "vid": null}, "2": {"text": "Remove the roast from the refrigerator an hour ahead of time.", "img": "https://www.wikihow.com/images/thumb/5/57/Cook-a-Top-Round-Roast-Step-2-Version-4.jpg/v4-460px-Cook-a-Top-Round-Roast-Step-2-Version-4.jpg", "vid": null}, "3": {"text": "Mix all ingredients besides the roast in a separate bowl.", "img": null, "vid": "/1/16/Cook a Top Round Roast Step 3 Version 3.360p.mp4"}, "4": {"text": "Rub the entire surface of the top round roast with the paste.", "img": "https://www.wikihow.com/images/thumb/b/bd/Cook-a-Top-Round-Roast-Step-4-Version-4.jpg/v4-460px-Cook-a-Top-Round-Roast-Step-4-Version-4.jpg", "vid": null}, "5": {"text": "Preheat your oven to 325\u00a0\u00b0F (163\u00a0\u00b0C).", "img": "https://www.wikihow.com/images/thumb/9/92/Cook-a-Top-Round-Roast-Step-5-Version-4.jpg/v4-460px-Cook-a-Top-Round-Roast-Step-5-Version-4.jpg", "vid": null}, "6": {"text": "Place the roast in a roasting pan with the fat side up.", "img": null, "vid": "/e/e5/Cook a Top Round Roast Step 6 Version 3.360p.mp4"}, "7": {"text": "Multiply the weight of the roast by 21 minutes to find your cooking time.", "img": "https://www.wikihow.com/images/thumb/4/45/Cook-a-Top-Round-Roast-Step-7-Version-4.jpg/v4-460px-Cook-a-Top-Round-Roast-Step-7-Version-4.jpg", "vid": null}, "8": {"text": "Place the meat on a center rack in your oven.", "img": "https://www.wikihow.com/images/thumb/2/29/Cook-a-Top-Round-Roast-Step-8-Version-4.jpg/v4-460px-Cook-a-Top-Round-Roast-Step-8-Version-4.jpg", "vid": null}, "9": {"text": "Cook the roast in the oven for about 1 \u00bc hours.", "img": "https://www.wikihow.com/images/thumb/b/ba/Cook-a-Top-Round-Roast-Step-9-Version-4.jpg/v4-460px-Cook-a-Top-Round-Roast-Step-9-Version-4.jpg", "vid": null}, "10": {"text": "Use a thermometer to test the roast for a temperature of 135\u00a0\u00b0F (57\u00a0\u00b0C).", "img": null, "vid": "/2/2f/Cook a Top Round Roast Step 10 Version 2.360p.mp4"}, "11": {"text": "Take the roast out of the oven before it finishes cooking.", "img": "https://www.wikihow.com/images/thumb/e/e6/Cook-a-Top-Round-Roast-Step-11-Version-4.jpg/v4-460px-Cook-a-Top-Round-Roast-Step-11-Version-4.jpg", "vid": null}, "12": {"text": "Tent the roast in foil and leave it on your counter.", "img": null, "vid": "/e/ee/Cook a Top Round Roast Step 12 Version 3.360p.mp4"}, "13": {"text": "Allow the roast to rest for 15 minutes before carving.", "img": "https://www.wikihow.com/images/thumb/e/e2/Cook-a-Top-Round-Roast-Step-13-Version-4.jpg/v4-460px-Cook-a-Top-Round-Roast-Step-13-Version-4.jpg", "vid": null}, "14": {"text": "Cut the meat into thick slices against the grain.", "img": null, "vid": "/c/c4/Cook a Top Round Roast Step 14 Version 3.360p.mp4"}, "15": {"text": "Store leftovers in airtight containers in the refrigerator or freezer.", "img": null, "vid": "/1/1c/Cook a Top Round Roast Step 15 Version 3.360p.mp4"}}