{"video_url": "https://www.youtube.com/embed/kSf-WKJ2_F0?showinfo=0", "1": {"text": "Choose the freshest leeks.", "img": "https://www.wikihow.com/images/thumb/c/c2/Cook-Leeks-Step-1-Version-3.jpg/v4-460px-Cook-Leeks-Step-1-Version-3.jpg", "vid": null}, "2": {"text": "Cut the leeks.", "img": null, "vid": "/b/bb/Cook Leeks Step 2 Version 3.360p.mp4"}, "3": {"text": "Thoroughly rinse the leeks under cool, running water.", "img": "https://www.wikihow.com/images/thumb/3/30/Cook-Leeks-Step-3-Version-3.jpg/v4-460px-Cook-Leeks-Step-3-Version-3.jpg", "vid": null}, "4": {"text": "Heat 3 tbsp.", "img": null, "vid": "/b/b8/Cook Leeks Step 4 Version 3.360p.mp4"}, "5": {"text": "Place 1 lb.", "img": null, "vid": "/1/12/Cook Leeks Step 5 Version 3.360p.mp4"}, "6": {"text": "Drain the excess broth and toss the leeks with olive oil and lemon juice.", "img": null, "vid": "/4/44/Cook Leeks Step 6 Version 3.360p.mp4"}, "7": {"text": "Serve.", "img": "https://www.wikihow.com/images/thumb/a/a1/Cook-Leeks-Step-7-Version-3.jpg/v4-460px-Cook-Leeks-Step-7-Version-3.jpg", "vid": null}, "8": {"text": "Heat 1 tbsp.", "img": "https://www.wikihow.com/images/thumb/e/e7/Cook-Leeks-Step-8-Version-3.jpg/v4-460px-Cook-Leeks-Step-8-Version-3.jpg", "vid": null}, "9": {"text": "Place the sliced leeks in the hot oil and fry them.", "img": null, "vid": "/0/04/Cook Leeks Step 9 Version 3.360p.mp4"}, "10": {"text": "Serve.", "img": "https://www.wikihow.com/images/thumb/4/48/Cook-Leeks-Step-10-Version-3.jpg/v4-460px-Cook-Leeks-Step-10-Version-3.jpg", "vid": null}, "11": {"text": "Bring a medium-sized saucepan of water to a boil.", "img": "https://www.wikihow.com/images/thumb/a/a7/Cook-Leeks-Step-11-Version-3.jpg/v4-460px-Cook-Leeks-Step-11-Version-3.jpg", "vid": null}, "12": {"text": "Add the salt.", "img": null, "vid": "/b/b6/Cook Leeks Step 12 Version 3.360p.mp4"}, "13": {"text": "Add the leeks to the water and simmer them for 20-30 minutes.", "img": null, "vid": "/a/aa/Cook Leeks Step 13 Version 3.360p.mp4"}, "14": {"text": "Serve the leeks.", "img": "https://www.wikihow.com/images/thumb/4/42/Cook-Leeks-Step-14-Version-3.jpg/v4-460px-Cook-Leeks-Step-14-Version-3.jpg", "vid": null}, "15": {"text": "Make a leek vegetable saut\u00e9.", "img": "https://www.wikihow.com/images/thumb/3/36/Cook-Leeks-Step-17-Version-2.jpg/v4-460px-Cook-Leeks-Step-17-Version-2.jpg", "vid": null}, "16": {"text": "Make pasta sauce with leeks.", "img": "https://www.wikihow.com/images/thumb/3/37/Cook-Leeks-Step-18-Version-2.jpg/v4-460px-Cook-Leeks-Step-18-Version-2.jpg", "vid": null}, "17": {"text": "Serve the leeks with fish or fowl.", "img": "https://www.wikihow.com/images/thumb/7/7d/Cook-Leeks-Step-19-Version-2.jpg/v4-460px-Cook-Leeks-Step-19-Version-2.jpg", "vid": null}}