{"video_url": "https://www.youtube.com/embed/Vxf8CEmr4FA?showinfo=0", "1": {"text": "Put a steamer basket in a large pot with a tight-fitting lid.", "img": "https://www.wikihow.com/images/thumb/3/32/Cook-Lobster-Tails-Step-1-Version-4.jpg/v4-460px-Cook-Lobster-Tails-Step-1-Version-4.jpg", "vid": null}, "2": {"text": "Add 2 inches (5.1\u00a0cm) of cold water to the pot and bring it to a boil.", "img": "https://www.wikihow.com/images/thumb/8/85/Cook-Lobster-Tails-Step-2-Version-4.jpg/v4-460px-Cook-Lobster-Tails-Step-2-Version-4.jpg", "vid": null}, "3": {"text": "Cut the lobster tails down the center and remove the vein.", "img": null, "vid": "/1/13/Cook Lobster Tails Step 3 Version 4.360p.mp4"}, "4": {"text": "Place the lobster tails in the steamer basket and cook for 4-12 minutes.", "img": "https://www.wikihow.com/images/thumb/e/e5/Cook-Lobster-Tails-Step-4-Version-4.jpg/v4-460px-Cook-Lobster-Tails-Step-4-Version-4.jpg", "vid": null}, "5": {"text": "Remove the lobster tails with tongs.", "img": "https://www.wikihow.com/images/thumb/9/94/Cook-Lobster-Tails-Step-5-Version-4.jpg/v4-460px-Cook-Lobster-Tails-Step-5-Version-4.jpg", "vid": null}, "6": {"text": "Serve the lobster tails with drawn butter.", "img": null, "vid": "/2/27/Cook Lobster Tails Step 6 Version 4.360p.mp4"}, "7": {"text": "Preheat the oven to 350\u00a0\u00b0F (177\u00a0\u00b0C) and melt 1 stick of butter.", "img": "https://www.wikihow.com/images/thumb/e/e8/Cook-Lobster-Tails-Step-7-Version-4.jpg/v4-460px-Cook-Lobster-Tails-Step-7-Version-4.jpg", "vid": null}, "8": {"text": "Use kitchen shears to cut the shell and remove the vein.", "img": null, "vid": "/f/fa/Cook Lobster Tails Step 8 Version 4.360p.mp4"}, "9": {"text": "Place the tails on a baking sheet and brush them with melted butter.", "img": "https://www.wikihow.com/images/thumb/e/e9/Cook-Lobster-Tails-Step-9-Version-4.jpg/v4-460px-Cook-Lobster-Tails-Step-9-Version-4.jpg", "vid": null}, "10": {"text": "Bake them for 15 minutes or until the tails reach 140\u2013145\u00a0\u00b0F (60\u201363\u00a0\u00b0C).", "img": null, "vid": "/b/b2/Cook Lobster Tails Step 10 Version 4.360p.mp4"}, "11": {"text": "Remove the lobster tails and serve them with lemon slices.", "img": null, "vid": "/d/db/Cook Lobster Tails Step 11 Version 4.360p.mp4"}, "12": {"text": "Preheat the grill to medium heat.", "img": null, "vid": "/3/3e/Cook Lobster Tails Step 12 Version 4.360p.mp4"}, "13": {"text": "Cut the lobster tail with kitchen shears and remove the vein.", "img": "https://www.wikihow.com/images/thumb/2/22/Cook-Lobster-Tails-Step-13-Version-4.jpg/v4-460px-Cook-Lobster-Tails-Step-13-Version-4.jpg", "vid": null}, "14": {"text": "Brush the tails with olive oil, then add salt.", "img": "https://www.wikihow.com/images/thumb/9/9e/Cook-Lobster-Tails-Step-14-Version-4.jpg/v4-460px-Cook-Lobster-Tails-Step-14-Version-4.jpg", "vid": null}, "15": {"text": "Cook the tails cut-side-down for 5 minutes then turn them over.", "img": "https://www.wikihow.com/images/thumb/c/c3/Cook-Lobster-Tails-Step-15-Version-4.jpg/v4-460px-Cook-Lobster-Tails-Step-15-Version-4.jpg", "vid": null}, "16": {"text": "Brush the meat with butter and grill the tails for another 5 minutes.", "img": "https://www.wikihow.com/images/thumb/8/8f/Cook-Lobster-Tails-Step-16-Version-4.jpg/v4-460px-Cook-Lobster-Tails-Step-16-Version-4.jpg", "vid": null}, "17": {"text": "Remove the tails from the grill and serve them with lemon wedges.", "img": "https://www.wikihow.com/images/thumb/e/ef/Cook-Lobster-Tails-Step-17-Version-4.jpg/v4-460px-Cook-Lobster-Tails-Step-17-Version-4.jpg", "vid": null}}