{"video_url": "https://www.youtube.com/embed/bUWMlZlUFiQ?showinfo=0", "1": {"text": "Purchase Spanish or Mexican chorizo from the deli or meat department.", "img": "https://www.wikihow.com/images/thumb/d/d2/Cook-Chorizo-Step-1-Version-2.jpg/v4-460px-Cook-Chorizo-Step-1-Version-2.jpg", "vid": null}, "2": {"text": "Remove the casing from fresh chorizo if you want to crumble and fry it.", "img": null, "vid": "/f/f4/Cook Chorizo Step 2.360p.mp4"}, "3": {"text": "Slice links of fresh chorizo if you'd like to saut\u00e9 them.", "img": null, "vid": "/3/39/Cook Chorizo Step 3.360p.mp4"}, "4": {"text": "Avoid boiling chorizo before cooking it.", "img": "https://www.wikihow.com/images/thumb/f/fc/Cook-Chorizo-Step-4-Version-2.jpg/v4-460px-Cook-Chorizo-Step-4-Version-2.jpg", "vid": null}, "5": {"text": "Chop the onion, tomatoes, and 1 clove of garlic if you want to add vegetables.", "img": "https://www.wikihow.com/images/thumb/4/40/Cook-Chorizo-Step-5-Version-2.jpg/v4-460px-Cook-Chorizo-Step-5-Version-2.jpg", "vid": null}, "6": {"text": "Saut\u00e9 the onion for 1 minute over medium heat.", "img": null, "vid": "/7/70/Cook Chorizo Step 6.360p.mp4"}, "7": {"text": "Stir in the tomato and garlic and saut\u00e9 the mixture for 1 more minute.", "img": null, "vid": "/3/37/Cook Chorizo Step 7.360p.mp4"}, "8": {"text": "Cut a thin slit along the casing of your fresh Mexican chorizo.", "img": "https://www.wikihow.com/images/thumb/9/9a/Cook-Chorizo-Step-8-Version-2.jpg/v4-460px-Cook-Chorizo-Step-8-Version-2.jpg", "vid": null}, "9": {"text": "Add the chorizo to the skillet and cook the mixture for 5 to 7 minutes.", "img": null, "vid": "/e/e4/Cook Chorizo Step 9.360p.mp4"}, "10": {"text": "Crack 8 eggs into a bowl and beat them with a fork.", "img": "https://www.wikihow.com/images/thumb/1/1e/Cook-Chorizo-Step-10-Version-2.jpg/v4-460px-Cook-Chorizo-Step-10-Version-2.jpg", "vid": null}, "11": {"text": "Pour the eggs into the skillet and cook them for 1 minute without stirring.", "img": null, "vid": "/e/e7/Cook Chorizo Step 11.360p.mp4"}, "12": {"text": "Cook the chorizo and eggs for 3 to 4 minutes or until the eggs are done.", "img": "https://www.wikihow.com/images/thumb/6/63/Cook-Chorizo-Step-12-Version-2.jpg/v4-460px-Cook-Chorizo-Step-12-Version-2.jpg", "vid": null}, "13": {"text": "Serve the chorizo and eggs while they're hot.", "img": "https://www.wikihow.com/images/thumb/6/60/Cook-Chorizo-Step-13-Version-2.jpg/v4-460px-Cook-Chorizo-Step-13-Version-2.jpg", "vid": null}, "14": {"text": "Preheat the oven to 400\u00a0\u00b0F (204\u00a0\u00b0C).", "img": "https://www.wikihow.com/images/thumb/3/38/Cook-Chorizo-Step-14-Version-2.jpg/v4-460px-Cook-Chorizo-Step-14-Version-2.jpg", "vid": null}, "15": {"text": "Cut 1 onion", "img": "https://www.wikihow.com/images/thumb/1/16/Cook-Chorizo-Step-15-Version-2.jpg/v4-460px-Cook-Chorizo-Step-15-Version-2.jpg", "vid": null}, "16": {"text": "Scatter 4 garlic cloves and the fresh herbs over the sliced onions.", "img": null, "vid": "/a/aa/Cook Chorizo Step 16.360p.mp4"}, "17": {"text": "Lay 2 pounds (0.91\u00a0kg) of chorizo sausage in the skillet and brush it with vegetable oil.", "img": null, "vid": "/0/09/Cook Chorizo Step 17.360p.mp4"}, "18": {"text": "Roast the chorizo with onions until they reach 160\u00a0\u00b0F (71\u00a0\u00b0C).", "img": "https://www.wikihow.com/images/thumb/7/70/Cook-Chorizo-Step-18.jpg/v4-460px-Cook-Chorizo-Step-18.jpg", "vid": null}, "19": {"text": "Serve the chorizo with crusty bread or roasted vegetables.", "img": "https://www.wikihow.com/images/thumb/2/23/Cook-Chorizo-Step-19.jpg/v4-460px-Cook-Chorizo-Step-19.jpg", "vid": null}, "20": {"text": "Heat a charcoal or gas grill to high.", "img": "https://www.wikihow.com/images/thumb/7/7c/Cook-Chorizo-Step-20.jpg/v4-460px-Cook-Chorizo-Step-20.jpg", "vid": null}, "21": {"text": "Dip a paper towel in vegetable oil and use tongs to brush it over the grill grate.", "img": null, "vid": "/c/cc/Cook Chorizo Step 21.360p.mp4"}, "22": {"text": "Lay 4 chorizo links on the hot grill and close it.", "img": "https://www.wikihow.com/images/thumb/6/6f/Cook-Chorizo-Step-22.jpg/v4-460px-Cook-Chorizo-Step-22.jpg", "vid": null}, "23": {"text": "Cook the chorizo for 30 to 35 minutes or until the links reach 160\u00a0\u00b0F (71\u00a0\u00b0C).", "img": "https://www.wikihow.com/images/thumb/6/6f/Cook-Chorizo-Step-23.jpg/v4-460px-Cook-Chorizo-Step-23.jpg", "vid": null}, "24": {"text": "Transfer the chorizo to a cutting board and rest the links for 5 minutes before serving.", "img": "https://www.wikihow.com/images/thumb/8/80/Cook-Chorizo-Step-24.jpg/v4-460px-Cook-Chorizo-Step-24.jpg", "vid": null}}