{"video_url": "https://www.youtube.com/embed/baqwmi6XQb0?showinfo=0", "1": {"text": "Preheat the oven to 400\u00a0\u00b0F (204\u00a0\u00b0C) on a regular bake setting.", "img": "https://www.wikihow.com/images/thumb/d/d1/Cook-a-Sweet-Potato-in-the-Oven-Step-1-Version-4.jpg/v4-460px-Cook-a-Sweet-Potato-in-the-Oven-Step-1-Version-4.jpg", "vid": null}, "2": {"text": "Scrub and wash the sweet potatoes.", "img": null, "vid": "/d/dd/Cook a Sweet Potato in the Oven Step 2 Version 3.360p.mp4"}, "3": {"text": "Pierce each sweet potato several times with a fork.", "img": null, "vid": "/3/3a/Cook a Sweet Potato in the Oven Step 3 Version 3.360p.mp4"}, "4": {"text": "Place the sweet potatoes on a lined oven tray.", "img": null, "vid": "/a/a5/Cook a Sweet Potato in the Oven Step 4 Version 3.360p.mp4"}, "5": {"text": "Bake the sweet potatoes for 45 minutes.", "img": null, "vid": "/b/b0/Cook a Sweet Potato in the Oven Step 5 Version 3.360p.mp4"}, "6": {"text": "Top the sweet potatoes with butter, salt, and pepper.", "img": "https://www.wikihow.com/images/thumb/3/31/Cook-a-Sweet-Potato-in-the-Oven-Step-6-Version-5.jpg/v4-460px-Cook-a-Sweet-Potato-in-the-Oven-Step-6-Version-5.jpg", "vid": null}, "7": {"text": "Preheat the oven to 400\u00a0\u00b0F (204\u00a0\u00b0C).", "img": "https://www.wikihow.com/images/thumb/2/20/Cook-a-Sweet-Potato-in-the-Oven-Step-7-Version-4.jpg/v4-460px-Cook-a-Sweet-Potato-in-the-Oven-Step-7-Version-4.jpg", "vid": null}, "8": {"text": "Wash and scrub the sweet potatoes.", "img": null, "vid": "/1/19/Cook a Sweet Potato in the Oven Step 8 Version 3.360p.mp4"}, "9": {"text": "Cut the sweet potatoes in half lengthwise.", "img": null, "vid": "/0/08/Cook a Sweet Potato in the Oven Step 9 Version 3.360p.mp4"}, "10": {"text": "Slice each sweet potato half into 4 long strips.", "img": null, "vid": "/b/b9/Cook a Sweet Potato in the Oven Step 10 Version 3.360p.mp4"}, "11": {"text": "Chop each slice into 0.5\u00a0in (1.3\u00a0cm) cubes.", "img": null, "vid": "/c/c7/Cook a Sweet Potato in the Oven Step 11 Version 3.360p.mp4"}, "12": {"text": "Spread the sweet potato pieces out on a lined oven tray.", "img": null, "vid": "/9/95/Cook a Sweet Potato in the Oven Step 12 Version 3.360p.mp4"}, "13": {"text": "Coat the sweet potato pieces with oil, garlic powder, salt, and pepper.", "img": null, "vid": "/6/6a/Cook a Sweet Potato in the Oven Step 13 Version 3.360p.mp4"}, "14": {"text": "Bake the sweet potato pieces at 400\u00a0\u00b0F (204\u00a0\u00b0C) for 25-30 minutes.", "img": "https://www.wikihow.com/images/thumb/1/12/Cook-a-Sweet-Potato-in-the-Oven-Step-14-Version-4.jpg/v4-460px-Cook-a-Sweet-Potato-in-the-Oven-Step-14-Version-4.jpg", "vid": null}}