{"video_url": "https://www.youtube.com/embed/MFHtxRok4QQ?showinfo=0", "1": {"text": "Preheat the oven to 350 degrees Fahrenheit (180 degrees Celsius).", "img": "https://www.wikihow.com/images/thumb/4/47/Cook-Corn-on-the-Cob-in-the-Oven-Step-1-Version-2.jpg/v4-460px-Cook-Corn-on-the-Cob-in-the-Oven-Step-1-Version-2.jpg", "vid": null}, "2": {"text": "Rinse the corn.", "img": "https://www.wikihow.com/images/thumb/a/ae/Cook-Corn-on-the-Cob-in-the-Oven-Step-2-Version-2.jpg/v4-460px-Cook-Corn-on-the-Cob-in-the-Oven-Step-2-Version-2.jpg", "vid": null}, "3": {"text": "Cook the corn for 30 minutes.", "img": "https://www.wikihow.com/images/thumb/5/5a/Cook-Corn-on-the-Cob-in-the-Oven-Step-3-Version-2.jpg/v4-460px-Cook-Corn-on-the-Cob-in-the-Oven-Step-3-Version-2.jpg", "vid": null}, "4": {"text": "Peel down the husks.", "img": "https://www.wikihow.com/images/thumb/2/21/Cook-Corn-on-the-Cob-in-the-Oven-Step-4-Version-2.jpg/v4-460px-Cook-Corn-on-the-Cob-in-the-Oven-Step-4-Version-2.jpg", "vid": null}, "5": {"text": "Enjoy.", "img": "https://www.wikihow.com/images/thumb/3/3a/Cook-Corn-on-the-Cob-in-the-Oven-Step-5-Version-2.jpg/v4-460px-Cook-Corn-on-the-Cob-in-the-Oven-Step-5-Version-2.jpg", "vid": null}, "6": {"text": "Preheat the oven to 400 degrees Fahrenheit (200 degrees Celsius).", "img": "https://www.wikihow.com/images/thumb/a/a9/Cook-Corn-on-the-Cob-in-the-Oven-Step-6-Version-2.jpg/v4-460px-Cook-Corn-on-the-Cob-in-the-Oven-Step-6-Version-2.jpg", "vid": null}, "7": {"text": "Remove the husks.", "img": "https://www.wikihow.com/images/thumb/a/aa/Cook-Corn-on-the-Cob-in-the-Oven-Step-7-Version-2.jpg/v4-460px-Cook-Corn-on-the-Cob-in-the-Oven-Step-7-Version-2.jpg", "vid": null}, "8": {"text": "Season the corn.", "img": "https://www.wikihow.com/images/thumb/7/7f/Cook-Corn-on-the-Cob-in-the-Oven-Step-8-Version-2.jpg/v4-460px-Cook-Corn-on-the-Cob-in-the-Oven-Step-8-Version-2.jpg", "vid": null}, "9": {"text": "Wrap up the foil.", "img": "https://www.wikihow.com/images/thumb/9/9e/Cook-Corn-on-the-Cob-in-the-Oven-Step-9-Version-2.jpg/v4-460px-Cook-Corn-on-the-Cob-in-the-Oven-Step-9-Version-2.jpg", "vid": null}, "10": {"text": "Bake for 20 to 30 minutes.", "img": "https://www.wikihow.com/images/thumb/d/db/Cook-Corn-on-the-Cob-in-the-Oven-Step-10-Version-2.jpg/v4-460px-Cook-Corn-on-the-Cob-in-the-Oven-Step-10-Version-2.jpg", "vid": null}, "11": {"text": "Unwrap carefully.", "img": "https://www.wikihow.com/images/thumb/2/2c/Cook-Corn-on-the-Cob-in-the-Oven-Step-11-Version-2.jpg/v4-460px-Cook-Corn-on-the-Cob-in-the-Oven-Step-11-Version-2.jpg", "vid": null}, "12": {"text": "Enjoy.", "img": "https://www.wikihow.com/images/thumb/5/5e/Cook-Corn-on-the-Cob-in-the-Oven-Step-12-Version-2.jpg/v4-460px-Cook-Corn-on-the-Cob-in-the-Oven-Step-12-Version-2.jpg", "vid": null}, "13": {"text": "Preheat the broiler.", "img": "https://www.wikihow.com/images/thumb/9/94/Cook-Corn-on-the-Cob-in-the-Oven-Step-13-Version-2.jpg/v4-460px-Cook-Corn-on-the-Cob-in-the-Oven-Step-13-Version-2.jpg", "vid": null}, "14": {"text": "Peel and wrap the husks.", "img": "https://www.wikihow.com/images/thumb/b/ba/Cook-Corn-on-the-Cob-in-the-Oven-Step-14-Version-2.jpg/v4-460px-Cook-Corn-on-the-Cob-in-the-Oven-Step-14-Version-2.jpg", "vid": null}, "15": {"text": "Coat the corn with oil and seasonings.", "img": "https://www.wikihow.com/images/thumb/3/34/Cook-Corn-on-the-Cob-in-the-Oven-Step-15-Version-2.jpg/v4-460px-Cook-Corn-on-the-Cob-in-the-Oven-Step-15-Version-2.jpg", "vid": null}, "16": {"text": "Broil for 10 to 15 minutes.", "img": "https://www.wikihow.com/images/thumb/e/ed/Cook-Corn-on-the-Cob-in-the-Oven-Step-16-Version-2.jpg/v4-460px-Cook-Corn-on-the-Cob-in-the-Oven-Step-16-Version-2.jpg", "vid": null}, "17": {"text": "Enjoy.", "img": "https://www.wikihow.com/images/thumb/b/b7/Cook-Corn-on-the-Cob-in-the-Oven-Step-17-Version-2.jpg/v4-460px-Cook-Corn-on-the-Cob-in-the-Oven-Step-17-Version-2.jpg", "vid": null}, "18": {"text": "Preheat the broiler.", "img": "https://www.wikihow.com/images/thumb/6/60/Cook-Corn-on-the-Cob-in-the-Oven-Step-18-Version-2.jpg/v4-460px-Cook-Corn-on-the-Cob-in-the-Oven-Step-18-Version-2.jpg", "vid": null}, "19": {"text": "Cut each ear into four sections.", "img": "https://www.wikihow.com/images/thumb/4/46/Cook-Corn-on-the-Cob-in-the-Oven-Step-19-Version-2.jpg/v4-460px-Cook-Corn-on-the-Cob-in-the-Oven-Step-19-Version-2.jpg", "vid": null}, "20": {"text": "Brush the corn with oil and sprinkle with seasonings.", "img": "https://www.wikihow.com/images/thumb/2/2e/Cook-Corn-on-the-Cob-in-the-Oven-Step-20-Version-2.jpg/v4-460px-Cook-Corn-on-the-Cob-in-the-Oven-Step-20-Version-2.jpg", "vid": null}, "21": {"text": "Broil for 6 to 10 minutes, flipping once.", "img": "https://www.wikihow.com/images/thumb/4/42/Cook-Corn-on-the-Cob-in-the-Oven-Step-21-Version-2.jpg/v4-460px-Cook-Corn-on-the-Cob-in-the-Oven-Step-21-Version-2.jpg", "vid": null}, "22": {"text": "Enjoy.", "img": "https://www.wikihow.com/images/thumb/c/c6/Cook-Corn-on-the-Cob-in-the-Oven-Step-22-Version-2.jpg/v4-460px-Cook-Corn-on-the-Cob-in-the-Oven-Step-22-Version-2.jpg", "vid": null}}