{"video_url": "https://www.youtube.com/embed/tYghq3ue6K8?showinfo=0", "1": {"text": "Choose your cut of meat.", "img": "https://www.wikihow.com/images/thumb/2/2d/Cook-Steak-Step-1.jpg/v4-460px-Cook-Steak-Step-1.jpg", "vid": null}, "2": {"text": "Buy a thick steak \u2014 anywhere from 1\u00a01\u20442 inches (3.8\u00a0cm) to 2 inches (5.1\u00a0cm).", "img": "https://www.wikihow.com/images/thumb/a/af/Grill-Steak-Step-1.jpg/v4-460px-Grill-Steak-Step-1.jpg", "vid": null}, "3": {"text": "Add marinade or rub (optional).", "img": "https://www.wikihow.com/images/thumb/e/e4/Cook-Steak-Step-3.jpg/v4-460px-Cook-Steak-Step-3.jpg", "vid": null}, "4": {"text": "Let your steak reach room temperature.", "img": "https://www.wikihow.com/images/thumb/a/af/Cook-Steak-Step-4.jpg/v4-460px-Cook-Steak-Step-4.jpg", "vid": null}, "5": {"text": "If marinade or rub was not used, add salt now.", "img": "https://www.wikihow.com/images/thumb/d/d1/Cook-Steak-Step-5.jpg/v4-460px-Cook-Steak-Step-5.jpg", "vid": null}, "6": {"text": "For best results, use hardwood coal.", "img": "https://www.wikihow.com/images/thumb/c/c3/Cook-Steak-Step-6.jpg/v4-460px-Cook-Steak-Step-6.jpg", "vid": null}, "7": {"text": "Arrange the all the hot coals on one half of the grill.", "img": "https://www.wikihow.com/images/thumb/2/20/Cook-Steak-Step-7.jpg/v4-460px-Cook-Steak-Step-7.jpg", "vid": null}, "8": {"text": "Start the steak on the cool side of the grill, where no coals are resting.", "img": "https://www.wikihow.com/images/thumb/4/43/Cook-Steak-Step-8.jpg/v4-460px-Cook-Steak-Step-8.jpg", "vid": null}, "9": {"text": "Flip often to begin developing a crust on each side.", "img": "https://www.wikihow.com/images/thumb/2/24/Grill-Steak-Step-7.jpg/v4-460px-Grill-Steak-Step-7.jpg", "vid": null}, "10": {"text": "Use a thermometer to test for doneness.", "img": "https://www.wikihow.com/images/thumb/e/ef/Cook-Steak-Step-10.jpg/v4-460px-Cook-Steak-Step-10.jpg", "vid": null}, "11": {"text": "Alternately, use the finger test to help approximate doneness.", "img": "https://www.wikihow.com/images/thumb/9/91/Cook-Steak-Step-11.jpg/v4-460px-Cook-Steak-Step-11.jpg", "vid": null}, "12": {"text": "Once the meat is about 15\u00b0 F below your ideal temperature, sear it quickly on both sides to develop color.", "img": "https://www.wikihow.com/images/thumb/8/85/Cook-Steak-Step-12.jpg/v4-460px-Cook-Steak-Step-12.jpg", "vid": null}, "13": {"text": "Take your steak off the grill about 5\u00b0 F before it reaches your ideal temperature.", "img": "https://www.wikihow.com/images/thumb/3/39/Grill-Steak-Step-10.jpg/v4-460px-Grill-Steak-Step-10.jpg", "vid": null}, "14": {"text": "Season with pepper and let the steak rest for at least five minutes.", "img": "https://www.wikihow.com/images/thumb/4/4f/Cook-Steak-Step-14.jpg/v4-460px-Cook-Steak-Step-14.jpg", "vid": null}, "15": {"text": "Enjoy.", "img": "https://www.wikihow.com/images/thumb/6/63/Cook-Steak-Step-15.jpg/v4-460px-Cook-Steak-Step-15.jpg", "vid": null}, "16": {"text": "Position the rack you'll be using 4 to 6 inches (10.2 to 15.2\u00a0cm) below the top of the oven.", "img": "https://www.wikihow.com/images/thumb/3/31/Cook-Steak-Step-16.jpg/v4-460px-Cook-Steak-Step-16.jpg", "vid": null}, "17": {"text": "Turn on the broiler and set a large cast-iron pan inside the oven while it's preheating.", "img": "https://www.wikihow.com/images/thumb/7/71/Cook-a-Great-Tasting-Steak-Step-8.jpg/v4-460px-Cook-a-Great-Tasting-Steak-Step-8.jpg", "vid": null}, "18": {"text": "Once the pan is finished preheating, place the steak onto the pan and broil for 3 minutes.", "img": "https://www.wikihow.com/images/thumb/b/b1/Cook-Steak-Step-18.jpg/v4-460px-Cook-Steak-Step-18.jpg", "vid": null}, "19": {"text": "Flip the steak, and cook for another 3 minutes.", "img": "https://www.wikihow.com/images/thumb/6/66/Cook-Steak-Step-19.jpg/v4-460px-Cook-Steak-Step-19.jpg", "vid": null}, "20": {"text": "After 3 minutes on both sides, turn the oven down to 500\u00b0 F (260\u00b0 C).", "img": "https://www.wikihow.com/images/thumb/e/e9/Cook-Steak-Step-20.jpg/v4-460px-Cook-Steak-Step-20.jpg", "vid": null}, "21": {"text": "Cook the steak according to the following chart.", "img": "https://www.wikihow.com/images/thumb/0/0f/Cook-Steak-Step-21.jpg/v4-460px-Cook-Steak-Step-21.jpg", "vid": null}, "22": {"text": "Season with pepper and let the steak rest for at least five minutes.", "img": "https://www.wikihow.com/images/thumb/e/ec/Cook-Steak-Step-22.jpg/v4-460px-Cook-Steak-Step-22.jpg", "vid": null}, "23": {"text": "Enjoy.", "img": "https://www.wikihow.com/images/thumb/9/93/Cook-Steak-Step-23.jpg/v4-460px-Cook-Steak-Step-23.jpg", "vid": null}, "24": {"text": "Heat 2 tablespoons of oil in a cast-iron skillet over high heat until heavily smoking.", "img": "https://www.wikihow.com/images/thumb/a/a8/Cook-Steak-Step-24.jpg/v4-460px-Cook-Steak-Step-24.jpg", "vid": null}, "25": {"text": "Add the steak to the pan, paying attention to placement if pan has raised ridges.", "img": "https://www.wikihow.com/images/thumb/5/51/Cook-Steak-Step-25.jpg/v4-460px-Cook-Steak-Step-25.jpg", "vid": null}, "26": {"text": "Flip frequently, about every minute or so, for about 6 to 12 minutes, until desired internal temperature has been reached.", "img": "https://www.wikihow.com/images/thumb/2/23/Cook-Steak-Step-26.jpg/v4-460px-Cook-Steak-Step-26.jpg", "vid": null}, "27": {"text": "Before doneness has been reached, add 2 tablespoons of butter and any additional aromatics.", "img": "https://www.wikihow.com/images/thumb/b/b1/Cook-Steak-Step-27.jpg/v4-460px-Cook-Steak-Step-27.jpg", "vid": null}, "28": {"text": "After steak is cooked (steak will continue to cook off the heat), allow it to rest for at least five minutes.", "img": "https://www.wikihow.com/images/thumb/c/c3/Cook-Steak-Step-28.jpg/v4-460px-Cook-Steak-Step-28.jpg", "vid": null}, "29": {"text": "Enjoy.", "img": "https://www.wikihow.com/images/thumb/7/71/Cook-Steak-Step-29.jpg/v4-460px-Cook-Steak-Step-29.jpg", "vid": null}}