{"video_url": "https://www.youtube.com/embed/aQT4TyJC-QE?showinfo=0", "1": {"text": "Break the eggs", "img": "https://www.wikihow.com/images/thumb/f/fb/Cook-an-Omelette-Step-2-Version-4.jpg/v4-460px-Cook-an-Omelette-Step-2-Version-4.jpg", "vid": null}, "2": {"text": "Beat the eggs until the yolks and whites are completely mixed.", "img": null, "vid": "/1/14/Cook an Omelette Step 3 Version 2.360p.mp4"}, "3": {"text": "Prepare the ingredients.", "img": "https://www.wikihow.com/images/thumb/5/5e/Cook-an-Omelette-Step-1-Version-3.jpg/v4-460px-Cook-an-Omelette-Step-1-Version-3.jpg", "vid": null}, "4": {"text": "Start cooking the eggs.", "img": null, "vid": "/b/b1/Cook an Omelette Step 4 Version 2.360p.mp4"}, "5": {"text": "Add the fillings.", "img": null, "vid": "/4/41/Cook an Omelette Step 5 Version 2.360p.mp4"}, "6": {"text": "Flip the omelette.", "img": "https://www.wikihow.com/images/thumb/e/ef/Cook-an-Omelette-Step-6-Version-4.jpg/v4-460px-Cook-an-Omelette-Step-6-Version-4.jpg", "vid": null}, "7": {"text": "Fold the omelette.", "img": null, "vid": "/d/d8/Cook an Omelette Step 7 Version 2.360p.mp4"}, "8": {"text": "Add cheese.", "img": "https://www.wikihow.com/images/thumb/7/78/Cook-an-Omelette-Step-8-Version-3.jpg/v4-460px-Cook-an-Omelette-Step-8-Version-3.jpg", "vid": null}, "9": {"text": "Heat a pat of butter in a small metal skillet.", "img": "https://www.wikihow.com/images/thumb/e/e7/Cook-an-Omelette-Step-9-Version-4.jpg/v4-460px-Cook-an-Omelette-Step-9-Version-4.jpg", "vid": null}, "10": {"text": "Beat and season the eggs.", "img": null, "vid": "/e/ef/Cook an Omelette Step 10 Version 2.360p.mp4"}, "11": {"text": "Pour the eggs into the pan.", "img": "https://www.wikihow.com/images/thumb/b/bb/Cook-an-Omelette-Step-11-Version-3.jpg/v4-460px-Cook-an-Omelette-Step-11-Version-3.jpg", "vid": null}, "12": {"text": "Flip the omelette.", "img": null, "vid": "/b/b3/Cook an Omelette Step 12 Version 2.360p.mp4"}, "13": {"text": "Slide the omelette onto a plate.", "img": "https://www.wikihow.com/images/thumb/8/8c/Cook-an-Omelette-Step-13-Version-3.jpg/v4-460px-Cook-an-Omelette-Step-13-Version-3.jpg", "vid": null}, "14": {"text": "Mix the ingredients.", "img": null, "vid": "/2/2c/Cook an Omelette Step 14.360p.mp4"}, "15": {"text": "Pour the eggs into a steamer.", "img": null, "vid": "/d/d4/Cook an Omelette Step 15.360p.mp4"}, "16": {"text": "Cook the eggs until they are set.", "img": null, "vid": "/a/aa/Cook an Omelette Step 16.360p.mp4"}, "17": {"text": "Remove the omelette from heat and cut into slices.", "img": "https://www.wikihow.com/images/thumb/1/1c/Cook-an-Omelette-Step-17-Version-2.jpg/v4-460px-Cook-an-Omelette-Step-17-Version-2.jpg", "vid": null}, "18": {"text": "Preheat the oven to 350 degrees.", "img": "https://www.wikihow.com/images/thumb/4/45/Cook-an-Omelette-Step-18-Version-2.jpg/v4-460px-Cook-an-Omelette-Step-18-Version-2.jpg", "vid": null}, "19": {"text": "Mix the ingredients.", "img": null, "vid": "/3/3a/Cook an Omelette Step 19.360p.mp4"}, "20": {"text": "Pour the mixture into a greased baking dish.", "img": "https://www.wikihow.com/images/thumb/9/9e/Cook-an-Omelette-Step-20-Version-2.jpg/v4-460px-Cook-an-Omelette-Step-20-Version-2.jpg", "vid": null}, "21": {"text": "Bake the omelette.", "img": "https://www.wikihow.com/images/thumb/6/64/Cook-an-Omelette-Step-21-Version-2.jpg/v4-460px-Cook-an-Omelette-Step-21-Version-2.jpg", "vid": null}, "22": {"text": "Remove the omelette from the oven and serve.", "img": "https://www.wikihow.com/images/thumb/7/73/Cook-an-Omelette-Step-22-Version-2.jpg/v4-460px-Cook-an-Omelette-Step-22-Version-2.jpg", "vid": null}}