{"video_url": "https://www.youtube.com/embed/PW0IR4a16IE?showinfo=0", "1": {"text": "Buy cabbage at its peak during the late fall and winter.", "img": "https://www.wikihow.com/images/thumb/b/b4/Cook-Cabbage-Step-1-Version-3.jpg/v4-460px-Cook-Cabbage-Step-1-Version-3.jpg", "vid": null}, "2": {"text": "Choose cabbage with firm, vibrant, unblemished leaves.", "img": "https://www.wikihow.com/images/thumb/d/d7/Cook-Cabbage-Step-2-Version-3.jpg/v4-460px-Cook-Cabbage-Step-2-Version-3.jpg", "vid": null}, "3": {"text": "Peel off the tough, outer leaves and rinse the cabbage with water.", "img": "https://www.wikihow.com/images/thumb/2/25/Cook-Cabbage-Step-3-Version-3.jpg/v4-460px-Cook-Cabbage-Step-3-Version-3.jpg", "vid": null}, "4": {"text": "Cut the stem off of the cabbage, then cut it into quarters.", "img": "https://www.wikihow.com/images/thumb/a/a7/Cook-Cabbage-Step-4-Version-3.jpg/v4-460px-Cook-Cabbage-Step-4-Version-3.jpg", "vid": null}, "5": {"text": "Remove the center stem from each quarter.", "img": "https://www.wikihow.com/images/thumb/a/af/Cook-Cabbage-Step-5-Version-3.jpg/v4-460px-Cook-Cabbage-Step-5-Version-3.jpg", "vid": null}, "6": {"text": "Chop the cabbage further if you will be boiling, saut\u00e9ing, or microwaving it.", "img": "https://www.wikihow.com/images/thumb/a/a0/Cook-Cabbage-Step-6-Version-3.jpg/v4-460px-Cook-Cabbage-Step-6-Version-3.jpg", "vid": null}, "7": {"text": "Boil quartered cabbage for 8 to 10 minutes or until it is tender.", "img": "https://www.wikihow.com/images/thumb/8/85/Cook-Cabbage-Step-7-Version-3.jpg/v4-460px-Cook-Cabbage-Step-7-Version-3.jpg", "vid": null}, "8": {"text": "Steam quartered cabbage in a steamer basket for 10 to 12 minutes.", "img": "https://www.wikihow.com/images/thumb/4/4f/Cook-Cabbage-Step-8-Version-3.jpg/v4-460px-Cook-Cabbage-Step-8-Version-3.jpg", "vid": null}, "9": {"text": "Saut\u00e9 chopped cabbage over medium heat for 4 to 6 minutes.", "img": "https://www.wikihow.com/images/thumb/8/87/Cook-Cabbage-Step-9-Version-2.jpg/v4-460px-Cook-Cabbage-Step-9-Version-2.jpg", "vid": null}, "10": {"text": "Microwave quartered cabbage for 9 to 11 minutes.", "img": "https://www.wikihow.com/images/thumb/6/63/Cook-Cabbage-Step-10.jpg/v4-460px-Cook-Cabbage-Step-10.jpg", "vid": null}, "11": {"text": "Use a crockpot if you have more time.", "img": "https://www.wikihow.com/images/thumb/f/fc/Cook-Cabbage-Step-11.jpg/v4-460px-Cook-Cabbage-Step-11.jpg", "vid": null}, "12": {"text": "Use an oven to make cabbage steaks.", "img": "https://www.wikihow.com/images/thumb/0/06/Cook-Cabbage-Step-12.jpg/v4-460px-Cook-Cabbage-Step-12.jpg", "vid": null}, "13": {"text": "Grill cabbage for 20 minutes for a quick summer meal.", "img": "https://www.wikihow.com/images/thumb/6/65/Cook-Cabbage-Step-13.jpg/v4-460px-Cook-Cabbage-Step-13.jpg", "vid": null}, "14": {"text": "Try Southern fried cabbage with onion and bacon.", "img": "https://www.wikihow.com/images/thumb/2/29/Cook-Cabbage-Step-14.jpg/v4-460px-Cook-Cabbage-Step-14.jpg", "vid": null}}