{"video_url": "https://www.youtube.com/embed/Y9TN_DT17s4?showinfo=0", "1": {"text": "Know when you should use lukewarm water.", "img": "https://www.wikihow.com/images/thumb/5/50/Cook-Rice-Noodles-Step-1-Version-3.jpg/v4-460px-Cook-Rice-Noodles-Step-1-Version-3.jpg", "vid": null}, "2": {"text": "Place the noodles in a large bowl or pot.", "img": "https://www.wikihow.com/images/thumb/7/7b/Cook-Rice-Noodles-Step-2-Version-3.jpg/v4-460px-Cook-Rice-Noodles-Step-2-Version-3.jpg", "vid": null}, "3": {"text": "Cover the noodles with lukewarm water.", "img": null, "vid": "/0/0c/Cook Rice Noodles Step 3 Version 2.360p.mp4"}, "4": {"text": "Prepare the noodles for the next step.", "img": null, "vid": "/9/9a/Cook Rice Noodles Step 4 Version 2.360p.mp4"}, "5": {"text": "Know when to use boiling water.", "img": "https://www.wikihow.com/images/thumb/2/2d/Cook-Rice-Noodles-Step-5-Version-3.jpg/v4-460px-Cook-Rice-Noodles-Step-5-Version-3.jpg", "vid": null}, "6": {"text": "Place the noodles in a pot or heat-resistant bowl.", "img": null, "vid": "/0/07/Cook Rice Noodles Step 6 Version 2.360p.mp4"}, "7": {"text": "Pour boiling water over the noodles.", "img": null, "vid": "/a/a0/Cook Rice Noodles Step 7 Version 2.360p.mp4"}, "8": {"text": "Toss the noodles with sesame oil.", "img": null, "vid": "/e/ee/Cook Rice Noodles Step 8 Version 2.360p.mp4"}, "9": {"text": "Let the noodles sit out for a while.", "img": null, "vid": "/d/de/Cook Rice Noodles Step 9 Version 2.360p.mp4"}, "10": {"text": "Put the rice noodles in the microwave for a few seconds.", "img": "https://www.wikihow.com/images/thumb/1/13/Cook-Rice-Noodles-Step-10-Version-3.jpg/v4-460px-Cook-Rice-Noodles-Step-10-Version-3.jpg", "vid": null}, "11": {"text": "Serve in stir-fries.", "img": "https://www.wikihow.com/images/thumb/7/78/Cook-Rice-Noodles-Step-11-Version-3.jpg/v4-460px-Cook-Rice-Noodles-Step-11-Version-3.jpg", "vid": null}, "12": {"text": "Add to soup.", "img": "https://www.wikihow.com/images/thumb/5/5a/Cook-Rice-Noodles-Step-12-Version-3.jpg/v4-460px-Cook-Rice-Noodles-Step-12-Version-3.jpg", "vid": null}, "13": {"text": "Use the noodles in cold dishes.", "img": "https://www.wikihow.com/images/thumb/1/18/Cook-Rice-Noodles-Step-13-Version-3.jpg/v4-460px-Cook-Rice-Noodles-Step-13-Version-3.jpg", "vid": null}}