{"video_url": "https://www.youtube.com/embed/PemNZ9Uu1ao?showinfo=0", "1": {"text": "Heat a pan on the stove.", "img": null, "vid": "/7/7b/Cook Sausages Step 1 Version 4.360p.mp4"}, "2": {"text": "Add a little oil.", "img": null, "vid": "/c/c3/Cook Sausages Step 2 Version 8.360p.mp4"}, "3": {"text": "Lay the sausages on the hot surface.", "img": null, "vid": "/4/4e/Cook Sausages Step 3 Version 8.360p.mp4"}, "4": {"text": "Cook until brown on both sides.", "img": null, "vid": "/1/1c/Cook Sausages Step 4 Version 8.360p.mp4"}, "5": {"text": "Flatten or butterfly the sausages to reduce cooking time.", "img": null, "vid": "/6/60/Cook Sausages Step 5 Version 5.360p.mp4"}, "6": {"text": "If needed, finish off by steaming.", "img": null, "vid": "/a/a5/Cook Sausages Step 6 Version 5.360p.mp4"}, "7": {"text": "Start your grill.", "img": null, "vid": "/5/59/Cook Sausages Step 7 Version 4.360p.mp4"}, "8": {"text": "Make a \"hot\" and \"cold\" side of your grill.", "img": "https://www.wikihow.com/images/thumb/f/f4/Cook-Sausages-Step-8-Version-6.jpg/v4-460px-Cook-Sausages-Step-8-Version-6.jpg", "vid": null}, "9": {"text": "Sear the sausages on the hot side.", "img": "https://www.wikihow.com/images/thumb/2/21/Cook-Sausages-Step-9-Version-6.jpg/v4-460px-Cook-Sausages-Step-9-Version-6.jpg", "vid": null}, "10": {"text": "Transfer to the cold side to cook through.", "img": null, "vid": "/5/59/Cook Sausages Step 10 Version 5.360p.mp4"}, "11": {"text": "Fill a pot with 3/4 of the way with liquid.", "img": null, "vid": "/c/c2/Cook Sausages Step 11 Version 5.360p.mp4"}, "12": {"text": "Boil the water.", "img": null, "vid": "/b/bb/Cook Sausages Step 12 Version 5.360p.mp4"}, "13": {"text": "Place the sausages into boiling water.", "img": null, "vid": "/5/5a/Cook Sausages Step 13 Version 8.360p.mp4"}, "14": {"text": "Let the sausages cook.", "img": null, "vid": "/b/b5/Cook Sausages Step 14 Version 7.360p.mp4"}, "15": {"text": "Optionally, brown them in a frying pan.", "img": null, "vid": "/d/d3/Cook Sausages Step 15 Version 5.360p.mp4"}, "16": {"text": "Preheat the oven to 350 F (180 C).", "img": null, "vid": "/1/1b/Cook Sausages Step 16 Version 4.360p.mp4"}, "17": {"text": "Prepare a baking pan.", "img": null, "vid": "/7/79/Cook Sausages Step 17 Version 4.360p.mp4"}, "18": {"text": "Place the sausages on the pan.", "img": "https://www.wikihow.com/images/thumb/3/32/Cook-Sausages-Step-18-Version-6.jpg/v4-460px-Cook-Sausages-Step-18-Version-6.jpg", "vid": null}, "19": {"text": "Bake for 20 minutes.", "img": null, "vid": "/3/38/Cook Sausages Step 19 Version 5.360p.mp4"}, "20": {"text": "Check for done-ness before serving.", "img": "https://www.wikihow.com/images/thumb/9/9f/Cook-Sausages-Step-20-Version-6.jpg/v4-460px-Cook-Sausages-Step-20-Version-6.jpg", "vid": null}}