{"video_url": "https://www.youtube.com/embed/vW1ICmNqR6o?showinfo=0", "1": {"text": "Choose the souring agent.", "img": "https://www.wikihow.com/images/thumb/0/04/Cook-Sinigang-Na-Baboy-Step-1-Version-2.jpg/v4-460px-Cook-Sinigang-Na-Baboy-Step-1-Version-2.jpg", "vid": null}, "2": {"text": "Cut the pork into pieces.", "img": "https://www.wikihow.com/images/thumb/4/4d/Cook-Sinigang-Na-Baboy-Step-2-Version-2.jpg/v4-460px-Cook-Sinigang-Na-Baboy-Step-2-Version-2.jpg", "vid": null}, "3": {"text": "Slice the vegetables.", "img": "https://www.wikihow.com/images/thumb/e/e3/Cook-Sinigang-Na-Baboy-Step-3-Version-2.jpg/v4-460px-Cook-Sinigang-Na-Baboy-Step-3-Version-2.jpg", "vid": null}, "4": {"text": "Heat the oil.", "img": null, "vid": "/1/1a/Cook Sinigang Na Baboy Step 4.360p.mp4"}, "5": {"text": "Brown the pork.", "img": null, "vid": "/c/c3/Cook Sinigang Na Baboy Step 5.360p.mp4"}, "6": {"text": "Heat the remaining oil.", "img": null, "vid": "/d/dc/Cook Sinigang Na Baboy Step 6.360p.mp4"}, "7": {"text": "Add the onion.", "img": null, "vid": "/8/86/Cook Sinigang Na Baboy Step 7.360p.mp4"}, "8": {"text": "Toss the pork, fish sauce, and water into the pan.", "img": null, "vid": "/7/7a/Cook Sinigang Na Baboy Step 8.360p.mp4"}, "9": {"text": "Stir in the tomato and peppers.", "img": null, "vid": "/2/25/Cook Sinigang Na Baboy Step 9.360p.mp4"}, "10": {"text": "Simmer the soup for 40 to 60 minutes.", "img": null, "vid": "/2/23/Cook Sinigang Na Baboy Step 10.360p.mp4"}, "11": {"text": "Boil the tamarind until it\u2019s soft.", "img": null, "vid": "/4/48/Cook Sinigang Na Baboy Step 11.360p.mp4"}, "12": {"text": "Mash the fruit.", "img": null, "vid": "/d/d4/Cook Sinigang Na Baboy Step 12.360p.mp4"}, "13": {"text": "Separate the juice.", "img": null, "vid": "/2/22/Cook Sinigang Na Baboy Step 13.360p.mp4"}, "14": {"text": "Add the taro.", "img": null, "vid": "/6/64/Cook Sinigang Na Baboy Step 14.360p.mp4"}, "15": {"text": "Add the tamarind to the soup.", "img": "https://www.wikihow.com/images/thumb/e/e9/Cook-Sinigang-Na-Baboy-Step-15-Version-2.jpg/v4-460px-Cook-Sinigang-Na-Baboy-Step-15-Version-2.jpg", "vid": null}, "16": {"text": "Mix in the radish and eggplant.", "img": null, "vid": "/0/0e/Cook Sinigang Na Baboy Step 16.360p.mp4"}, "17": {"text": "Stir in the beans.", "img": null, "vid": "/5/51/Cook Sinigang Na Baboy Step 17.360p.mp4"}, "18": {"text": "Add the water spinach.", "img": null, "vid": "/7/77/Cook Sinigang Na Baboy Step 18.360p.mp4"}, "19": {"text": "Season as needed.", "img": "https://www.wikihow.com/images/thumb/c/c3/Cook-Sinigang-Na-Baboy-Step-19-Version-2.jpg/v4-460px-Cook-Sinigang-Na-Baboy-Step-19-Version-2.jpg", "vid": null}, "20": {"text": "Serve.", "img": "https://www.wikihow.com/images/thumb/9/92/Cook-Sinigang-Na-Baboy-Step-20-Version-2.jpg/v4-460px-Cook-Sinigang-Na-Baboy-Step-20-Version-2.jpg", "vid": null}}