{"video_url": "https://www.youtube.com/embed/l0U5gO1d-SM?showinfo=0", "1": {"text": "Heat a small amount of fat in a non-stick pan.", "img": "https://www.wikihow.com/images/thumb/9/9e/Cook-Over-Easy-Eggs-Step-1-Version-5.jpg/v4-460px-Cook-Over-Easy-Eggs-Step-1-Version-5.jpg", "vid": null}, "2": {"text": "Crack the eggs into a separate container (optional).", "img": "https://www.wikihow.com/images/thumb/c/cc/Cook-Over-Easy-Eggs-Step-2-Version-4.jpg/v4-460px-Cook-Over-Easy-Eggs-Step-2-Version-4.jpg", "vid": null}, "3": {"text": "Add the eggs to the pan.", "img": null, "vid": "/d/d5/Cook Over Easy Eggs Step 3 Version 3.360p.mp4"}, "4": {"text": "Wait for the bottoms of the eggs to solidify.", "img": "https://www.wikihow.com/images/thumb/f/f8/Cook-Over-Easy-Eggs-Step-4-Version-5.jpg/v4-460px-Cook-Over-Easy-Eggs-Step-4-Version-5.jpg", "vid": null}, "5": {"text": "Flip the eggs.", "img": null, "vid": "/0/0b/Cook Over Easy Eggs Step 5 Version 3.360p.mp4"}, "6": {"text": "Flip the eggs again.", "img": null, "vid": "/d/de/Cook Over Easy Eggs Step 6 Version 2.360p.mp4"}, "7": {"text": "Serve.", "img": "https://www.wikihow.com/images/thumb/8/89/Cook-Over-Easy-Eggs-Step-7-Version-5.jpg/v4-460px-Cook-Over-Easy-Eggs-Step-7-Version-5.jpg", "vid": null}, "8": {"text": "Cook the underside of the eggs as normal.", "img": null, "vid": "/0/06/Cook Over Easy Eggs Step 8 Version 3.360p.mp4"}, "9": {"text": "Add water and cover.", "img": null, "vid": "/4/48/Cook Over Easy Eggs Step 9 Version 3.360p.mp4"}, "10": {"text": "Steam over low heat for a minute or two.", "img": "https://www.wikihow.com/images/thumb/8/8e/Cook-Over-Easy-Eggs-Step-10-Version-5.jpg/v4-460px-Cook-Over-Easy-Eggs-Step-10-Version-5.jpg", "vid": null}, "11": {"text": "Serve and enjoy.", "img": null, "vid": "/5/5c/Cook Over Easy Eggs Step 11 Version 3.360p.mp4"}, "12": {"text": "Season the eggs with salt and pepper.", "img": null, "vid": "/1/1c/Cook Over Easy Eggs Step 12 Version 3.360p.mp4"}, "13": {"text": "Eat the eggs over toast.", "img": "https://www.wikihow.com/images/thumb/0/0c/Cook-Over-Easy-Eggs-Step-13-Version-4.jpg/v4-460px-Cook-Over-Easy-Eggs-Step-13-Version-4.jpg", "vid": null}, "14": {"text": "Use hot sauce.", "img": "https://www.wikihow.com/images/thumb/8/8a/Cook-Over-Easy-Eggs-Step-14-Version-3.jpg/v4-460px-Cook-Over-Easy-Eggs-Step-14-Version-3.jpg", "vid": null}, "15": {"text": "Try unconventional herbs and spices.", "img": "https://www.wikihow.com/images/thumb/c/c2/Cook-Over-Easy-Eggs-Step-15-Version-4.jpg/v4-460px-Cook-Over-Easy-Eggs-Step-15-Version-4.jpg", "vid": null}}