{"video_url": "https://www.youtube.com/embed/vwNFt8OGqr4", "1": {"text": "Preheat your oven.", "img": "https://www.wikihow.com/images/thumb/b/b2/Cook-Portobello-Mushrooms-Step-1-Version-6.jpg/v4-460px-Cook-Portobello-Mushrooms-Step-1-Version-6.jpg", "vid": null}, "2": {"text": "Clean your mushrooms.", "img": null, "vid": "/e/e4/Cook Portobello Mushrooms Step 2 Version 5.360p.mp4"}, "3": {"text": "Mix your marinade.", "img": null, "vid": "/6/67/Cook Portobello Mushrooms Step 3 Version 5.360p.mp4"}, "4": {"text": "Marinade your mushrooms.", "img": null, "vid": "/8/85/Cook Portobello Mushrooms Step 4 Version 5.360p.mp4"}, "5": {"text": "Roast your mushrooms.", "img": "https://www.wikihow.com/images/thumb/9/94/Cook-Portobello-Mushrooms-Step-5-Version-6.jpg/v4-460px-Cook-Portobello-Mushrooms-Step-5-Version-6.jpg", "vid": null}, "6": {"text": "Serve.", "img": "https://www.wikihow.com/images/thumb/f/f3/Cook-Portobello-Mushrooms-Step-6-Version-6.jpg/v4-460px-Cook-Portobello-Mushrooms-Step-6-Version-6.jpg", "vid": null}, "7": {"text": "Prepare your grill.", "img": "https://www.wikihow.com/images/thumb/5/5b/Cook-Portobello-Mushrooms-Step-7-Version-7.jpg/v4-460px-Cook-Portobello-Mushrooms-Step-7-Version-7.jpg", "vid": null}, "8": {"text": "Clean your mushrooms.", "img": null, "vid": "/7/7c/Cook Portobello Mushrooms Step 8 Version 6.360p.mp4"}, "9": {"text": "Prepare your mushrooms.", "img": null, "vid": "/6/61/Cook Portobello Mushrooms Step 9 Version 6.360p.mp4"}, "10": {"text": "Season the mushrooms.", "img": null, "vid": "/7/7e/Cook Portobello Mushrooms Step 10 Version 6.360p.mp4"}, "11": {"text": "Mix your filling.", "img": null, "vid": "/4/41/Cook Portobello Mushrooms Step 11 Version 5.360p.mp4"}, "12": {"text": "Grill your mushrooms", "img": null, "vid": "/6/6a/Cook Portobello Mushrooms Step 12 Version 5.360p.mp4"}, "13": {"text": "Fill your mushrooms.", "img": "https://www.wikihow.com/images/thumb/c/c0/Cook-Portobello-Mushrooms-Step-13-Version-6.jpg/v4-460px-Cook-Portobello-Mushrooms-Step-13-Version-6.jpg", "vid": null}, "14": {"text": "Clean your mushrooms.", "img": "https://www.wikihow.com/images/thumb/9/98/Cook-Portobello-Mushrooms-Step-14-Version-6.jpg/v4-460px-Cook-Portobello-Mushrooms-Step-14-Version-6.jpg", "vid": null}, "15": {"text": "Slice your mushrooms.", "img": null, "vid": "/e/e6/Cook Portobello Mushrooms Step 15 Version 5.360p.mp4"}, "16": {"text": "Prepare your seasoning.", "img": null, "vid": "/8/81/Cook Portobello Mushrooms Step 16 Version 5.360p.mp4"}, "17": {"text": "Saut\u00e9 your mushrooms.", "img": null, "vid": "/8/85/Cook Portobello Mushrooms Step 17 Version 5.360p.mp4"}, "18": {"text": "Serve.", "img": "https://www.wikihow.com/images/thumb/d/d6/Cook-Portobello-Mushrooms-Step-18-Version-6.jpg/v4-460px-Cook-Portobello-Mushrooms-Step-18-Version-6.jpg", "vid": null}, "19": {"text": "Try some different seasoning ideas.", "img": "https://www.wikihow.com/images/thumb/e/e8/Cook-Portobello-Mushrooms-Step-19-Version-5.jpg/v4-460px-Cook-Portobello-Mushrooms-Step-19-Version-5.jpg", "vid": null}, "20": {"text": "Make a mushroom burger.", "img": "https://www.wikihow.com/images/thumb/a/a0/Cook-Portobello-Mushrooms-Step-20-Version-6.jpg/v4-460px-Cook-Portobello-Mushrooms-Step-20-Version-6.jpg", "vid": null}, "21": {"text": "Mix a creative salad.", "img": "https://www.wikihow.com/images/thumb/7/7b/Cook-Portobello-Mushrooms-Step-21-Version-5.jpg/v4-460px-Cook-Portobello-Mushrooms-Step-21-Version-5.jpg", "vid": null}, "22": {"text": "Finished.", "img": "https://www.wikihow.com/images/thumb/d/d3/Cook-Portobello-Mushrooms-Step-22-Version-4.jpg/v4-460px-Cook-Portobello-Mushrooms-Step-22-Version-4.jpg", "vid": null}}