{"video_url": "https://www.youtube.com/embed/-IdzMkiHM2w?showinfo=0", "1": {"text": "Fill a large pot about 2/3 full of water.", "img": "https://www.wikihow.com/images/thumb/2/27/Cook-Pasta-Step-1-Version-6.jpg/v4-460px-Cook-Pasta-Step-1-Version-6.jpg", "vid": null}, "2": {"text": "Cover the pot and bring the water to a boil.", "img": null, "vid": "/7/77/Cook Pasta Step 2 Version 4.360p.mp4"}, "3": {"text": "Add salt and 1 pound (450\u00a0g) of pasta to the boiling water.", "img": null, "vid": "/9/94/Cook Pasta Step 3 Version 3.360p.mp4"}, "4": {"text": "Set a timer for 3 to 8 minutes.", "img": "https://www.wikihow.com/images/thumb/c/c6/Cook-Pasta-Step-4-Version-6.jpg/v4-460px-Cook-Pasta-Step-4-Version-6.jpg", "vid": null}, "5": {"text": "Stir the noodles occasionally as they boil.", "img": null, "vid": "/1/1e/Cook Pasta Step 5 Version 6.360p.mp4"}, "6": {"text": "Bite into a noodle to see if it's cooked enough for you.", "img": null, "vid": "/f/f4/Cook Pasta Step 6 Version 6.360p.mp4"}, "7": {"text": "Scoop out about 1 cup (240\u00a0ml) of pasta water and set it aside.", "img": null, "vid": "/1/15/Cook Pasta Step 7 Version 6.360p.mp4"}, "8": {"text": "Set a colander in the sink and put on oven mitts.", "img": null, "vid": "/9/91/Cook Pasta Step 8 Version 6.360p.mp4"}, "9": {"text": "Pour the pasta into the colander and shake it.", "img": null, "vid": "/7/74/Cook Pasta Step 9 Version 6.360p.mp4"}, "10": {"text": "Avoid adding oil or running cold water over the pasta if you plan on using sauce.", "img": null, "vid": "/2/21/Cook Pasta Step 10 Version 6.360p.mp4"}, "11": {"text": "Put the pasta back into the pot and toss it with your choice of sauce.", "img": null, "vid": "/7/7b/Cook Pasta Step 11 Version 6.360p.mp4"}, "12": {"text": "Toss short noodles with pesto or vegetables.", "img": null, "vid": "/9/9b/Cook Pasta Step 12 Version 6.360p.mp4"}, "13": {"text": "Mix cheese into macaroni or shells to make a creamy pasta.", "img": null, "vid": "/e/e5/Make Macaroni and Cheese Step 9 Version 2.360p.mp4"}, "14": {"text": "Serve meaty sauce over tubular or wide pasta.", "img": null, "vid": "/e/ee/Cook Pasta Step 14 Version 6.360p.mp4"}, "15": {"text": "Stir creamy alfredo sauce into long pasta.", "img": "https://www.wikihow.com/images/thumb/4/4f/Cook-Pasta-Step-15-Version-6.jpg/v4-460px-Cook-Pasta-Step-15-Version-6.jpg", "vid": null}}