{"video_url": "https://www.youtube.com/embed/YJhLgC-PQHM?showinfo=0", "1": {"text": "Preheat the oven or broiler.", "img": "https://www.wikihow.com/images/thumb/8/88/Cook-Peppers-Step-1-Version-4.jpg/v4-460px-Cook-Peppers-Step-1-Version-4.jpg", "vid": null}, "2": {"text": "Cut the peppers or leave them whole.", "img": "https://www.wikihow.com/images/thumb/2/2b/Cook-Peppers-Step-2-Version-4.jpg/v4-460px-Cook-Peppers-Step-2-Version-4.jpg", "vid": null}, "3": {"text": "Coat the peppers with cooking spray.", "img": null, "vid": "/6/65/Cook Peppers Step 3.360p.mp4"}, "4": {"text": "Cook the peppers until roasted.", "img": "https://www.wikihow.com/images/thumb/3/3b/Cook-Peppers-Step-4-Version-4.jpg/v4-460px-Cook-Peppers-Step-4-Version-4.jpg", "vid": null}, "5": {"text": "Serve warm.", "img": null, "vid": "/2/2b/Cook Peppers Step 5.360p.mp4"}, "6": {"text": "Preheat the grill.", "img": null, "vid": "/6/6c/Cook Peppers Step 6 Version 3.360p.mp4"}, "7": {"text": "Brush the peppers with oil.", "img": null, "vid": "/1/19/Cook Peppers Step 7 Version 3.360p.mp4"}, "8": {"text": "Grill the peppers, charring on all sides.", "img": null, "vid": "/c/c4/Cook Peppers Step 8 Version 3.360p.mp4"}, "9": {"text": "Let stand before serving.", "img": null, "vid": "/7/7d/Cook Peppers Step 9 Version 3.360p.mp4"}, "10": {"text": "Heat a little oil in a skillet.", "img": null, "vid": "/0/07/Cook Peppers Step 10 Version 3.360p.mp4"}, "11": {"text": "Cut the peppers into smaller pieces.", "img": null, "vid": "/e/e9/Cook Peppers Step 11 Version 3.360p.mp4"}, "12": {"text": "Cook the peppers in the hot oil.", "img": null, "vid": "/4/4e/Cook Peppers Step 12 Version 3.360p.mp4"}, "13": {"text": "Use as desired.", "img": "https://www.wikihow.com/images/thumb/b/bc/Cook-Peppers-Step-13-Version-4.jpg/v4-460px-Cook-Peppers-Step-13-Version-4.jpg", "vid": null}, "14": {"text": "Boil a small amount of water.", "img": "https://www.wikihow.com/images/thumb/9/95/Cook-Peppers-Step-14-Version-4.jpg/v4-460px-Cook-Peppers-Step-14-Version-4.jpg", "vid": null}, "15": {"text": "Cut the peppers into rings or strips.", "img": null, "vid": "/f/f9/Cook Peppers Step 15 Version 3.360p.mp4"}, "16": {"text": "Cook the peppers in the boiling water.", "img": null, "vid": "/9/98/Cook Peppers Step 16 Version 3.360p.mp4"}, "17": {"text": "Serve while warm.", "img": "https://www.wikihow.com/images/thumb/b/b8/Cook-Peppers-Step-17-Version-4.jpg/v4-460px-Cook-Peppers-Step-17-Version-4.jpg", "vid": null}, "18": {"text": "Boil water in a steamer.", "img": null, "vid": "/0/01/Cook Peppers Step 18 Version 3.360p.mp4"}, "19": {"text": "Cut the peppers into smaller pieces.", "img": null, "vid": "/c/cf/Cook Peppers Step 19 Version 3.360p.mp4"}, "20": {"text": "Steam the peppers until crisp-tender.", "img": null, "vid": "/c/c0/Cook Peppers Step 20 Version 3.360p.mp4"}, "21": {"text": "Serve warm.", "img": "https://www.wikihow.com/images/thumb/2/2d/Cook-Peppers-Step-21-Version-4.jpg/v4-460px-Cook-Peppers-Step-21-Version-4.jpg", "vid": null}, "22": {"text": "Cut the peppers into smaller pieces.", "img": null, "vid": "/2/26/Cook Peppers Step 22 Version 3.360p.mp4"}, "23": {"text": "Place the pieces in a microwave-safe dish with a little water.", "img": null, "vid": "/b/b1/Cook Peppers Step 23 Version 3.360p.mp4"}, "24": {"text": "Microwave until crisp-tender.", "img": "https://www.wikihow.com/images/thumb/1/1e/Cook-Peppers-Step-24-Version-4.jpg/v4-460px-Cook-Peppers-Step-24-Version-4.jpg", "vid": null}, "25": {"text": "Serve warm.", "img": "https://www.wikihow.com/images/thumb/b/b2/Cook-Peppers-Step-25-Version-4.jpg/v4-460px-Cook-Peppers-Step-25-Version-4.jpg", "vid": null}}