{"video_url": "https://www.youtube.com/embed/e_k7E5aciQ8?showinfo=0", "1": {"text": "Place your zoodles in a microwave-safe dish.", "img": "https://www.wikihow.com/images/thumb/2/22/Cook-Zoodles-Step-1-Version-2.jpg/v4-460px-Cook-Zoodles-Step-1-Version-2.jpg", "vid": null}, "2": {"text": "Pop the zoodles in your microwave.", "img": null, "vid": "/3/3d/Cook Zoodles Step 2.360p.mp4"}, "3": {"text": "Cook the noodles for 1 minute.", "img": "https://www.wikihow.com/images/thumb/1/17/Cook-Zoodles-Step-3-Version-2.jpg/v4-460px-Cook-Zoodles-Step-3-Version-2.jpg", "vid": null}, "4": {"text": "Remove the bowl and test the noodles for crispness.", "img": null, "vid": "/0/07/Cook Zoodles Step 4.360p.mp4"}, "5": {"text": "Toss the zoodles and heat them for another 30 seconds, if needed.", "img": null, "vid": "/1/15/Cook Zoodles Step 5.360p.mp4"}, "6": {"text": "Cook them in 30 seconds increments until you get the consistency you want.", "img": "https://www.wikihow.com/images/thumb/2/26/Cook-Zoodles-Step-6-Version-2.jpg/v4-460px-Cook-Zoodles-Step-6-Version-2.jpg", "vid": null}, "7": {"text": "Plate the noodles and serve with your favorite sauce.", "img": null, "vid": "/9/9c/Cook Zoodles Step 7.360p.mp4"}, "8": {"text": "Bring a pot of water to a boil over high heat.", "img": null, "vid": "/2/2f/Cook Zoodles Step 8.360p.mp4"}, "9": {"text": "Add the zoodles to the pot and cook for 1 to 3 minutes.", "img": null, "vid": "/f/f3/Cook Zoodles Step 9.360p.mp4"}, "10": {"text": "Remove the zoodles from heat immediately.", "img": null, "vid": "/1/18/Cook Zoodles Step 10.360p.mp4"}, "11": {"text": "Drain the zoodles thoroughly in a colander.", "img": "https://www.wikihow.com/images/thumb/5/54/Cook-Zoodles-Step-11-Version-2.jpg/v4-460px-Cook-Zoodles-Step-11-Version-2.jpg", "vid": null}, "12": {"text": "Divide the noodles onto serving plates and add your favorite sauce.", "img": "https://www.wikihow.com/images/thumb/4/42/Cook-Zoodles-Step-12-Version-2.jpg/v4-460px-Cook-Zoodles-Step-12-Version-2.jpg", "vid": null}, "13": {"text": "Heat 1\u00a0US\u00a0tbsp (15\u00a0ml) of olive or avocado oil in a saut\u00e9 pan.", "img": "https://www.wikihow.com/images/thumb/e/e5/Cook-Zoodles-Step-13-Version-2.jpg/v4-460px-Cook-Zoodles-Step-13-Version-2.jpg", "vid": null}, "14": {"text": "Add the zoodles to the pan and saut\u00e9 for 1 to 2 minutes.", "img": null, "vid": "/8/8b/Cook Zoodles Step 14.360p.mp4"}, "15": {"text": "Plate the zoodles and top with your favorite sauce.", "img": "https://www.wikihow.com/images/thumb/e/e4/Cook-Zoodles-Step-15-Version-2.jpg/v4-460px-Cook-Zoodles-Step-15-Version-2.jpg", "vid": null}, "16": {"text": "Preheat your oven to 200\u00b0F (93\u00b0C).", "img": "https://www.wikihow.com/images/thumb/d/dd/Cook-Zoodles-Step-16-Version-2.jpg/v4-460px-Cook-Zoodles-Step-16-Version-2.jpg", "vid": null}, "17": {"text": "Line a baking sheet with a dry paper towel.", "img": "https://www.wikihow.com/images/thumb/a/af/Cook-Zoodles-Step-17-Version-2.jpg/v4-460px-Cook-Zoodles-Step-17-Version-2.jpg", "vid": null}, "18": {"text": "Scatter the zoodles on the baking sheet and sprinkle with sea salt.", "img": null, "vid": "/f/fd/Cook Zoodles Step 18.360p.mp4"}, "19": {"text": "Bake the zoodles for 10 to 15 minutes.", "img": "https://www.wikihow.com/images/thumb/0/0e/Cook-Zoodles-Step-19-Version-2.jpg/v4-460px-Cook-Zoodles-Step-19-Version-2.jpg", "vid": null}, "20": {"text": "Remove the zoodles from the oven and turn them out on a dry towel.", "img": null, "vid": "/3/3d/Cook Zoodles Step 20.360p.mp4"}, "21": {"text": "Divide the noodles and top with your favorite sauce.", "img": "https://www.wikihow.com/images/thumb/b/b4/Cook-Zoodles-Step-21-Version-2.jpg/v4-460px-Cook-Zoodles-Step-21-Version-2.jpg", "vid": null}}