{"video_url": "https://www.youtube.com/embed/BZ_0Gk9WA4o?showinfo=0", "1": {"text": "Wet a handkerchief, bandana, or other cloth with cool water.", "img": "https://www.wikihow.com/images/thumb/4/46/Cool-Yourself-Without-Air-Conditioning-Step-1-Version-4.jpg/v4-460px-Cool-Yourself-Without-Air-Conditioning-Step-1-Version-4.jpg", "vid": null}, "2": {"text": "Turn on a cold tap and hold your wrists under the water for a minute.", "img": "https://www.wikihow.com/images/thumb/d/d6/Cool-Yourself-Without-Air-Conditioning-Step-2-Version-4.jpg/v4-460px-Cool-Yourself-Without-Air-Conditioning-Step-2-Version-4.jpg", "vid": null}, "3": {"text": "Stick your head under cool running water and get your hair wet.", "img": "https://www.wikihow.com/images/thumb/b/b4/Cool-Yourself-Without-Air-Conditioning-Step-3-Version-4.jpg/v4-460px-Cool-Yourself-Without-Air-Conditioning-Step-3-Version-4.jpg", "vid": null}, "4": {"text": "Fill a spray bottle with water and mist your skin for quick relief.", "img": "https://www.wikihow.com/images/thumb/9/9a/Cool-Yourself-Without-Air-Conditioning-Step-4-Version-4.jpg/v4-460px-Cool-Yourself-Without-Air-Conditioning-Step-4-Version-4.jpg", "vid": null}, "5": {"text": "Set a metal bowl of ice in front of a fan and direct it toward your room.", "img": "https://www.wikihow.com/images/thumb/f/fe/Cool-Yourself-Without-Air-Conditioning-Step-5-Version-4.jpg/v4-460px-Cool-Yourself-Without-Air-Conditioning-Step-5-Version-4.jpg", "vid": null}, "6": {"text": "The cold water lowers your body's core temperature.", "img": "https://www.wikihow.com/images/thumb/1/1e/Cool-Yourself-Without-Air-Conditioning-Step-6-Version-4.jpg/v4-460px-Cool-Yourself-Without-Air-Conditioning-Step-6-Version-4.jpg", "vid": null}, "7": {"text": "Block the sun's rays so your home doesn't absorb more heat.", "img": "https://www.wikihow.com/images/thumb/9/9b/Cool-Yourself-Without-Air-Conditioning-Step-7-Version-4.jpg/v4-460px-Cool-Yourself-Without-Air-Conditioning-Step-7-Version-4.jpg", "vid": null}, "8": {"text": "Let cool air into your home so it's not stuffy indoors.", "img": "https://www.wikihow.com/images/thumb/9/97/Cool-Yourself-Without-Air-Conditioning-Step-8-Version-4.jpg/v4-460px-Cool-Yourself-Without-Air-Conditioning-Step-8-Version-4.jpg", "vid": null}, "9": {"text": "Put silk, satin, or cotton sheets on your bed.", "img": "https://www.wikihow.com/images/thumb/8/87/Cool-Yourself-Without-Air-Conditioning-Step-9-Version-4.jpg/v4-460px-Cool-Yourself-Without-Air-Conditioning-Step-9-Version-4.jpg", "vid": null}, "10": {"text": "Sleeping on the floor will be cooler.", "img": "https://www.wikihow.com/images/thumb/4/44/Cool-Yourself-Without-Air-Conditioning-Step-10-Version-4.jpg/v4-460px-Cool-Yourself-Without-Air-Conditioning-Step-10-Version-4.jpg", "vid": null}, "11": {"text": "Pull cool air into your space while pushing out warm air.", "img": "https://www.wikihow.com/images/thumb/2/25/Cool-Yourself-Without-Air-Conditioning-Step-11-Version-3.jpg/v4-460px-Cool-Yourself-Without-Air-Conditioning-Step-11-Version-3.jpg", "vid": null}, "12": {"text": "Light-colored clothes made of natural fibers help sweat evaporate so you stay cooler.", "img": "https://www.wikihow.com/images/thumb/5/58/Cool-Yourself-Without-Air-Conditioning-Step-12-Version-3.jpg/v4-460px-Cool-Yourself-Without-Air-Conditioning-Step-12-Version-3.jpg", "vid": null}, "13": {"text": "Keep water or sports drinks handy and sip them to replace lost fluids.", "img": "https://www.wikihow.com/images/thumb/f/fb/Cool-Yourself-Without-Air-Conditioning-Step-13-Version-3.jpg/v4-460px-Cool-Yourself-Without-Air-Conditioning-Step-13-Version-3.jpg", "vid": null}, "14": {"text": "Reach for popsicles, frozen fruit, smoothies, or ice cream to cool you down.", "img": "https://www.wikihow.com/images/thumb/c/ca/Cool-Yourself-Without-Air-Conditioning-Step-14-Version-3.jpg/v4-460px-Cool-Yourself-Without-Air-Conditioning-Step-14-Version-3.jpg", "vid": null}}