{"video_url": "https://www.youtube.com/embed/wKr0MTSpLpA?showinfo=0", "1": {"text": "Find a table or a countertop nearby.", "img": "https://www.wikihow.com/images/thumb/3/32/Core-Lettuce-Step-1.jpg/v4-460px-Core-Lettuce-Step-1.jpg", "vid": null}, "2": {"text": "You can find the core near the bottom of your lettuce.", "img": null, "vid": "/a/ab/Core Lettuce Step 2.360p.mp4"}, "3": {"text": "Hold the lettuce up to about shoulder height.", "img": null, "vid": "/d/d9/Core Lettuce Step 3.360p.mp4"}, "4": {"text": "Grab the core as it falls out on its own.", "img": null, "vid": "/e/e7/Core Lettuce Step 4.360p.mp4"}}