{"video_url": "https://www.youtube.com/embed/_9bTZsQ_S2I?showinfo=0", "1": {"text": "Gather supplies.", "img": "https://www.wikihow.com/images/thumb/8/87/Cover-Your-Eyebrows-Step-1-Version-10.jpg/v4-460px-Cover-Your-Eyebrows-Step-1-Version-10.jpg", "vid": null}, "2": {"text": "Prep your brows and skin.", "img": null, "vid": "/2/2d/Cover Your Eyebrows Step 2 Version 3.360p.mp4"}, "3": {"text": "Gently coat your brows with petroleum jelly.", "img": null, "vid": "/9/9b/Cover Your Eyebrows Step 3 Version 7.360p.mp4"}, "4": {"text": "Apply the spirit gum against the grain of your eyebrows.", "img": null, "vid": "/5/52/Cover Your Eyebrows Step 4 Version 7.360p.mp4"}, "5": {"text": "Apply a second layer of spirit gum in the direction of your hairs.", "img": null, "vid": "/c/ce/Cover Your Eyebrows Step 5 Version 8.360p.mp4"}, "6": {"text": "Use an eyebrow brush to comb your brows flat.", "img": null, "vid": "/6/61/Cover Your Eyebrows Step 6 Version 8.360p.mp4"}, "7": {"text": "Let the spirit gum dry for ten minutes, then apply another layer.", "img": "https://www.wikihow.com/images/thumb/9/94/Cover-Your-Eyebrows-Step-7-Version-9.jpg/v4-460px-Cover-Your-Eyebrows-Step-7-Version-9.jpg", "vid": null}, "8": {"text": "Perforate the spirit gum with your brow brush.", "img": null, "vid": "/2/20/Cover Your Eyebrows Step 8 Version 8.360p.mp4"}, "9": {"text": "Apply translucent powder over the glue.", "img": null, "vid": "/a/ae/Cover Your Eyebrows Step 9 Version 8.360p.mp4"}, "10": {"text": "Apply concealer over your brows.", "img": null, "vid": "/b/b7/Cover Your Eyebrows Step 10 Version 8.360p.mp4"}, "11": {"text": "Dust over your eyebrows with loose powder.", "img": null, "vid": "/6/6e/Cover Your Eyebrows Step 11 Version 7.360p.mp4"}, "12": {"text": "Finished.", "img": "https://www.wikihow.com/images/thumb/8/8b/Cover-Your-Eyebrows-Step-12-Version-9.jpg/v4-460px-Cover-Your-Eyebrows-Step-12-Version-9.jpg", "vid": null}, "13": {"text": "Use makeup remover to take off the layers of makeup.", "img": "https://www.wikihow.com/images/thumb/8/80/Cover-Your-Eyebrows-Step-13-Version-8.jpg/v4-460px-Cover-Your-Eyebrows-Step-13-Version-8.jpg", "vid": null}, "14": {"text": "Use spirit gum remover to remove the spirit gum.", "img": "https://www.wikihow.com/images/thumb/a/ac/Cover-Your-Eyebrows-Step-14-Version-7.jpg/v4-460px-Cover-Your-Eyebrows-Step-14-Version-7.jpg", "vid": null}, "15": {"text": "Hold the spirit gum remover against your eyebrows for a few minutes.", "img": "https://www.wikihow.com/images/thumb/2/2f/Cover-Your-Eyebrows-Step-15-Version-7.jpg/v4-460px-Cover-Your-Eyebrows-Step-15-Version-7.jpg", "vid": null}, "16": {"text": "Wipe away the spirit gum.", "img": null, "vid": "/4/45/Cover Your Eyebrows Step 16 Version 7.360p.mp4"}}