{"video_url": "https://www.youtube.com/embed/YOm0UVIbORo?showinfo=0", "1": {"text": "Use a long and wide aquarium, terrarium, or vivarium.", "img": "https://www.wikihow.com/images/thumb/3/30/Create-a-Habitat-for-a-Leopard-Gecko-Step-1-Version-5.jpg/v4-460px-Create-a-Habitat-for-a-Leopard-Gecko-Step-1-Version-5.jpg", "vid": null}, "2": {"text": "Provide your gecko with plenty of space.", "img": "https://www.wikihow.com/images/thumb/2/2b/Create-a-Habitat-for-a-Leopard-Gecko-Step-2-Version-5.jpg/v4-460px-Create-a-Habitat-for-a-Leopard-Gecko-Step-2-Version-5.jpg", "vid": null}, "3": {"text": "Cover your tank with a lid made of wire or mesh.", "img": null, "vid": "/0/01/Create a Habitat for a Leopard Gecko Step 3 Version 2.360p.mp4"}, "4": {"text": "Keep a heating pad on the bottom of the tank between 74\u201380\u00a0\u00b0F (23\u201327\u00a0\u00b0C).", "img": "https://www.wikihow.com/images/thumb/7/75/Create-a-Habitat-for-a-Leopard-Gecko-Step-4-Version-5.jpg/v4-460px-Create-a-Habitat-for-a-Leopard-Gecko-Step-4-Version-5.jpg", "vid": null}, "5": {"text": "Make a basking area that\u2019s around 90\u00a0\u00b0F (32\u00a0\u00b0C) with a full-spectrum bulb.", "img": "https://www.wikihow.com/images/thumb/a/ac/Create-a-Habitat-for-a-Leopard-Gecko-Step-5-Version-5.jpg/v4-460px-Create-a-Habitat-for-a-Leopard-Gecko-Step-5-Version-5.jpg", "vid": null}, "6": {"text": "Lower the temperature to 70\u201375\u00a0\u00b0F (21\u201324\u00a0\u00b0C) at night.", "img": "https://www.wikihow.com/images/thumb/7/70/Create-a-Habitat-for-a-Leopard-Gecko-Step-6-Version-5.jpg/v4-460px-Create-a-Habitat-for-a-Leopard-Gecko-Step-6-Version-5.jpg", "vid": null}, "7": {"text": "Maintain a regular day and night cycle.", "img": null, "vid": "/e/ee/Create a Habitat for a Leopard Gecko Step 7 Version 2.360p.mp4"}, "8": {"text": "Use dry Eco Earth or textured tile as a substrate in the tank.", "img": null, "vid": "/c/c7/Create a Habitat for a Leopard Gecko Step 8 Version 2.360p.mp4"}, "9": {"text": "Create a warm hide and a cool hide for your gecko.", "img": null, "vid": "/d/db/Create a Habitat for a Leopard Gecko Step 9 Version 2.360p.mp4"}, "10": {"text": "Make a warm, moist hide for your gecko.", "img": "https://www.wikihow.com/images/thumb/d/d8/Create-a-Habitat-for-a-Leopard-Gecko-Step-10-Version-2.jpg/v4-460px-Create-a-Habitat-for-a-Leopard-Gecko-Step-10-Version-2.jpg", "vid": null}, "11": {"text": "Place a food and water bowl in the tank.", "img": null, "vid": "/8/81/Create a Habitat for a Leopard Gecko Step 11.360p.mp4"}, "12": {"text": "Add plants and/or rocks or logs.", "img": "https://www.wikihow.com/images/thumb/7/79/Create-a-Habitat-for-a-Leopard-Gecko-Step-12.jpg/v4-460px-Create-a-Habitat-for-a-Leopard-Gecko-Step-12.jpg", "vid": null}}