{"video_url": "https://www.youtube.com/embed/lKL9zpL1HGk?showinfo=0", "1": {"text": "Separate the egg whites from the yolks.", "img": null, "vid": "/9/93/Create an Egg and Olive Oil Hair Mask Step 7.360p.mp4"}, "2": {"text": "Whisk the whites with olive oil.", "img": null, "vid": "/f/f0/Create an Egg and Olive Oil Hair Mask Step 8.360p.mp4"}, "3": {"text": "Apply the mixture to damp hair.", "img": "https://www.wikihow.com/images/thumb/4/4c/Create-an-Egg-and-Olive-Oil-Hair-Mask-Step-9-Version-2.jpg/v4-460px-Create-an-Egg-and-Olive-Oil-Hair-Mask-Step-9-Version-2.jpg", "vid": null}, "4": {"text": "Let the mask soak in for 20 minutes.", "img": "https://www.wikihow.com/images/thumb/5/51/Create-an-Egg-and-Olive-Oil-Hair-Mask-Step-10-Version-2.jpg/v4-460px-Create-an-Egg-and-Olive-Oil-Hair-Mask-Step-10-Version-2.jpg", "vid": null}, "5": {"text": "Shampoo your hair with cool water.", "img": "https://www.wikihow.com/images/thumb/e/ed/Create-an-Egg-and-Olive-Oil-Hair-Mask-Step-11-Version-2.jpg/v4-460px-Create-an-Egg-and-Olive-Oil-Hair-Mask-Step-11-Version-2.jpg", "vid": null}, "6": {"text": "Dry your hair as normal.", "img": "https://www.wikihow.com/images/thumb/0/02/Create-an-Egg-and-Olive-Oil-Hair-Mask-Step-12-Version-2.jpg/v4-460px-Create-an-Egg-and-Olive-Oil-Hair-Mask-Step-12-Version-2.jpg", "vid": null}, "7": {"text": "Separate the egg yolks from the whites.", "img": "https://www.wikihow.com/images/thumb/0/0f/Create-an-Egg-and-Olive-Oil-Hair-Mask-Step-1-Version-6.jpg/v4-460px-Create-an-Egg-and-Olive-Oil-Hair-Mask-Step-1-Version-6.jpg", "vid": null}, "8": {"text": "Whisk the yolks or egg oil with olive oil.", "img": null, "vid": "/7/70/Create an Egg and Olive Oil Hair Mask Step 2 Version 5.360p.mp4"}, "9": {"text": "Apply the mixture to damp hair.", "img": "https://www.wikihow.com/images/thumb/5/59/Create-an-Egg-and-Olive-Oil-Hair-Mask-Step-3-Version-6.jpg/v4-460px-Create-an-Egg-and-Olive-Oil-Hair-Mask-Step-3-Version-6.jpg", "vid": null}, "10": {"text": "Let the mask soak in for 20 minutes.", "img": "https://www.wikihow.com/images/thumb/3/38/Create-an-Egg-and-Olive-Oil-Hair-Mask-Step-4-Version-6.jpg/v4-460px-Create-an-Egg-and-Olive-Oil-Hair-Mask-Step-4-Version-6.jpg", "vid": null}, "11": {"text": "Shampoo your hair with cool water.", "img": "https://www.wikihow.com/images/thumb/4/4c/Create-an-Egg-and-Olive-Oil-Hair-Mask-Step-5-Version-6.jpg/v4-460px-Create-an-Egg-and-Olive-Oil-Hair-Mask-Step-5-Version-6.jpg", "vid": null}, "12": {"text": "Dry your hair as normal.", "img": "https://www.wikihow.com/images/thumb/0/0e/Create-an-Egg-and-Olive-Oil-Hair-Mask-Step-6-Version-4.jpg/v4-460px-Create-an-Egg-and-Olive-Oil-Hair-Mask-Step-6-Version-4.jpg", "vid": null}, "13": {"text": "Use a plain egg to condition your hair.", "img": "https://www.wikihow.com/images/thumb/d/de/Create-an-Egg-and-Olive-Oil-Hair-Mask-Step-13-Version-2.jpg/v4-460px-Create-an-Egg-and-Olive-Oil-Hair-Mask-Step-13-Version-2.jpg", "vid": null}, "14": {"text": "Add extra moisturizers.", "img": null, "vid": "/7/75/Create an Egg and Olive Oil Hair Mask Step 14.360p.mp4"}, "15": {"text": "Substitute olive oil for other types of oil.", "img": "https://www.wikihow.com/images/thumb/4/44/Create-an-Egg-and-Olive-Oil-Hair-Mask-Step-15-Version-2.jpg/v4-460px-Create-an-Egg-and-Olive-Oil-Hair-Mask-Step-15-Version-2.jpg", "vid": null}, "16": {"text": "Scent your hair mask.", "img": "https://www.wikihow.com/images/thumb/4/4b/Create-an-Egg-and-Olive-Oil-Hair-Mask-Step-16-Version-2.jpg/v4-460px-Create-an-Egg-and-Olive-Oil-Hair-Mask-Step-16-Version-2.jpg", "vid": null}}