{"video_url": "https://www.youtube.com/embed/pefY1x0GGGM", "1": {"text": "Clear out your closet.", "img": "https://www.wikihow.com/images/thumb/f/f2/Create-a-Capsule-Wardrobe-Step-1-Version-2.jpg/v4-460px-Create-a-Capsule-Wardrobe-Step-1-Version-2.jpg", "vid": null}, "2": {"text": "Personalize your capsule wardrobe.", "img": "https://www.wikihow.com/images/thumb/d/d1/Create-a-Capsule-Wardrobe-Step-2-Version-2.jpg/v4-460px-Create-a-Capsule-Wardrobe-Step-2-Version-2.jpg", "vid": null}, "3": {"text": "Invest in the basics.", "img": "https://www.wikihow.com/images/thumb/9/94/Create-a-Capsule-Wardrobe-Step-3-Version-2.jpg/v4-460px-Create-a-Capsule-Wardrobe-Step-3-Version-2.jpg", "vid": null}, "4": {"text": "Ensure that each item in your capsule wardrobe is flattering.", "img": "https://www.wikihow.com/images/thumb/9/9c/Create-a-Capsule-Wardrobe-Step-4-Version-2.jpg/v4-460px-Create-a-Capsule-Wardrobe-Step-4-Version-2.jpg", "vid": null}, "5": {"text": "Update before the start of a new season.", "img": "https://www.wikihow.com/images/thumb/6/6c/Create-a-Capsule-Wardrobe-Step-5-Version-2.jpg/v4-460px-Create-a-Capsule-Wardrobe-Step-5-Version-2.jpg", "vid": null}, "6": {"text": "Find the perfect white tee.", "img": "https://www.wikihow.com/images/thumb/0/0f/Create-a-Capsule-Wardrobe-Step-6-Version-2.jpg/v4-460px-Create-a-Capsule-Wardrobe-Step-6-Version-2.jpg", "vid": null}, "7": {"text": "Stock your wardrobe with a few classic tees of any neutral color.", "img": "https://www.wikihow.com/images/thumb/5/52/Create-a-Capsule-Wardrobe-Step-7.jpg/v4-460px-Create-a-Capsule-Wardrobe-Step-7.jpg", "vid": null}, "8": {"text": "Add 1 to 3 tank tops.", "img": "https://www.wikihow.com/images/thumb/2/29/Create-a-Capsule-Wardrobe-Step-8-Version-2.jpg/v4-460px-Create-a-Capsule-Wardrobe-Step-8-Version-2.jpg", "vid": null}, "9": {"text": "Include at least one nice blouse.", "img": "https://www.wikihow.com/images/thumb/f/fb/Create-a-Capsule-Wardrobe-Step-9.jpg/v4-460px-Create-a-Capsule-Wardrobe-Step-9.jpg", "vid": null}, "10": {"text": "Add one or two long sleeved tees or light sweaters.", "img": "https://www.wikihow.com/images/thumb/7/7c/Create-a-Capsule-Wardrobe-Step-10.jpg/v4-460px-Create-a-Capsule-Wardrobe-Step-10.jpg", "vid": null}, "11": {"text": "Include a blazer.", "img": "https://www.wikihow.com/images/thumb/8/8c/Create-a-Capsule-Wardrobe-Step-11.jpg/v4-460px-Create-a-Capsule-Wardrobe-Step-11.jpg", "vid": null}, "12": {"text": "Add 1 to 2 cardigans.", "img": "https://www.wikihow.com/images/thumb/a/a8/Create-a-Capsule-Wardrobe-Step-12.jpg/v4-460px-Create-a-Capsule-Wardrobe-Step-12.jpg", "vid": null}, "13": {"text": "Include a black dress.", "img": "https://www.wikihow.com/images/thumb/e/e7/Create-a-Capsule-Wardrobe-Step-13.jpg/v4-460px-Create-a-Capsule-Wardrobe-Step-13.jpg", "vid": null}, "14": {"text": "Stock your closet with 1 to 4 pairs of jeans.", "img": "https://www.wikihow.com/images/thumb/1/12/Create-a-Capsule-Wardrobe-Step-14.jpg/v4-460px-Create-a-Capsule-Wardrobe-Step-14.jpg", "vid": null}, "15": {"text": "Include a pair of trousers or ankle pants.", "img": "https://www.wikihow.com/images/thumb/9/9f/Create-a-Capsule-Wardrobe-Step-15.jpg/v4-460px-Create-a-Capsule-Wardrobe-Step-15.jpg", "vid": null}, "16": {"text": "Add at least one skirt.", "img": "https://www.wikihow.com/images/thumb/2/2a/Create-a-Capsule-Wardrobe-Step-16.jpg/v4-460px-Create-a-Capsule-Wardrobe-Step-16.jpg", "vid": null}, "17": {"text": "Include a couple each of polos, casual patterned button ups, and oxford button downs for men.", "img": "https://www.wikihow.com/images/thumb/0/08/Create-a-Capsule-Wardrobe-Step-17.jpg/v4-460px-Create-a-Capsule-Wardrobe-Step-17.jpg", "vid": null}, "18": {"text": "Add at a least one dress shirt for men.", "img": "https://www.wikihow.com/images/thumb/e/ee/Create-a-Capsule-Wardrobe-Step-18.jpg/v4-460px-Create-a-Capsule-Wardrobe-Step-18.jpg", "vid": null}, "19": {"text": "Consider a charcoal suit for men.", "img": "https://www.wikihow.com/images/thumb/b/b6/Create-a-Capsule-Wardrobe-Step-19.jpg/v4-460px-Create-a-Capsule-Wardrobe-Step-19.jpg", "vid": null}, "20": {"text": "Include a couple pairs of black or neutral colored patent pumps.", "img": "https://www.wikihow.com/images/thumb/f/f5/Create-a-Capsule-Wardrobe-Step-20.jpg/v4-460px-Create-a-Capsule-Wardrobe-Step-20.jpg", "vid": null}, "21": {"text": "Add 1 to 3 pairs of neutral colored sandals or ballet flats.", "img": "https://www.wikihow.com/images/thumb/3/35/Create-a-Capsule-Wardrobe-Step-21.jpg/v4-460px-Create-a-Capsule-Wardrobe-Step-21.jpg", "vid": null}, "22": {"text": "Include some good quality walking shoes.", "img": "https://www.wikihow.com/images/thumb/1/14/Create-a-Capsule-Wardrobe-Step-22.jpg/v4-460px-Create-a-Capsule-Wardrobe-Step-22.jpg", "vid": null}, "23": {"text": "Consider at least one scarf.", "img": "https://www.wikihow.com/images/thumb/3/3e/Create-a-Capsule-Wardrobe-Step-23.jpg/v4-460px-Create-a-Capsule-Wardrobe-Step-23.jpg", "vid": null}, "24": {"text": "Include a versatile coat.", "img": "https://www.wikihow.com/images/thumb/b/b2/Create-a-Capsule-Wardrobe-Step-24.jpg/v4-460px-Create-a-Capsule-Wardrobe-Step-24.jpg", "vid": null}, "25": {"text": "Include casual leather shoes for men.", "img": "https://www.wikihow.com/images/thumb/d/d8/Create-a-Capsule-Wardrobe-Step-25.jpg/v4-460px-Create-a-Capsule-Wardrobe-Step-25.jpg", "vid": null}}