{"video_url": "https://www.youtube.com/embed/--7o6El8Bfk?showinfo=0", "1": {"text": "Clear an area.", "img": "https://www.wikihow.com/images/thumb/4/46/Create-Papier-M%C3%A2ch%C3%A9-Step-1-Version-3.jpg/v4-460px-Create-Papier-M%C3%A2ch%C3%A9-Step-1-Version-3.jpg", "vid": null}, "2": {"text": "Tear the newspaper into long strips.", "img": null, "vid": "/5/5a/Create Papier M\u00e2ch\u00e9 Step 2 Version 3.360p.mp4"}, "3": {"text": "Choose your method to make papier m\u00e2ch\u00e9.", "img": null, "vid": "/a/ac/Create Papier M\u00e2ch\u00e9 Step 3 Version 3.360p.mp4"}, "4": {"text": "Blend your choice of mixture.", "img": null, "vid": "/7/78/Create Papier M\u00e2ch\u00e9 Step 4 Version 3.360p.mp4"}, "5": {"text": "Find a surface you want to papier-m\u00e2ch\u00e9.", "img": "https://www.wikihow.com/images/thumb/4/4b/Create-Papier-M%C3%A2ch%C3%A9-Step-5-Version-3.jpg/v4-460px-Create-Papier-M%C3%A2ch%C3%A9-Step-5-Version-3.jpg", "vid": null}, "6": {"text": "Dip a strip of newspaper into the mixture.", "img": null, "vid": "/8/8a/Create Papier M\u00e2ch\u00e9 Step 6 Version 3.360p.mp4"}, "7": {"text": "Remove any excess mixture.", "img": null, "vid": "/b/b1/Create Papier M\u00e2ch\u00e9 Step 7 Version 3.360p.mp4"}, "8": {"text": "Lay the strip over the surface or figure.", "img": null, "vid": "/a/ab/Create Papier M\u00e2ch\u00e9 Step 8 Version 3.360p.mp4"}, "9": {"text": "Repeat laying strips.", "img": null, "vid": "/a/a8/Create Papier M\u00e2ch\u00e9 Step 9 Version 3.360p.mp4"}, "10": {"text": "Place the object on a covered surface to dry.", "img": "https://www.wikihow.com/images/thumb/2/2d/Create-Papier-M%C3%A2ch%C3%A9-Step-10-Version-3.jpg/v4-460px-Create-Papier-M%C3%A2ch%C3%A9-Step-10-Version-3.jpg", "vid": null}, "11": {"text": "Start coloring.", "img": null, "vid": "/5/59/Create Papier M\u00e2ch\u00e9 Step 11 Version 3.360p.mp4"}}