{"video_url": "https://www.youtube.com/embed/XAfjXfxWXbc?showinfo=0", "1": {"text": "Use an anti-fungal cream for a mild infection.", "img": "https://www.wikihow.com/images/thumb/d/de/Treat-Jock-Itch-With-Sudocrem-Step-10.jpg/v4-460px-Treat-Jock-Itch-With-Sudocrem-Step-10.jpg", "vid": null}, "2": {"text": "Keep your skin clean and dry.", "img": "https://www.wikihow.com/images/thumb/5/52/Know-if-You-Have-Jock-Itch-Step-5-Version-2.jpg/v4-460px-Know-if-You-Have-Jock-Itch-Step-5-Version-2.jpg", "vid": null}, "3": {"text": "Avoid wearing any clothing that rubs or irritates your crotch.", "img": "https://www.wikihow.com/images/thumb/6/6f/Tell-if-Vaginal-Discharge-Is-Normal-Step-24.jpg/v4-460px-Tell-if-Vaginal-Discharge-Is-Normal-Step-24.jpg", "vid": null}, "4": {"text": "Refrain from scratching.", "img": "https://www.wikihow.com/images/thumb/1/1e/Recognize-Chlamydia-Symptoms-%28for-Men%29-Step-10-Version-3.jpg/v4-460px-Recognize-Chlamydia-Symptoms-%28for-Men%29-Step-10-Version-3.jpg", "vid": null}, "5": {"text": "Use Bond medicated powder.", "img": "https://www.wikihow.com/images/thumb/0/0f/Get-Rid-of-Clammy-Hands-Step-1-Version-2.jpg/v4-460px-Get-Rid-of-Clammy-Hands-Step-1-Version-2.jpg", "vid": null}, "6": {"text": "Talk to your doctor.", "img": "https://www.wikihow.com/images/thumb/3/37/Know-if-You-Have-Jock-Itch-Step-3-Version-2.jpg/v4-460px-Know-if-You-Have-Jock-Itch-Step-3-Version-2.jpg", "vid": null}, "7": {"text": "Shower daily.", "img": "https://www.wikihow.com/images/thumb/b/bc/Get-Rid-of-Itchy-Skin-with-Home-Remedies-Step-1-Version-2.jpg/v4-460px-Get-Rid-of-Itchy-Skin-with-Home-Remedies-Step-1-Version-2.jpg", "vid": null}, "8": {"text": "Keep your groin clean and dry at all times.", "img": "https://www.wikihow.com/images/thumb/b/b4/Treat-Jock-Itch-With-Sudocrem-Step-3-Version-2.jpg/v4-460px-Treat-Jock-Itch-With-Sudocrem-Step-3-Version-2.jpg", "vid": null}, "9": {"text": "Avoid clothing or underwear that irritates the area.", "img": "https://www.wikihow.com/images/thumb/c/c2/Treat-Jock-Itch-With-Sudocrem-Step-8.jpg/v4-460px-Treat-Jock-Itch-With-Sudocrem-Step-8.jpg", "vid": null}, "10": {"text": "Wash your underwear and athletic supporter frequently.", "img": "https://www.wikihow.com/images/thumb/7/76/Treat-Jock-Itch-With-Sudocrem-Step-13.jpg/v4-460px-Treat-Jock-Itch-With-Sudocrem-Step-13.jpg", "vid": null}, "11": {"text": "Put on your socks before you put on your underwear.", "img": "https://www.wikihow.com/images/thumb/b/b9/Dress-for-the-Gym-Step-8.jpg/v4-460px-Dress-for-the-Gym-Step-8.jpg", "vid": null}, "12": {"text": "Take off wet swimsuits quickly.", "img": "https://www.wikihow.com/images/thumb/b/bb/Tell-if-Vaginal-Discharge-Is-Normal-Step-25.jpg/v4-460px-Tell-if-Vaginal-Discharge-Is-Normal-Step-25.jpg", "vid": null}, "13": {"text": "Avoid carrying wet or sweaty clothing in your gym bag.", "img": "https://www.wikihow.com/images/thumb/d/dc/Know-if-You-Have-Jock-Itch-Step-6-Version-2.jpg/v4-460px-Know-if-You-Have-Jock-Itch-Step-6-Version-2.jpg", "vid": null}}