{"video_url": "https://www.youtube.com/embed/6b1IN44V86Y?showinfo=0", "1": {"text": "Pick a ripe papaya.", "img": null, "vid": "/2/2c/Cut a Papaya Step 1.360p.mp4"}, "2": {"text": "Wash the papaya.", "img": null, "vid": "/4/4a/Cut a Papaya Step 2.360p.mp4"}, "3": {"text": "Lay the papaya on a flat surface.", "img": null, "vid": "/2/25/Cut a Papaya Step 3.360p.mp4"}, "4": {"text": "Cut the papaya.", "img": null, "vid": "/e/e5/Cut a Papaya Step 4.360p.mp4"}, "5": {"text": "Slice the papaya in half lengthwise.", "img": null, "vid": "/1/1b/Cut a Papaya Step 5.360p.mp4"}, "6": {"text": "Scoop out the seeds from both halves of the papaya.", "img": null, "vid": "/4/4f/Cut a Papaya Step 6.360p.mp4"}, "7": {"text": "Slice the papaya halves in half crosswise.", "img": null, "vid": "/d/d1/Cut a Papaya Step 7.360p.mp4"}, "8": {"text": "Use a sawing motion to slice off the skin.", "img": null, "vid": null}, "9": {"text": "Slice the papaya into spears or chunks.", "img": null, "vid": "/c/c8/Cut a Papaya Step 8.360p.mp4"}, "10": {"text": "Prepare a papaya and other fruit.", "img": null, "vid": "/b/b2/Cut a Papaya Step 9.360p.mp4"}, "11": {"text": "Prepare the base.", "img": null, "vid": "/3/3d/Cut a Papaya Step 10.360p.mp4"}, "12": {"text": "Add some extras.", "img": null, "vid": "/1/13/Cut a Papaya Step 11.360p.mp4"}, "13": {"text": "Blend the ingredients.", "img": null, "vid": "/4/47/Cut a Papaya Step 12.360p.mp4"}, "14": {"text": "Serve the smoothie.", "img": null, "vid": "/a/a2/Cut a Papaya Step 13.360p.mp4"}}