{"video_url": "https://www.youtube.com/embed/FoP9OhhZHjM", "1": {"text": "Cut out the core of the tomato with a paring knife.", "img": "https://www.wikihow.com/images/thumb/e/ec/Cut-Tomatoes-Step-1.jpg/v4-460px-Cut-Tomatoes-Step-1.jpg", "vid": null}, "2": {"text": "Turn the tomato onto its side.", "img": "https://www.wikihow.com/images/thumb/a/a8/Cut-Tomatoes-Step-2.jpg/v4-460px-Cut-Tomatoes-Step-2.jpg", "vid": null}, "3": {"text": "Hold the tomato with your fingers curled inward.", "img": "https://www.wikihow.com/images/thumb/7/7e/Cut-Tomatoes-Step-3.jpg/v4-460px-Cut-Tomatoes-Step-3.jpg", "vid": null}, "4": {"text": "Cut down through the tomato with a serrated knife.", "img": "https://www.wikihow.com/images/thumb/1/18/Cut-Tomatoes-Step-4.jpg/v4-460px-Cut-Tomatoes-Step-4.jpg", "vid": null}, "5": {"text": "Make the slices equal thickness.", "img": "https://www.wikihow.com/images/thumb/1/1f/Cut-Tomatoes-Step-5.jpg/v4-460px-Cut-Tomatoes-Step-5.jpg", "vid": null}, "6": {"text": "Remove the stem and core with a paring knife.", "img": "https://www.wikihow.com/images/thumb/f/f6/Cut-Tomatoes-Step-6.jpg/v4-460px-Cut-Tomatoes-Step-6.jpg", "vid": null}, "7": {"text": "Slice the tomato.", "img": "https://www.wikihow.com/images/thumb/d/db/Cut-Tomatoes-Step-7.jpg/v4-460px-Cut-Tomatoes-Step-7.jpg", "vid": null}, "8": {"text": "Stack 2 or 3 slices at a time.", "img": "https://www.wikihow.com/images/thumb/a/a8/Cut-Tomatoes-Step-8.jpg/v4-460px-Cut-Tomatoes-Step-8.jpg", "vid": null}, "9": {"text": "Cut the stack into strips with a serrated knife.", "img": "https://www.wikihow.com/images/thumb/b/b8/Cut-Tomatoes-Step-9.jpg/v4-460px-Cut-Tomatoes-Step-9.jpg", "vid": null}, "10": {"text": "Chop up the strips.", "img": "https://www.wikihow.com/images/thumb/6/65/Cut-Tomatoes-Step-10.jpg/v4-460px-Cut-Tomatoes-Step-10.jpg", "vid": null}, "11": {"text": "Repeat with the rest of the stacks.", "img": "https://www.wikihow.com/images/thumb/7/7b/Cut-Tomatoes-Step-11.jpg/v4-460px-Cut-Tomatoes-Step-11.jpg", "vid": null}, "12": {"text": "Pull off the stem.", "img": "https://www.wikihow.com/images/thumb/2/22/Cut-Tomatoes-Step-12.jpg/v4-460px-Cut-Tomatoes-Step-12.jpg", "vid": null}, "13": {"text": "Cut the tomato in half with a cleaver or serrated knife.", "img": "https://www.wikihow.com/images/thumb/a/a4/Cut-Tomatoes-Step-13.jpg/v4-460px-Cut-Tomatoes-Step-13.jpg", "vid": null}, "14": {"text": "Slice each half to create quarters.", "img": "https://www.wikihow.com/images/thumb/2/2b/Cut-Tomatoes-Step-14.jpg/v4-460px-Cut-Tomatoes-Step-14.jpg", "vid": null}, "15": {"text": "Cut the quarters in half again.", "img": "https://www.wikihow.com/images/thumb/e/ee/Cut-Tomatoes-Step-15.jpg/v4-460px-Cut-Tomatoes-Step-15.jpg", "vid": null}, "16": {"text": "Find two plastic lids or plates of the same size.", "img": "https://www.wikihow.com/images/thumb/5/59/Cut-Tomatoes-Step-16.jpg/v4-460px-Cut-Tomatoes-Step-16.jpg", "vid": null}, "17": {"text": "Place the tomatoes between the lids or plates.", "img": "https://www.wikihow.com/images/thumb/f/f4/Cut-Tomatoes-Step-17.jpg/v4-460px-Cut-Tomatoes-Step-17.jpg", "vid": null}, "18": {"text": "Keep one hand pressed flat on top at all times.", "img": "https://www.wikihow.com/images/thumb/5/57/Cut-Tomatoes-Step-18.jpg/v4-460px-Cut-Tomatoes-Step-18.jpg", "vid": null}, "19": {"text": "Slice the tomatoes between the plates with a serrated knife.", "img": "https://www.wikihow.com/images/thumb/2/23/Cut-Tomatoes-Step-19.jpg/v4-460px-Cut-Tomatoes-Step-19.jpg", "vid": null}}