{"video_url": "https://www.youtube.com/embed/GLPWYnnsBuU", "1": {"text": "Let your brownies cool for 1-2 hours before you cut them.", "img": "https://www.wikihow.com/images/thumb/e/e3/Cut-Brownies-Step-1.jpg/v4-460px-Cut-Brownies-Step-1.jpg", "vid": null}, "2": {"text": "Use a serrated knife to make the cuts.", "img": "https://www.wikihow.com/images/thumb/9/91/Cut-Brownies-Step-2.jpg/v4-460px-Cut-Brownies-Step-2.jpg", "vid": null}, "3": {"text": "Make 1 vertical cut in the middle of the brownies to divide them in half.", "img": null, "vid": "/f/fe/Cut Brownies Step 3.360p.mp4"}, "4": {"text": "Divide each half in half again by making another cut through the middle.", "img": null, "vid": "/d/d8/Cut Brownies Step 4.360p.mp4"}, "5": {"text": "Make 1-3 horizontal cut to divide the strips down the center.", "img": null, "vid": "/8/8d/Cut Brownies Step 5.360p.mp4"}, "6": {"text": "Use a plastic disposable knife for clean, even cuts.", "img": "https://www.wikihow.com/images/thumb/2/2a/Cut-Brownies-Step-6.jpg/v4-460px-Cut-Brownies-Step-6.jpg", "vid": null}, "7": {"text": "Trim about 1\u20446\u20131\u20444\u00a0in (0.42\u20130.64\u00a0cm) off the edges of your brownies.", "img": null, "vid": "/e/e5/Cut Brownies Step 7.360p.mp4"}, "8": {"text": "Make notches around the edges of the brownies at 2\u00a0in (5.1\u00a0cm) intervals.", "img": null, "vid": "/0/06/Cut Brownies Step 8.360p.mp4"}, "9": {"text": "Dip your plastic knife in hot water to make smooth, even cuts.", "img": null, "vid": "/5/5a/Cut Brownies Step 9.360p.mp4"}, "10": {"text": "Cut your brownies vertically at each of the marks you made.", "img": null, "vid": "/e/e0/Cut Brownies Step 10.360p.mp4"}, "11": {"text": "Cut your brownies horizontally at each of the notches.", "img": null, "vid": "/e/e1/Cut Brownies Step 11.360p.mp4"}, "12": {"text": "Use a 12-cavity brownie bar pan to bake brownies without cutting them.", "img": "https://www.wikihow.com/images/thumb/c/c6/Cut-Brownies-Step-12.jpg/v4-460px-Cut-Brownies-Step-12.jpg", "vid": null}, "13": {"text": "Try using a muffin pan if you don't have a brownie bar pan.", "img": "https://www.wikihow.com/images/thumb/f/f1/Cut-Brownies-Step-13.jpg/v4-460px-Cut-Brownies-Step-13.jpg", "vid": null}, "14": {"text": "Try a mini silicone brownie mold to easily make bite-sized brownies.", "img": "https://www.wikihow.com/images/thumb/e/ea/Cut-Brownies-Step-14.jpg/v4-460px-Cut-Brownies-Step-14.jpg", "vid": null}, "15": {"text": "Use a brownie divider set if you want pre-sliced brownies.", "img": "https://www.wikihow.com/images/thumb/1/11/Cut-Brownies-Step-15.jpg/v4-460px-Cut-Brownies-Step-15.jpg", "vid": null}}