{"video_url": "https://www.youtube.com/embed/7g-WSmjEzro?showinfo=0", "1": {"text": "Rinse the strawberries under cool water.", "img": "https://www.wikihow.com/images/thumb/e/ed/Cut-Strawberries-for-Every-Occasion-Step-1.jpg/v4-460px-Cut-Strawberries-for-Every-Occasion-Step-1.jpg", "vid": null}, "2": {"text": "Pick the green top stems off every strawberry.", "img": "https://www.wikihow.com/images/thumb/b/b5/Cut-Strawberries-for-Every-Occasion-Step-2.jpg/v4-460px-Cut-Strawberries-for-Every-Occasion-Step-2.jpg", "vid": null}, "3": {"text": "Poke the tip of a paring knife into the top on the outside of the white part.", "img": null, "vid": "/8/81/Cut Strawberries for Every Occasion Step 3.360p.mp4"}, "4": {"text": "Slide the knife around the white part to cut out the hull.", "img": null, "vid": "/8/8b/Cut Strawberries for Every Occasion Step 4.360p.mp4"}, "5": {"text": "Cut strawberries in half if you want larger pieces for a quick snack.", "img": null, "vid": "/c/c5/Cut Strawberries for Every Occasion Step 5.360p.mp4"}, "6": {"text": "Slice strawberries into quarters if you want smaller pieces for fruit salad.", "img": null, "vid": "/b/bc/Cut Strawberries for Every Occasion Step 6.360p.mp4"}, "7": {"text": "Cut strawberries into vertical slices if you want thinner pieces for toppings.", "img": null, "vid": "/4/4b/Cut Strawberries for Every Occasion Step 7.360p.mp4"}, "8": {"text": "Make a V shape in the top before slicing the strawberry to get heart shapes.", "img": null, "vid": "/f/f6/Cut Strawberries for Every Occasion Step 8.360p.mp4"}, "9": {"text": "Leave the green stems on before slicing to create a fan-like design.", "img": null, "vid": "/f/fc/Cut Strawberries for Every Occasion Step 9.360p.mp4"}, "10": {"text": "Cut petal-shaped slices into the outside of a strawberry to make it into a rose.", "img": null, "vid": "/6/63/Cut Strawberries for Every Occasion Step 10.360p.mp4"}}