{"video_url": "https://www.youtube.com/embed/3cs8S_urAXU?showinfo=0", "1": {"text": "Buy a pair of high-quality hair scissors.", "img": "https://www.wikihow.com/images/thumb/9/96/Cut-Your-Own-Long-Hair-Step-1-Version-5.jpg/v4-460px-Cut-Your-Own-Long-Hair-Step-1-Version-5.jpg", "vid": null}, "2": {"text": " Decide on the style of your haircut", "img": "https://www.wikihow.com/images/thumb/f/f4/Cut-Your-Own-Long-Hair-Step-2-Version-4.jpg/v4-460px-Cut-Your-Own-Long-Hair-Step-2-Version-4.jpg", "vid": null}, "3": {"text": "Decide whether you want to dry or wet cut your hair.", "img": "https://www.wikihow.com/images/thumb/3/38/Cut-Your-Own-Long-Hair-Step-3-Version-4.jpg/v4-460px-Cut-Your-Own-Long-Hair-Step-3-Version-4.jpg", "vid": null}, "4": {"text": "Prepare your hair for cutting.", "img": "https://www.wikihow.com/images/thumb/e/eb/Cut-Your-Own-Long-Hair-Step-4-Version-4.jpg/v4-460px-Cut-Your-Own-Long-Hair-Step-4-Version-4.jpg", "vid": null}, "5": {"text": "Start with clean, damp hair.", "img": "https://www.wikihow.com/images/thumb/f/f8/Cut-Your-Own-Long-Hair-Step-5-Version-4.jpg/v4-460px-Cut-Your-Own-Long-Hair-Step-5-Version-4.jpg", "vid": null}, "6": {"text": "Part your hair in the middle.", "img": "https://www.wikihow.com/images/thumb/b/b3/Cut-Your-Own-Long-Hair-Step-6-Version-4.jpg/v4-460px-Cut-Your-Own-Long-Hair-Step-6-Version-4.jpg", "vid": null}, "7": {"text": "Pull your hair back into a low ponytail at the nape of your neck.", "img": "https://www.wikihow.com/images/thumb/5/50/Cut-Your-Own-Long-Hair-Step-7-Version-4.jpg/v4-460px-Cut-Your-Own-Long-Hair-Step-7-Version-4.jpg", "vid": null}, "8": {"text": "Place another ponytail holder in your hair.", "img": "https://www.wikihow.com/images/thumb/7/7a/Cut-Your-Own-Long-Hair-Step-8-Version-4.jpg/v4-460px-Cut-Your-Own-Long-Hair-Step-8-Version-4.jpg", "vid": null}, "9": {"text": "Pull the ponytail gently up towards the ceiling.", "img": "https://www.wikihow.com/images/thumb/a/a6/Cut-Your-Own-Long-Hair-Step-9-Version-4.jpg/v4-460px-Cut-Your-Own-Long-Hair-Step-9-Version-4.jpg", "vid": null}, "10": {"text": "Clip off the excess hair from below your second ponytail holder.", "img": "https://www.wikihow.com/images/thumb/9/9e/Cut-Your-Own-Long-Hair-Step-10-Version-4.jpg/v4-460px-Cut-Your-Own-Long-Hair-Step-10-Version-4.jpg", "vid": null}, "11": {"text": "Remove the ponytail holders and shake out your hair.", "img": "https://www.wikihow.com/images/thumb/f/fb/Cut-Your-Own-Long-Hair-Step-11-Version-5.jpg/v4-460px-Cut-Your-Own-Long-Hair-Step-11-Version-5.jpg", "vid": null}, "12": {"text": "Evaluate and polish.", "img": "https://www.wikihow.com/images/thumb/b/b5/Cut-Your-Own-Long-Hair-Step-12-Version-4.jpg/v4-460px-Cut-Your-Own-Long-Hair-Step-12-Version-4.jpg", "vid": null}, "13": {"text": "Comb all of your hair to the very top of your head and twist it tightly.", "img": "https://www.wikihow.com/images/thumb/8/8f/Cut-Your-Own-Long-Hair-Step-13-Version-2.jpg/v4-460px-Cut-Your-Own-Long-Hair-Step-13-Version-2.jpg", "vid": null}, "14": {"text": "Cut off however much hair you want.", "img": "https://www.wikihow.com/images/thumb/4/49/Cut-Your-Own-Long-Hair-Step-14-Version-2.jpg/v4-460px-Cut-Your-Own-Long-Hair-Step-14-Version-2.jpg", "vid": null}, "15": {"text": "Let go.", "img": "https://www.wikihow.com/images/thumb/6/64/Cut-Your-Own-Long-Hair-Step-15-Version-2.jpg/v4-460px-Cut-Your-Own-Long-Hair-Step-15-Version-2.jpg", "vid": null}, "16": {"text": "Twist your hair in the opposite direction.", "img": "https://www.wikihow.com/images/thumb/c/ce/Cut-Your-Own-Long-Hair-Step-16-Version-2.jpg/v4-460px-Cut-Your-Own-Long-Hair-Step-16-Version-2.jpg", "vid": null}, "17": {"text": "Cut off any straggly hairs.", "img": "https://www.wikihow.com/images/thumb/9/9b/Cut-Your-Own-Long-Hair-Step-17-Version-4.jpg/v4-460px-Cut-Your-Own-Long-Hair-Step-17-Version-4.jpg", "vid": null}, "18": {"text": "Let go and comb out.", "img": "https://www.wikihow.com/images/thumb/e/e6/Cut-Your-Own-Long-Hair-Step-18-Version-4.jpg/v4-460px-Cut-Your-Own-Long-Hair-Step-18-Version-4.jpg", "vid": null}, "19": {"text": "Section off fringe at front of hair.", "img": "https://www.wikihow.com/images/thumb/b/b4/Cut-Your-Own-Long-Hair-Step-11-Version-3.jpg/v4-460px-Cut-Your-Own-Long-Hair-Step-11-Version-3.jpg", "vid": null}, "20": {"text": "Comb all of your hair to the very top of you head and twist it tightly.", "img": "https://www.wikihow.com/images/thumb/7/75/Cut-Your-Own-Long-Hair-Step-12-Version-3.jpg/v4-460px-Cut-Your-Own-Long-Hair-Step-12-Version-3.jpg", "vid": null}, "21": {"text": "Cut your hair.", "img": "https://www.wikihow.com/images/thumb/d/db/Cut-Your-Own-Long-Hair-Step-13.jpg/v4-460px-Cut-Your-Own-Long-Hair-Step-13.jpg", "vid": null}, "22": {"text": "Comb down your new short hair.", "img": "https://www.wikihow.com/images/thumb/f/fe/Cut-Your-Own-Long-Hair-Step-14.jpg/v4-460px-Cut-Your-Own-Long-Hair-Step-14.jpg", "vid": null}, "23": {"text": "Take a thin vertical row of hair, and cut vertically up, or down it.", "img": "https://www.wikihow.com/images/thumb/8/80/Cut-Your-Own-Long-Hair-Step-15.jpg/v4-460px-Cut-Your-Own-Long-Hair-Step-15.jpg", "vid": null}, "24": {"text": "Continue to cut the rest of your hair.", "img": "https://www.wikihow.com/images/thumb/1/11/Cut-Your-Own-Long-Hair-Step-16.jpg/v4-460px-Cut-Your-Own-Long-Hair-Step-16.jpg", "vid": null}, "25": {"text": "Start with clean, damp hair.", "img": "https://www.wikihow.com/images/thumb/1/11/Cut-Your-Own-Long-Hair-Step-25.jpg/v4-460px-Cut-Your-Own-Long-Hair-Step-25.jpg", "vid": null}, "26": {"text": "Bend over at the waist, with your head pointing downward.", "img": "https://www.wikihow.com/images/thumb/2/25/Cut-Your-Own-Long-Hair-Step-26.jpg/v4-460px-Cut-Your-Own-Long-Hair-Step-26.jpg", "vid": null}, "27": {"text": "Comb or brush your hair into a ponytail near the top of your head.", "img": "https://www.wikihow.com/images/thumb/8/89/Cut-Your-Own-Long-Hair-Step-27.jpg/v4-460px-Cut-Your-Own-Long-Hair-Step-27.jpg", "vid": null}, "28": {"text": "Secure your ponytail tightly with an elastic band.", "img": "https://www.wikihow.com/images/thumb/6/6c/Cut-Your-Own-Long-Hair-Step-28.jpg/v4-460px-Cut-Your-Own-Long-Hair-Step-28.jpg", "vid": null}, "29": {"text": "Place another elastic band further down the ponytail.", "img": "https://www.wikihow.com/images/thumb/0/08/Cut-Your-Own-Long-Hair-Step-29.jpg/v4-460px-Cut-Your-Own-Long-Hair-Step-29.jpg", "vid": null}, "30": {"text": "Cut your hair just above the second elastic band.", "img": "https://www.wikihow.com/images/thumb/c/c4/Cut-Your-Own-Long-Hair-Step-30.jpg/v4-460px-Cut-Your-Own-Long-Hair-Step-30.jpg", "vid": null}, "31": {"text": "Release your hair from the ponytail.", "img": "https://www.wikihow.com/images/thumb/2/28/Cut-Your-Own-Long-Hair-Step-31.jpg/v4-460px-Cut-Your-Own-Long-Hair-Step-31.jpg", "vid": null}, "32": {"text": "Make some finishing touches.", "img": "https://www.wikihow.com/images/thumb/2/28/Cut-Your-Own-Long-Hair-Step-32.jpg/v4-460px-Cut-Your-Own-Long-Hair-Step-32.jpg", "vid": null}, "33": {"text": "Ensure that your hair is clean, smooth and dry.", "img": "https://www.wikihow.com/images/thumb/9/9c/Cut-Your-Own-Long-Hair-Step-33.jpg/v4-460px-Cut-Your-Own-Long-Hair-Step-33.jpg", "vid": null}, "34": {"text": "Tip your head upside down.", "img": "https://www.wikihow.com/images/thumb/9/94/Cut-Your-Own-Long-Hair-Step-34.jpg/v4-460px-Cut-Your-Own-Long-Hair-Step-34.jpg", "vid": null}, "35": {"text": "Brush your hair into a ponytail at the centre of your forehead.", "img": "https://www.wikihow.com/images/thumb/2/20/Cut-Your-Own-Long-Hair-Step-35.jpg/v4-460px-Cut-Your-Own-Long-Hair-Step-35.jpg", "vid": null}, "36": {"text": "Work out how long you want your first layer of hair to be.", "img": "https://www.wikihow.com/images/thumb/6/60/Cut-Your-Own-Long-Hair-Step-36.jpg/v4-460px-Cut-Your-Own-Long-Hair-Step-36.jpg", "vid": null}, "37": {"text": "Hold your ponytail firmly with one hand and cut it with the other.", "img": "https://www.wikihow.com/images/thumb/7/71/Cut-Your-Own-Long-Hair-Step-37.jpg/v4-460px-Cut-Your-Own-Long-Hair-Step-37.jpg", "vid": null}, "38": {"text": "Snip into the blunt end of the ponytail.", "img": "https://www.wikihow.com/images/thumb/d/d7/Cut-Your-Own-Long-Hair-Step-38.jpg/v4-460px-Cut-Your-Own-Long-Hair-Step-38.jpg", "vid": null}, "39": {"text": "Pull off the hair elastic and shake your head so your hair falls into place.", "img": "https://www.wikihow.com/images/thumb/f/f2/Cut-Your-Own-Long-Hair-Step-39.jpg/v4-460px-Cut-Your-Own-Long-Hair-Step-39.jpg", "vid": null}, "40": {"text": "Style as desired.", "img": "https://www.wikihow.com/images/thumb/3/35/Cut-Your-Own-Long-Hair-Step-40.jpg/v4-460px-Cut-Your-Own-Long-Hair-Step-40.jpg", "vid": null}, "41": {"text": "Start with clean, dry, brushed hair.", "img": "https://www.wikihow.com/images/thumb/6/60/Cut-Your-Own-Long-Hair-Step-41.jpg/v4-460px-Cut-Your-Own-Long-Hair-Step-41.jpg", "vid": null}, "42": {"text": "Part your hair in the middle.", "img": "https://www.wikihow.com/images/thumb/f/fa/Cut-Your-Own-Long-Hair-Step-42.jpg/v4-460px-Cut-Your-Own-Long-Hair-Step-42.jpg", "vid": null}, "43": {"text": "Put your hair in low pigtails.", "img": "https://www.wikihow.com/images/thumb/e/ef/Cut-Your-Own-Long-Hair-Step-43.jpg/v4-460px-Cut-Your-Own-Long-Hair-Step-43.jpg", "vid": null}, "44": {"text": "Tighten the pigtails.", "img": "https://www.wikihow.com/images/thumb/2/24/Cut-Your-Own-Long-Hair-Step-44.jpg/v4-460px-Cut-Your-Own-Long-Hair-Step-44.jpg", "vid": null}, "45": {"text": "Pull the elastic bands around your pigtails down evenly and slowly.", "img": "https://www.wikihow.com/images/thumb/b/bc/Cut-Your-Own-Long-Hair-Step-45.jpg/v4-460px-Cut-Your-Own-Long-Hair-Step-45.jpg", "vid": null}, "46": {"text": "Cut your hair just beneath the elastic band.", "img": "https://www.wikihow.com/images/thumb/8/84/Cut-Your-Own-Long-Hair-Step-46.jpg/v4-460px-Cut-Your-Own-Long-Hair-Step-46.jpg", "vid": null}, "47": {"text": "Remove the ponytail holders.", "img": "https://www.wikihow.com/images/thumb/3/37/Cut-Your-Own-Long-Hair-Step-47.jpg/v4-460px-Cut-Your-Own-Long-Hair-Step-47.jpg", "vid": null}, "48": {"text": "Polish your cut.", "img": "https://www.wikihow.com/images/thumb/e/e2/Cut-Your-Own-Long-Hair-Step-48.jpg/v4-460px-Cut-Your-Own-Long-Hair-Step-48.jpg", "vid": null}, "49": {"text": "Wash and towel dry your hair.", "img": "https://www.wikihow.com/images/thumb/b/be/Cut-Your-Own-Long-Hair-Step-49.jpg/v4-460px-Cut-Your-Own-Long-Hair-Step-49.jpg", "vid": null}, "50": {"text": "Place a towel on the floor in front of you.", "img": "https://www.wikihow.com/images/thumb/8/8c/Cut-Your-Own-Long-Hair-Step-50.jpg/v4-460px-Cut-Your-Own-Long-Hair-Step-50.jpg", "vid": null}, "51": {"text": "Flip your head over and brush all of your hair in the direction of the floor.", "img": "https://www.wikihow.com/images/thumb/9/90/Cut-Your-Own-Long-Hair-Step-51.jpg/v4-460px-Cut-Your-Own-Long-Hair-Step-51.jpg", "vid": null}, "52": {"text": "Cut in small sections, moving left to right.", "img": "https://www.wikihow.com/images/thumb/d/d9/Cut-Your-Own-Long-Hair-Step-52.jpg/v4-460px-Cut-Your-Own-Long-Hair-Step-52.jpg", "vid": null}, "53": {"text": "Stand upright and evaluate.", "img": "https://www.wikihow.com/images/thumb/d/dc/Cut-Your-Own-Long-Hair-Step-53.jpg/v4-460px-Cut-Your-Own-Long-Hair-Step-53.jpg", "vid": null}, "54": {"text": "Ensure that hair is clean and damp.", "img": "https://www.wikihow.com/images/thumb/d/d9/Cut-Your-Own-Long-Hair-Step-54-Version-3.jpg/v4-460px-Cut-Your-Own-Long-Hair-Step-54-Version-3.jpg", "vid": null}, "55": {"text": "Stand in front of a mirror.", "img": "https://www.wikihow.com/images/thumb/2/28/Cut-Your-Own-Long-Hair-Step-55.jpg/v4-460px-Cut-Your-Own-Long-Hair-Step-55.jpg", "vid": null}, "56": {"text": "Comb hair along desired part lines.", "img": null, "vid": "/8/83/Cut Your Own Long Hair Step 56 Version 2.360p.mp4"}, "57": {"text": "Split hair into eight sections.", "img": null, "vid": "/6/6a/Cut Your Own Long Hair Step 57 Version 2.360p.mp4"}, "58": {"text": "Hold the scissors appropriately.", "img": "https://www.wikihow.com/images/thumb/d/db/Cut-Your-Own-Long-Hair-Step-58-Version-3.jpg/v4-460px-Cut-Your-Own-Long-Hair-Step-58-Version-3.jpg", "vid": null}, "59": {"text": "Begin cutting the section of hair at the nape of your neck.", "img": "https://www.wikihow.com/images/thumb/8/83/Cut-Your-Own-Long-Hair-Step-59.jpg/v4-460px-Cut-Your-Own-Long-Hair-Step-59.jpg", "vid": null}, "60": {"text": "Continue cutting the rest of your hair.", "img": null, "vid": "/e/e1/Cut Your Own Long Hair Step 60 Version 2.360p.mp4"}, "61": {"text": "Add layers.", "img": null, "vid": "/2/21/Cut Your Own Long Hair Step 61 Version 2.360p.mp4"}, "62": {"text": "Wash and dry hair.", "img": "https://www.wikihow.com/images/thumb/0/0d/Cut-Your-Own-Long-Hair-Step-62.jpg/v4-460px-Cut-Your-Own-Long-Hair-Step-62.jpg", "vid": null}, "63": {"text": "Clean up any uneven bits.", "img": null, "vid": "/5/5f/Cut Your Own Long Hair Step 63 Version 2.360p.mp4"}}