{"video_url": "https://www.youtube.com/embed/cfcvHVJXAGY?showinfo=0", "1": {"text": "Cut 1\u20442\u00a0in (1.3\u00a0cm) off both ends of the pepper.", "img": "https://www.wikihow.com/images/thumb/0/0f/Cut-Peppers-Step-1.jpg/v4-460px-Cut-Peppers-Step-1.jpg", "vid": null}, "2": {"text": "Slice down the side of the pepper to open it.", "img": null, "vid": "/1/1f/Cut Peppers Step 2.360p.mp4"}, "3": {"text": "Lay the pepper flat to remove the seeds and ribs.", "img": null, "vid": "/2/27/Cut Peppers Step 3.360p.mp4"}, "4": {"text": "Remove the stem from the top of the pepper.", "img": "https://www.wikihow.com/images/thumb/8/8b/Cut-Peppers-Step-4.jpg/v4-460px-Cut-Peppers-Step-4.jpg", "vid": null}, "5": {"text": "Divide the remaining pepper up into 1\u20442\u00a0in (1.3\u00a0cm) strips or cubes.", "img": null, "vid": "/f/f3/Cut Peppers Step 5.360p.mp4"}, "6": {"text": "Wear rubber gloves to protect yourself from the heat.", "img": "https://www.wikihow.com/images/thumb/1/1e/Cut-Peppers-Step-6.jpg/v4-460px-Cut-Peppers-Step-6.jpg", "vid": null}, "7": {"text": "Remove the stem by slicing about 1\u20442\u00a0in (1.3\u00a0cm) below it.", "img": null, "vid": "/6/6c/Cut Peppers Step 7.360p.mp4"}, "8": {"text": "Slice the pepper in half vertically to open it.", "img": null, "vid": "/1/13/Cut Peppers Step 8.360p.mp4"}, "9": {"text": "Scoop the seeds and core out if you wish to reduce the heat.", "img": null, "vid": "/d/da/Cut Peppers Step 9.360p.mp4"}, "10": {"text": "Slice the pepper into 1\u20442\u00a0in (1.3\u00a0cm) strips or cubes.", "img": null, "vid": "/5/5e/Cut Peppers Step 10.360p.mp4"}, "11": {"text": "Put on a pair of rubber gloves if you\u2019re working with a hot pepper.", "img": "https://www.wikihow.com/images/thumb/3/31/Cut-Peppers-Step-11.jpg/v4-460px-Cut-Peppers-Step-11.jpg", "vid": null}, "12": {"text": "Slice 1\u20442\u00a0in (1.3\u00a0cm) off the top to remove the stem.", "img": null, "vid": "/c/cb/Cut Peppers Step 12.360p.mp4"}, "13": {"text": "Run the knife along the flesh to remove the core.", "img": null, "vid": "/2/2e/Cut Peppers Step 13.360p.mp4"}, "14": {"text": "Divide the pepper up into 1\u20442\u00a0in (1.3\u00a0cm)-thick rings.", "img": null, "vid": "/5/58/Cut Peppers Step 14.360p.mp4"}}