{"video_url": "https://www.youtube.com/embed/uQNE4VBIZvI?showinfo=0", "1": {"text": "Select a knife that\u2019s big enough to cut across the entire round cake.", "img": "https://www.wikihow.com/images/thumb/f/f9/Cut-a-Round-Cake-Step-1.jpg/v4-460px-Cut-a-Round-Cake-Step-1.jpg", "vid": null}, "2": {"text": "Soak your knife in warm water before using it to cut your cake.", "img": "https://www.wikihow.com/images/thumb/0/05/Cut-a-Round-Cake-Step-2.jpg/v4-460px-Cut-a-Round-Cake-Step-2.jpg", "vid": null}, "3": {"text": "Use your knife to score a line through the middle of the cake.", "img": null, "vid": "/a/a2/Cut a Round Cake Step 3.360p.mp4"}, "4": {"text": "Score a second line at a 70-degree angle to the first line.", "img": null, "vid": "/f/f4/Cut a Round Cake Step 4.360p.mp4"}, "5": {"text": "Created a third line through the middle of the smaller triangle.", "img": null, "vid": "/f/ff/Cut a Round Cake Step 5.360p.mp4"}, "6": {"text": "Score 2 more lines to divide the larger triangle into 3 pieces.", "img": null, "vid": "/0/09/Cut a Round Cake Step 6.360p.mp4"}, "7": {"text": "Use your knife to extend the 4 half-lines across the cake.", "img": null, "vid": "/8/8b/Cut a Round Cake Step 7.360p.mp4"}, "8": {"text": "Cut your cake along each of the score lines to create 10 even pieces.", "img": null, "vid": "/a/aa/Cut a Round Cake Step 8.360p.mp4"}, "9": {"text": "Warm your knife in water before you start to cut the cake.", "img": "https://www.wikihow.com/images/thumb/1/15/Cut-a-Round-Cake-Step-9.jpg/v4-460px-Cut-a-Round-Cake-Step-9.jpg", "vid": null}, "10": {"text": "Slice the round cake into long, thin strips.", "img": null, "vid": "/6/60/Cut a Round Cake Step 10.360p.mp4"}, "11": {"text": "Cut the long slice into 1\u00a0in (2.5\u00a0cm) strips.", "img": null, "vid": "/7/73/Cut a Round Cake Step 11.360p.mp4"}, "12": {"text": "Heat up your knife in warm water before you begin.", "img": "https://www.wikihow.com/images/thumb/a/a1/Cut-a-Round-Cake-Step-12.jpg/v4-460px-Cut-a-Round-Cake-Step-12.jpg", "vid": null}, "13": {"text": "Cut a circle in your cake, 2 inches (5.1\u00a0cm) from the edge.", "img": null, "vid": "/6/66/Cut a Round Cake Step 13.360p.mp4"}, "14": {"text": "Cut the ring-shaped outer cake into 1.5\u00a0in (3.8\u00a0cm) wide pieces.", "img": null, "vid": "/7/7b/Cut a Round Cake Step 14.360p.mp4"}, "15": {"text": "Slice the smaller round inner cake into triangles pieces.", "img": null, "vid": "/9/96/Cut a Round Cake Step 15.360p.mp4"}, "16": {"text": "Use this scientific method for cakes you plan to store.", "img": "https://www.wikihow.com/images/thumb/a/ae/Cut-a-Round-Cake-Step-16.jpg/v4-460px-Cut-a-Round-Cake-Step-16.jpg", "vid": null}, "17": {"text": "Make one cut across the entire cake, slightly off-centre.", "img": null, "vid": "/a/a2/Cut a Round Cake Step 17.360p.mp4"}, "18": {"text": "Cut the cake again, 1\u00a0in (2.5\u00a0cm) to the left of the first cut.", "img": null, "vid": "/b/ba/Cut a Round Cake Step 18.360p.mp4"}, "19": {"text": "Use your knife to remove the thin slice from the cake.", "img": null, "vid": "/8/88/Cut a Round Cake Step 19.360p.mp4"}, "20": {"text": "Slide the 2 ends of the cake together and secure them.", "img": null, "vid": "/c/c5/Cut a Round Cake Step 20.360p.mp4"}, "21": {"text": "Cut another slice from the middle, perpendicular to the first slice.", "img": null, "vid": "/6/6a/Cut a Round Cake Step 21.360p.mp4"}, "22": {"text": "Repeat the process until the entire cake is eaten.", "img": null, "vid": "/b/ba/Cut a Round Cake Step 22.360p.mp4"}}