{"video_url": "https://www.youtube.com/embed/gO_ogjf459E?showinfo=0", "1": {"text": "Rinse the zucchini to remove any dirt.", "img": "https://www.wikihow.com/images/thumb/c/ce/Cut-Zucchini-Step-1.jpg/v4-460px-Cut-Zucchini-Step-1.jpg", "vid": null}, "2": {"text": "Chop off the stem and blossom ends with a sharp knife.", "img": "https://www.wikihow.com/images/thumb/9/92/Cut-Zucchini-Step-2.jpg/v4-460px-Cut-Zucchini-Step-2.jpg", "vid": null}, "3": {"text": "Chop off small cylinders of desired thickness.", "img": "https://www.wikihow.com/images/thumb/a/a7/Cut-Zucchini-Step-3.jpg/v4-460px-Cut-Zucchini-Step-3.jpg", "vid": null}, "4": {"text": "Cut the zucchini in half before slicing for a quicker-cooking dish.", "img": "https://www.wikihow.com/images/thumb/d/dc/Cut-Zucchini-Step-4.jpg/v4-460px-Cut-Zucchini-Step-4.jpg", "vid": null}, "5": {"text": "Wash the zucchini before you cut.", "img": "https://www.wikihow.com/images/thumb/e/e6/Cut-Zucchini-Step-5.jpg/v4-460px-Cut-Zucchini-Step-5.jpg", "vid": null}, "6": {"text": "Cut off the stem and blossom ends.", "img": "https://www.wikihow.com/images/thumb/e/ed/Cut-Zucchini-Step-6.jpg/v4-460px-Cut-Zucchini-Step-6.jpg", "vid": null}, "7": {"text": "Carefully cut the zucchini into 3-4 vertical strips.", "img": "https://www.wikihow.com/images/thumb/f/fd/Cut-Zucchini-Step-7.jpg/v4-460px-Cut-Zucchini-Step-7.jpg", "vid": null}, "8": {"text": "Slice each strip into 3 thinner strips.", "img": "https://www.wikihow.com/images/thumb/6/6e/Cut-Zucchini-Step-8.jpg/v4-460px-Cut-Zucchini-Step-8.jpg", "vid": null}, "9": {"text": "Turn the zucchini and cut crosswise to make cubes.", "img": "https://www.wikihow.com/images/thumb/0/04/Cut-Zucchini-Step-9.jpg/v4-460px-Cut-Zucchini-Step-9.jpg", "vid": null}, "10": {"text": "Rinse the zucchini and cut off the ends.", "img": "https://www.wikihow.com/images/thumb/e/e1/Cut-Zucchini-Step-10.jpg/v4-460px-Cut-Zucchini-Step-10.jpg", "vid": null}, "11": {"text": "Cut the zucchini lengthwise into 1\u20444 inch (0.64\u00a0cm) thick planks.", "img": "https://www.wikihow.com/images/thumb/f/f0/Cut-Zucchini-Step-11.jpg/v4-460px-Cut-Zucchini-Step-11.jpg", "vid": null}, "12": {"text": "Lay one plank flat and cut the top off at an angle.", "img": "https://www.wikihow.com/images/thumb/6/69/Cut-Zucchini-Step-12.jpg/v4-460px-Cut-Zucchini-Step-12.jpg", "vid": null}, "13": {"text": "Continue cutting at the same angle, making matchstick-sized pieces.", "img": "https://www.wikihow.com/images/thumb/9/92/Cut-Zucchini-Step-13.jpg/v4-460px-Cut-Zucchini-Step-13.jpg", "vid": null}, "14": {"text": "Rinse the zucchini and cut off both ends.", "img": "https://www.wikihow.com/images/thumb/8/86/Cut-Zucchini-Step-14.jpg/v4-460px-Cut-Zucchini-Step-14.jpg", "vid": null}, "15": {"text": "Chop the zucchini in quarters and remove the seeds.", "img": "https://www.wikihow.com/images/thumb/8/84/Cut-Zucchini-Step-15.jpg/v4-460px-Cut-Zucchini-Step-15.jpg", "vid": null}, "16": {"text": "Grate one quarter at a time against the large holes on a box grater.", "img": "https://www.wikihow.com/images/thumb/a/a5/Cut-Zucchini-Step-16.jpg/v4-460px-Cut-Zucchini-Step-16.jpg", "vid": null}, "17": {"text": "Place the grated zucchini in a colander.", "img": "https://www.wikihow.com/images/thumb/a/a4/Cut-Zucchini-Step-17.jpg/v4-460px-Cut-Zucchini-Step-17.jpg", "vid": null}, "18": {"text": "Mix in 1 teaspoon (4.9\u00a0mL) of salt and let it sit.", "img": "https://www.wikihow.com/images/thumb/e/ee/Cut-Zucchini-Step-18.jpg/v4-460px-Cut-Zucchini-Step-18.jpg", "vid": null}, "19": {"text": "Place the grated zucchini onto a paper towel-covered plate.", "img": "https://www.wikihow.com/images/thumb/3/3a/Cut-Zucchini-Step-19.jpg/v4-460px-Cut-Zucchini-Step-19.jpg", "vid": null}}