{"video_url": "https://www.youtube.com/embed/3PBKPsNX6pQ?showinfo=0", "1": {"text": "Cover your counter with plastic wrap.", "img": "https://www.wikihow.com/images/thumb/b/b0/Cut-Jackfruit-Step-1.jpg/v4-460px-Cut-Jackfruit-Step-1.jpg", "vid": null}, "2": {"text": "Shield your hands from the jackfruit\u2019s sap with latex gloves.", "img": "https://www.wikihow.com/images/thumb/a/a4/Cut-Jackfruit-Step-2.jpg/v4-460px-Cut-Jackfruit-Step-2.jpg", "vid": null}, "3": {"text": "Coat the surface of a large, sharp knife in grapeseed oil.", "img": null, "vid": "/c/c0/Cut Jackfruit Step 3.360p.mp4"}, "4": {"text": "Cut a 1\u00a01\u20442\u20132\u00a0in (3.8\u20135.1\u00a0cm) wide segment off the end of the jackfruit.", "img": null, "vid": "/0/06/Cut Jackfruit Step 4.360p.mp4"}, "5": {"text": "Continue cutting your jackfruit into 1\u00a01\u20442\u20132\u00a0in (3.8\u20135.1\u00a0cm) wide rounds.", "img": null, "vid": "/2/2c/Cut Jackfruit Step 5.360p.mp4"}, "6": {"text": "Cut the white core out of each jackfruit round.", "img": null, "vid": "/d/dd/Cut Jackfruit Step 6.360p.mp4"}, "7": {"text": "Separate the yellow pods from the white pulp.", "img": null, "vid": "/8/89/Cut Jackfruit Step 7.360p.mp4"}, "8": {"text": "Open the yellow pods with your fingers to remove the seeds.", "img": null, "vid": "/4/47/Cut Jackfruit Step 8.360p.mp4"}}