{"video_url": "https://www.youtube.com/embed/wL_QrNhVR38?showinfo=0", "1": {"text": "Avoid meeting in person unless you live with your partner.", "img": "https://www.wikihow.com/images/thumb/a/ac/Date-During-the-Coronavirus-Outbreak-Step-1-Version-3.jpg/v4-460px-Date-During-the-Coronavirus-Outbreak-Step-1-Version-3.jpg", "vid": null}, "2": {"text": "Stay 6\u00a0ft (1.8\u00a0m) away if you do meet in person.", "img": "https://www.wikihow.com/images/thumb/9/9d/Date-During-the-Coronavirus-Outbreak-Step-2-Version-3.jpg/v4-460px-Date-During-the-Coronavirus-Outbreak-Step-2-Version-3.jpg", "vid": null}, "3": {"text": "Don't leave the house if you're feeling sick.", "img": "https://www.wikihow.com/images/thumb/d/d7/Date-During-the-Coronavirus-Outbreak-Step-3-Version-3.jpg/v4-460px-Date-During-the-Coronavirus-Outbreak-Step-3-Version-3.jpg", "vid": null}, "4": {"text": "Avoid giving out personal information to anyone you meet online.", "img": "https://www.wikihow.com/images/thumb/b/b6/Date-During-the-Coronavirus-Outbreak-Step-4-Version-3.jpg/v4-460px-Date-During-the-Coronavirus-Outbreak-Step-4-Version-3.jpg", "vid": null}, "5": {"text": "Agree on a time and platform for your date.", "img": "https://www.wikihow.com/images/thumb/9/9b/Date-During-the-Coronavirus-Outbreak-Step-5-Version-3.jpg/v4-460px-Date-During-the-Coronavirus-Outbreak-Step-5-Version-3.jpg", "vid": null}, "6": {"text": "Get dressed up the way you normally would.", "img": "https://www.wikihow.com/images/thumb/7/77/Date-During-the-Coronavirus-Outbreak-Step-6-Version-3.jpg/v4-460px-Date-During-the-Coronavirus-Outbreak-Step-6-Version-3.jpg", "vid": null}, "7": {"text": "Tidy up the space where you'll be chatting.", "img": "https://www.wikihow.com/images/thumb/d/da/Date-During-the-Coronavirus-Outbreak-Step-7-Version-3.jpg/v4-460px-Date-During-the-Coronavirus-Outbreak-Step-7-Version-3.jpg", "vid": null}, "8": {"text": "Make sure your device is charged and plugged in.", "img": "https://www.wikihow.com/images/thumb/9/98/Date-During-the-Coronavirus-Outbreak-Step-8-Version-3.jpg/v4-460px-Date-During-the-Coronavirus-Outbreak-Step-8-Version-3.jpg", "vid": null}, "9": {"text": "Give your date your full attention.", "img": "https://www.wikihow.com/images/thumb/8/83/Date-During-the-Coronavirus-Outbreak-Step-9-Version-3.jpg/v4-460px-Date-During-the-Coronavirus-Outbreak-Step-9-Version-3.jpg", "vid": null}, "10": {"text": "Order take-out if you want to share a meal.", "img": "https://www.wikihow.com/images/thumb/5/50/Date-During-the-Coronavirus-Outbreak-Step-10-Version-3.jpg/v4-460px-Date-During-the-Coronavirus-Outbreak-Step-10-Version-3.jpg", "vid": null}, "11": {"text": "Stream a movie together.", "img": "https://www.wikihow.com/images/thumb/a/aa/Date-During-the-Coronavirus-Outbreak-Step-11-Version-3.jpg/v4-460px-Date-During-the-Coronavirus-Outbreak-Step-11-Version-3.jpg", "vid": null}, "12": {"text": "Try an online workout class together.", "img": "https://www.wikihow.com/images/thumb/8/87/Date-During-the-Coronavirus-Outbreak-Step-12-Version-3.jpg/v4-460px-Date-During-the-Coronavirus-Outbreak-Step-12-Version-3.jpg", "vid": null}, "13": {"text": "Play an online game together.", "img": "https://www.wikihow.com/images/thumb/c/ca/Date-During-the-Coronavirus-Outbreak-Step-13-Version-3.jpg/v4-460px-Date-During-the-Coronavirus-Outbreak-Step-13-Version-3.jpg", "vid": null}, "14": {"text": "Have a conversation about how often you should talk.", "img": "https://www.wikihow.com/images/thumb/6/64/Date-During-the-Coronavirus-Outbreak-Step-14-Version-3.jpg/v4-460px-Date-During-the-Coronavirus-Outbreak-Step-14-Version-3.jpg", "vid": null}, "15": {"text": "Videochat and talk on the phone instead of just texting.", "img": "https://www.wikihow.com/images/thumb/d/da/Date-During-the-Coronavirus-Outbreak-Step-15-Version-3.jpg/v4-460px-Date-During-the-Coronavirus-Outbreak-Step-15-Version-3.jpg", "vid": null}, "16": {"text": "Be a good listener.", "img": "https://www.wikihow.com/images/thumb/3/30/Date-During-the-Coronavirus-Outbreak-Step-16-Version-3.jpg/v4-460px-Date-During-the-Coronavirus-Outbreak-Step-16-Version-3.jpg", "vid": null}, "17": {"text": "Try to be positive and uplifting.", "img": "https://www.wikihow.com/images/thumb/e/e0/Date-During-the-Coronavirus-Outbreak-Step-17-Version-3.jpg/v4-460px-Date-During-the-Coronavirus-Outbreak-Step-17-Version-3.jpg", "vid": null}, "18": {"text": "Make future plans together.", "img": "https://www.wikihow.com/images/thumb/f/f4/Date-During-the-Coronavirus-Outbreak-Step-18-Version-3.jpg/v4-460px-Date-During-the-Coronavirus-Outbreak-Step-18-Version-3.jpg", "vid": null}}