{"video_url": "https://www.youtube.com/embed/B91Ke3yO5Gc?showinfo=0", "1": {"text": "Decide if you\u2019re looking for a serious relationship or a casual fling.", "img": "https://www.wikihow.com/images/thumb/0/03/Date-Step-1-Version-3.jpg/v4-460px-Date-Step-1-Version-3.jpg", "vid": null}, "2": {"text": "Try apps or online dating if you\u2019re struggling to find romance within your social circle.", "img": "https://www.wikihow.com/images/thumb/d/db/Date-Step-2-Version-3.jpg/v4-460px-Date-Step-2-Version-3.jpg", "vid": null}, "3": {"text": "Pick the platform that suits you best if you opt for digital dating.", "img": "https://www.wikihow.com/images/thumb/b/b9/Date-Step-3-Version-3.jpg/v4-460px-Date-Step-3-Version-3.jpg", "vid": null}, "4": {"text": "Find a date at a bar or a club", "img": "https://www.wikihow.com/images/thumb/f/f6/Date-Step-4-Version-3.jpg/v4-460px-Date-Step-4-Version-3.jpg", "vid": null}, "5": {"text": "Ask a friend to set you up if you\u2019re shy, but want to meet in person.", "img": "https://www.wikihow.com/images/thumb/3/3a/Date-Step-5-Version-3.jpg/v4-460px-Date-Step-5-Version-3.jpg", "vid": null}, "6": {"text": "Meet like-minded dates through activities and events.", "img": "https://www.wikihow.com/images/thumb/3/30/Date-Step-6-Version-3.jpg/v4-460px-Date-Step-6-Version-3.jpg", "vid": null}, "7": {"text": "Indicate interest and project confidence during social situations.", "img": "https://www.wikihow.com/images/thumb/5/50/Date-Step-7-Version-3.jpg/v4-460px-Date-Step-7-Version-3.jpg", "vid": null}, "8": {"text": "Make engaging small talk, whether you meet in person or online.", "img": "https://www.wikihow.com/images/thumb/9/93/Date-Step-8-Version-3.jpg/v4-460px-Date-Step-8-Version-3.jpg", "vid": null}, "9": {"text": "Don't take yourself too seriously.", "img": "https://www.wikihow.com/images/thumb/7/72/Date-Step-9-Version-2.jpg/v4-460px-Date-Step-9-Version-2.jpg", "vid": null}, "10": {"text": "Be selective \u2013 but also reasonable \u2013 when pursuing potential dates.", "img": "https://www.wikihow.com/images/thumb/c/c8/Date-Step-10-Version-2.jpg/v4-460px-Date-Step-10-Version-2.jpg", "vid": null}, "11": {"text": "Be respectful, even if you\u2019re not interested.", "img": "https://www.wikihow.com/images/thumb/3/35/Date-Step-11-Version-2.jpg/v4-460px-Date-Step-11-Version-2.jpg", "vid": null}, "12": {"text": "Ask the person on a date that you think they would genuinely enjoy.", "img": "https://www.wikihow.com/images/thumb/7/7d/Date-Step-12-Version-2.jpg/v4-460px-Date-Step-12-Version-2.jpg", "vid": null}, "13": {"text": "Take care of your appearance, especially on date night.", "img": "https://www.wikihow.com/images/thumb/9/9a/Date-Step-13-Version-2.jpg/v4-460px-Date-Step-13-Version-2.jpg", "vid": null}, "14": {"text": "Choose an exciting date activity.", "img": "https://www.wikihow.com/images/thumb/a/ab/Date-Step-14-Version-2.jpg/v4-460px-Date-Step-14-Version-2.jpg", "vid": null}, "15": {"text": "Be positive when it\u2019s time for your date.", "img": "https://www.wikihow.com/images/thumb/6/6b/Date-Step-15-Version-2.jpg/v4-460px-Date-Step-15-Version-2.jpg", "vid": null}, "16": {"text": "Conduct yourself politely and respectfully.", "img": "https://www.wikihow.com/images/thumb/9/99/Date-Step-16-Version-2.jpg/v4-460px-Date-Step-16-Version-2.jpg", "vid": null}, "17": {"text": "Avoid oversharing and dominating the conversation.", "img": "https://www.wikihow.com/images/thumb/2/21/Date-Step-17-Version-2.jpg/v4-460px-Date-Step-17-Version-2.jpg", "vid": null}, "18": {"text": "Inject humor into your conversation to reduce tension and lighten the mood.", "img": "https://www.wikihow.com/images/thumb/b/b5/Accept-an-LGBT-Family-Member-Step-10.jpg/v4-460px-Accept-an-LGBT-Family-Member-Step-10.jpg", "vid": null}, "19": {"text": "Set a reasonable time limit for your date.", "img": "https://www.wikihow.com/images/thumb/b/be/Date-Step-19.jpg/v4-460px-Date-Step-19.jpg", "vid": null}, "20": {"text": "Have realistic expectations when the date comes to an end.", "img": "https://www.wikihow.com/images/thumb/2/20/Date-Step-20.jpg/v4-460px-Date-Step-20.jpg", "vid": null}, "21": {"text": "Be patient and give them plenty of space.", "img": "https://www.wikihow.com/images/thumb/8/80/Date-Step-21.jpg/v4-460px-Date-Step-21.jpg", "vid": null}, "22": {"text": "Don't be afraid to communicate affection, but be careful not to overdo it.", "img": "https://www.wikihow.com/images/thumb/3/35/Date-Step-22.jpg/v4-460px-Date-Step-22.jpg", "vid": null}, "23": {"text": "Be honest about your feelings and intentions.", "img": "https://www.wikihow.com/images/thumb/b/be/Date-Step-23.jpg/v4-460px-Date-Step-23.jpg", "vid": null}, "24": {"text": "Try not to take rejection personally if it happens.", "img": "https://www.wikihow.com/images/thumb/6/62/Date-Step-24.jpg/v4-460px-Date-Step-24.jpg", "vid": null}}