{"video_url": "https://www.youtube.com/embed/lj9OgGQ_QkY?showinfo=0", "1": {"text": "Try to appreciate the perks of being single.", "img": "https://www.wikihow.com/images/thumb/0/06/Deal-With-Being-Single-and-Feeling-Lonely-Step-1-Version-5.jpg/v4-460px-Deal-With-Being-Single-and-Feeling-Lonely-Step-1-Version-5.jpg", "vid": null}, "2": {"text": "Reach out to loved ones when you feel lonely.", "img": "https://www.wikihow.com/images/thumb/9/9e/Deal-With-Being-Single-and-Feeling-Lonely-Step-2-Version-5.jpg/v4-460px-Deal-With-Being-Single-and-Feeling-Lonely-Step-2-Version-5.jpg", "vid": null}, "3": {"text": "Add some cheer to your home.", "img": "https://www.wikihow.com/images/thumb/c/c0/Deal-With-Being-Single-and-Feeling-Lonely-Step-3-Version-5.jpg/v4-460px-Deal-With-Being-Single-and-Feeling-Lonely-Step-3-Version-5.jpg", "vid": null}, "4": {"text": "Exercise for at least 30 minutes per day.", "img": "https://www.wikihow.com/images/thumb/d/dc/Deal-With-Being-Single-and-Feeling-Lonely-Step-4-Version-5.jpg/v4-460px-Deal-With-Being-Single-and-Feeling-Lonely-Step-4-Version-5.jpg", "vid": null}, "5": {"text": "Take up a new hobby.", "img": "https://www.wikihow.com/images/thumb/9/93/Deal-With-Being-Single-and-Feeling-Lonely-Step-5-Version-5.jpg/v4-460px-Deal-With-Being-Single-and-Feeling-Lonely-Step-5-Version-5.jpg", "vid": null}, "6": {"text": "Treat yourself with rewards that require leaving the house.", "img": "https://www.wikihow.com/images/thumb/4/46/Deal-With-Being-Single-and-Feeling-Lonely-Step-6-Version-5.jpg/v4-460px-Deal-With-Being-Single-and-Feeling-Lonely-Step-6-Version-5.jpg", "vid": null}, "7": {"text": "Get a new furry friend.", "img": "https://www.wikihow.com/images/thumb/f/fa/Deal-With-Being-Single-and-Feeling-Lonely-Step-7-Version-5.jpg/v4-460px-Deal-With-Being-Single-and-Feeling-Lonely-Step-7-Version-5.jpg", "vid": null}, "8": {"text": "Remember that everyone feels lonely sometimes.", "img": "https://www.wikihow.com/images/thumb/6/67/Deal-With-Being-Single-and-Feeling-Lonely-Step-8-Version-5.jpg/v4-460px-Deal-With-Being-Single-and-Feeling-Lonely-Step-8-Version-5.jpg", "vid": null}, "9": {"text": "Redirect negative, critical thoughts.", "img": "https://www.wikihow.com/images/thumb/b/b5/Deal-With-Being-Single-and-Feeling-Lonely-Step-9-Version-5.jpg/v4-460px-Deal-With-Being-Single-and-Feeling-Lonely-Step-9-Version-5.jpg", "vid": null}, "10": {"text": "Work on making yourself vulnerable.", "img": "https://www.wikihow.com/images/thumb/0/06/Deal-With-Being-Single-and-Feeling-Lonely-Step-10-Version-2.jpg/v4-460px-Deal-With-Being-Single-and-Feeling-Lonely-Step-10-Version-2.jpg", "vid": null}, "11": {"text": "Take healthy social risks.", "img": "https://www.wikihow.com/images/thumb/5/55/Deal-With-Being-Single-and-Feeling-Lonely-Step-11-Version-2.jpg/v4-460px-Deal-With-Being-Single-and-Feeling-Lonely-Step-11-Version-2.jpg", "vid": null}, "12": {"text": "Spur conversations by asking questions.", "img": "https://www.wikihow.com/images/thumb/9/9a/Deal-With-Being-Single-and-Feeling-Lonely-Step-12-Version-2.jpg/v4-460px-Deal-With-Being-Single-and-Feeling-Lonely-Step-12-Version-2.jpg", "vid": null}, "13": {"text": "Build your confidence in social settings gradually.", "img": "https://www.wikihow.com/images/thumb/4/43/Deal-With-Being-Single-and-Feeling-Lonely-Step-13-Version-2.jpg/v4-460px-Deal-With-Being-Single-and-Feeling-Lonely-Step-13-Version-2.jpg", "vid": null}, "14": {"text": "Join a new social group.", "img": "https://www.wikihow.com/images/thumb/9/9d/Deal-With-Being-Single-and-Feeling-Lonely-Step-14-Version-2.jpg/v4-460px-Deal-With-Being-Single-and-Feeling-Lonely-Step-14-Version-2.jpg", "vid": null}, "15": {"text": "Volunteer", "img": "https://www.wikihow.com/images/thumb/2/26/Deal-With-Being-Single-and-Feeling-Lonely-Step-15-Version-2.jpg/v4-460px-Deal-With-Being-Single-and-Feeling-Lonely-Step-15-Version-2.jpg", "vid": null}, "16": {"text": "Join an online community.", "img": "https://www.wikihow.com/images/thumb/8/8b/Deal-With-Being-Single-and-Feeling-Lonely-Step-16-Version-2.jpg/v4-460px-Deal-With-Being-Single-and-Feeling-Lonely-Step-16-Version-2.jpg", "vid": null}, "17": {"text": "Try to let relationships form naturally.", "img": "https://www.wikihow.com/images/thumb/6/6c/Deal-With-Being-Single-and-Feeling-Lonely-Step-17.jpg/v4-460px-Deal-With-Being-Single-and-Feeling-Lonely-Step-17.jpg", "vid": null}, "18": {"text": "Set up an online dating profile.", "img": "https://www.wikihow.com/images/thumb/7/71/Deal-With-Being-Single-and-Feeling-Lonely-Step-18.jpg/v4-460px-Deal-With-Being-Single-and-Feeling-Lonely-Step-18.jpg", "vid": null}, "19": {"text": "Build your confidence so you can ask people out in person.", "img": "https://www.wikihow.com/images/thumb/7/7a/Deal-With-Being-Single-and-Feeling-Lonely-Step-19.jpg/v4-460px-Deal-With-Being-Single-and-Feeling-Lonely-Step-19.jpg", "vid": null}, "20": {"text": "Stay calm and casual when you ask someone on a date.", "img": "https://www.wikihow.com/images/thumb/a/a5/Deal-With-Being-Single-and-Feeling-Lonely-Step-20.jpg/v4-460px-Deal-With-Being-Single-and-Feeling-Lonely-Step-20.jpg", "vid": null}, "21": {"text": "Start with a brief encounter, like coffee or a drink.", "img": "https://www.wikihow.com/images/thumb/e/e4/Deal-With-Being-Single-and-Feeling-Lonely-Step-21.jpg/v4-460px-Deal-With-Being-Single-and-Feeling-Lonely-Step-21.jpg", "vid": null}, "22": {"text": "Go on second and third dates that allow you to talk.", "img": "https://www.wikihow.com/images/thumb/d/dc/Deal-With-Being-Single-and-Feeling-Lonely-Step-22.jpg/v4-460px-Deal-With-Being-Single-and-Feeling-Lonely-Step-22.jpg", "vid": null}, "23": {"text": "Stay open and optimistic instead of setting high expectations.", "img": "https://www.wikihow.com/images/thumb/2/25/Deal-With-Being-Single-and-Feeling-Lonely-Step-23.jpg/v4-460px-Deal-With-Being-Single-and-Feeling-Lonely-Step-23.jpg", "vid": null}}