{"video_url": "https://www.youtube.com/embed/b9Fm0o_FTGk", "1": {"text": "Don\u2019t be too hard on yourself.", "img": "https://www.wikihow.com/images/thumb/b/bd/Deal-With-a-Bad-Grade-Step-1-Version-3.jpg/v4-460px-Deal-With-a-Bad-Grade-Step-1-Version-3.jpg", "vid": null}, "2": {"text": "Take some time to process your reaction.", "img": "https://www.wikihow.com/images/thumb/3/38/Deal-With-a-Bad-Grade-Step-2-Version-3.jpg/v4-460px-Deal-With-a-Bad-Grade-Step-2-Version-3.jpg", "vid": null}, "3": {"text": "Put some distance between you and the grade for a while.", "img": "https://www.wikihow.com/images/thumb/b/b0/Deal-With-a-Bad-Grade-Step-3-Version-3.jpg/v4-460px-Deal-With-a-Bad-Grade-Step-3-Version-3.jpg", "vid": null}, "4": {"text": "Look for patterns of error.", "img": "https://www.wikihow.com/images/thumb/9/94/Deal-With-a-Bad-Grade-Step-4-Version-3.jpg/v4-460px-Deal-With-a-Bad-Grade-Step-4-Version-3.jpg", "vid": null}, "5": {"text": "Ask your teacher for detailed feedback.", "img": "https://www.wikihow.com/images/thumb/a/a9/Deal-With-a-Bad-Grade-Step-5-Version-3.jpg/v4-460px-Deal-With-a-Bad-Grade-Step-5-Version-3.jpg", "vid": null}, "6": {"text": "Seek advice from classmates.", "img": "https://www.wikihow.com/images/thumb/9/9e/Deal-With-a-Bad-Grade-Step-6-Version-3.jpg/v4-460px-Deal-With-a-Bad-Grade-Step-6-Version-3.jpg", "vid": null}, "7": {"text": "Reflect on your study habits.", "img": null, "vid": null}, "8": {"text": "Commit to your goals for improvement.", "img": "https://www.wikihow.com/images/thumb/3/35/Deal-With-a-Bad-Grade-Step-7-Version-3.jpg/v4-460px-Deal-With-a-Bad-Grade-Step-7-Version-3.jpg", "vid": null}, "9": {"text": "Seek extra credit opportunities to make up lost points.", "img": "https://www.wikihow.com/images/thumb/8/8d/Deal-With-a-Bad-Grade-Step-8-Version-3.jpg/v4-460px-Deal-With-a-Bad-Grade-Step-8-Version-3.jpg", "vid": null}, "10": {"text": "Be mindful of helpful resources at your disposal.", "img": "https://www.wikihow.com/images/thumb/5/57/Deal-With-a-Bad-Grade-Step-9-Version-3.jpg/v4-460px-Deal-With-a-Bad-Grade-Step-9-Version-3.jpg", "vid": null}, "11": {"text": "Move on.", "img": "https://www.wikihow.com/images/thumb/5/59/Deal-With-a-Bad-Grade-Step-10-Version-3.jpg/v4-460px-Deal-With-a-Bad-Grade-Step-10-Version-3.jpg", "vid": null}}