{"video_url": "https://www.youtube.com/embed/Bbpgl1YL-Rk?showinfo=0", "1": {"text": "The term \"coronavirus\" refers to a large family of viruses that make people sick.", "img": "https://www.wikihow.com/images/thumb/a/a0/Deal-with-the-Coronavirus-Outbreak_-Your-Most-Common-Questions-Answered-Step-1-Version-2.jpg/v4-460px-Deal-with-the-Coronavirus-Outbreak_-Your-Most-Common-Questions-Answered-Step-1-Version-2.jpg", "vid": null}, "2": {"text": "Most people who get COVID-19 have few to no symptoms.", "img": "https://www.wikihow.com/images/thumb/2/24/Deal-with-the-Coronavirus-Outbreak_-Your-Most-Common-Questions-Answered-Step-2-Version-4.jpg/v4-460px-Deal-with-the-Coronavirus-Outbreak_-Your-Most-Common-Questions-Answered-Step-2-Version-4.jpg", "vid": null}, "3": {"text": "Not likely.", "img": "https://www.wikihow.com/images/thumb/4/41/Deal-with-the-Coronavirus-Outbreak_-Your-Most-Common-Questions-Answered-Step-3-Version-5.jpg/v4-460px-Deal-with-the-Coronavirus-Outbreak_-Your-Most-Common-Questions-Answered-Step-3-Version-5.jpg", "vid": null}, "4": {"text": "Not likely.", "img": "https://www.wikihow.com/images/thumb/6/6e/Ship-a-Package-at-the-Post-Office-Step-11.jpg/v4-460px-Ship-a-Package-at-the-Post-Office-Step-11.jpg", "vid": null}, "5": {"text": "Help educate those around you.", "img": "https://www.wikihow.com/images/thumb/b/bd/Deal-with-the-Coronavirus-Outbreak_-Your-Most-Common-Questions-Answered-Step-5-Version-4.jpg/v4-460px-Deal-with-the-Coronavirus-Outbreak_-Your-Most-Common-Questions-Answered-Step-5-Version-4.jpg", "vid": null}, "6": {"text": "Many viruses, such as the flu, do not spread as rapidly in spring and summer months.", "img": "https://www.wikihow.com/images/thumb/8/8a/Deal-with-the-Coronavirus-Outbreak_-Your-Most-Common-Questions-Answered-Step-7-Version-2.jpg/v4-460px-Deal-with-the-Coronavirus-Outbreak_-Your-Most-Common-Questions-Answered-Step-7-Version-2.jpg", "vid": null}, "7": {"text": "Call your doctor if you have fever, cough, and shortness of breath and have recently returned from travel or come into contact with an infected person.", "img": "https://www.wikihow.com/images/thumb/0/06/Deal-with-the-Coronavirus-Outbreak_-Your-Most-Common-Questions-Answered-Step-8-Version-2.jpg/v4-460px-Deal-with-the-Coronavirus-Outbreak_-Your-Most-Common-Questions-Answered-Step-8-Version-2.jpg", "vid": null}, "8": {"text": "In the United States, your state public health lab or the CDC will confirm a COVID-19 infection.", "img": "https://www.wikihow.com/images/thumb/b/b9/Deal-with-the-Coronavirus-Outbreak_-Your-Most-Common-Questions-Answered-Step-9-Version-2.jpg/v4-460px-Deal-with-the-Coronavirus-Outbreak_-Your-Most-Common-Questions-Answered-Step-9-Version-2.jpg", "vid": null}, "9": {"text": "Not necessarily.", "img": "https://www.wikihow.com/images/thumb/9/9c/Deal-with-the-Coronavirus-Outbreak_-Your-Most-Common-Questions-Answered-Step-9-Version-4.jpg/v4-460px-Deal-with-the-Coronavirus-Outbreak_-Your-Most-Common-Questions-Answered-Step-9-Version-4.jpg", "vid": null}, "10": {"text": "As of February 2021, there are a few medications with emergency use authorizations to treat COVID-19.", "img": "https://www.wikihow.com/images/thumb/b/bc/Deal-with-the-Coronavirus-Outbreak_-Your-Most-Common-Questions-Answered-Step-10-Version-4.jpg/v4-460px-Deal-with-the-Coronavirus-Outbreak_-Your-Most-Common-Questions-Answered-Step-10-Version-4.jpg", "vid": null}, "11": {"text": "Safe and highly effective COVID-19 vaccines developed by Pfizer-BioNTech and Moderna have been approved for emergency use in the US and other countries, and will be distributed first to health care workers, people in long-term care facilities and other adults who are at risk of serious disease.", "img": null, "vid": null}, "12": {"text": "If your doctor has confirmed that you have COVID-19, or if you are suspected of having COVID-19, isolate yourself from others.", "img": "https://www.wikihow.com/images/thumb/b/b5/Deal-with-the-Coronavirus-Outbreak_-Your-Most-Common-Questions-Answered-Step-11-Version-4.jpg/v4-460px-Deal-with-the-Coronavirus-Outbreak_-Your-Most-Common-Questions-Answered-Step-11-Version-4.jpg", "vid": null}, "13": {"text": "It can be difficult to know for sure.", "img": "https://www.wikihow.com/images/thumb/7/71/Deal-with-the-Coronavirus-Outbreak_-Your-Most-Common-Questions-Answered-Step-12-Version-4.jpg/v4-460px-Deal-with-the-Coronavirus-Outbreak_-Your-Most-Common-Questions-Answered-Step-12-Version-4.jpg", "vid": null}, "14": {"text": "The best way to protect yourself from COVID-19 is to avoid being around people who are sick with the disease.", "img": "https://www.wikihow.com/images/thumb/4/49/Deal-with-the-Coronavirus-Outbreak_-Your-Most-Common-Questions-Answered-Step-13-Version-3.jpg/v4-460px-Deal-with-the-Coronavirus-Outbreak_-Your-Most-Common-Questions-Answered-Step-13-Version-3.jpg", "vid": null}, "15": {"text": "The most important thing you can do is stay home!", "img": "https://www.wikihow.com/images/thumb/2/2f/Deal-with-the-Coronavirus-Outbreak_-Your-Most-Common-Questions-Answered-Step-14-Version-4.jpg/v4-460px-Deal-with-the-Coronavirus-Outbreak_-Your-Most-Common-Questions-Answered-Step-14-Version-4.jpg", "vid": null}, "16": {"text": "Wear disposable gloves and a respirator at all times when you're in the same room.", "img": "https://www.wikihow.com/images/thumb/7/7b/Deal-with-the-Coronavirus-Outbreak_-Your-Most-Common-Questions-Answered-Step-16-Version-2.jpg/v4-460px-Deal-with-the-Coronavirus-Outbreak_-Your-Most-Common-Questions-Answered-Step-16-Version-2.jpg", "vid": null}, "17": {"text": "A surgical mask, or facemask, is meant to protect the surrounding environment from your respiratory issues.", "img": "https://www.wikihow.com/images/thumb/d/da/Deal-with-the-Coronavirus-Outbreak_-Your-Most-Common-Questions-Answered-Step-17-Version-2.jpg/v4-460px-Deal-with-the-Coronavirus-Outbreak_-Your-Most-Common-Questions-Answered-Step-17-Version-2.jpg", "vid": null}, "18": {"text": "Call your doctor immediately.", "img": "https://www.wikihow.com/images/thumb/2/21/Deal-with-the-Coronavirus-Outbreak_-Your-Most-Common-Questions-Answered-Step-17-Version-5.jpg/v4-460px-Deal-with-the-Coronavirus-Outbreak_-Your-Most-Common-Questions-Answered-Step-17-Version-5.jpg", "vid": null}, "19": {"text": "COVID-19 has an incubation period as long as 14 days.", "img": "https://www.wikihow.com/images/thumb/9/92/Deal-with-the-Coronavirus-Outbreak_-Your-Most-Common-Questions-Answered-Step-19-Version-2.jpg/v4-460px-Deal-with-the-Coronavirus-Outbreak_-Your-Most-Common-Questions-Answered-Step-19-Version-2.jpg", "vid": null}, "20": {"text": "Yes you should.", "img": "https://www.wikihow.com/images/thumb/f/fd/Deal-with-the-Coronavirus-Outbreak_-Your-Most-Common-Questions-Answered-Step-20-Version-2.jpg/v4-460px-Deal-with-the-Coronavirus-Outbreak_-Your-Most-Common-Questions-Answered-Step-20-Version-2.jpg", "vid": null}, "21": {"text": "It\u2019s possible, but this isn\u2019t the main way the virus spreads.", "img": "https://www.wikihow.com/images/thumb/0/09/Deal-with-the-Coronavirus-Outbreak_-Your-Most-Common-Questions-Answered-Step-20-Version-3.jpg/v4-460px-Deal-with-the-Coronavirus-Outbreak_-Your-Most-Common-Questions-Answered-Step-20-Version-3.jpg", "vid": null}, "22": {"text": "In rare cases.", "img": "https://www.wikihow.com/images/thumb/7/77/Deal-with-the-Coronavirus-Outbreak_-Your-Most-Common-Questions-Answered-Step-21-Version-3.jpg/v4-460px-Deal-with-the-Coronavirus-Outbreak_-Your-Most-Common-Questions-Answered-Step-21-Version-3.jpg", "vid": null}}