{"video_url": "https://www.youtube.com/embed/ROH0ACSW3zE?showinfo=0", "1": {"text": "Remove the hinges and clasp if you don\u2019t want to paint them.", "img": "https://www.wikihow.com/images/thumb/2/20/Decorate-an-Unfinished-Wooden-Box-Step-1-Version-2.jpg/v4-460px-Decorate-an-Unfinished-Wooden-Box-Step-1-Version-2.jpg", "vid": null}, "2": {"text": "Smooth the surface of the box with 180\u2013220-grit sandpaper.", "img": null, "vid": "/7/7d/Decorate an Unfinished Wooden Box Step 2 Version 2.360p.mp4"}, "3": {"text": "Choose and mix the paint color you want to use for your box.", "img": null, "vid": "/b/b7/Decorate an Unfinished Wooden Box Step 3 Version 2.360p.mp4"}, "4": {"text": "Apply a thin coat of paint to the outside of the box and let it dry for 15\u201320 minutes.", "img": null, "vid": "/0/06/Decorate an Unfinished Wooden Box Step 4 Version 2.360p.mp4"}, "5": {"text": "Paint 1\u20132 more coats on the box if you want a more solid color.", "img": "https://www.wikihow.com/images/thumb/f/f3/Decorate-an-Unfinished-Wooden-Box-Step-5-Version-2.jpg/v4-460px-Decorate-an-Unfinished-Wooden-Box-Step-5-Version-2.jpg", "vid": null}, "6": {"text": "Brush paint on the inside of the box if you don\u2019t want to leave it unfinished.", "img": null, "vid": "/7/7b/Decorate an Unfinished Wooden Box Step 6 Version 2.360p.mp4"}, "7": {"text": "Use a paint marker if you want to draw intricate designs.", "img": null, "vid": "/c/c6/Decorate an Unfinished Wooden Box Step 7 Version 2.360p.mp4"}, "8": {"text": "Distress the edges of the box with sandpaper if you want a rustic look.", "img": null, "vid": "/2/29/Decorate an Unfinished Wooden Box Step 8 Version 2.360p.mp4"}, "9": {"text": "Apply 2 coats of varnish to protect the painted surface.", "img": null, "vid": "/b/be/Decorate an Unfinished Wooden Box Step 9 Version 2.360p.mp4"}, "10": {"text": "Paint a layer of acrylic paint on the box if you don\u2019t want visible wood grain.", "img": "https://www.wikihow.com/images/thumb/6/60/Decorate-an-Unfinished-Wooden-Box-Step-10-Version-2.jpg/v4-460px-Decorate-an-Unfinished-Wooden-Box-Step-10-Version-2.jpg", "vid": null}, "11": {"text": "Sand the paint smooth with a piece of 180-grit sandpaper.", "img": null, "vid": "/3/32/Decorate an Unfinished Wooden Box Step 11 Version 2.360p.mp4"}, "12": {"text": "Print the image you want to attach to the box.", "img": "https://www.wikihow.com/images/thumb/5/52/Decorate-an-Unfinished-Wooden-Box-Step-12-Version-2.jpg/v4-460px-Decorate-an-Unfinished-Wooden-Box-Step-12-Version-2.jpg", "vid": null}, "13": {"text": "Apply a layer of decoupage glue on the box where you want your image.", "img": null, "vid": "/c/cd/Decorate an Unfinished Wooden Box Step 13 Version 2.360p.mp4"}, "14": {"text": "Lay the printed image flat on the box.", "img": null, "vid": "/5/5f/Decorate an Unfinished Wooden Box Step 14 Version 2.360p.mp4"}, "15": {"text": "Brush the decoupage glue over the image and let it dry for 1 day.", "img": null, "vid": "/a/a4/Decorate an Unfinished Wooden Box Step 15 Version 2.360p.mp4"}, "16": {"text": "Rub away any edges around the image with a damp sponge.", "img": "https://www.wikihow.com/images/thumb/9/98/Decorate-an-Unfinished-Wooden-Box-Step-16-Version-2.jpg/v4-460px-Decorate-an-Unfinished-Wooden-Box-Step-16-Version-2.jpg", "vid": null}, "17": {"text": "Spread a layer of acrylic varnish on the box to seal it.", "img": "https://www.wikihow.com/images/thumb/5/50/Decorate-an-Unfinished-Wooden-Box-Step-17-Version-2.jpg/v4-460px-Decorate-an-Unfinished-Wooden-Box-Step-17-Version-2.jpg", "vid": null}, "18": {"text": "Print out the design you want to add onto the box.", "img": "https://www.wikihow.com/images/thumb/2/2b/Decorate-an-Unfinished-Wooden-Box-Step-18-Version-2.jpg/v4-460px-Decorate-an-Unfinished-Wooden-Box-Step-18-Version-2.jpg", "vid": null}, "19": {"text": "Place a piece of carbon paper between the printed design and the box.", "img": null, "vid": "/4/4a/Decorate an Unfinished Wooden Box Step 19 Version 2.360p.mp4"}, "20": {"text": "Trace around the outline of your design with a pencil.", "img": "https://www.wikihow.com/images/thumb/d/dc/Decorate-an-Unfinished-Wooden-Box-Step-20-Version-2.jpg/v4-460px-Decorate-an-Unfinished-Wooden-Box-Step-20-Version-2.jpg", "vid": null}, "21": {"text": "Carve around the outlines with a Dremel rotary tool.", "img": null, "vid": "/b/b7/Decorate an Unfinished Wooden Box Step 21 Version 2.360p.mp4"}, "22": {"text": "Sand any rough edges with 180-grit sandpaper.", "img": null, "vid": "/c/cc/Decorate an Unfinished Wooden Box Step 22 Version 2.360p.mp4"}, "23": {"text": "Rub wood stain onto the box with a rag or shop cloth.", "img": null, "vid": "/1/15/Decorate an Unfinished Wooden Box Step 23 Version 2.360p.mp4"}, "24": {"text": "Seal the box with polyurethane wood finish to seal the stain.", "img": "https://www.wikihow.com/images/thumb/b/b4/Decorate-an-Unfinished-Wooden-Box-Step-24-Version-2.jpg/v4-460px-Decorate-an-Unfinished-Wooden-Box-Step-24-Version-2.jpg", "vid": null}}