{"video_url": "https://www.youtube.com/embed/tOJDnHU__Xk", "1": {"text": "Try a simple pointing test.", "img": "https://www.wikihow.com/images/thumb/3/31/Strengthen-Eyesight-Step-17.jpg/v4-460px-Strengthen-Eyesight-Step-17.jpg", "vid": null}, "2": {"text": "Conduct the Distance-Hole-In-The-Card test.", "img": "https://www.wikihow.com/images/thumb/2/24/Determine-Your-Dominant-Eye-Step-2-Version-5.jpg/v4-460px-Determine-Your-Dominant-Eye-Step-2-Version-5.jpg", "vid": null}, "3": {"text": "Do the Near-Hole-In-The-Card test.", "img": "https://www.wikihow.com/images/thumb/8/8e/Determine-Your-Dominant-Eye-Step-3-Version-5.jpg/v4-460px-Determine-Your-Dominant-Eye-Step-3-Version-5.jpg", "vid": null}, "4": {"text": "Do the convergence test.", "img": "https://www.wikihow.com/images/thumb/9/97/Determine-Your-Dominant-Eye-Step-4-Version-5.jpg/v4-460px-Determine-Your-Dominant-Eye-Step-4-Version-5.jpg", "vid": null}, "5": {"text": "Improve your skills.", "img": "https://www.wikihow.com/images/thumb/6/62/Sight-a-Bow-In-Step-6.jpg/v4-460px-Sight-a-Bow-In-Step-6.jpg", "vid": null}, "6": {"text": "Discuss the information with your eye doctor.", "img": "https://www.wikihow.com/images/thumb/8/85/Strengthen-Eyesight-Step-13-Version-2.jpg/v4-460px-Strengthen-Eyesight-Step-13-Version-2.jpg", "vid": null}, "7": {"text": "Ask your eye doctor about eye strengthening exercises.", "img": "https://www.wikihow.com/images/thumb/6/6e/Grow-Bushier-Eyebrows-Step-8.jpg/v4-460px-Grow-Bushier-Eyebrows-Step-8.jpg", "vid": null}}