{"video_url": "https://www.youtube.com/embed/3DfErRPxpJU", "1": {"text": "Find a deep diving pool.", "img": null, "vid": "/b/b9/Dive Into a Pool Step 1.360p.mp4"}, "2": {"text": "Get used to the thought of diving in headfirst.", "img": null, "vid": "/7/7b/Dive Into a Pool Step 2.360p.mp4"}, "3": {"text": "Do a dry run on land before diving into water.", "img": null, "vid": "/d/dd/Dive Into a Pool Step 3.360p.mp4"}, "4": {"text": "Crouch close to the pool and glide into the water.", "img": null, "vid": "/5/54/Dive Into a Pool Step 4.360p.mp4"}, "5": {"text": "Dive from a standing position.", "img": null, "vid": "/e/e4/Dive Into a Pool Step 5.360p.mp4"}, "6": {"text": "Place your lead foot over the rim of the pool.", "img": null, "vid": "/7/79/Dive Into a Pool Step 6.360p.mp4"}, "7": {"text": "Point your arms above your head.", "img": null, "vid": "/b/b5/Dive Into a Pool Step 7.360p.mp4"}, "8": {"text": "Push off and dive into the pool.", "img": null, "vid": "/e/ed/Dive Into a Pool Step 8.360p.mp4"}, "9": {"text": " Dive off of a starting block", "img": null, "vid": "/b/bf/Dive Into a Pool Step 9.360p.mp4"}, "10": {"text": "Dive from the high board.", "img": null, "vid": "/8/84/Dive Into a Pool Step 10.360p.mp4"}, "11": {"text": "Learn to hurdle off a diving board.", "img": null, "vid": "/8/84/Dive Into a Pool Step 11.360p.mp4"}, "12": {"text": "Do a jackknife.", "img": null, "vid": "/8/8c/Dive Into a Pool Step 12.360p.mp4"}}