{"video_url": "https://www.youtube.com/embed/-0qPFo4AU60?showinfo=0", "1": {"text": "Find a good spot to do a handstand.", "img": "https://www.wikihow.com/images/thumb/3/35/Do-a-Handstand-Step-1-Version-5.jpg/v4-460px-Do-a-Handstand-Step-1-Version-5.jpg", "vid": null}, "2": {"text": "Stretch your limbs and joints.", "img": null, "vid": "/1/16/Do a Handstand Step 2 Version 2.360p.mp4"}, "3": {"text": "Grab a spotter.", "img": "https://www.wikihow.com/images/thumb/f/f1/Do-a-Handstand-Step-3-Version-4.jpg/v4-460px-Do-a-Handstand-Step-3-Version-4.jpg", "vid": null}, "4": {"text": "Stand up straight with your feet comfortably apart.", "img": "https://www.wikihow.com/images/thumb/3/38/Do-a-Handstand-Step-4-Version-4.jpg/v4-460px-Do-a-Handstand-Step-4-Version-4.jpg", "vid": null}, "5": {"text": "Kick with your dominant leg.", "img": null, "vid": "/2/29/Do a Handstand Step 5 Version 2.360p.mp4"}, "6": {"text": "Tip your body forward.", "img": null, "vid": "/4/40/Do a Handstand Step 6 Version 2.360p.mp4"}, "7": {"text": "Keep your arms straight as your hands approach the ground.", "img": null, "vid": "/2/2b/Do a Handstand Step 7.360p.mp4"}, "8": {"text": "Straighten your legs and torso toward the sky.", "img": "https://www.wikihow.com/images/thumb/6/61/Do-a-Handstand-Step-8-Version-5.jpg/v4-460px-Do-a-Handstand-Step-8-Version-5.jpg", "vid": null}, "9": {"text": "Balance your weight on your hands.", "img": null, "vid": "/f/f9/Do a Handstand Step 9.360p.mp4"}, "10": {"text": "When you are ready to come down, split your legs and drop your dominant leg to the ground.", "img": null, "vid": "/4/49/Do a Handstand Step 10 Version 2.360p.mp4"}, "11": {"text": "End the Handstand with a finish.", "img": "https://www.wikihow.com/images/thumb/e/ef/Do-a-Handstand-Step-11-Version-4.jpg/v4-460px-Do-a-Handstand-Step-11-Version-4.jpg", "vid": null}, "12": {"text": "Kick up to a handstand.", "img": null, "vid": "/0/02/Do a Handstand Step 12.360p.mp4"}, "13": {"text": "Find a sturdy wall or tree.", "img": null, "vid": "/3/3e/Do a Handstand Step 13.360p.mp4"}, "14": {"text": "Get into a plank position facing away from the wall.", "img": "https://www.wikihow.com/images/thumb/8/8b/Do-a-Handstand-Step-14-Version-5.jpg/v4-460px-Do-a-Handstand-Step-14-Version-5.jpg", "vid": null}, "15": {"text": "Walk your feet up the wall.", "img": null, "vid": "/9/9a/Do a Handstand Step 15 Version 2.360p.mp4"}, "16": {"text": "Push off the wall into a handstand.", "img": null, "vid": "/2/29/Do a Handstand Step 16.360p.mp4"}, "17": {"text": "Now start facing the wall.", "img": null, "vid": "/c/c7/Do a Handstand Step 17.360p.mp4"}, "18": {"text": ".", "img": null, "vid": "/7/7c/Do a Handstand Step 18.360p.mp4"}, "19": {"text": "Walk on Your Hands", "img": null, "vid": "/0/06/Do a Handstand Step 19.360p.mp4"}, "20": {"text": "Work up to a Handstand Push Up", "img": null, "vid": "/f/f5/Do a Handstand Step 20.360p.mp4"}, "21": {"text": "Do a Front Limber", "img": null, "vid": "/0/04/Do a Handstand Step 21.360p.mp4"}}