{"video_url": "https://www.youtube.com/embed/J4DBsKf276E?showinfo=0", "1": {"text": "Stand with your feet shoulder-width apart.", "img": "https://www.wikihow.com/images/thumb/0/05/Do-a-Burpee-Step-1-Version-6.jpg/v4-460px-Do-a-Burpee-Step-1-Version-6.jpg", "vid": null}, "2": {"text": "Bend at your hips and knees to lower yourself into a squatting position.", "img": null, "vid": "/d/df/Do a Burpee Step 2 Version 4.360p.mp4"}, "3": {"text": "Place your hands on the floor in front of you.", "img": "https://www.wikihow.com/images/thumb/2/27/Do-a-Burpee-Step-3-Version-5.jpg/v4-460px-Do-a-Burpee-Step-3-Version-5.jpg", "vid": null}, "4": {"text": "Kick your feet back so that you are in the plank position.", "img": null, "vid": "/7/78/Do a Burpee Step 4 Version 4.360p.mp4"}, "5": {"text": "Drop all the way down to the floor.", "img": null, "vid": "/9/9f/Do a Burpee Step 5 Version 4.360p.mp4"}, "6": {"text": "Press up with your arms and jump your feet forward.", "img": null, "vid": "/f/f6/Do a Burpee Step 6 Version 4.360p.mp4"}, "7": {"text": "Jump straight upwards to finish the move.", "img": null, "vid": "/6/69/Do a Burpee Step 7 Version 4.360p.mp4"}, "8": {"text": "Do 15 repetitions to complete 1 set of burpees.", "img": null, "vid": "/f/f2/Do a Burpee Step 8 Version 4.360p.mp4"}, "9": {"text": "Stand with your feet shoulder-width apart.", "img": "https://www.wikihow.com/images/thumb/a/a4/Do-a-Burpee-Step-9-Version-5.jpg/v4-460px-Do-a-Burpee-Step-9-Version-5.jpg", "vid": null}, "10": {"text": "Squat down and touch the floor with your hands.", "img": null, "vid": "/b/bc/Do a Burpee Step 10 Version 4.360p.mp4"}, "11": {"text": "Walk your feet back so that you are in push-up position.", "img": null, "vid": "/8/8e/Do a Burpee Step 11 Version 4.360p.mp4"}, "12": {"text": "Stand up by walking your feet forward and pushing off the ground.", "img": null, "vid": "/e/e5/Do a Burpee Step 12 Version 4.360p.mp4"}, "13": {"text": "Do a pushup when you drop down to the floor.", "img": null, "vid": "/9/96/Do a Burpee Step 13 Version 4.360p.mp4"}, "14": {"text": "Lift weights in the air as you jump or slowly rise to the standing position.", "img": null, "vid": "/5/5f/Do a Burpee Step 14 Version 4.360p.mp4"}, "15": {"text": "Add a box jump or tuck jump to the end of your burpees.", "img": null, "vid": "/7/7a/Do a Burpee Step 15 Version 3.360p.mp4"}, "16": {"text": "Try doing a 1-legged burpee with a skater hop.", "img": null, "vid": "/9/97/Do a Burpee Step 16 Version 3.360p.mp4"}}