{"video_url": "https://www.youtube.com/embed/rM0y6PVSV0M?showinfo=0", "1": {"text": "Gather your supplies.", "img": "https://www.wikihow.com/images/thumb/1/16/Do-a-Manicure-at-Home-Step-1-Version-4.jpg/v4-460px-Do-a-Manicure-at-Home-Step-1-Version-4.jpg", "vid": null}, "2": {"text": "Start with clean nails.", "img": "https://www.wikihow.com/images/thumb/a/a6/Do-a-Manicure-at-Home-Step-2-Version-4.jpg/v4-460px-Do-a-Manicure-at-Home-Step-2-Version-4.jpg", "vid": null}, "3": {"text": "Trim and file your nails.", "img": "https://www.wikihow.com/images/thumb/2/20/Do-a-Manicure-at-Home-Step-3-Version-4.jpg/v4-460px-Do-a-Manicure-at-Home-Step-3-Version-4.jpg", "vid": null}, "4": {"text": "Buff your nails.", "img": "https://www.wikihow.com/images/thumb/6/6a/Do-a-Manicure-at-Home-Step-4-Version-4.jpg/v4-460px-Do-a-Manicure-at-Home-Step-4-Version-4.jpg", "vid": null}, "5": {"text": "Soak and push back your cuticles.", "img": null, "vid": "/a/a5/Do a Manicure at Home Step 5 Version 4.360p.mp4"}, "6": {"text": "Apply oil or cream.", "img": null, "vid": "/c/c1/Do a Manicure at Home Step 6 Version 4.360p.mp4"}, "7": {"text": "Apply the base coat.", "img": "https://www.wikihow.com/images/thumb/6/6b/Do-a-Manicure-at-Home-Step-7-Version-4.jpg/v4-460px-Do-a-Manicure-at-Home-Step-7-Version-4.jpg", "vid": null}, "8": {"text": "Apply your nail color.", "img": "https://www.wikihow.com/images/thumb/6/61/Do-a-Manicure-at-Home-Step-8-Version-4.jpg/v4-460px-Do-a-Manicure-at-Home-Step-8-Version-4.jpg", "vid": null}, "9": {"text": "Let it dry and paint a second coat.", "img": null, "vid": "/9/92/Do a Manicure at Home Step 9 Version 4.360p.mp4"}, "10": {"text": "Touch up the sides.", "img": null, "vid": "/8/88/Do a Manicure at Home Step 10 Version 4.360p.mp4"}, "11": {"text": "Finish with a top coat.", "img": "https://www.wikihow.com/images/thumb/f/f4/Do-a-Manicure-at-Home-Step-11-Version-4.jpg/v4-460px-Do-a-Manicure-at-Home-Step-11-Version-4.jpg", "vid": null}, "12": {"text": " Do a French manicure", "img": "https://www.wikihow.com/images/thumb/8/88/Do-a-Manicure-at-Home-Step-12-Version-2.jpg/v4-460px-Do-a-Manicure-at-Home-Step-12-Version-2.jpg", "vid": null}, "13": {"text": " Paint a marbled manicure", "img": "https://www.wikihow.com/images/thumb/4/4a/Do-a-Manicure-at-Home-Step-13-Version-2.jpg/v4-460px-Do-a-Manicure-at-Home-Step-13-Version-2.jpg", "vid": null}, "14": {"text": ".", "img": "https://www.wikihow.com/images/thumb/3/34/Do-a-Manicure-at-Home-Step-14-Version-2.jpg/v4-460px-Do-a-Manicure-at-Home-Step-14-Version-2.jpg", "vid": null}, "15": {"text": "Try a seasonal look.", "img": "https://www.wikihow.com/images/thumb/5/5b/Do-a-Manicure-at-Home-Step-15-Version-2.jpg/v4-460px-Do-a-Manicure-at-Home-Step-15-Version-2.jpg", "vid": null}, "16": {"text": "Create nature-inspired designs.", "img": "https://www.wikihow.com/images/thumb/8/81/Do-a-Manicure-at-Home-Step-16-Version-2.jpg/v4-460px-Do-a-Manicure-at-Home-Step-16-Version-2.jpg", "vid": null}}