{"video_url": "https://www.youtube.com/embed/Yn0FOapwDq4?showinfo=0", "1": {"text": "Stand in an extended straight line.", "img": "https://www.wikihow.com/images/thumb/b/bc/Do-a-Front-Flip-Step-1-Version-5.jpg/v4-460px-Do-a-Front-Flip-Step-1-Version-5.jpg", "vid": null}, "2": {"text": "Lean into the roll.", "img": "https://www.wikihow.com/images/thumb/8/89/Do-a-Front-Flip-Step-2-Version-5.jpg/v4-460px-Do-a-Front-Flip-Step-2-Version-5.jpg", "vid": null}, "3": {"text": "Push your hips forward when your hands touch the floor.", "img": "https://www.wikihow.com/images/thumb/1/19/Do-a-Front-Flip-Step-3-Version-5.jpg/v4-460px-Do-a-Front-Flip-Step-3-Version-5.jpg", "vid": null}, "4": {"text": "Roll forward onto your back.", "img": "https://www.wikihow.com/images/thumb/4/42/Do-a-Front-Flip-Step-4-Version-5.jpg/v4-460px-Do-a-Front-Flip-Step-4-Version-5.jpg", "vid": null}, "5": {"text": "Stand up.", "img": "https://www.wikihow.com/images/thumb/4/41/Do-a-Front-Flip-Step-5-Version-5.jpg/v4-460px-Do-a-Front-Flip-Step-5-Version-5.jpg", "vid": null}, "6": {"text": "Try a dive roll after you\u2019ve mastered the front roll.", "img": "https://www.wikihow.com/images/thumb/8/8b/Do-a-Front-Flip-Step-6.jpg/v4-460px-Do-a-Front-Flip-Step-6.jpg", "vid": null}, "7": {"text": "Learn the stretches needed to prep for a front flip.", "img": "https://www.wikihow.com/images/thumb/f/f1/Do-a-Front-Flip-Step-7.jpg/v4-460px-Do-a-Front-Flip-Step-7.jpg", "vid": null}, "8": {"text": "Take a few running steps and then \"punch jump\" straight up.", "img": "https://www.wikihow.com/images/thumb/3/39/Do-a-Front-Flip-Step-8.jpg/v4-460px-Do-a-Front-Flip-Step-8.jpg", "vid": null}, "9": {"text": "Practice your \u201cpump jump\u201d with your knees tucked.", "img": "https://www.wikihow.com/images/thumb/6/67/Do-a-Front-Flip-Step-9.jpg/v4-460px-Do-a-Front-Flip-Step-9.jpg", "vid": null}, "10": {"text": "Practice the rotation of your flip on a trampoline.", "img": "https://www.wikihow.com/images/thumb/8/82/Do-a-Front-Flip-Step-10.jpg/v4-460px-Do-a-Front-Flip-Step-10.jpg", "vid": null}, "11": {"text": "Do a front flip off of a gymnastics block that faces a soft mat.", "img": "https://www.wikihow.com/images/thumb/3/36/Do-a-Front-Flip-Step-11.jpg/v4-460px-Do-a-Front-Flip-Step-11.jpg", "vid": null}, "12": {"text": "Do a front flip on the gym floor.", "img": "https://www.wikihow.com/images/thumb/7/71/Do-a-Front-Flip-Step-12.jpg/v4-460px-Do-a-Front-Flip-Step-12.jpg", "vid": null}, "13": {"text": "Run forward.", "img": "https://www.wikihow.com/images/thumb/b/bf/Do-a-Front-Flip-Step-13.jpg/v4-460px-Do-a-Front-Flip-Step-13.jpg", "vid": null}, "14": {"text": "Go into a pre-jump.", "img": "https://www.wikihow.com/images/thumb/c/cf/Do-a-Front-Flip-Step-14.jpg/v4-460px-Do-a-Front-Flip-Step-14.jpg", "vid": null}, "15": {"text": "Jump as high as possible.", "img": "https://www.wikihow.com/images/thumb/5/5e/Do-a-Front-Flip-Step-15.jpg/v4-460px-Do-a-Front-Flip-Step-15.jpg", "vid": null}, "16": {"text": "Grab your shins during the jump.", "img": "https://www.wikihow.com/images/thumb/b/ba/Do-a-Front-Flip-Step-16.jpg/v4-460px-Do-a-Front-Flip-Step-16.jpg", "vid": null}, "17": {"text": "Let go of your shins at the end of the rotation.", "img": "https://www.wikihow.com/images/thumb/e/e4/Do-a-Front-Flip-Step-17.jpg/v4-460px-Do-a-Front-Flip-Step-17.jpg", "vid": null}, "18": {"text": "Land on your feet.", "img": "https://www.wikihow.com/images/thumb/a/a3/Do-a-Front-Flip-Step-18.jpg/v4-460px-Do-a-Front-Flip-Step-18.jpg", "vid": null}}