{"video_url": "https://www.youtube.com/embed/-nJMOB3f0qI", "1": {"text": "Find a comfortable floor.", "img": "https://www.wikihow.com/images/thumb/9/93/Do-a-Somersault-Step-1-Version-6.jpg/v4-460px-Do-a-Somersault-Step-1-Version-6.jpg", "vid": null}, "2": {"text": "Stretch well", "img": null, "vid": "/d/d9/Do a Somersault Step 2 Version 4.360p.mp4"}, "3": {"text": "Stand with a straight body", "img": null, "vid": "/1/11/Do a Somersault Step 3 Version 2.360p.mp4"}, "4": {"text": "Crouch down.", "img": null, "vid": "/b/b5/Do a Somersault Step 4 Version 3.360p.mp4"}, "5": {"text": "Push off through your legs.", "img": null, "vid": "/0/0e/Do a Somersault Step 5 Version 5.360p.mp4"}, "6": {"text": "Continue to roll forward.", "img": null, "vid": "/2/24/Do a Somersault Step 6 Version 5.360p.mp4"}, "7": {"text": "Stand up.", "img": null, "vid": "/8/88/Do a Somersault Step 7 Version 2.360p.mp4"}, "8": {"text": "Try a handstand somersault.", "img": null, "vid": "/6/61/Do a Somersault Step 8 Version 2.360p.mp4"}, "9": {"text": "Do a somersault kip-up.", "img": null, "vid": "/e/e2/Do a Somersault Step 9 Version 2.360p.mp4"}, "10": {"text": "Do a dive somersault.", "img": null, "vid": "/2/2d/Do a Somersault Step 10 Version 2.360p.mp4"}}