{"video_url": "https://www.youtube.com/embed/FDT99ZgpYnw?showinfo=0", "1": {"text": "Get a sports physical before you start.", "img": "https://www.wikihow.com/images/thumb/3/3b/Do-Gymnastics-Step-1-Version-3.jpg/v4-460px-Do-Gymnastics-Step-1-Version-3.jpg", "vid": null}, "2": {"text": "Sign up for a class at a local gym.", "img": "https://www.wikihow.com/images/thumb/0/0b/Do-Gymnastics-Step-2-Version-3.jpg/v4-460px-Do-Gymnastics-Step-2-Version-3.jpg", "vid": null}, "3": {"text": "Take classes at your school if you\u2019re a student.", "img": "https://www.wikihow.com/images/thumb/f/fe/Do-Gymnastics-Step-3-Version-3.jpg/v4-460px-Do-Gymnastics-Step-3-Version-3.jpg", "vid": null}, "4": {"text": "Familiarize yourself with the different types of gymnastics.", "img": "https://www.wikihow.com/images/thumb/8/85/Do-Gymnastics-Step-4-Version-3.jpg/v4-460px-Do-Gymnastics-Step-4-Version-3.jpg", "vid": null}, "5": {"text": "Find a coach who can help you with bodyweight strength training.", "img": "https://www.wikihow.com/images/thumb/7/71/Do-Gymnastics-Step-5-Version-3.jpg/v4-460px-Do-Gymnastics-Step-5-Version-3.jpg", "vid": null}, "6": {"text": "Work on building your flexibility.", "img": "https://www.wikihow.com/images/thumb/6/62/Do-Gymnastics-Step-6-Version-3.jpg/v4-460px-Do-Gymnastics-Step-6-Version-3.jpg", "vid": null}, "7": {"text": "Master the handstand.", "img": "https://www.wikihow.com/images/thumb/f/fe/Do-Gymnastics-Step-7-Version-3.jpg/v4-460px-Do-Gymnastics-Step-7-Version-3.jpg", "vid": null}, "8": {"text": "Learn how to cast.", "img": "https://www.wikihow.com/images/thumb/6/6c/Do-Gymnastics-Step-8-Version-3.jpg/v4-460px-Do-Gymnastics-Step-8-Version-3.jpg", "vid": null}, "9": {"text": "Work on doing side and middle splits.", "img": "https://www.wikihow.com/images/thumb/8/8b/Do-Gymnastics-Step-9-Version-3.jpg/v4-460px-Do-Gymnastics-Step-9-Version-3.jpg", "vid": null}, "10": {"text": "Try doing roundoffs.", "img": "https://www.wikihow.com/images/thumb/2/2d/Do-Gymnastics-Step-10-Version-3.jpg/v4-460px-Do-Gymnastics-Step-10-Version-3.jpg", "vid": null}, "11": {"text": "Practice the turn on 1 foot.", "img": "https://www.wikihow.com/images/thumb/3/30/Do-Gymnastics-Step-11-Version-3.jpg/v4-460px-Do-Gymnastics-Step-11-Version-3.jpg", "vid": null}, "12": {"text": "Warm up before you practice to prevent injuries.", "img": "https://www.wikihow.com/images/thumb/c/c0/Do-Gymnastics-Step-12-Version-3.jpg/v4-460px-Do-Gymnastics-Step-12-Version-3.jpg", "vid": null}, "13": {"text": "Practice on padded floors at all times.", "img": "https://www.wikihow.com/images/thumb/9/97/Do-Gymnastics-Step-13-Version-3.jpg/v4-460px-Do-Gymnastics-Step-13-Version-3.jpg", "vid": null}, "14": {"text": "Work with an experienced coach to make sure your technique is correct.", "img": "https://www.wikihow.com/images/thumb/3/3d/Do-Gymnastics-Step-14-Version-3.jpg/v4-460px-Do-Gymnastics-Step-14-Version-3.jpg", "vid": null}, "15": {"text": "Follow gym safety rules carefully.", "img": "https://www.wikihow.com/images/thumb/3/3f/Do-Gymnastics-Step-15-Version-3.jpg/v4-460px-Do-Gymnastics-Step-15-Version-3.jpg", "vid": null}, "16": {"text": "Use appropriate safety gear.", "img": "https://www.wikihow.com/images/thumb/9/90/Do-Gymnastics-Step-16-Version-3.jpg/v4-460px-Do-Gymnastics-Step-16-Version-3.jpg", "vid": null}, "17": {"text": " and stay hydrated.", "img": "https://www.wikihow.com/images/thumb/3/36/Do-Gymnastics-Step-17-Version-3.jpg/v4-460px-Do-Gymnastics-Step-17-Version-3.jpg", "vid": null}, "18": {"text": "Get plenty of good-quality sleep.", "img": "https://www.wikihow.com/images/thumb/c/c4/Do-Gymnastics-Step-18-Version-3.jpg/v4-460px-Do-Gymnastics-Step-18-Version-3.jpg", "vid": null}, "19": {"text": "Stop training and see a doctor right away if you think you\u2019re injured.", "img": "https://www.wikihow.com/images/thumb/3/3e/Do-Gymnastics-Step-19-Version-3.jpg/v4-460px-Do-Gymnastics-Step-19-Version-3.jpg", "vid": null}}