{"video_url": "https://www.youtube.com/embed/-O1frG82qs8?showinfo=0", "1": {"text": "Jump on your left foot and kick your right leg out to the side.", "img": "https://www.wikihow.com/images/thumb/1/17/Do-the-Spooky-Scary-Skeleton-Dance-Step-1-Version-3.jpg/v4-460px-Do-the-Spooky-Scary-Skeleton-Dance-Step-1-Version-3.jpg", "vid": null}, "2": {"text": "Curl your left arm up and punch it out to the side as you kick.", "img": "https://www.wikihow.com/images/thumb/5/51/Do-the-Spooky-Scary-Skeleton-Dance-Step-2-Version-3.jpg/v4-460px-Do-the-Spooky-Scary-Skeleton-Dance-Step-2-Version-3.jpg", "vid": null}, "3": {"text": "Hop onto your right foot to switch sides.", "img": "https://www.wikihow.com/images/thumb/b/bd/Do-the-Spooky-Scary-Skeleton-Dance-Step-3-Version-3.jpg/v4-460px-Do-the-Spooky-Scary-Skeleton-Dance-Step-3-Version-3.jpg", "vid": null}, "4": {"text": "Jump to the side on your right foot and kick out with your left foot.", "img": "https://www.wikihow.com/images/thumb/f/f0/Do-the-Spooky-Scary-Skeleton-Dance-Step-4-Version-3.jpg/v4-460px-Do-the-Spooky-Scary-Skeleton-Dance-Step-4-Version-3.jpg", "vid": null}, "5": {"text": "Curl your right arm up and punch it out to the side as you kick.", "img": "https://www.wikihow.com/images/thumb/d/da/Do-the-Spooky-Scary-Skeleton-Dance-Step-5-Version-3.jpg/v4-460px-Do-the-Spooky-Scary-Skeleton-Dance-Step-5-Version-3.jpg", "vid": null}, "6": {"text": "Jump down onto both feet to transition to the wobbly walk.", "img": "https://www.wikihow.com/images/thumb/4/49/Do-the-Spooky-Scary-Skeleton-Dance-Step-6-Version-3.jpg/v4-460px-Do-the-Spooky-Scary-Skeleton-Dance-Step-6-Version-3.jpg", "vid": null}, "7": {"text": "Punch your arms down in front of you as you jump.", "img": "https://www.wikihow.com/images/thumb/a/a7/Do-the-Spooky-Scary-Skeleton-Dance-Step-7-Version-3.jpg/v4-460px-Do-the-Spooky-Scary-Skeleton-Dance-Step-7-Version-3.jpg", "vid": null}, "8": {"text": "Lift your toes up and out then lower them back to the floor.", "img": "https://www.wikihow.com/images/thumb/d/d4/Do-the-Spooky-Scary-Skeleton-Dance-Step-8-Version-3.jpg/v4-460px-Do-the-Spooky-Scary-Skeleton-Dance-Step-8-Version-3.jpg", "vid": null}, "9": {"text": "Circle your arms up as you lift your toes.", "img": "https://www.wikihow.com/images/thumb/8/89/Do-the-Spooky-Scary-Skeleton-Dance-Step-9-Version-3.jpg/v4-460px-Do-the-Spooky-Scary-Skeleton-Dance-Step-9-Version-3.jpg", "vid": null}, "10": {"text": "Jump and land with your right foot in front of your left.", "img": "https://www.wikihow.com/images/thumb/2/23/Do-the-Spooky-Scary-Skeleton-Dance-Step-10-Version-3.jpg/v4-460px-Do-the-Spooky-Scary-Skeleton-Dance-Step-10-Version-3.jpg", "vid": null}, "11": {"text": "Extend your arms out to the sides as you land.", "img": "https://www.wikihow.com/images/thumb/f/fa/Do-the-Spooky-Scary-Skeleton-Dance-Step-11-Version-3.jpg/v4-460px-Do-the-Spooky-Scary-Skeleton-Dance-Step-11-Version-3.jpg", "vid": null}, "12": {"text": "Slide your heels out and in as you step forward with your left foot.", "img": "https://www.wikihow.com/images/thumb/a/a7/Do-the-Spooky-Scary-Skeleton-Dance-Step-12-Version-3.jpg/v4-460px-Do-the-Spooky-Scary-Skeleton-Dance-Step-12-Version-3.jpg", "vid": null}, "13": {"text": "Bend your elbows and flap your arms as you step.", "img": "https://www.wikihow.com/images/thumb/f/f4/Do-the-Spooky-Scary-Skeleton-Dance-Step-13-Version-3.jpg/v4-460px-Do-the-Spooky-Scary-Skeleton-Dance-Step-13-Version-3.jpg", "vid": null}, "14": {"text": "Slide your heels out and in as you step forward with your right foot.", "img": "https://www.wikihow.com/images/thumb/2/22/Do-the-Spooky-Scary-Skeleton-Dance-Step-14-Version-3.jpg/v4-460px-Do-the-Spooky-Scary-Skeleton-Dance-Step-14-Version-3.jpg", "vid": null}, "15": {"text": "Flap your folded arms as you step forward.", "img": "https://www.wikihow.com/images/thumb/3/3c/Do-the-Spooky-Scary-Skeleton-Dance-Step-15-Version-3.jpg/v4-460px-Do-the-Spooky-Scary-Skeleton-Dance-Step-15-Version-3.jpg", "vid": null}, "16": {"text": "Slide your heels out then in as you step back with your right foot.", "img": "https://www.wikihow.com/images/thumb/d/da/Do-the-Spooky-Scary-Skeleton-Dance-Step-16-Version-3.jpg/v4-460px-Do-the-Spooky-Scary-Skeleton-Dance-Step-16-Version-3.jpg", "vid": null}, "17": {"text": "Flap your arms as you step back.", "img": "https://www.wikihow.com/images/thumb/4/4c/Do-the-Spooky-Scary-Skeleton-Dance-Step-17-Version-3.jpg/v4-460px-Do-the-Spooky-Scary-Skeleton-Dance-Step-17-Version-3.jpg", "vid": null}, "18": {"text": "Slide your heels out then in as you step back with your left foot.", "img": "https://www.wikihow.com/images/thumb/7/7d/Do-the-Spooky-Scary-Skeleton-Dance-Step-18-Version-3.jpg/v4-460px-Do-the-Spooky-Scary-Skeleton-Dance-Step-18-Version-3.jpg", "vid": null}, "19": {"text": "Flap your arms again as you step back.", "img": "https://www.wikihow.com/images/thumb/0/0f/Do-the-Spooky-Scary-Skeleton-Dance-Step-19-Version-3.jpg/v4-460px-Do-the-Spooky-Scary-Skeleton-Dance-Step-19-Version-3.jpg", "vid": null}, "20": {"text": "Jump on your left foot and kick out your right leg.", "img": "https://www.wikihow.com/images/thumb/d/d8/Do-the-Spooky-Scary-Skeleton-Dance-Step-20-Version-3.jpg/v4-460px-Do-the-Spooky-Scary-Skeleton-Dance-Step-20-Version-3.jpg", "vid": null}, "21": {"text": "Extend both arms out to the left side and lean to the right.", "img": "https://www.wikihow.com/images/thumb/c/cf/Do-the-Spooky-Scary-Skeleton-Dance-Step-21-Version-3.jpg/v4-460px-Do-the-Spooky-Scary-Skeleton-Dance-Step-21-Version-3.jpg", "vid": null}, "22": {"text": "Jump onto your right foot and kick out with your left foot.", "img": "https://www.wikihow.com/images/thumb/7/7e/Do-the-Spooky-Scary-Skeleton-Dance-Step-22-Version-3.jpg/v4-460px-Do-the-Spooky-Scary-Skeleton-Dance-Step-22-Version-3.jpg", "vid": null}, "23": {"text": "Extend both arms out to the right side and lean to the left.", "img": "https://www.wikihow.com/images/thumb/0/0d/Do-the-Spooky-Scary-Skeleton-Dance-Step-23-Version-3.jpg/v4-460px-Do-the-Spooky-Scary-Skeleton-Dance-Step-23-Version-3.jpg", "vid": null}, "24": {"text": "Jump to bring both feet to the center.", "img": "https://www.wikihow.com/images/thumb/f/f6/Do-the-Spooky-Scary-Skeleton-Dance-Step-24-Version-3.jpg/v4-460px-Do-the-Spooky-Scary-Skeleton-Dance-Step-24-Version-3.jpg", "vid": null}, "25": {"text": "Circle your arms around twice, then extend them out to the left.", "img": "https://www.wikihow.com/images/thumb/a/a0/Do-the-Spooky-Scary-Skeleton-Dance-Step-25-Version-3.jpg/v4-460px-Do-the-Spooky-Scary-Skeleton-Dance-Step-25-Version-3.jpg", "vid": null}, "26": {"text": "Hop onto your right foot as you extend your arms to the left.", "img": "https://www.wikihow.com/images/thumb/b/b5/Do-the-Spooky-Scary-Skeleton-Dance-Step-26-Version-3.jpg/v4-460px-Do-the-Spooky-Scary-Skeleton-Dance-Step-26-Version-3.jpg", "vid": null}, "27": {"text": "Jump back to the center to go back into the wobbly walk.", "img": "https://www.wikihow.com/images/thumb/d/d3/Do-the-Spooky-Scary-Skeleton-Dance-Step-27-Version-3.jpg/v4-460px-Do-the-Spooky-Scary-Skeleton-Dance-Step-27-Version-3.jpg", "vid": null}, "28": {"text": "Do the wobbly walk forward and back.", "img": "https://www.wikihow.com/images/thumb/5/58/Do-the-Spooky-Scary-Skeleton-Dance-Step-28-Version-3.jpg/v4-460px-Do-the-Spooky-Scary-Skeleton-Dance-Step-28-Version-3.jpg", "vid": null}, "29": {"text": "Alternate hook punches with your arms as you do the wobbly walk.", "img": "https://www.wikihow.com/images/thumb/7/79/Do-the-Spooky-Scary-Skeleton-Dance-Step-29-Version-3.jpg/v4-460px-Do-the-Spooky-Scary-Skeleton-Dance-Step-29-Version-3.jpg", "vid": null}, "30": {"text": "Salute to finish your dance.", "img": "https://www.wikihow.com/images/thumb/6/65/Do-the-Spooky-Scary-Skeleton-Dance-Step-30-Version-3.jpg/v4-460px-Do-the-Spooky-Scary-Skeleton-Dance-Step-30-Version-3.jpg", "vid": null}}