{"video_url": "https://www.youtube.com/embed/OV1nj3CZzds?showinfo=0", "1": {"text": "Make sure your feet are shoulder width apart.", "img": "https://www.wikihow.com/images/thumb/e/ea/Do-the-Orange-Justice-Dance-Step-1.jpg/v4-460px-Do-the-Orange-Justice-Dance-Step-1.jpg", "vid": null}, "2": {"text": "Practice swaying your legs to your right.", "img": "https://www.wikihow.com/images/thumb/3/37/Do-the-Orange-Justice-Dance-Step-2.jpg/v4-460px-Do-the-Orange-Justice-Dance-Step-2.jpg", "vid": null}, "3": {"text": "Try swaying your legs to the left.", "img": "https://www.wikihow.com/images/thumb/9/9b/Do-the-Orange-Justice-Dance-Step-3.jpg/v4-460px-Do-the-Orange-Justice-Dance-Step-3.jpg", "vid": null}, "4": {"text": "Sway your legs from side to side.", "img": "https://www.wikihow.com/images/thumb/5/5d/Do-the-Orange-Justice-Dance-Step-4.jpg/v4-460px-Do-the-Orange-Justice-Dance-Step-4.jpg", "vid": null}, "5": {"text": "Cross your arms down and to your left as you sway your hips to the left.", "img": "https://www.wikihow.com/images/thumb/f/fa/Do-the-Orange-Justice-Dance-Step-5.jpg/v4-460px-Do-the-Orange-Justice-Dance-Step-5.jpg", "vid": null}, "6": {"text": "Put your arms down as you lean to the right.", "img": "https://www.wikihow.com/images/thumb/f/fb/Do-the-Orange-Justice-Dance-Step-6.jpg/v4-460px-Do-the-Orange-Justice-Dance-Step-6.jpg", "vid": null}, "7": {"text": "Sway left and open your arms.", "img": "https://www.wikihow.com/images/thumb/9/92/Do-the-Orange-Justice-Dance-Step-7.jpg/v4-460px-Do-the-Orange-Justice-Dance-Step-7.jpg", "vid": null}, "8": {"text": "Sway to the right with your arms down.", "img": "https://www.wikihow.com/images/thumb/f/f0/Do-the-Orange-Justice-Dance-Step-8.jpg/v4-460px-Do-the-Orange-Justice-Dance-Step-8.jpg", "vid": null}, "9": {"text": "Clap up as you move to the left.", "img": "https://www.wikihow.com/images/thumb/1/1e/Do-the-Orange-Justice-Dance-Step-9.jpg/v4-460px-Do-the-Orange-Justice-Dance-Step-9.jpg", "vid": null}, "10": {"text": "Combine the leg and hand movements.", "img": "https://www.wikihow.com/images/thumb/e/e6/Do-the-Orange-Justice-Dance-Step-10.jpg/v4-460px-Do-the-Orange-Justice-Dance-Step-10.jpg", "vid": null}, "11": {"text": "Practice, practice, and practice.", "img": "https://www.wikihow.com/images/thumb/2/2f/Do-the-Orange-Justice-Dance-Step-11.jpg/v4-460px-Do-the-Orange-Justice-Dance-Step-11.jpg", "vid": null}}