{"video_url": "https://www.youtube.com/embed/LgPOfHv5Pto?showinfo=0", "1": {"text": "Draw two intersecting circles.", "img": null, "vid": "/8/83/Draw a Bunny Step 1 Version 3.360p.mp4"}, "2": {"text": "Draw a curved line on the side of the top circle to represent the bunny\u2019s nose.", "img": null, "vid": "/e/e6/Draw a Bunny Step 2 Version 3.360p.mp4"}, "3": {"text": "Add almond shapes over the head for the ears.", "img": null, "vid": "/e/e6/Draw a Bunny Step 3 Version 3.360p.mp4"}, "4": {"text": "Add the eyes and whiskers.", "img": null, "vid": "/8/84/Draw a Bunny Step 4 Version 3.360p.mp4"}, "5": {"text": "Do the same \u201cfurry\u201d effect on the sketched outline of the bunny\u2019s body.", "img": null, "vid": "/0/0f/Draw a Bunny Step 5 Version 3.360p.mp4"}, "6": {"text": "Color the drawing.", "img": "https://www.wikihow.com/images/thumb/9/94/Draw-a-Bunny-Step-6-Version-3.jpg/v4-460px-Draw-a-Bunny-Step-6-Version-3.jpg", "vid": null}, "7": {"text": "Draw a small circle for the head.", "img": "https://www.wikihow.com/images/thumb/c/c8/Draw-a-Bunny-Step-7-Version-3.jpg/v4-460px-Draw-a-Bunny-Step-7-Version-3.jpg", "vid": null}, "8": {"text": "Sketch two small oblongs on the lower half of the circle for the cheeks.", "img": null, "vid": "/8/8f/Draw a Bunny Step 8 Version 3.360p.mp4"}, "9": {"text": "Sketch a rough outline for the hands and feet.", "img": null, "vid": "/1/10/Draw a Bunny Step 9 Version 3.360p.mp4"}, "10": {"text": "Draw the eyes using small circles, add the nose by sketching an inverted triangle, sketch the mouth and add the tooth.", "img": null, "vid": "/8/8b/Draw a Bunny Step 10 Version 3.360p.mp4"}, "11": {"text": "Darken the outline of the bunny\u2019s body.", "img": null, "vid": "/3/3c/Draw a Bunny Step 11 Version 3.360p.mp4"}, "12": {"text": "Add the bunny\u2019s whiskers and two short lines on each of the bunny\u2019s limbs.", "img": null, "vid": "/a/ab/Draw a Bunny Step 12 Version 3.360p.mp4"}, "13": {"text": "Color the bunny.", "img": "https://www.wikihow.com/images/thumb/a/a1/Draw-a-Bunny-Step-13-Version-3.jpg/v4-460px-Draw-a-Bunny-Step-13-Version-3.jpg", "vid": null}}