{"video_url": "https://www.youtube.com/embed/CIoJdL3-gkU?showinfo=0", "1": {"text": "Draw a circle and a large oblong attached to it.", "img": "https://www.wikihow.com/images/thumb/a/a1/Draw-an-Elephant-Step-1-Version-4.jpg/v4-460px-Draw-an-Elephant-Step-1-Version-4.jpg", "vid": null}, "2": {"text": "Draw the elephant\u2019s trunk using curved lines and the ears using a wide inverted C shape.", "img": "https://www.wikihow.com/images/thumb/b/b2/Draw-an-Elephant-Step-2-Version-4.jpg/v4-460px-Draw-an-Elephant-Step-2-Version-4.jpg", "vid": null}, "3": {"text": "Draw the limbs using a set of parallel lines.", "img": "https://www.wikihow.com/images/thumb/3/3f/Draw-an-Elephant-Step-3-Version-4.jpg/v4-460px-Draw-an-Elephant-Step-3-Version-4.jpg", "vid": null}, "4": {"text": "Add the eyes using a small circle and the eyebrows using small strokes.", "img": "https://www.wikihow.com/images/thumb/5/5e/Draw-an-Elephant-Step-4-Version-4.jpg/v4-460px-Draw-an-Elephant-Step-4-Version-4.jpg", "vid": null}, "5": {"text": "Draw the whole head and ears using your outline.", "img": "https://www.wikihow.com/images/thumb/3/37/Draw-an-Elephant-Step-5-Version-4.jpg/v4-460px-Draw-an-Elephant-Step-5-Version-4.jpg", "vid": null}, "6": {"text": "Sketch the body and limbs from the outline you have drawn earlier.", "img": "https://www.wikihow.com/images/thumb/f/f0/Draw-an-Elephant-Step-6-Version-4.jpg/v4-460px-Draw-an-Elephant-Step-6-Version-4.jpg", "vid": null}, "7": {"text": "Add the tail using two curved lines and a few hair at the ends of the tail.", "img": "https://www.wikihow.com/images/thumb/d/d5/Draw-an-Elephant-Step-7-Version-3.jpg/v4-460px-Draw-an-Elephant-Step-7-Version-3.jpg", "vid": null}, "8": {"text": "Erase unnecessary lines.", "img": "https://www.wikihow.com/images/thumb/d/d9/Draw-an-Elephant-Step-8-Version-3.jpg/v4-460px-Draw-an-Elephant-Step-8-Version-3.jpg", "vid": null}, "9": {"text": "Color your drawing.", "img": "https://www.wikihow.com/images/thumb/c/c4/Draw-an-Elephant-Step-9-Version-3.jpg/v4-460px-Draw-an-Elephant-Step-9-Version-3.jpg", "vid": null}, "10": {"text": "Draw three circles interconnected with the other.", "img": "https://www.wikihow.com/images/thumb/5/5c/Draw-an-Elephant-Step-10-Version-3.jpg/v4-460px-Draw-an-Elephant-Step-10-Version-3.jpg", "vid": null}, "11": {"text": "Draw the elephant\u2019s trunk on the first circle and a fan-like shape for the ears.", "img": "https://www.wikihow.com/images/thumb/f/fb/Draw-an-Elephant-Step-11-Version-3.jpg/v4-460px-Draw-an-Elephant-Step-11-Version-3.jpg", "vid": null}, "12": {"text": "Draw slanted lines that make up the limbs.", "img": "https://www.wikihow.com/images/thumb/a/ab/Draw-an-Elephant-Step-12-Version-3.jpg/v4-460px-Draw-an-Elephant-Step-12-Version-3.jpg", "vid": null}, "13": {"text": "Draw the eyes using curved strokes.", "img": "https://www.wikihow.com/images/thumb/c/ca/Draw-an-Elephant-Step-13-Version-3.jpg/v4-460px-Draw-an-Elephant-Step-13-Version-3.jpg", "vid": null}, "14": {"text": "Refine the details of the ears and tusk.", "img": "https://www.wikihow.com/images/thumb/a/a1/Draw-an-Elephant-Step-14-Version-3.jpg/v4-460px-Draw-an-Elephant-Step-14-Version-3.jpg", "vid": null}, "15": {"text": "Draw the whole body based on the outline you have drawn and add the tail.", "img": "https://www.wikihow.com/images/thumb/9/95/Draw-an-Elephant-Step-15-Version-2.jpg/v4-460px-Draw-an-Elephant-Step-15-Version-2.jpg", "vid": null}, "16": {"text": "Sketch short random strokes on the elephant\u2019s body, especially to areas usually covered in shadow.", "img": "https://www.wikihow.com/images/thumb/2/2c/Draw-an-Elephant-Step-16-Version-2.jpg/v4-460px-Draw-an-Elephant-Step-16-Version-2.jpg", "vid": null}, "17": {"text": "Erase unnecessary lines.", "img": "https://www.wikihow.com/images/thumb/1/11/Draw-an-Elephant-Step-17-Version-2.jpg/v4-460px-Draw-an-Elephant-Step-17-Version-2.jpg", "vid": null}, "18": {"text": "Color your drawing.", "img": "https://www.wikihow.com/images/thumb/d/df/Draw-an-Elephant-Step-18-Version-2.jpg/v4-460px-Draw-an-Elephant-Step-18-Version-2.jpg", "vid": null}, "19": {"text": "Draw a medium sized circle and add a big oval shape for the head.", "img": "https://www.wikihow.com/images/thumb/4/40/Draw-an-Elephant-Step-19.jpg/v4-460px-Draw-an-Elephant-Step-19.jpg", "vid": null}, "20": {"text": "Draw 2 arcs from the intersect of the circle and oval down and a wavy line at the bottom of the circle for the truck.", "img": "https://www.wikihow.com/images/thumb/3/3f/Draw-an-Elephant-Step-20.jpg/v4-460px-Draw-an-Elephant-Step-20.jpg", "vid": null}, "21": {"text": "Draw the elephant\u2019s trunk and tusks.", "img": "https://www.wikihow.com/images/thumb/5/52/Draw-an-Elephant-Step-21.jpg/v4-460px-Draw-an-Elephant-Step-21.jpg", "vid": null}, "22": {"text": "Draw the ears of the elephant from the upper intersect of the oval and circle.", "img": "https://www.wikihow.com/images/thumb/9/9c/Draw-an-Elephant-Step-22.jpg/v4-460px-Draw-an-Elephant-Step-22.jpg", "vid": null}, "23": {"text": "Add the details of the elephant\u2019s face.", "img": "https://www.wikihow.com/images/thumb/c/c0/Draw-an-Elephant-Step-23.jpg/v4-460px-Draw-an-Elephant-Step-23.jpg", "vid": null}, "24": {"text": "Color your elephant.", "img": "https://www.wikihow.com/images/thumb/c/c3/Draw-an-Elephant-Step-24.jpg/v4-460px-Draw-an-Elephant-Step-24.jpg", "vid": null}, "25": {"text": "Draw a medium sized circle and add a big oval shape for the body.", "img": "https://www.wikihow.com/images/thumb/c/c7/Draw-an-Elephant-Step-25.jpg/v4-460px-Draw-an-Elephant-Step-25.jpg", "vid": null}, "26": {"text": "Draw 2 pear shaped ovals from the middle portion of the circle to the oval's mid portion.", "img": "https://www.wikihow.com/images/thumb/a/a2/Draw-an-Elephant-Step-26.jpg/v4-460px-Draw-an-Elephant-Step-26.jpg", "vid": null}, "27": {"text": "Draw the eye of the elephant in the middle of the circle.", "img": "https://www.wikihow.com/images/thumb/f/fb/Draw-an-Elephant-Step-27.jpg/v4-460px-Draw-an-Elephant-Step-27.jpg", "vid": null}, "28": {"text": "Draw the elephant\u2019s trunk and eyebrows.", "img": "https://www.wikihow.com/images/thumb/3/34/Draw-an-Elephant-Step-28.jpg/v4-460px-Draw-an-Elephant-Step-28.jpg", "vid": null}, "29": {"text": "Draw the half of the legs using \u201cU\u201d shaped lines to provide framework.", "img": "https://www.wikihow.com/images/thumb/c/cc/Draw-an-Elephant-Step-29.jpg/v4-460px-Draw-an-Elephant-Step-29.jpg", "vid": null}, "30": {"text": "Add details for the legs and draw the legs on the other side using the front leg as a guide.", "img": "https://www.wikihow.com/images/thumb/8/80/Draw-an-Elephant-Step-30.jpg/v4-460px-Draw-an-Elephant-Step-30.jpg", "vid": null}, "31": {"text": "Trace with a pen and erase unnecessary lines and add small details to your liking.", "img": "https://www.wikihow.com/images/thumb/d/df/Draw-an-Elephant-Step-31.jpg/v4-460px-Draw-an-Elephant-Step-31.jpg", "vid": null}, "32": {"text": "Cartoon elephants can be any color.", "img": "https://www.wikihow.com/images/thumb/b/bf/Draw-an-Elephant-Step-32.jpg/v4-460px-Draw-an-Elephant-Step-32.jpg", "vid": null}}