{"video_url": "https://www.youtube.com/embed/SzNpirzTmfY?showinfo=0", "1": {"text": "Sketch in the head as a large egg-like shape centered on the page.", "img": "https://www.wikihow.com/images/thumb/1/15/Draw-a-Fox-Step-19-Version-2.jpg/v4-460px-Draw-a-Fox-Step-19-Version-2.jpg", "vid": null}, "2": {"text": "Draw the ears with 2 smaller egg-like shapes on top of the head.", "img": "https://www.wikihow.com/images/thumb/4/42/Draw-a-Fox-Step-20.jpg/v4-460px-Draw-a-Fox-Step-20.jpg", "vid": null}, "3": {"text": "Make an oval for the body that\u2019s about the same size as the head.", "img": "https://www.wikihow.com/images/thumb/8/88/Draw-a-Fox-Step-21.jpg/v4-460px-Draw-a-Fox-Step-21.jpg", "vid": null}, "4": {"text": "Sketch in 3 pairs of ovals for 2 front legs and a rear leg.", "img": "https://www.wikihow.com/images/thumb/e/e8/Draw-a-Fox-Step-22.jpg/v4-460px-Draw-a-Fox-Step-22.jpg", "vid": null}, "5": {"text": "Add a cloud-, thought bubble-, or bean-shaped tail.", "img": "https://www.wikihow.com/images/thumb/0/07/Draw-a-Fox-Step-23.jpg/v4-460px-Draw-a-Fox-Step-23.jpg", "vid": null}, "6": {"text": "Define the features of the fox within your rough outline.", "img": "https://www.wikihow.com/images/thumb/e/e5/Draw-a-Fox-Step-24.jpg/v4-460px-Draw-a-Fox-Step-24.jpg", "vid": null}, "7": {"text": "Darken the finishing lines and erase your original sketching lines.", "img": "https://www.wikihow.com/images/thumb/8/85/Draw-a-Fox-Step-25.jpg/v4-460px-Draw-a-Fox-Step-25.jpg", "vid": null}, "8": {"text": "Color your cartoon fox to finish it off.", "img": "https://www.wikihow.com/images/thumb/f/f3/Draw-a-Fox-Step-26.jpg/v4-460px-Draw-a-Fox-Step-26.jpg", "vid": null}, "9": {"text": "Sketch a circle in the middle of the page for the fox\u2019s head.", "img": "https://www.wikihow.com/images/thumb/d/d1/Draw-a-Fox-Step-1-Version-2.jpg/v4-460px-Draw-a-Fox-Step-1-Version-2.jpg", "vid": null}, "10": {"text": "Add 3 egg-shaped ovals to the head for the ears and muzzle.", "img": "https://www.wikihow.com/images/thumb/1/1f/Draw-a-Fox-Step-2-Version-3.jpg/v4-460px-Draw-a-Fox-Step-2-Version-3.jpg", "vid": null}, "11": {"text": "Overlap the bottom right of the head with a slightly larger circle for the neck.", "img": "https://www.wikihow.com/images/thumb/a/ac/Draw-a-Fox-Step-3-Version-3.jpg/v4-460px-Draw-a-Fox-Step-3-Version-3.jpg", "vid": null}, "12": {"text": "Sketch out a much larger oval to represent the fox\u2019s body.", "img": "https://www.wikihow.com/images/thumb/c/c1/Draw-a-Fox-Step-4-Version-3.jpg/v4-460px-Draw-a-Fox-Step-4-Version-3.jpg", "vid": null}, "13": {"text": "Connect a set of elongated ovals to represent the front legs and feet.", "img": "https://www.wikihow.com/images/thumb/1/1e/Draw-a-Fox-Step-5-Version-3.jpg/v4-460px-Draw-a-Fox-Step-5-Version-3.jpg", "vid": null}, "14": {"text": "Follow a similar process with 4 ovals for the rear legs and feet.", "img": "https://www.wikihow.com/images/thumb/d/d3/Draw-a-Fox-Step-6-Version-3.jpg/v4-460px-Draw-a-Fox-Step-6-Version-3.jpg", "vid": null}, "15": {"text": "Draw the tail out of a long, nearly banana-shaped oval.", "img": "https://www.wikihow.com/images/thumb/e/e8/Draw-a-Fox-Step-7-Version-3.jpg/v4-460px-Draw-a-Fox-Step-7-Version-3.jpg", "vid": null}, "16": {"text": "Refine the fox's body shape and add facial features.", "img": "https://www.wikihow.com/images/thumb/0/0b/Draw-a-Fox-Step-8-Version-3.jpg/v4-460px-Draw-a-Fox-Step-8-Version-3.jpg", "vid": null}, "17": {"text": "Darken your refinements with pen and erase the pencil outlines.", "img": "https://www.wikihow.com/images/thumb/6/69/Draw-a-Fox-Step-9-Version-3.jpg/v4-460px-Draw-a-Fox-Step-9-Version-3.jpg", "vid": null}, "18": {"text": "Color the drawing, if desired, to finish it off.", "img": "https://www.wikihow.com/images/thumb/4/4c/Draw-a-Fox-Step-10-Version-3.jpg/v4-460px-Draw-a-Fox-Step-10-Version-3.jpg", "vid": null}, "19": {"text": "Start with a circle and a curved line extending from its bottom left.", "img": "https://www.wikihow.com/images/thumb/f/f4/Draw-a-Fox-Step-11-Version-3.jpg/v4-460px-Draw-a-Fox-Step-11-Version-3.jpg", "vid": null}, "20": {"text": "Sketch in the pointed ears and rounded snout on the circular head.", "img": "https://www.wikihow.com/images/thumb/0/03/Draw-a-Fox-Step-12-Version-3.jpg/v4-460px-Draw-a-Fox-Step-12-Version-3.jpg", "vid": null}, "21": {"text": "Add another circle and curved line to outline the fox\u2019s body and rear thigh.", "img": "https://www.wikihow.com/images/thumb/a/a7/Draw-a-Fox-Step-13-Version-3.jpg/v4-460px-Draw-a-Fox-Step-13-Version-3.jpg", "vid": null}, "22": {"text": "Use more ovals and lines to outline the tail and legs.", "img": "https://www.wikihow.com/images/thumb/6/6e/Draw-a-Fox-Step-14-Version-3.jpg/v4-460px-Draw-a-Fox-Step-14-Version-3.jpg", "vid": null}, "23": {"text": "Thicken the legs and add triangles for the front paws.", "img": "https://www.wikihow.com/images/thumb/5/55/Draw-a-Fox-Step-15-Version-3.jpg/v4-460px-Draw-a-Fox-Step-15-Version-3.jpg", "vid": null}, "24": {"text": "Sketch in the face and create a jagged outline to represent fur.", "img": "https://www.wikihow.com/images/thumb/9/9d/Draw-a-Fox-Step-16-Version-3.jpg/v4-460px-Draw-a-Fox-Step-16-Version-3.jpg", "vid": null}, "25": {"text": "Darken your detailed lines with pen and erase your penciled-in sketch lines.", "img": "https://www.wikihow.com/images/thumb/4/40/Draw-a-Fox-Step-17-Version-3.jpg/v4-460px-Draw-a-Fox-Step-17-Version-3.jpg", "vid": null}, "26": {"text": "Add some color to your fox drawing if you wish.", "img": "https://www.wikihow.com/images/thumb/9/94/Draw-a-Fox-Step-18-Version-3.jpg/v4-460px-Draw-a-Fox-Step-18-Version-3.jpg", "vid": null}}