{"video_url": "https://www.youtube.com/embed/7JQwOndSf-c?showinfo=0", "1": {"text": "Draw an outline of the head and body.", "img": "https://www.wikihow.com/images/thumb/0/08/Draw-a-Cat-Step-1-Version-6.jpg/v4-460px-Draw-a-Cat-Step-1-Version-6.jpg", "vid": null}, "2": {"text": "Add the eyes using two small circles, sketch the nose and mouth.", "img": "https://www.wikihow.com/images/thumb/3/3e/Draw-a-Cat-Step-2-Version-6.jpg/v4-460px-Draw-a-Cat-Step-2-Version-6.jpg", "vid": null}, "3": {"text": "Sketch an outline of the cat\u2019s limbs.", "img": null, "vid": "/7/70/Draw a Cat Step 3 Version 3.360p.mp4"}, "4": {"text": "Sketch the tail, make it long and curved.", "img": null, "vid": "/3/30/Draw a Cat Step 4 Version 3.360p.mp4"}, "5": {"text": "Darken the eyes and add whiskers.", "img": null, "vid": "/7/76/Draw a Cat Step 5 Version 3.360p.mp4"}, "6": {"text": "Sketch the body and add a few furry details.", "img": null, "vid": "/0/0b/Draw a Cat Step 6 Version 2.360p.mp4"}, "7": {"text": "Color and complete.", "img": "https://www.wikihow.com/images/thumb/c/cb/Draw-a-Cat-Step-7-Version-6.jpg/v4-460px-Draw-a-Cat-Step-7-Version-6.jpg", "vid": null}, "8": {"text": "Sketch the main shapes.", "img": "https://www.wikihow.com/images/thumb/4/4b/Draw-a-Cat-Step-8-Version-6.jpg/v4-460px-Draw-a-Cat-Step-8-Version-6.jpg", "vid": null}, "9": {"text": "Sketch the basic feature of the face.", "img": null, "vid": "/c/c2/Draw a Cat Step 9 Version 3.360p.mp4"}, "10": {"text": "Add more features of the head.", "img": null, "vid": "/1/19/Draw a Cat Step 10 Version 3.360p.mp4"}, "11": {"text": "Sketch oblongs and circles for the thighs, legs, and paws.", "img": null, "vid": "/a/a9/Draw a Cat Step 11 Version 3.360p.mp4"}, "12": {"text": "Draw the main features of the cat.", "img": null, "vid": "/d/dd/Draw a Cat Step 12 Version 3.360p.mp4"}, "13": {"text": "Erase the draft lines and add more details.", "img": "https://www.wikihow.com/images/thumb/b/b0/Draw-a-Cat-Step-13-Version-6.jpg/v4-460px-Draw-a-Cat-Step-13-Version-6.jpg", "vid": null}, "14": {"text": "Color the finished cat.", "img": null, "vid": "/a/a0/Draw a Cat Step 14 Version 2.360p.mp4"}, "15": {"text": "Sketch a circle and an oblong.", "img": "https://www.wikihow.com/images/thumb/f/fb/Draw-a-Cat-Step-15-Version-5.jpg/v4-460px-Draw-a-Cat-Step-15-Version-5.jpg", "vid": null}, "16": {"text": "Add the guidelines for the face.", "img": null, "vid": "/3/38/Draw a Cat Step 16 Version 3.360p.mp4"}, "17": {"text": "Sketch circles and oblongs for the thighs, the legs, and the paws.", "img": null, "vid": "/9/93/Draw a Cat Step 17 Version 3.360p.mp4"}, "18": {"text": "Add the guide for the face.", "img": null, "vid": "/5/55/Draw a Cat Step 18 Version 3.360p.mp4"}, "19": {"text": "Draw the main features of the cat.", "img": null, "vid": "/c/cc/Draw a Cat Step 19 Version 3.360p.mp4"}, "20": {"text": "Erase the draft lines and add more details.", "img": null, "vid": "/4/48/Draw a Cat Step 20 Version 2.360p.mp4"}, "21": {"text": "Color and Complete.", "img": "https://www.wikihow.com/images/thumb/d/d9/Draw-a-Cat-Step-21-Version-4.jpg/v4-460px-Draw-a-Cat-Step-21-Version-4.jpg", "vid": null}, "22": {"text": "Draw an outline of the body.", "img": "https://www.wikihow.com/images/thumb/d/da/Draw-a-Cat-Step-22-Version-4.jpg/v4-460px-Draw-a-Cat-Step-22-Version-4.jpg", "vid": null}, "23": {"text": "Sketch the outline of the face.", "img": null, "vid": "/f/f9/Draw a Cat Step 23 Version 3.360p.mp4"}, "24": {"text": "Add two small oblongs on the lower part of the head, add a curved line connected to these circles.", "img": null, "vid": "/d/dd/Draw a Cat Step 24 Version 3.360p.mp4"}, "25": {"text": "Draw details of the face.", "img": null, "vid": "/2/21/Draw a Cat Step 25 Version 3.360p.mp4"}, "26": {"text": "Add the cat\u2019s whiskers and brows using longer strokes.", "img": null, "vid": "/b/b0/Draw a Cat Step 26 Version 3.360p.mp4"}, "27": {"text": "Sketch the limbs, tail, and nails.", "img": "https://www.wikihow.com/images/thumb/e/eb/Draw-a-Cat-Step-27-Version-4.jpg/v4-460px-Draw-a-Cat-Step-27-Version-4.jpg", "vid": null}, "28": {"text": "Sketch the rest of the body with small strokes.", "img": "https://www.wikihow.com/images/thumb/6/6c/Draw-a-Cat-Step-28-Version-4.jpg/v4-460px-Draw-a-Cat-Step-28-Version-4.jpg", "vid": null}, "29": {"text": "Erase unnecessary lines and color the drawing.", "img": "https://www.wikihow.com/images/thumb/3/3e/Draw-a-Cat-Step-29-Version-4.jpg/v4-460px-Draw-a-Cat-Step-29-Version-4.jpg", "vid": null}}