{"video_url": "https://www.youtube.com/embed/fMRZOYXngzE?showinfo=0", "1": {"text": "Sketch the outline of the eye using a pencil.", "img": "https://www.wikihow.com/images/thumb/7/70/Draw-a-Realistic-Female-Eye-Step-1-Version-3.jpg/v4-460px-Draw-a-Realistic-Female-Eye-Step-1-Version-3.jpg", "vid": null}, "2": {"text": "Draw the outline of the iris and pupil.", "img": null, "vid": "/3/3f/Draw a Realistic Female Eye Step 2.360p.mp4"}, "3": {"text": "Use curved lines to create long eyelashes above and below the eye.", "img": null, "vid": "/6/6c/Draw a Realistic Female Eye Step 3.360p.mp4"}, "4": {"text": "Draw a curved upper eyelid to give the eye depth.", "img": "https://www.wikihow.com/images/thumb/b/bf/Draw-a-Realistic-Female-Eye-Step-4-Version-3.jpg/v4-460px-Draw-a-Realistic-Female-Eye-Step-4-Version-3.jpg", "vid": null}, "5": {"text": "Sketch a faint outline of the eyebrow.", "img": null, "vid": "/6/6d/Draw a Realistic Female Eye Step 5.360p.mp4"}, "6": {"text": "Outline areas you'd like to leave light.", "img": null, "vid": "/1/10/Draw a Realistic Female Eye Step 6.360p.mp4"}, "7": {"text": "Sketch around the middle ring of the iris.", "img": null, "vid": "/a/aa/Draw a Realistic Female Eye Step 7.360p.mp4"}, "8": {"text": "Fill in the pupil and darken the outline of the iris.", "img": null, "vid": "/a/a1/Draw a Realistic Female Eye Step 8.360p.mp4"}, "9": {"text": "Sketch spokes that radiate from the pupil across the highlighted part of the iris.", "img": null, "vid": "/a/a6/Draw a Realistic Female Eye Step 9.360p.mp4"}, "10": {"text": "Use an eraser or blending stump to lighten the iris.", "img": "https://www.wikihow.com/images/thumb/3/38/Draw-a-Realistic-Female-Eye-Step-10-Version-4.jpg/v4-460px-Draw-a-Realistic-Female-Eye-Step-10-Version-4.jpg", "vid": null}, "11": {"text": "Darken the upper eyelash line.", "img": null, "vid": "/2/2d/Draw a Realistic Female Eye Step 11.360p.mp4"}, "12": {"text": "Go back and fill in the eyebrow with lots of short hairs.", "img": null, "vid": "/9/97/Draw a Realistic Female Eye Step 12.360p.mp4"}, "13": {"text": "Add light shading around the white of the eye.", "img": null, "vid": "/8/85/Draw a Realistic Female Eye Step 13.360p.mp4"}, "14": {"text": "Shade the skin around the eye.", "img": null, "vid": "/8/85/Draw a Realistic Female Eye Step 14.360p.mp4"}, "15": {"text": "Example female eye.", "img": "https://www.wikihow.com/images/thumb/d/dd/Draw-a-Realistic-Female-Eye-Step-15.jpg/v4-460px-Draw-a-Realistic-Female-Eye-Step-15.jpg", "vid": null}}