{"video_url": "https://www.youtube.com/embed/ocv1i7eQ7eE?showinfo=0", "1": {"text": "Pick a center point in the middle of a page.", "img": "https://www.wikihow.com/images/thumb/2/23/Draw-a-Mandala-Step-1-Version-3.jpg/v4-460px-Draw-a-Mandala-Step-1-Version-3.jpg", "vid": null}, "2": {"text": "Use a compass to draw concentric circles around the point.", "img": "https://www.wikihow.com/images/thumb/3/30/Draw-a-Mandala-Step-2-Version-3.jpg/v4-460px-Draw-a-Mandala-Step-2-Version-3.jpg", "vid": null}, "3": {"text": "Trace round things to make circles if you prefer.", "img": "https://www.wikihow.com/images/thumb/f/fe/Draw-a-Mandala-Step-3-Version-3.jpg/v4-460px-Draw-a-Mandala-Step-3-Version-3.jpg", "vid": null}, "4": {"text": "Draw axes across your circles in pencil.", "img": "https://www.wikihow.com/images/thumb/2/25/Draw-a-Mandala-Step-4-Version-2.jpg/v4-460px-Draw-a-Mandala-Step-4-Version-2.jpg", "vid": null}, "5": {"text": "Draw one shape in a ring around your center point.", "img": "https://www.wikihow.com/images/thumb/2/2f/Draw-a-Mandala-Step-5-Version-3.jpg/v4-460px-Draw-a-Mandala-Step-5-Version-3.jpg", "vid": null}, "6": {"text": "Continue drawing concentric rings of shapes.", "img": "https://www.wikihow.com/images/thumb/f/f3/Draw-a-Mandala-Step-6-Version-3.jpg/v4-460px-Draw-a-Mandala-Step-6-Version-3.jpg", "vid": null}, "7": {"text": "Let loose and relax.", "img": "https://www.wikihow.com/images/thumb/1/1e/Draw-a-Mandala-Step-7-Version-3.jpg/v4-460px-Draw-a-Mandala-Step-7-Version-3.jpg", "vid": null}, "8": {"text": "Stop making rings before you hit the edge of your paper.", "img": "https://www.wikihow.com/images/thumb/5/5b/Draw-a-Mandala-Step-8-Version-3.jpg/v4-460px-Draw-a-Mandala-Step-8-Version-3.jpg", "vid": null}, "9": {"text": "Trace over your design in pen if you drew it in pencil.", "img": "https://www.wikihow.com/images/thumb/5/5e/Draw-a-Mandala-Step-9-Version-3.jpg/v4-460px-Draw-a-Mandala-Step-9-Version-3.jpg", "vid": null}, "10": {"text": "Add fine details within the shapes.", "img": "https://www.wikihow.com/images/thumb/0/0f/Draw-a-Mandala-Step-10-Version-3.jpg/v4-460px-Draw-a-Mandala-Step-10-Version-3.jpg", "vid": null}, "11": {"text": "Erase your pencil markings once you\u2019ve inked your mandala.", "img": "https://www.wikihow.com/images/thumb/e/e9/Draw-a-Mandala-Step-11.jpg/v4-460px-Draw-a-Mandala-Step-11.jpg", "vid": null}, "12": {"text": "Color in your mandala, if you\u2019d like.", "img": "https://www.wikihow.com/images/thumb/6/64/Draw-a-Mandala-Step-12.jpg/v4-460px-Draw-a-Mandala-Step-12.jpg", "vid": null}}