{"video_url": "https://www.youtube.com/embed/50DF2ioy5gI?showinfo=0", "1": {"text": "Draw a circle with a compass.", "img": "https://www.wikihow.com/images/thumb/0/0e/Draw-a-Hexagon-Step-1-Version-2.jpg/v4-460px-Draw-a-Hexagon-Step-1-Version-2.jpg", "vid": null}, "2": {"text": "Move the compass point to the edge of the circle.", "img": "https://www.wikihow.com/images/thumb/4/4a/Draw-a-Hexagon-Step-2-Version-2.jpg/v4-460px-Draw-a-Hexagon-Step-2-Version-2.jpg", "vid": null}, "3": {"text": "Make a small mark on the edge of the circle with the pencil.", "img": "https://www.wikihow.com/images/thumb/8/8e/Draw-a-Hexagon-Step-3-Version-2.jpg/v4-460px-Draw-a-Hexagon-Step-3-Version-2.jpg", "vid": null}, "4": {"text": "Move the compass point to the mark you made.", "img": "https://www.wikihow.com/images/thumb/8/8b/Draw-a-Hexagon-Step-4-Version-2.jpg/v4-460px-Draw-a-Hexagon-Step-4-Version-2.jpg", "vid": null}, "5": {"text": "Make another mark on the edge of the circle with a pencil.", "img": "https://www.wikihow.com/images/thumb/e/e3/Draw-a-Hexagon-Step-5-Version-2.jpg/v4-460px-Draw-a-Hexagon-Step-5-Version-2.jpg", "vid": null}, "6": {"text": "Make the last four marks using the same method.", "img": "https://www.wikihow.com/images/thumb/9/93/Draw-a-Hexagon-Step-6-Version-2.jpg/v4-460px-Draw-a-Hexagon-Step-6-Version-2.jpg", "vid": null}, "7": {"text": "Connect the dots with a ruler.", "img": "https://www.wikihow.com/images/thumb/f/fd/Draw-a-Hexagon-Step-7-Version-2.jpg/v4-460px-Draw-a-Hexagon-Step-7-Version-2.jpg", "vid": null}, "8": {"text": "Erase your guiding lines.", "img": "https://www.wikihow.com/images/thumb/e/e6/Draw-a-Hexagon-Step-8-Version-2.jpg/v4-460px-Draw-a-Hexagon-Step-8-Version-2.jpg", "vid": null}, "9": {"text": "Trace the round rim of a glass with a pencil.", "img": "https://www.wikihow.com/images/thumb/4/46/Draw-a-Hexagon-Step-9.jpg/v4-460px-Draw-a-Hexagon-Step-9.jpg", "vid": null}, "10": {"text": "Draw a horizontal line through the center of your circle.", "img": "https://www.wikihow.com/images/thumb/b/b8/Draw-a-Hexagon-Step-10.jpg/v4-460px-Draw-a-Hexagon-Step-10.jpg", "vid": null}, "11": {"text": "Draw an X over the halved circle, splitting it up into 6 equal sections.", "img": "https://www.wikihow.com/images/thumb/4/4d/Draw-a-Hexagon-Step-11.jpg/v4-460px-Draw-a-Hexagon-Step-11.jpg", "vid": null}, "12": {"text": "Turn each of the six sections into triangles.", "img": "https://www.wikihow.com/images/thumb/d/de/Draw-a-Hexagon-Step-12.jpg/v4-460px-Draw-a-Hexagon-Step-12.jpg", "vid": null}, "13": {"text": "Erase your guiding lines.", "img": "https://www.wikihow.com/images/thumb/8/8d/Draw-a-Hexagon-Step-13.jpg/v4-460px-Draw-a-Hexagon-Step-13.jpg", "vid": null}, "14": {"text": "Draw a horizontal line.", "img": "https://www.wikihow.com/images/thumb/f/f4/306789--14.jpg/v4-460px-306789--14.jpg", "vid": null}, "15": {"text": "Draw two diagonal lines from the ends of the horizontal line.", "img": "https://www.wikihow.com/images/thumb/0/01/306789--15.jpg/v4-460px-306789--15.jpg", "vid": null}, "16": {"text": "Draw two more diagonal lines moving inward from the bottom edges of the first two diagonal lines.", "img": "https://www.wikihow.com/images/thumb/e/e8/306789--16.jpg/v4-460px-306789--16.jpg", "vid": null}, "17": {"text": "Draw another horizontal line connecting the two bottom lines.", "img": "https://www.wikihow.com/images/thumb/2/2b/306789--17.jpg/v4-460px-306789--17.jpg", "vid": null}}