{"video_url": "https://www.youtube.com/embed/nRNa_HkgYFQ?showinfo=0", "1": {"text": "Sketch an outline of the face and body.", "img": "https://www.wikihow.com/images/thumb/7/76/Draw-a-Cow-Step-1-Version-3.jpg/v4-460px-Draw-a-Cow-Step-1-Version-3.jpg", "vid": null}, "2": {"text": "Sketch the eyes, nose and ears.", "img": null, "vid": "/6/6f/Draw a Cow Step 2 Version 2.360p.mp4"}, "3": {"text": "Sketch circles for the base of the cow\u2019s limbs.", "img": null, "vid": "/f/fc/Draw a Cow Step 3 Version 2.360p.mp4"}, "4": {"text": "Sketch the tail, and add details to the limbs of the cow.", "img": null, "vid": "/6/6a/Draw a Cow Step 4 Version 2.360p.mp4"}, "5": {"text": "Frame the face and add details like the mouth and nose.", "img": null, "vid": "/c/c3/Draw a Cow Step 5 Version 2.360p.mp4"}, "6": {"text": "Darken the outline of the cow\u2019s body and add the udders.", "img": "https://www.wikihow.com/images/thumb/b/b0/Draw-a-Cow-Step-6-Version-3.jpg/v4-460px-Draw-a-Cow-Step-6-Version-3.jpg", "vid": null}, "7": {"text": "Add details, like spots on the cow's body.", "img": "https://www.wikihow.com/images/thumb/c/cc/Draw-a-Cow-Step-7-Version-3.jpg/v4-460px-Draw-a-Cow-Step-7-Version-3.jpg", "vid": null}, "8": {"text": "Color the cow.", "img": "https://www.wikihow.com/images/thumb/f/f5/Draw-a-Cow-Step-8-Version-3.jpg/v4-460px-Draw-a-Cow-Step-8-Version-3.jpg", "vid": null}, "9": {"text": "Draw an outline of the body.", "img": "https://www.wikihow.com/images/thumb/b/b5/Draw-a-Cow-Step-9-Version-3.jpg/v4-460px-Draw-a-Cow-Step-9-Version-3.jpg", "vid": null}, "10": {"text": "Add a small oblong for the base of the foreleg and a bigger oblong for the base of the hind leg.", "img": null, "vid": "/4/42/Draw a Cow Step 10 Version 2.360p.mp4"}, "11": {"text": "Add the limbs, taking note of the joints using small circles.", "img": null, "vid": "/7/78/Draw a Cow Step 11 Version 2.360p.mp4"}, "12": {"text": "Refine details of the face by adding the eyes, nose and mouth.", "img": null, "vid": "/9/9b/Draw a Cow Step 12 Version 2.360p.mp4"}, "13": {"text": "Using your outline, darken desired lines to form the cow\u2019s trunk.", "img": null, "vid": "/2/25/Draw a Cow Step 13 Version 2.360p.mp4"}, "14": {"text": "Refine the lines of the limbs and tail.", "img": "https://www.wikihow.com/images/thumb/1/16/Draw-a-Cow-Step-14-Version-3.jpg/v4-460px-Draw-a-Cow-Step-14-Version-3.jpg", "vid": null}, "15": {"text": "Erase unnecessary lines and add random small strokes on the cow\u2019s body.", "img": null, "vid": "/e/e3/Draw a Cow Step 15 Version 2.360p.mp4"}, "16": {"text": "Color the cow.", "img": "https://www.wikihow.com/images/thumb/2/27/Draw-a-Cow-Step-16-Version-3.jpg/v4-460px-Draw-a-Cow-Step-16-Version-3.jpg", "vid": null}, "17": {"text": "Draw small and big circles as guides for the head and the body.", "img": null, "vid": "/4/40/Draw a Cow Step 17 Version 2.360p.mp4"}, "18": {"text": "Then, sketch the nose and the mouth.", "img": null, "vid": "/b/bd/Draw a Cow Step 18 Version 2.360p.mp4"}, "19": {"text": "Add the face, the nose, the ears, the small horns, the eyes and the mouth.", "img": null, "vid": "/a/af/Draw a Cow Step 19 Version 2.360p.mp4"}, "20": {"text": "Sketch the legs.", "img": null, "vid": "/9/91/Draw a Cow Step 20 Version 2.360p.mp4"}, "21": {"text": "Add more shape to the body of the cow.", "img": null, "vid": "/4/47/Draw a Cow Step 21 Version 2.360p.mp4"}, "22": {"text": "Draw the basic outlines of the cow.", "img": null, "vid": "/d/d8/Draw a Cow Step 22 Version 2.360p.mp4"}, "23": {"text": "Add more details like grass, patches on the skin, etc.", "img": null, "vid": "/f/fe/Draw a Cow Step 23 Version 2.360p.mp4"}, "24": {"text": "Color the cow.", "img": "https://www.wikihow.com/images/thumb/8/85/Draw-a-Cow-Step-24.jpg/v4-460px-Draw-a-Cow-Step-24.jpg", "vid": null}, "25": {"text": "Sketch the main body of the cow as a big rectangle.", "img": null, "vid": "/7/74/Draw a Cow Step 25 Version 2.360p.mp4"}, "26": {"text": "Sketch the legs by drawing 3 connect oblongs of decreasing size.", "img": null, "vid": "/a/ac/Draw a Cow Step 26 Version 2.360p.mp4"}, "27": {"text": "Repeat the previous step for another set of legs.", "img": null, "vid": "/5/50/Draw a Cow Step 27 Version 2.360p.mp4"}, "28": {"text": "Sketch the guidelines for the front legs.", "img": null, "vid": "/7/7d/Draw a Cow Step 28 Version 2.360p.mp4"}, "29": {"text": "Add more shape to the front legs.", "img": null, "vid": "/4/4e/Draw a Cow Step 29 Version 2.360p.mp4"}, "30": {"text": "Sketch the guide for the head.", "img": null, "vid": "/3/30/Draw a Cow Step 30 Version 2.360p.mp4"}, "31": {"text": "Connect the head to the body.", "img": null, "vid": "/0/03/Draw a Cow Step 31 Version 2.360p.mp4"}, "32": {"text": "Sketch the ears and the face.", "img": null, "vid": "/7/77/Draw a Cow Step 32 Version 2.360p.mp4"}, "33": {"text": "Add more details like the tail and the udder.", "img": null, "vid": "/8/82/Draw a Cow Step 33 Version 2.360p.mp4"}, "34": {"text": "Draw the basic outline.", "img": null, "vid": "/3/3b/Draw a Cow Step 34 Version 2.360p.mp4"}, "35": {"text": "Add more details like grass, patches, shadowing, etc.", "img": null, "vid": "/6/6b/Draw a Cow Step 35 Version 2.360p.mp4"}, "36": {"text": "Color the cow as you like.", "img": "https://www.wikihow.com/images/thumb/4/45/Draw-a-Cow-Step-36.jpg/v4-460px-Draw-a-Cow-Step-36.jpg", "vid": null}}