{"video_url": "https://www.youtube.com/embed/JLJfalLDwDI?showinfo=0", "1": {"text": "Draw a cylinder for the steam engine.", "img": "https://www.wikihow.com/images/thumb/1/1d/Draw-a-Train-Step-1-Version-2.jpg/v4-460px-Draw-a-Train-Step-1-Version-2.jpg", "vid": null}, "2": {"text": "Draw a trapezoid and a rectangle below it for the drivers cabin.", "img": "https://www.wikihow.com/images/thumb/8/87/Draw-a-Train-Step-2-Version-2.jpg/v4-460px-Draw-a-Train-Step-2-Version-2.jpg", "vid": null}, "3": {"text": "Draw three rectangles on top of the steam engine.", "img": "https://www.wikihow.com/images/thumb/c/c8/Draw-a-Train-Step-3-Version-2.jpg/v4-460px-Draw-a-Train-Step-3-Version-2.jpg", "vid": null}, "4": {"text": "Draw two triangles beside each other below the steam engine for the front of the train.", "img": "https://www.wikihow.com/images/thumb/e/e2/Draw-a-Train-Step-4-Version-2.jpg/v4-460px-Draw-a-Train-Step-4-Version-2.jpg", "vid": null}, "5": {"text": "Draw a rectangle and a square below the steam engine.", "img": "https://www.wikihow.com/images/thumb/a/a3/Draw-a-Train-Step-5-Version-2.jpg/v4-460px-Draw-a-Train-Step-5-Version-2.jpg", "vid": null}, "6": {"text": "Draw ovals of different sizes to make the wheels.", "img": "https://www.wikihow.com/images/thumb/c/c9/Draw-a-Train-Step-6-Version-2.jpg/v4-460px-Draw-a-Train-Step-6-Version-2.jpg", "vid": null}, "7": {"text": "Draw a series of lines in the wheels.", "img": "https://www.wikihow.com/images/thumb/7/7a/Draw-a-Train-Step-7-Version-2.jpg/v4-460px-Draw-a-Train-Step-7-Version-2.jpg", "vid": null}, "8": {"text": "Based on the outlines, draw the main body of the train.", "img": "https://www.wikihow.com/images/thumb/a/a6/Draw-a-Train-Step-8-Version-2.jpg/v4-460px-Draw-a-Train-Step-8-Version-2.jpg", "vid": null}, "9": {"text": "Draw the details of the train and draw horizontal lines below the train to make the railroad.", "img": "https://www.wikihow.com/images/thumb/8/80/Draw-a-Train-Step-9-Version-2.jpg/v4-460px-Draw-a-Train-Step-9-Version-2.jpg", "vid": null}, "10": {"text": "Erase unnecessary outlines.", "img": "https://www.wikihow.com/images/thumb/4/4d/Draw-a-Train-Step-10-Version-2.jpg/v4-460px-Draw-a-Train-Step-10-Version-2.jpg", "vid": null}, "11": {"text": "Color your train.", "img": "https://www.wikihow.com/images/thumb/2/29/Draw-a-Train-Step-11-Version-2.jpg/v4-460px-Draw-a-Train-Step-11-Version-2.jpg", "vid": null}, "12": {"text": "Draw two rectangles, one bigger than the other.", "img": "https://www.wikihow.com/images/thumb/5/50/Draw-a-Train-Step-12-Version-2.jpg/v4-460px-Draw-a-Train-Step-12-Version-2.jpg", "vid": null}, "13": {"text": "Draw lines to connect the edges of both rectangles for the front of the train.", "img": "https://www.wikihow.com/images/thumb/b/bf/Draw-a-Train-Step-13-Version-2.jpg/v4-460px-Draw-a-Train-Step-13-Version-2.jpg", "vid": null}, "14": {"text": "Draw two lines from the large rectangle to the edge of your paper to make your train very long for the body.", "img": "https://www.wikihow.com/images/thumb/a/a6/Draw-a-Train-Step-14-Version-2.jpg/v4-460px-Draw-a-Train-Step-14-Version-2.jpg", "vid": null}, "15": {"text": "Draw a set of lines for the front and side windows of the train.", "img": "https://www.wikihow.com/images/thumb/5/53/Draw-a-Train-Step-15-Version-2.jpg/v4-460px-Draw-a-Train-Step-15-Version-2.jpg", "vid": null}, "16": {"text": "Draw a set of trapezoids for the wheels and front lights of the train.", "img": "https://www.wikihow.com/images/thumb/b/bf/Draw-a-Train-Step-16.jpg/v4-460px-Draw-a-Train-Step-16.jpg", "vid": null}, "17": {"text": "Draw a series of lines on top of the train for the antenna.", "img": "https://www.wikihow.com/images/thumb/e/e6/Draw-a-Train-Step-17.jpg/v4-460px-Draw-a-Train-Step-17.jpg", "vid": null}, "18": {"text": "Draw the train based on the outlines.", "img": "https://www.wikihow.com/images/thumb/9/9e/Draw-a-Train-Step-18.jpg/v4-460px-Draw-a-Train-Step-18.jpg", "vid": null}, "19": {"text": "Draw the details such as windows, stripes, wheels, and lights.", "img": "https://www.wikihow.com/images/thumb/5/55/Draw-a-Train-Step-19.jpg/v4-460px-Draw-a-Train-Step-19.jpg", "vid": null}, "20": {"text": "Erase unnecessary outlines.", "img": "https://www.wikihow.com/images/thumb/8/8a/Draw-a-Train-Step-20.jpg/v4-460px-Draw-a-Train-Step-20.jpg", "vid": null}, "21": {"text": "Draw lines in front of the train to make the railroad.", "img": "https://www.wikihow.com/images/thumb/f/f5/Draw-a-Train-Step-21.jpg/v4-460px-Draw-a-Train-Step-21.jpg", "vid": null}, "22": {"text": "Color your train.", "img": "https://www.wikihow.com/images/thumb/9/91/Draw-a-Train-Step-22.jpg/v4-460px-Draw-a-Train-Step-22.jpg", "vid": null}, "23": {"text": "Draw a triangle and a rectangle.", "img": "https://www.wikihow.com/images/thumb/d/d4/Draw-a-Train-Step-1.jpg/v4-460px-Draw-a-Train-Step-1.jpg", "vid": null}, "24": {"text": "Sketch another rectangle adjacent to the shape you made earlier.", "img": "https://www.wikihow.com/images/thumb/f/f1/Draw-a-Train-Step-2.jpg/v4-460px-Draw-a-Train-Step-2.jpg", "vid": null}, "25": {"text": "Draw small rectangles at the bottom of the bullet train.", "img": "https://www.wikihow.com/images/thumb/7/7d/Draw-a-Train-Step-3.jpg/v4-460px-Draw-a-Train-Step-3.jpg", "vid": null}, "26": {"text": "Add small circles for the wheels.", "img": "https://www.wikihow.com/images/thumb/b/b5/Draw-a-Train-Step-4.jpg/v4-460px-Draw-a-Train-Step-4.jpg", "vid": null}, "27": {"text": "Sketch the train\u2019s doors using upright rectangles and the windows using squares.", "img": "https://www.wikihow.com/images/thumb/f/f6/Draw-a-Train-Step-5.jpg/v4-460px-Draw-a-Train-Step-5.jpg", "vid": null}, "28": {"text": "Add outlines for the design to help you in adding colour to the train.", "img": "https://www.wikihow.com/images/thumb/a/ae/Draw-a-Train-Step-6.jpg/v4-460px-Draw-a-Train-Step-6.jpg", "vid": null}, "29": {"text": "Color the train as desired.", "img": "https://www.wikihow.com/images/thumb/b/b4/Draw-a-Train-Step-7.jpg/v4-460px-Draw-a-Train-Step-7.jpg", "vid": null}, "30": {"text": "Sketch a rough outline of the train using rectangles and squares.", "img": "https://www.wikihow.com/images/thumb/e/ef/Draw-a-Train-Step-8.jpg/v4-460px-Draw-a-Train-Step-8.jpg", "vid": null}, "31": {"text": "Add the wheels using circles, make the third wheel bigger than the rest.", "img": "https://www.wikihow.com/images/thumb/2/2e/Draw-a-Train-Step-9.jpg/v4-460px-Draw-a-Train-Step-9.jpg", "vid": null}, "32": {"text": "Erase the lines in the middle of each circle and add windows using squares.", "img": "https://www.wikihow.com/images/thumb/d/d7/Draw-a-Train-Step-10.jpg/v4-460px-Draw-a-Train-Step-10.jpg", "vid": null}, "33": {"text": "Add details to the wheels by drawing smaller circles inside each wheel.", "img": "https://www.wikihow.com/images/thumb/a/aa/Draw-a-Train-Step-11.jpg/v4-460px-Draw-a-Train-Step-11.jpg", "vid": null}, "34": {"text": "Add details on the bumper of the train using basic shapes like triangles and squares.", "img": "https://www.wikihow.com/images/thumb/d/d0/Draw-a-Train-Step-12.jpg/v4-460px-Draw-a-Train-Step-12.jpg", "vid": null}, "35": {"text": "Sketch the train\u2019s roof.", "img": "https://www.wikihow.com/images/thumb/d/d4/Draw-a-Train-Step-13.jpg/v4-460px-Draw-a-Train-Step-13.jpg", "vid": null}, "36": {"text": "Add design on the train\u2019s body.", "img": "https://www.wikihow.com/images/thumb/1/17/Draw-a-Train-Step-14.jpg/v4-460px-Draw-a-Train-Step-14.jpg", "vid": null}, "37": {"text": "Color the train.", "img": "https://www.wikihow.com/images/thumb/0/09/Draw-a-Train-Step-15.jpg/v4-460px-Draw-a-Train-Step-15.jpg", "vid": null}}