{"video_url": "https://www.youtube.com/embed/K2UDx5n-oZ0", "1": {"text": "Compile a collection of different looks.", "img": "https://www.wikihow.com/images/thumb/e/e3/Dress-Classy-for-a-New-College-Guy-Step-1-Version-2.jpg/v4-460px-Dress-Classy-for-a-New-College-Guy-Step-1-Version-2.jpg", "vid": null}, "2": {"text": "Calculate your budget.", "img": "https://www.wikihow.com/images/thumb/7/78/Dress-Classy-for-a-New-College-Guy-Step-2-Version-2.jpg/v4-460px-Dress-Classy-for-a-New-College-Guy-Step-2-Version-2.jpg", "vid": null}, "3": {"text": "Assemble staple wardrobe pieces.", "img": "https://www.wikihow.com/images/thumb/7/75/Dress-Classy-for-a-New-College-Guy-Step-3-Version-2.jpg/v4-460px-Dress-Classy-for-a-New-College-Guy-Step-3-Version-2.jpg", "vid": null}, "4": {"text": "Pick pieces for your body type.", "img": "https://www.wikihow.com/images/thumb/9/99/Dress-Classy-for-a-New-College-Guy-Step-4-Version-2.jpg/v4-460px-Dress-Classy-for-a-New-College-Guy-Step-4-Version-2.jpg", "vid": null}, "5": {"text": "Wear more shirts with collars.", "img": "https://www.wikihow.com/images/thumb/1/15/Dress-Classy-for-a-New-College-Guy-Step-5-Version-2.jpg/v4-460px-Dress-Classy-for-a-New-College-Guy-Step-5-Version-2.jpg", "vid": null}, "6": {"text": "Move on from the sweatshirt to the sweater.", "img": "https://www.wikihow.com/images/thumb/7/7a/Dress-Classy-for-a-New-College-Guy-Step-6-Version-2.jpg/v4-460px-Dress-Classy-for-a-New-College-Guy-Step-6-Version-2.jpg", "vid": null}, "7": {"text": "Upgrade your denim.", "img": "https://www.wikihow.com/images/thumb/3/37/Dress-Classy-for-a-New-College-Guy-Step-7-Version-2.jpg/v4-460px-Dress-Classy-for-a-New-College-Guy-Step-7-Version-2.jpg", "vid": null}, "8": {"text": "Get a pair of nicer pants.", "img": "https://www.wikihow.com/images/thumb/d/df/Dress-Classy-for-a-New-College-Guy-Step-8-Version-2.jpg/v4-460px-Dress-Classy-for-a-New-College-Guy-Step-8-Version-2.jpg", "vid": null}, "9": {"text": "Take pride in your footwear.", "img": "https://www.wikihow.com/images/thumb/c/c4/Dress-Classy-for-a-New-College-Guy-Step-9-Version-2.jpg/v4-460px-Dress-Classy-for-a-New-College-Guy-Step-9-Version-2.jpg", "vid": null}, "10": {"text": "Add more pieces to your wardrobe over time.", "img": "https://www.wikihow.com/images/thumb/b/b5/Dress-Classy-for-a-New-College-Guy-Step-10-Version-2.jpg/v4-460px-Dress-Classy-for-a-New-College-Guy-Step-10-Version-2.jpg", "vid": null}, "11": {"text": "Leave sweats for the gym.", "img": "https://www.wikihow.com/images/thumb/a/a9/Dress-Classy-for-a-New-College-Guy-Step-11-Version-2.jpg/v4-460px-Dress-Classy-for-a-New-College-Guy-Step-11-Version-2.jpg", "vid": null}, "12": {"text": "Dress for the career you want.", "img": "https://www.wikihow.com/images/thumb/9/94/Dress-Classy-for-a-New-College-Guy-Step-12-Version-2.jpg/v4-460px-Dress-Classy-for-a-New-College-Guy-Step-12-Version-2.jpg", "vid": null}, "13": {"text": "Get two belts.", "img": "https://www.wikihow.com/images/thumb/8/8d/Dress-Classy-for-a-New-College-Guy-Step-13-Version-3.jpg/v4-460px-Dress-Classy-for-a-New-College-Guy-Step-13-Version-3.jpg", "vid": null}, "14": {"text": "Plan your outfits.", "img": "https://www.wikihow.com/images/thumb/6/6b/Dress-Classy-for-a-New-College-Guy-Step-14-Version-2.jpg/v4-460px-Dress-Classy-for-a-New-College-Guy-Step-14-Version-2.jpg", "vid": null}}