{"video_url": "https://www.youtube.com/embed/pH3ShaN5S0Q?showinfo=0", "1": {"text": "Get a recommendation.", "img": "https://www.wikihow.com/images/thumb/2/21/Drink-Wine-Step-5-Version-2.jpg/v4-460px-Drink-Wine-Step-5-Version-2.jpg", "vid": null}, "2": {"text": "Choose a wine.", "img": "https://www.wikihow.com/images/thumb/2/20/Drink-Wine-Step-6-Version-2.jpg/v4-460px-Drink-Wine-Step-6-Version-2.jpg", "vid": null}, "3": {"text": "Pour 1-2 ounces of wine into your glass to taste it before deciding on a full glass.", "img": "https://www.wikihow.com/images/thumb/6/6f/Drink-Wine-Step-7-Version-2.jpg/v4-460px-Drink-Wine-Step-7-Version-2.jpg", "vid": null}, "4": {"text": "Experience the aroma.", "img": "https://www.wikihow.com/images/thumb/4/4e/Drink-Wine-Step-4-Version-6.jpg/v4-460px-Drink-Wine-Step-4-Version-6.jpg", "vid": null}, "5": {"text": "Taste the wine.", "img": "https://www.wikihow.com/images/thumb/5/5a/Drink-Wine-Step-5-Version-3.jpg/v4-460px-Drink-Wine-Step-5-Version-3.jpg", "vid": null}, "6": {"text": "Sip your wine.", "img": "https://www.wikihow.com/images/thumb/0/0e/Drink-Wine-Step-6-Version-3.jpg/v4-460px-Drink-Wine-Step-6-Version-3.jpg", "vid": null}, "7": {"text": "Pair your wine with the proper food.", "img": "https://www.wikihow.com/images/thumb/2/25/Drink-Wine-Step-11.jpg/v4-460px-Drink-Wine-Step-11.jpg", "vid": null}, "8": {"text": "Switch wines.", "img": "https://www.wikihow.com/images/thumb/d/db/Drink-Wine-Step-12.jpg/v4-460px-Drink-Wine-Step-12.jpg", "vid": null}, "9": {"text": "Open your wine.", "img": "https://www.wikihow.com/images/thumb/b/b1/Drink-Wine-Step-1-Version-2.jpg/v4-460px-Drink-Wine-Step-1-Version-2.jpg", "vid": null}, "10": {"text": "Serve your wine at the proper temperature.", "img": "https://www.wikihow.com/images/thumb/a/a1/Drink-Wine-Step-2-Version-2.jpg/v4-460px-Drink-Wine-Step-2-Version-2.jpg", "vid": null}, "11": {"text": "Use the right wine glass.", "img": "https://www.wikihow.com/images/thumb/3/36/Drink-Wine-Step-3-Version-2.jpg/v4-460px-Drink-Wine-Step-3-Version-2.jpg", "vid": null}, "12": {"text": "Pour your wine into your wine glass.", "img": "https://www.wikihow.com/images/thumb/d/d0/Drink-Wine-Step-4-Version-2.jpg/v4-460px-Drink-Wine-Step-4-Version-2.jpg", "vid": null}}