{"video_url": "https://www.youtube.com/embed/jtTo-xrfCBI", "1": {"text": "Drink more water.", "img": "https://www.wikihow.com/images/thumb/f/fc/Drop-Water-Weight-Step-1-Version-4.jpg/v4-460px-Drop-Water-Weight-Step-1-Version-4.jpg", "vid": null}, "2": {"text": "Reduce your salt intake.", "img": "https://www.wikihow.com/images/thumb/0/04/Drop-Water-Weight-Step-2-Version-4.jpg/v4-460px-Drop-Water-Weight-Step-2-Version-4.jpg", "vid": null}, "3": {"text": "Eat more fiber.", "img": "https://www.wikihow.com/images/thumb/5/53/Drop-Water-Weight-Step-3-Version-4.jpg/v4-460px-Drop-Water-Weight-Step-3-Version-4.jpg", "vid": null}, "4": {"text": "Consume more coffee, tea, or cranberry juice.", "img": "https://www.wikihow.com/images/thumb/e/e8/Drop-Water-Weight-Step-4-Version-4.jpg/v4-460px-Drop-Water-Weight-Step-4-Version-4.jpg", "vid": null}, "5": {"text": "Spend time in a sauna or a steam room.", "img": "https://www.wikihow.com/images/thumb/2/28/Drop-Water-Weight-Step-5-Version-4.jpg/v4-460px-Drop-Water-Weight-Step-5-Version-4.jpg", "vid": null}, "6": {"text": "Cut back on your alcohol consumption.", "img": "https://www.wikihow.com/images/thumb/4/4a/Drop-Water-Weight-Step-6-Version-3.jpg/v4-460px-Drop-Water-Weight-Step-6-Version-3.jpg", "vid": null}, "7": {"text": "Adjust your exercise routine for the week.", "img": "https://www.wikihow.com/images/thumb/c/cb/Drop-Water-Weight-Step-7-Version-3.jpg/v4-460px-Drop-Water-Weight-Step-7-Version-3.jpg", "vid": null}}