{"video_url": "https://www.youtube.com/embed/6jYwUAJ9ihs", "1": {"text": "Harvest the lavender before it's fully in bloom.", "img": "https://www.wikihow.com/images/thumb/4/4d/Dry-Your-Home-Grown-Lavender-Step-2.jpg/v4-460px-Dry-Your-Home-Grown-Lavender-Step-2.jpg", "vid": null}, "2": {"text": "Cut matured lavender flowers just above the leaves.", "img": "https://www.wikihow.com/images/thumb/4/42/Dry-Your-Home-Grown-Lavender-Step-3.jpg/v4-460px-Dry-Your-Home-Grown-Lavender-Step-3.jpg", "vid": null}, "3": {"text": "Gather the lavender into a bunch.", "img": "https://www.wikihow.com/images/thumb/4/4e/8842-3.jpg/v4-460px-8842-3.jpg", "vid": null}, "4": {"text": "Tie the stems with a rubber band.", "img": "https://www.wikihow.com/images/thumb/b/b7/Dry-Your-Home-Grown-Lavender-Step-4.jpg/v4-460px-Dry-Your-Home-Grown-Lavender-Step-4.jpg", "vid": null}, "5": {"text": "Find a dark place to dry the lavender.", "img": "https://www.wikihow.com/images/thumb/5/58/8842-5.jpg/v4-460px-8842-5.jpg", "vid": null}, "6": {"text": "Hang the lavender bunch upside down.", "img": "https://www.wikihow.com/images/thumb/4/49/Dry-Your-Home-Grown-Lavender-Step-6.jpg/v4-460px-Dry-Your-Home-Grown-Lavender-Step-6.jpg", "vid": null}, "7": {"text": "Let the lavender dry for 2 - 4 weeks.", "img": "https://www.wikihow.com/images/thumb/2/26/Dry-Your-Home-Grown-Lavender-Step-7.jpg/v4-460px-Dry-Your-Home-Grown-Lavender-Step-7.jpg", "vid": null}, "8": {"text": "Harvest the lavender.", "img": "https://www.wikihow.com/images/thumb/9/96/8842-8.jpg/v4-460px-8842-8.jpg", "vid": null}, "9": {"text": "Lay the lavender on a block of wood.", "img": "https://www.wikihow.com/images/thumb/b/b8/8842-9.jpg/v4-460px-8842-9.jpg", "vid": null}, "10": {"text": "Place the lavender in a sunny spot.", "img": "https://www.wikihow.com/images/thumb/8/8d/8842-10.jpg/v4-460px-8842-10.jpg", "vid": null}, "11": {"text": "Allow the sun to completely dry the lavender.", "img": "https://www.wikihow.com/images/thumb/9/94/8842-11.jpg/v4-460px-8842-11.jpg", "vid": null}}