{"video_url": "https://www.youtube.com/embed/t37dFTci0-A?showinfo=0", "1": {"text": "Dry tobacco in the fall for the best results.", "img": "https://www.wikihow.com/images/thumb/b/b2/Dry-Tobacco-Step-1.jpg/v4-460px-Dry-Tobacco-Step-1.jpg", "vid": null}, "2": {"text": "Pick leaves that are a pale-yellow for drying.", "img": "https://www.wikihow.com/images/thumb/6/66/Dry-Tobacco-Step-2.jpg/v4-460px-Dry-Tobacco-Step-2.jpg", "vid": null}, "3": {"text": "Find a well-ventilated shelter for drying, typically a barn or shed.", "img": "https://www.wikihow.com/images/thumb/8/83/Dry-Tobacco-Step-3.jpg/v4-460px-Dry-Tobacco-Step-3.jpg", "vid": null}, "4": {"text": "Hang your tobacco in bunches of 3 to 5 leaves.", "img": "https://www.wikihow.com/images/thumb/0/07/Dry-Tobacco-Step-4.jpg/v4-460px-Dry-Tobacco-Step-4.jpg", "vid": null}, "5": {"text": "Control the humidity as your leaves dry.", "img": "https://www.wikihow.com/images/thumb/d/da/Dry-Tobacco-Step-5.jpg/v4-460px-Dry-Tobacco-Step-5.jpg", "vid": null}, "6": {"text": "Monitor the leaves to know when they\u2019ve dried enough.", "img": "https://www.wikihow.com/images/thumb/e/e2/Dry-Tobacco-Step-6.jpg/v4-460px-Dry-Tobacco-Step-6.jpg", "vid": null}, "7": {"text": "Remove the stems from the leaves.", "img": "https://www.wikihow.com/images/thumb/c/cf/Dry-Tobacco-Step-7.jpg/v4-460px-Dry-Tobacco-Step-7.jpg", "vid": null}}