{"video_url": "https://www.youtube.com/embed/T2nfw4HmWos?showinfo=0", "1": {"text": "Mix a 1:1 ratio of alcohol-based ink and water in a spray bottle.", "img": "https://www.wikihow.com/images/thumb/0/06/Dye-a-Synthetic-Wig-Step-1-Version-3.jpg/v4-460px-Dye-a-Synthetic-Wig-Step-1-Version-3.jpg", "vid": null}, "2": {"text": "Add more water to get a pastel color.", "img": null, "vid": "/f/f9/Dye a Synthetic Wig Step 2.360p.mp4"}, "3": {"text": "Use Sharpie ink as an alternative.", "img": "https://www.wikihow.com/images/thumb/b/bc/Dye-a-Synthetic-Wig-Step-3-Version-3.jpg/v4-460px-Dye-a-Synthetic-Wig-Step-3-Version-3.jpg", "vid": null}, "4": {"text": "Get a light-colored synthetic wig.", "img": "https://www.wikihow.com/images/thumb/a/a3/Dye-a-Synthetic-Wig-Step-4-Version-3.jpg/v4-460px-Dye-a-Synthetic-Wig-Step-4-Version-3.jpg", "vid": null}, "5": {"text": "Set up your work space.", "img": "https://www.wikihow.com/images/thumb/8/8b/Dye-a-Synthetic-Wig-Step-5-Version-3.jpg/v4-460px-Dye-a-Synthetic-Wig-Step-5-Version-3.jpg", "vid": null}, "6": {"text": "Put on old clothes and latex gloves.", "img": "https://www.wikihow.com/images/thumb/b/b3/Dye-a-Synthetic-Wig-Step-6-Version-3.jpg/v4-460px-Dye-a-Synthetic-Wig-Step-6-Version-3.jpg", "vid": null}, "7": {"text": "Spray a section of hair and run your hands through it.", "img": null, "vid": "/6/62/Dye a Synthetic Wig Step 7.360p.mp4"}, "8": {"text": "Repeat this application process for each section of hair.", "img": null, "vid": "/f/f6/Dye a Synthetic Wig Step 8.360p.mp4"}, "9": {"text": "Comb through the wig with a wide-tooth comb.", "img": null, "vid": "/b/b9/Dye a Synthetic Wig Step 9.360p.mp4"}, "10": {"text": "Put the wig and the dye in a plastic bag as an easy alternative.", "img": "https://www.wikihow.com/images/thumb/b/bf/Dye-a-Synthetic-Wig-Step-10-Version-2.jpg/v4-460px-Dye-a-Synthetic-Wig-Step-10-Version-2.jpg", "vid": null}, "11": {"text": "Set the wig outside to dry.", "img": "https://www.wikihow.com/images/thumb/2/2e/Dye-a-Synthetic-Wig-Step-11-Version-3.jpg/v4-460px-Dye-a-Synthetic-Wig-Step-11-Version-3.jpg", "vid": null}, "12": {"text": "Rinse your wig out until the water is clear.", "img": null, "vid": "/0/08/Dye a Synthetic Wig Step 12.360p.mp4"}, "13": {"text": "Detangle your wig with a wide-tooth comb.", "img": null, "vid": "/3/3d/Dye a Synthetic Wig Step 13.360p.mp4"}, "14": {"text": "Use the lowest possible heat setting on heat styling tools.", "img": null, "vid": "/b/b2/Dye a Synthetic Wig Step 14.360p.mp4"}, "15": {"text": "Finished.", "img": "https://www.wikihow.com/images/thumb/0/08/Dye-a-Synthetic-Wig-Step-15-Version-2.jpg/v4-460px-Dye-a-Synthetic-Wig-Step-15-Version-2.jpg", "vid": null}}