{"video_url": "https://www.youtube.com/embed/zfo-MnjW7Ng", "1": {"text": "Select a ripe rambutan.", "img": "https://www.wikihow.com/images/thumb/e/e1/Eat-a-Rambutan-Step-1-Version-4.jpg/v4-460px-Eat-a-Rambutan-Step-1-Version-4.jpg", "vid": null}, "2": {"text": "Cut a slit in the skin.", "img": null, "vid": "/7/74/Eat a Rambutan Step 2 Version 2.360p.mp4"}, "3": {"text": "Open the rambutan.", "img": null, "vid": "/5/5a/Eat a Rambutan Step 3 Version 2.360p.mp4"}, "4": {"text": "Squeeze to pop out the fruit.", "img": null, "vid": "/c/cb/Eat a Rambutan Step 4 Version 2.360p.mp4"}, "5": {"text": "Remove the seed.", "img": null, "vid": "/4/4c/Eat a Rambutan Step 5 Version 2.360p.mp4"}, "6": {"text": "Eat the fruit.", "img": "https://www.wikihow.com/images/thumb/a/aa/Eat-a-Rambutan-Step-6-Version-2.jpg/v4-460px-Eat-a-Rambutan-Step-6-Version-2.jpg", "vid": null}, "7": {"text": "Consider roasting the seeds.", "img": "https://www.wikihow.com/images/thumb/6/6d/Eat-a-Rambutan-Step-7-Version-2.jpg/v4-460px-Eat-a-Rambutan-Step-7-Version-2.jpg", "vid": null}, "8": {"text": "Make rambutan jam.", "img": "https://www.wikihow.com/images/thumb/8/87/Eat-a-Rambutan-Step-8-Version-2.jpg/v4-460px-Eat-a-Rambutan-Step-8-Version-2.jpg", "vid": null}, "9": {"text": "Refrigerate extra rambutans.", "img": "https://www.wikihow.com/images/thumb/3/38/Eat-a-Rambutan-Step-9-Version-2.jpg/v4-460px-Eat-a-Rambutan-Step-9-Version-2.jpg", "vid": null}, "10": {"text": "Freeze rambutans for a special dessert.", "img": "https://www.wikihow.com/images/thumb/6/64/Eat-a-Rambutan-Step-10-Version-2.jpg/v4-460px-Eat-a-Rambutan-Step-10-Version-2.jpg", "vid": null}}