{"video_url": "https://www.youtube.com/embed/bjOK1gKy2bw?showinfo=0", "1": {"text": "Try slow, deep belly breathing.", "img": "https://www.wikihow.com/images/thumb/c/c7/Fall-Asleep-Step-1-Version-20.jpg/v4-460px-Fall-Asleep-Step-1-Version-20.jpg", "vid": null}, "2": {"text": "Try progressive muscle relaxation exercises.", "img": "https://www.wikihow.com/images/thumb/8/80/Fall-Asleep-Step-2-Version-16.jpg/v4-460px-Fall-Asleep-Step-2-Version-16.jpg", "vid": null}, "3": {"text": "Escape into your imagination instead of focusing on sleeping.", "img": "https://www.wikihow.com/images/thumb/f/fa/Fall-Asleep-Step-3-Version-16.jpg/v4-460px-Fall-Asleep-Step-3-Version-16.jpg", "vid": null}, "4": {"text": "Block out unwanted noises.", "img": "https://www.wikihow.com/images/thumb/9/9c/Fall-Asleep-Step-4-Version-16.jpg/v4-460px-Fall-Asleep-Step-4-Version-16.jpg", "vid": null}, "5": {"text": "Try meditating", "img": "https://www.wikihow.com/images/thumb/6/61/Fall-Asleep-Step-5-Version-9.jpg/v4-460px-Fall-Asleep-Step-5-Version-9.jpg", "vid": null}, "6": {"text": "Give sleep supplements a shot.", "img": "https://www.wikihow.com/images/thumb/8/88/Fall-Asleep-Step-6-Version-17.jpg/v4-460px-Fall-Asleep-Step-6-Version-17.jpg", "vid": null}, "7": {"text": "Get up and do something relaxing if you can\u2019t sleep.", "img": "https://www.wikihow.com/images/thumb/5/51/Fall-Asleep-Step-7-Version-16.jpg/v4-460px-Fall-Asleep-Step-7-Version-16.jpg", "vid": null}, "8": {"text": "Dim the lights in your house 2 hours before bed.", "img": "https://www.wikihow.com/images/thumb/d/df/Fall-Asleep-Step-8-Version-14.jpg/v4-460px-Fall-Asleep-Step-8-Version-14.jpg", "vid": null}, "9": {"text": "Don\u2019t look at your phone, computer, TV, or other screens before bed.", "img": "https://www.wikihow.com/images/thumb/e/ea/Fall-Asleep-Step-9-Version-16.jpg/v4-460px-Fall-Asleep-Step-9-Version-16.jpg", "vid": null}, "10": {"text": "Try wearing earplugs if you're dealing with constant, inescapable noise.", "img": "https://www.wikihow.com/images/thumb/9/94/Fall-Asleep-Step-10-Version-16.jpg/v4-460px-Fall-Asleep-Step-10-Version-16.jpg", "vid": null}, "11": {"text": "Hide your clock.", "img": "https://www.wikihow.com/images/thumb/5/5d/Fall-Asleep-Step-11-Version-14.jpg/v4-460px-Fall-Asleep-Step-11-Version-14.jpg", "vid": null}, "12": {"text": "Use white noise to fall asleep in noisy environments.", "img": "https://www.wikihow.com/images/thumb/b/b4/Fall-Asleep-Step-12-Version-14.jpg/v4-460px-Fall-Asleep-Step-12-Version-14.jpg", "vid": null}, "13": {"text": "Buy or make a sleeping mask.", "img": "https://www.wikihow.com/images/thumb/0/06/Fall-Asleep-Step-13-Version-13.jpg/v4-460px-Fall-Asleep-Step-13-Version-13.jpg", "vid": null}, "14": {"text": "Keep your room cool, clean, dark, and quiet.", "img": "https://www.wikihow.com/images/thumb/3/3c/Fall-Asleep-Step-14-Version-13.jpg/v4-460px-Fall-Asleep-Step-14-Version-13.jpg", "vid": null}, "15": {"text": "Use aromatherapy", "img": "https://www.wikihow.com/images/thumb/1/16/Fall-Asleep-Step-15-Version-15.jpg/v4-460px-Fall-Asleep-Step-15-Version-15.jpg", "vid": null}, "16": {"text": "Choose loose, comfortable sleepwear.", "img": "https://www.wikihow.com/images/thumb/0/0d/Fall-Asleep-Step-16-Version-15.jpg/v4-460px-Fall-Asleep-Step-16-Version-15.jpg", "vid": null}, "17": {"text": "Invest in a comfortable mattress.", "img": "https://www.wikihow.com/images/thumb/8/8f/Fall-Asleep-Step-17-Version-15.jpg/v4-460px-Fall-Asleep-Step-17-Version-15.jpg", "vid": null}, "18": {"text": "Stick to a routine so your body knows when it's time to sleep.", "img": "https://www.wikihow.com/images/thumb/3/3c/Fall-Asleep-Step-18-Version-15.jpg/v4-460px-Fall-Asleep-Step-18-Version-15.jpg", "vid": null}, "19": {"text": "Eat a small, healthy bedtime snack.", "img": "https://www.wikihow.com/images/thumb/1/17/Fall-Asleep-Step-19-Version-13.jpg/v4-460px-Fall-Asleep-Step-19-Version-13.jpg", "vid": null}, "20": {"text": "Avoid drinking caffeine or alcohol at night.", "img": "https://www.wikihow.com/images/thumb/d/d4/Fall-Asleep-Step-20-Version-13.jpg/v4-460px-Fall-Asleep-Step-20-Version-13.jpg", "vid": null}, "21": {"text": "Stick to a regular sleep schedule, even on weekends.", "img": "https://www.wikihow.com/images/thumb/4/46/Fall-Asleep-Step-21-Version-15.jpg/v4-460px-Fall-Asleep-Step-21-Version-15.jpg", "vid": null}, "22": {"text": "Exercise 5 days a week, but avoid working out at night.", "img": "https://www.wikihow.com/images/thumb/3/3f/Fall-Asleep-Step-22-Version-13.jpg/v4-460px-Fall-Asleep-Step-22-Version-13.jpg", "vid": null}, "23": {"text": "Avoid taking naps during the daytime.", "img": "https://www.wikihow.com/images/thumb/1/19/Fall-Asleep-Step-23-Version-13.jpg/v4-460px-Fall-Asleep-Step-23-Version-13.jpg", "vid": null}, "24": {"text": "Take a bath, meditate, or read about 30 minutes before you go to bed.", "img": "https://www.wikihow.com/images/thumb/4/48/Fall-Asleep-Step-24-Version-13.jpg/v4-460px-Fall-Asleep-Step-24-Version-13.jpg", "vid": null}}