{"video_url": "https://www.youtube.com/embed/bKpfkGjF6MU?showinfo=0", "1": {"text": "Provide flower nectar for butterflies in nature.", "img": "https://www.wikihow.com/images/thumb/3/30/Feed-Butterflies-Step-6-Version-2.jpg/v4-460px-Feed-Butterflies-Step-6-Version-2.jpg", "vid": null}, "2": {"text": "Use canned fruit nectar as an alternative to flower nectar.", "img": "https://www.wikihow.com/images/thumb/0/0f/Feed-Butterflies-Step-7-Version-2.jpg/v4-460px-Feed-Butterflies-Step-7-Version-2.jpg", "vid": null}, "3": {"text": "Give butterflies sugar water if you don't have any nectar.", "img": "https://www.wikihow.com/images/thumb/3/33/Feed-Butterflies-Step-8-Version-2.jpg/v4-460px-Feed-Butterflies-Step-8-Version-2.jpg", "vid": null}, "4": {"text": "Feed butterflies rotting fruit as an alternative.", "img": "https://www.wikihow.com/images/thumb/3/3d/Feed-Butterflies-Step-9-Version-2.jpg/v4-460px-Feed-Butterflies-Step-9-Version-2.jpg", "vid": null}, "5": {"text": "Make a butterfly feeder", "img": "https://www.wikihow.com/images/thumb/b/b8/Feed-Butterflies-Step-10-Version-2.jpg/v4-460px-Feed-Butterflies-Step-10-Version-2.jpg", "vid": null}, "6": {"text": "Use Gatorade or fruit juice as an easy solution.", "img": "https://www.wikihow.com/images/thumb/5/57/Feed-Butterflies-Step-11-Version-2.jpg/v4-460px-Feed-Butterflies-Step-11-Version-2.jpg", "vid": null}, "7": {"text": "Make your own creative butterfly food solution to get the best results.", "img": "https://www.wikihow.com/images/thumb/2/23/Feed-Butterflies-Step-12-Version-2.jpg/v4-460px-Feed-Butterflies-Step-12-Version-2.jpg", "vid": null}, "8": {"text": "Serve liquid food in a small, shallow container for easy access.", "img": "https://www.wikihow.com/images/thumb/1/1a/Feed-Butterflies-Step-13-Version-2.jpg/v4-460px-Feed-Butterflies-Step-13-Version-2.jpg", "vid": null}, "9": {"text": "Provide skewered fresh fruit when you have several butterfly species.", "img": "https://www.wikihow.com/images/thumb/8/82/Feed-Butterflies-Step-14-Version-2.jpg/v4-460px-Feed-Butterflies-Step-14-Version-2.jpg", "vid": null}, "10": {"text": "Place fruit in the brightest area of the habitat.", "img": "https://www.wikihow.com/images/thumb/7/7c/Feed-Butterflies-Step-15-Version-2.jpg/v4-460px-Feed-Butterflies-Step-15-Version-2.jpg", "vid": null}, "11": {"text": "Opt for liquids like warm children's juices, colas, and fruit punches.", "img": "https://www.wikihow.com/images/thumb/3/3b/Feed-Butterflies-Step-1-Version-2.jpg/v4-460px-Feed-Butterflies-Step-1-Version-2.jpg", "vid": null}, "12": {"text": "Soak a paper towel with the liquid food and place it in a dish.", "img": "https://www.wikihow.com/images/thumb/d/d9/Feed-Butterflies-Step-2-Version-2.jpg/v4-460px-Feed-Butterflies-Step-2-Version-2.jpg", "vid": null}, "13": {"text": "Pick up each butterfly and set it onto the soaked paper towel.", "img": "https://www.wikihow.com/images/thumb/0/0f/Feed-Butterflies-Step-3-Version-2.jpg/v4-460px-Feed-Butterflies-Step-3-Version-2.jpg", "vid": null}, "14": {"text": "Lower the butterfly's proboscis with a toothpick if it doesn't do so itself.", "img": "https://www.wikihow.com/images/thumb/e/e3/Feed-Butterflies-Step-4-Version-2.jpg/v4-460px-Feed-Butterflies-Step-4-Version-2.jpg", "vid": null}, "15": {"text": "Offer the butterflies food at least once each day.", "img": "https://www.wikihow.com/images/thumb/a/a6/Feed-Butterflies-Step-5-Version-2.jpg/v4-460px-Feed-Butterflies-Step-5-Version-2.jpg", "vid": null}}