{"video_url": "https://www.youtube.com/embed/L0iVRyap3oc", "1": {"text": "Choose a spot in your yard to place the food.", "img": "https://www.wikihow.com/images/thumb/0/06/Feed-a-Wild-Rabbit-Step-1-Version-3.jpg/v4-460px-Feed-a-Wild-Rabbit-Step-1-Version-3.jpg", "vid": null}, "2": {"text": "Provide the wild rabbits with grass and hay.", "img": "https://www.wikihow.com/images/thumb/d/d1/Feed-a-Wild-Rabbit-Step-2-Version-3.jpg/v4-460px-Feed-a-Wild-Rabbit-Step-2-Version-3.jpg", "vid": null}, "3": {"text": "Place pelleted rabbit food out for the wild rabbits.", "img": "https://www.wikihow.com/images/thumb/1/1c/Feed-a-Wild-Rabbit-Step-3-Version-3.jpg/v4-460px-Feed-a-Wild-Rabbit-Step-3-Version-3.jpg", "vid": null}, "4": {"text": "Give the wild rabbits fresh vegetables.", "img": "https://www.wikihow.com/images/thumb/0/07/Feed-a-Wild-Rabbit-Step-4-Version-5.jpg/v4-460px-Feed-a-Wild-Rabbit-Step-4-Version-5.jpg", "vid": null}, "5": {"text": "Provide the wild rabbits with small amounts of fruit.", "img": "https://www.wikihow.com/images/thumb/b/bf/Feed-a-Wild-Rabbit-Step-5-Version-2.jpg/v4-460px-Feed-a-Wild-Rabbit-Step-5-Version-2.jpg", "vid": null}, "6": {"text": "Determine if the baby wild rabbit is truly an orphan.", "img": "https://www.wikihow.com/images/thumb/9/93/Feed-a-Wild-Rabbit-Step-6-Version-2.jpg/v4-460px-Feed-a-Wild-Rabbit-Step-6-Version-2.jpg", "vid": null}, "7": {"text": "Learn what to feed orphaned baby wild rabbits.", "img": "https://www.wikihow.com/images/thumb/3/31/Feed-a-Wild-Rabbit-Step-7-Version-2.jpg/v4-460px-Feed-a-Wild-Rabbit-Step-7-Version-2.jpg", "vid": null}, "8": {"text": "Feed the baby wild rabbits.", "img": "https://www.wikihow.com/images/thumb/9/9d/Feed-a-Wild-Rabbit-Step-8-Version-2.jpg/v4-460px-Feed-a-Wild-Rabbit-Step-8-Version-2.jpg", "vid": null}, "9": {"text": "Stimulate urination and defecation.", "img": "https://www.wikihow.com/images/thumb/e/ee/Feed-a-Wild-Rabbit-Step-9-Version-2.jpg/v4-460px-Feed-a-Wild-Rabbit-Step-9-Version-2.jpg", "vid": null}}