{"video_url": "https://www.youtube.com/embed/VyyVDvm57-I", "1": {"text": "Recognize the signs of a pending attack.", "img": "https://www.wikihow.com/images/thumb/d/da/Fend-off-a-Mountain-Lion-Step-1-Version-2.jpg/v4-460px-Fend-off-a-Mountain-Lion-Step-1-Version-2.jpg", "vid": null}, "2": {"text": "Back away slowly.", "img": "https://www.wikihow.com/images/thumb/4/44/Fend-off-a-Mountain-Lion-Step-2-Version-2.jpg/v4-460px-Fend-off-a-Mountain-Lion-Step-2-Version-2.jpg", "vid": null}, "3": {"text": "Make some noise.", "img": "https://www.wikihow.com/images/thumb/3/35/Fend-off-a-Mountain-Lion-Step-3-Version-2.jpg/v4-460px-Fend-off-a-Mountain-Lion-Step-3-Version-2.jpg", "vid": null}, "4": {"text": "Make yourself larger.", "img": "https://www.wikihow.com/images/thumb/9/9f/Fend-off-a-Mountain-Lion-Step-4-Version-2.jpg/v4-460px-Fend-off-a-Mountain-Lion-Step-4-Version-2.jpg", "vid": null}, "5": {"text": "Have a weapon to defend yourself.", "img": "https://www.wikihow.com/images/thumb/d/da/Fend-off-a-Mountain-Lion-Step-5-Version-2.jpg/v4-460px-Fend-off-a-Mountain-Lion-Step-5-Version-2.jpg", "vid": null}, "6": {"text": "Protect your neck, throat, and head.", "img": "https://www.wikihow.com/images/thumb/9/92/Fend-off-a-Mountain-Lion-Step-6-Version-2.jpg/v4-460px-Fend-off-a-Mountain-Lion-Step-6-Version-2.jpg", "vid": null}, "7": {"text": "Report the sighting.", "img": "https://www.wikihow.com/images/thumb/8/87/Obtain-a-Property-Easement-Step-3.jpg/v4-460px-Obtain-a-Property-Easement-Step-3.jpg", "vid": null}, "8": {"text": "Look out for tracks.", "img": "https://www.wikihow.com/images/thumb/6/6a/Fend-off-a-Mountain-Lion-Step-7.jpg/v4-460px-Fend-off-a-Mountain-Lion-Step-7.jpg", "vid": null}, "9": {"text": "Watch out for mountain lion scat.", "img": "https://www.wikihow.com/images/thumb/8/86/Fend-off-a-Mountain-Lion-Step-8.jpg/v4-460px-Fend-off-a-Mountain-Lion-Step-8.jpg", "vid": null}, "10": {"text": "Be aware of claw rakings.", "img": "https://www.wikihow.com/images/thumb/a/a6/Fend-off-a-Mountain-Lion-Step-9.jpg/v4-460px-Fend-off-a-Mountain-Lion-Step-9.jpg", "vid": null}, "11": {"text": "Respect the mountain lion's space.", "img": "https://www.wikihow.com/images/thumb/9/9f/Fend-off-a-Mountain-Lion-Step-10.jpg/v4-460px-Fend-off-a-Mountain-Lion-Step-10.jpg", "vid": null}, "12": {"text": "Hike and camp in groups.", "img": "https://www.wikihow.com/images/thumb/d/d6/Fend-off-a-Mountain-Lion-Step-11.jpg/v4-460px-Fend-off-a-Mountain-Lion-Step-11.jpg", "vid": null}, "13": {"text": "Avoid hiking at dusk or dawn.", "img": "https://www.wikihow.com/images/thumb/a/a7/Fend-off-a-Mountain-Lion-Step-12.jpg/v4-460px-Fend-off-a-Mountain-Lion-Step-12.jpg", "vid": null}, "14": {"text": "Deer-proof your home.", "img": "https://www.wikihow.com/images/thumb/3/3e/Fend-off-a-Mountain-Lion-Step-13.jpg/v4-460px-Fend-off-a-Mountain-Lion-Step-13.jpg", "vid": null}, "15": {"text": "Keep your domestic pets indoors.", "img": "https://www.wikihow.com/images/thumb/4/4b/Fend-off-a-Mountain-Lion-Step-14.jpg/v4-460px-Fend-off-a-Mountain-Lion-Step-14.jpg", "vid": null}}