{"video_url": "https://www.youtube.com/embed/mLrUnm9MSg4", "1": {"text": "Get a periodic table of elements.", "img": "https://www.wikihow.com/images/thumb/d/d1/Find-the-Number-of-Protons%2C-Neutrons%2C-and-Electrons-Step-1-Version-2.jpg/v4-460px-Find-the-Number-of-Protons%2C-Neutrons%2C-and-Electrons-Step-1-Version-2.jpg", "vid": null}, "2": {"text": "Find your element on the periodic table.", "img": "https://www.wikihow.com/images/thumb/4/48/Find-the-Number-of-Protons%2C-Neutrons%2C-and-Electrons-Step-2-Version-2.jpg/v4-460px-Find-the-Number-of-Protons%2C-Neutrons%2C-and-Electrons-Step-2-Version-2.jpg", "vid": null}, "3": {"text": "Locate the element\u2019s atomic number.", "img": "https://www.wikihow.com/images/thumb/1/16/Find-the-Number-of-Protons%2C-Neutrons%2C-and-Electrons-Step-3-Version-2.jpg/v4-460px-Find-the-Number-of-Protons%2C-Neutrons%2C-and-Electrons-Step-3-Version-2.jpg", "vid": null}, "4": {"text": "Determine the number of electrons.", "img": "https://www.wikihow.com/images/thumb/7/7d/Find-the-Number-of-Protons%2C-Neutrons%2C-and-Electrons-Step-4-Version-2.jpg/v4-460px-Find-the-Number-of-Protons%2C-Neutrons%2C-and-Electrons-Step-4-Version-2.jpg", "vid": null}, "5": {"text": "Look for the atomic mass of the element.", "img": "https://www.wikihow.com/images/thumb/e/e8/Find-the-Number-of-Protons%2C-Neutrons%2C-and-Electrons-Step-5-Version-2.jpg/v4-460px-Find-the-Number-of-Protons%2C-Neutrons%2C-and-Electrons-Step-5-Version-2.jpg", "vid": null}, "6": {"text": "Subtract the atomic number from the atomic mass.", "img": "https://www.wikihow.com/images/thumb/6/6b/Find-the-Number-of-Protons%2C-Neutrons%2C-and-Electrons-Step-6-Version-2.jpg/v4-460px-Find-the-Number-of-Protons%2C-Neutrons%2C-and-Electrons-Step-6-Version-2.jpg", "vid": null}, "7": {"text": "Identify the net charge.", "img": "https://www.wikihow.com/images/thumb/d/d4/Find-the-Number-of-Protons%2C-Neutrons%2C-and-Electrons-Step-7.jpg/v4-460px-Find-the-Number-of-Protons%2C-Neutrons%2C-and-Electrons-Step-7.jpg", "vid": null}, "8": {"text": "Subtract the charge from the atomic number.", "img": "https://www.wikihow.com/images/thumb/5/56/Find-the-Number-of-Protons%2C-Neutrons%2C-and-Electrons-Step-8.jpg/v4-460px-Find-the-Number-of-Protons%2C-Neutrons%2C-and-Electrons-Step-8.jpg", "vid": null}, "9": {"text": "Add the charge to the atomic number for negative ions.", "img": "https://www.wikihow.com/images/thumb/5/51/Find-the-Number-of-Protons%2C-Neutrons%2C-and-Electrons-Step-9.jpg/v4-460px-Find-the-Number-of-Protons%2C-Neutrons%2C-and-Electrons-Step-9.jpg", "vid": null}}