{"video_url": "https://www.youtube.com/embed/7TPKfQ9xGfM?showinfo=0", "1": {"text": "Click on the Apple icon on the upper-left corner of the screen.", "img": "https://www.wikihow.com/images/thumb/3/36/Find-Your-IP-Address-on-a-Mac-Step-1-Version-6.jpg/v4-460px-Find-Your-IP-Address-on-a-Mac-Step-1-Version-6.jpg", "vid": null}, "2": {"text": "Scroll down and select System Preferences.", "img": "https://www.wikihow.com/images/thumb/5/58/Find-Your-IP-Address-on-a-Mac-Step-2-Version-6.jpg/v4-460px-Find-Your-IP-Address-on-a-Mac-Step-2-Version-6.jpg", "vid": null}, "3": {"text": "Click Network.", "img": "https://www.wikihow.com/images/thumb/5/57/Find-Your-IP-Address-on-a-Mac-Step-3-Version-6.jpg/v4-460px-Find-Your-IP-Address-on-a-Mac-Step-3-Version-6.jpg", "vid": null}, "4": {"text": "Select  your connection.", "img": "https://www.wikihow.com/images/thumb/e/e4/Find-Your-IP-Address-on-a-Mac-Step-4-Version-6.jpg/v4-460px-Find-Your-IP-Address-on-a-Mac-Step-4-Version-6.jpg", "vid": null}, "5": {"text": "Click on the Apple icon on the upper-left corner of the screen.", "img": "https://www.wikihow.com/images/thumb/6/67/Find-Your-IP-Address-on-a-Mac-Step-5-Version-6.jpg/v4-460px-Find-Your-IP-Address-on-a-Mac-Step-5-Version-6.jpg", "vid": null}, "6": {"text": "Scroll down and select System Preferences.", "img": "https://www.wikihow.com/images/thumb/e/e8/Find-Your-IP-Address-on-a-Mac-Step-6-Version-6.jpg/v4-460px-Find-Your-IP-Address-on-a-Mac-Step-6-Version-6.jpg", "vid": null}, "7": {"text": "Click Network.", "img": "https://www.wikihow.com/images/thumb/5/51/Find-Your-IP-Address-on-a-Mac-Step-7-Version-6.jpg/v4-460px-Find-Your-IP-Address-on-a-Mac-Step-7-Version-6.jpg", "vid": null}, "8": {"text": "Select your connection.", "img": "https://www.wikihow.com/images/thumb/7/79/Find-Your-IP-Address-on-a-Mac-Step-8-Version-6.jpg/v4-460px-Find-Your-IP-Address-on-a-Mac-Step-8-Version-6.jpg", "vid": null}, "9": {"text": "Click the TCP/IP tab.", "img": "https://www.wikihow.com/images/thumb/1/1c/Find-Your-IP-Address-on-a-Mac-Step-9-Version-6.jpg/v4-460px-Find-Your-IP-Address-on-a-Mac-Step-9-Version-6.jpg", "vid": null}, "10": {"text": "Open the Terminal.", "img": "https://www.wikihow.com/images/thumb/c/c7/Find-Your-IP-Address-on-a-Mac-Step-10-Version-5.jpg/v4-460px-Find-Your-IP-Address-on-a-Mac-Step-10-Version-5.jpg", "vid": null}, "11": {"text": "Use the ifconfig command.", "img": "https://www.wikihow.com/images/thumb/6/6b/Find-Your-IP-Address-on-a-Mac-Step-11-Version-6.jpg/v4-460px-Find-Your-IP-Address-on-a-Mac-Step-11-Version-6.jpg", "vid": null}, "12": {"text": "Copy your IP address.", "img": "https://www.wikihow.com/images/thumb/1/16/Find-Your-IP-Address-on-a-Mac-Step-12-Version-6.jpg/v4-460px-Find-Your-IP-Address-on-a-Mac-Step-12-Version-6.jpg", "vid": null}, "13": {"text": "Open your router\u2019s configuration page.", "img": "https://www.wikihow.com/images/thumb/3/3b/Find-Your-IP-Address-on-a-Mac-Step-13-Version-6.jpg/v4-460px-Find-Your-IP-Address-on-a-Mac-Step-13-Version-6.jpg", "vid": null}, "14": {"text": "Open your Router Status.", "img": "https://www.wikihow.com/images/thumb/1/1a/Find-Your-IP-Address-on-a-Mac-Step-14-Version-6.jpg/v4-460px-Find-Your-IP-Address-on-a-Mac-Step-14-Version-6.jpg", "vid": null}, "15": {"text": "Google search \u201cip address\u201d.", "img": "https://www.wikihow.com/images/thumb/d/d3/Find-Your-IP-Address-on-a-Mac-Step-15-Version-6.jpg/v4-460px-Find-Your-IP-Address-on-a-Mac-Step-15-Version-6.jpg", "vid": null}}