{"video_url": "https://www.youtube.com/embed/JcvOVPitzIQ", "1": {"text": "Look for common symptoms of swim bladder disorder.", "img": "https://www.wikihow.com/images/thumb/c/c0/Fix-Swim-Bladder-Disease-in-Goldfish-Step-1.jpg/v4-460px-Fix-Swim-Bladder-Disease-in-Goldfish-Step-1.jpg", "vid": null}, "2": {"text": "Know which fish are most likely to be affected.", "img": "https://www.wikihow.com/images/thumb/7/7b/Fix-Swim-Bladder-Disease-in-Goldfish-Step-2.jpg/v4-460px-Fix-Swim-Bladder-Disease-in-Goldfish-Step-2.jpg", "vid": null}, "3": {"text": "Understand what causes swim bladder disorder.", "img": "https://www.wikihow.com/images/thumb/8/89/Fix-Swim-Bladder-Disease-in-Goldfish-Step-3.jpg/v4-460px-Fix-Swim-Bladder-Disease-in-Goldfish-Step-3.jpg", "vid": null}, "4": {"text": "Look for signs of infection.", "img": "https://www.wikihow.com/images/thumb/8/8b/Fix-Swim-Bladder-Disease-in-Goldfish-Step-4.jpg/v4-460px-Fix-Swim-Bladder-Disease-in-Goldfish-Step-4.jpg", "vid": null}, "5": {"text": "Raise the water temperature in the tank.", "img": "https://www.wikihow.com/images/thumb/f/f5/Fix-Swim-Bladder-Disease-in-Goldfish-Step-5.jpg/v4-460px-Fix-Swim-Bladder-Disease-in-Goldfish-Step-5.jpg", "vid": null}, "6": {"text": "Let the fish fast for three days.", "img": "https://www.wikihow.com/images/thumb/c/c6/Fix-Swim-Bladder-Disease-in-Goldfish-Step-6.jpg/v4-460px-Fix-Swim-Bladder-Disease-in-Goldfish-Step-6.jpg", "vid": null}, "7": {"text": "Prepare cooked peas for the fish.", "img": "https://www.wikihow.com/images/thumb/d/db/Fix-Swim-Bladder-Disease-in-Goldfish-Step-7.jpg/v4-460px-Fix-Swim-Bladder-Disease-in-Goldfish-Step-7.jpg", "vid": null}, "8": {"text": "Feed the fish by hand if necessary.", "img": "https://www.wikihow.com/images/thumb/1/1d/Fix-Swim-Bladder-Disease-in-Goldfish-Step-8.jpg/v4-460px-Fix-Swim-Bladder-Disease-in-Goldfish-Step-8.jpg", "vid": null}, "9": {"text": "Monitor the fish's symptoms.", "img": "https://www.wikihow.com/images/thumb/7/7d/Fix-Swim-Bladder-Disease-in-Goldfish-Step-9.jpg/v4-460px-Fix-Swim-Bladder-Disease-in-Goldfish-Step-9.jpg", "vid": null}, "10": {"text": "Soak food before feeding.", "img": "https://www.wikihow.com/images/thumb/4/4f/Fix-Swim-Bladder-Disease-in-Goldfish-Step-10.jpg/v4-460px-Fix-Swim-Bladder-Disease-in-Goldfish-Step-10.jpg", "vid": null}, "11": {"text": "Do not over feed.", "img": "https://www.wikihow.com/images/thumb/7/71/Fix-Swim-Bladder-Disease-in-Goldfish-Step-11.jpg/v4-460px-Fix-Swim-Bladder-Disease-in-Goldfish-Step-11.jpg", "vid": null}, "12": {"text": "Keep the tank clean.", "img": "https://www.wikihow.com/images/thumb/2/2f/Fix-Swim-Bladder-Disease-in-Goldfish-Step-12.jpg/v4-460px-Fix-Swim-Bladder-Disease-in-Goldfish-Step-12.jpg", "vid": null}, "13": {"text": "Keep the water temperature appropriately warm.", "img": "https://www.wikihow.com/images/thumb/0/04/Fix-Swim-Bladder-Disease-in-Goldfish-Step-13.jpg/v4-460px-Fix-Swim-Bladder-Disease-in-Goldfish-Step-13.jpg", "vid": null}}