{"video_url": "https://www.youtube.com/embed/sEI0pjw8a0U?showinfo=0", "1": {"text": "Add solid chocolate or fat if the chocolate was overcooked.", "img": "https://www.wikihow.com/images/thumb/1/1d/Fix-Fudge-Step-1.jpg/v4-460px-Fix-Fudge-Step-1.jpg", "vid": null}, "2": {"text": "Make a fudge sauce if the chocolate seized from liquid or cold.", "img": null, "vid": null}, "3": {"text": "Add 3\u20134\u00a0US\u00a0tbsp (44\u201359\u00a0ml) of whipping cream and remelt the fudge.", "img": null, "vid": "/d/d0/Fix Fudge Step 2.360p.mp4"}, "4": {"text": "Bring the fudge back to a boil with 1\u20132\u00a0US\u00a0tbsp (15\u201330\u00a0ml) of cream.", "img": null, "vid": "/9/9f/Fix Fudge Step 3.360p.mp4"}, "5": {"text": "Maybe\u2014try stirring in whipping cream over low heat.", "img": "https://www.wikihow.com/images/thumb/a/a8/Fix-Fudge-Step-4.jpg/v4-460px-Fix-Fudge-Step-4.jpg", "vid": null}, "6": {"text": "It won't set correctly.", "img": "https://www.wikihow.com/images/thumb/1/16/Fix-Fudge-Step-5.jpg/v4-460px-Fix-Fudge-Step-5.jpg", "vid": null}, "7": {"text": "The fudge will become hard.", "img": null, "vid": "/3/33/Fix Fudge Step 6.360p.mp4"}, "8": {"text": "Don't rush this process.", "img": null, "vid": "/4/47/Fix Fudge Step 7.360p.mp4"}}