{"video_url": "https://www.youtube.com/embed/f3m-pEkbpnM?showinfo=0", "1": {"text": "Make eye contact", "img": "https://www.wikihow.com/images/thumb/0/0d/Flirt-Step-11-Version-2.jpg/v4-460px-Flirt-Step-11-Version-2.jpg", "vid": null}, "2": {"text": "Smile", "img": "https://www.wikihow.com/images/thumb/6/61/Flirt-Step-12.jpg/v4-460px-Flirt-Step-12.jpg", "vid": null}, "3": {"text": "Start talking.", "img": "https://www.wikihow.com/images/thumb/6/64/Flirt-Step-13.jpg/v4-460px-Flirt-Step-13.jpg", "vid": null}, "4": {"text": "Initiate a conversation", "img": "https://www.wikihow.com/images/thumb/7/7a/Flirt-Step-14-Version-2.jpg/v4-460px-Flirt-Step-14-Version-2.jpg", "vid": null}, "5": {"text": "Keep it light.", "img": "https://www.wikihow.com/images/thumb/2/2b/Flirt-Step-15.jpg/v4-460px-Flirt-Step-15.jpg", "vid": null}, "6": {"text": "Use body language to communicate your intentions.", "img": "https://www.wikihow.com/images/thumb/9/94/Flirt-Step-16.jpg/v4-460px-Flirt-Step-16.jpg", "vid": null}, "7": {"text": "Break the touch barrier.", "img": "https://www.wikihow.com/images/thumb/b/bb/Flirt-Step-17.jpg/v4-460px-Flirt-Step-17.jpg", "vid": null}, "8": {"text": "Compliment the other person early in the conversation.", "img": "https://www.wikihow.com/images/thumb/4/45/Flirt-Step-18.jpg/v4-460px-Flirt-Step-18.jpg", "vid": null}, "9": {"text": "Keep your interactions short and sweet.", "img": "https://www.wikihow.com/images/thumb/e/e4/Flirt-Step-19.jpg/v4-460px-Flirt-Step-19.jpg", "vid": null}, "10": {"text": "Close the deal.", "img": "https://www.wikihow.com/images/thumb/a/ad/Flirt-Step-20.jpg/v4-460px-Flirt-Step-20.jpg", "vid": null}, "11": {"text": "Keep your approach casual.", "img": "https://www.wikihow.com/images/thumb/d/df/Flirt-Step-1-Version-2.jpg/v4-460px-Flirt-Step-1-Version-2.jpg", "vid": null}, "12": {"text": "Don't talk about yourself too much", "img": "https://www.wikihow.com/images/thumb/f/fd/Flirt-Step-2.jpg/v4-460px-Flirt-Step-2.jpg", "vid": null}, "13": {"text": "Know when to press for more information.", "img": "https://www.wikihow.com/images/thumb/7/7e/Flirt-Step-3-Version-2.jpg/v4-460px-Flirt-Step-3-Version-2.jpg", "vid": null}, "14": {"text": "Compliment", "img": "https://www.wikihow.com/images/thumb/b/bc/Flirt-Step-4.jpg/v4-460px-Flirt-Step-4.jpg", "vid": null}, "15": {"text": "Be bold", "img": "https://www.wikihow.com/images/thumb/4/4d/Flirt-Step-5-Version-2.jpg/v4-460px-Flirt-Step-5-Version-2.jpg", "vid": null}, "16": {"text": "Don't come on too strong.", "img": "https://www.wikihow.com/images/thumb/5/51/Flirt-Step-6-Version-2.jpg/v4-460px-Flirt-Step-6-Version-2.jpg", "vid": null}, "17": {"text": "Convince your crush to pursue you instead of having to do the work yourself.", "img": "https://www.wikihow.com/images/thumb/7/75/Flirt-Step-7-Version-2.jpg/v4-460px-Flirt-Step-7-Version-2.jpg", "vid": null}, "18": {"text": "Tease gently.", "img": "https://www.wikihow.com/images/thumb/5/53/Flirt-Step-8.jpg/v4-460px-Flirt-Step-8.jpg", "vid": null}, "19": {"text": "Always leave your crush wanting more.", "img": "https://www.wikihow.com/images/thumb/4/4b/Flirt-Step-9.jpg/v4-460px-Flirt-Step-9.jpg", "vid": null}, "20": {"text": "Don't take it too seriously.", "img": "https://www.wikihow.com/images/thumb/d/d6/Flirt-Step-10-Version-2.jpg/v4-460px-Flirt-Step-10-Version-2.jpg", "vid": null}}