{"video_url": "https://www.youtube.com/embed/W_80rbKRaMY?showinfo=0", "1": {"text": "Lay the T-shirt flat with the front side down.", "img": "https://www.wikihow.com/images/thumb/c/c7/Fold-a-T-Shirt-Step-1-Version-10.jpg/v4-460px-Fold-a-T-Shirt-Step-1-Version-10.jpg", "vid": null}, "2": {"text": "Smooth out any wrinkles in the shirt.", "img": null, "vid": "/2/28/Fold a T Shirt Step 2 Version 7.360p.mp4"}, "3": {"text": "Fold the shirt in half vertically from left to right and line up the sleeves.", "img": null, "vid": "/4/48/Fold a T Shirt Step 3 Version 9.360p.mp4"}, "4": {"text": "Bring both of the sleeves in towards the middle.", "img": null, "vid": "/3/3a/Fold a T Shirt Step 4 Version 7.360p.mp4"}, "5": {"text": "Take the top of the shirt and fold it in half horizontally to connect with the bottom.", "img": null, "vid": "/a/a7/Fold a T Shirt Step 5 Version 9.360p.mp4"}, "6": {"text": "Stack your T-shirts vertically to save space.", "img": "https://www.wikihow.com/images/thumb/b/b9/Fold-a-T-Shirt-Step-6-Version-10.jpg/v4-460px-Fold-a-T-Shirt-Step-6-Version-10.jpg", "vid": null}, "7": {"text": "Use an Army roll to pack for traveling.", "img": "https://www.wikihow.com/images/thumb/0/05/Fold-a-T-Shirt-Step-7-Version-10.jpg/v4-460px-Fold-a-T-Shirt-Step-7-Version-10.jpg", "vid": null}, "8": {"text": "Lay the shirt face up on a flat surface.", "img": "https://www.wikihow.com/images/thumb/b/be/Fold-a-T-Shirt-Step-8-Version-10.jpg/v4-460px-Fold-a-T-Shirt-Step-8-Version-10.jpg", "vid": null}, "9": {"text": "Bring the bottom of the shirt up about 3\u20134 inches (7.6\u201310.2\u00a0cm).", "img": null, "vid": "/d/d3/Fold a T Shirt Step 9 Version 8.360p.mp4"}, "10": {"text": "Fold the shirt into thirds starting on the left side.", "img": null, "vid": "/2/20/Fold a T Shirt Step 10 Version 9.360p.mp4"}, "11": {"text": "Take the right side of the shirt and fold it in towards the center.", "img": null, "vid": "/8/81/Fold a T Shirt Step 11 Version 9.360p.mp4"}, "12": {"text": "Start rolling the shirt at the collar.", "img": null, "vid": "/1/10/Fold a T Shirt Step 12 Version 9.360p.mp4"}, "13": {"text": "Tuck the rolled shirt into the fold at the bottom.", "img": null, "vid": "/2/2c/Fold a T Shirt Step 13 Version 8.360p.mp4"}, "14": {"text": "Lay the T-shirt so it\u2019s sideways and smooth it out with your hands.", "img": null, "vid": "/e/e2/Fold a T Shirt Step 14 Version 9.360p.mp4"}, "15": {"text": "Imagine 2 lines that intersect across the middle and the top of the shirt.", "img": "https://www.wikihow.com/images/thumb/4/49/Fold-a-T-Shirt-Step-15-Version-10.jpg/v4-460px-Fold-a-T-Shirt-Step-15-Version-10.jpg", "vid": null}, "16": {"text": "Identify 3 points in the intersecting lines.", "img": "https://www.wikihow.com/images/thumb/1/1c/Fold-a-T-Shirt-Step-16-Version-10.jpg/v4-460px-Fold-a-T-Shirt-Step-16-Version-10.jpg", "vid": null}, "17": {"text": "Pinch point A with your left hand and point B with your right.", "img": null, "vid": "/e/e7/Fold a T Shirt Step 17 Version 9.360p.mp4"}, "18": {"text": "Hold point A in place and bring point B to meet point C.", "img": null, "vid": "/e/ef/Fold a T Shirt Step 18 Version 7.360p.mp4"}}