{"video_url": "https://www.youtube.com/embed/-GZ7w7Mt_8o", "1": {"text": "Choose very ripe avocados.", "img": null, "vid": "/f/f0/Freeze Avocados Step 1.360p.mp4"}, "2": {"text": "Wash the avocados you're going to freeze.", "img": null, "vid": "/c/c5/Freeze Avocados Step 2.360p.mp4"}, "3": {"text": "Peel each avocado.", "img": null, "vid": "/0/0c/Freeze Avocados Step 3.360p.mp4"}, "4": {"text": "Puree the avocados.", "img": null, "vid": "/9/91/Freeze Avocados Step 4.360p.mp4"}, "5": {"text": "Put the pureed avocados into an airtight container.", "img": null, "vid": "/d/d8/Freeze Avocados Step 5.360p.mp4"}, "6": {"text": "Label and date.", "img": null, "vid": "/e/ee/Freeze Avocados Step 6.360p.mp4"}, "7": {"text": "Use.", "img": null, "vid": "/4/49/Freeze Avocados Step 7.360p.mp4"}, "8": {"text": "Cut a ripe avocado in half.", "img": null, "vid": "/2/2e/Freeze Avocados Step 8.360p.mp4"}, "9": {"text": "Place each half in the freezer.", "img": null, "vid": "/6/69/Freeze Avocados Step 9.360p.mp4"}, "10": {"text": "When frozen, place each frozen half in a resealable bag.", "img": null, "vid": "/d/d1/Freeze Avocados Step 10.360p.mp4"}, "11": {"text": "To thaw, place at room temp for about an hour or place in microwave on defrost or low for just under a minute.", "img": null, "vid": "/8/8a/Freeze Avocados Step 11.360p.mp4"}}