{"video_url": "https://www.youtube.com/embed/ClSax7CJZE8", "1": {"text": "Harvest blueberries at their peak.", "img": "https://www.wikihow.com/images/thumb/8/86/Freeze-Blueberries-Step-1.jpg/v4-460px-Freeze-Blueberries-Step-1.jpg", "vid": null}, "2": {"text": "Decide whether you want to wash the berries.", "img": "https://www.wikihow.com/images/thumb/7/7f/Freeze-Blueberries-Step-2.jpg/v4-460px-Freeze-Blueberries-Step-2.jpg", "vid": null}, "3": {"text": "Place the berries on a pan in a single layer.", "img": "https://www.wikihow.com/images/thumb/e/ee/Freeze-Blueberries-Step-3.jpg/v4-460px-Freeze-Blueberries-Step-3.jpg", "vid": null}, "4": {"text": "Place the pan in the freezer until the blueberries are frozen.", "img": "https://www.wikihow.com/images/thumb/5/5e/Freeze-Blueberries-Step-4.jpg/v4-460px-Freeze-Blueberries-Step-4.jpg", "vid": null}, "5": {"text": "Place the frozen berries in a vacuum bag or a Ziploc type bag.", "img": "https://www.wikihow.com/images/thumb/3/31/Freeze-Blueberries-Step-5.jpg/v4-460px-Freeze-Blueberries-Step-5.jpg", "vid": null}, "6": {"text": "Store the bags in the freezer.", "img": "https://www.wikihow.com/images/thumb/4/43/Freeze-Blueberries-Step-6.jpg/v4-460px-Freeze-Blueberries-Step-6.jpg", "vid": null}, "7": {"text": "Thaw berries slowly.", "img": "https://www.wikihow.com/images/thumb/0/09/Freeze-Blueberries-Step-7.jpg/v4-460px-Freeze-Blueberries-Step-7.jpg", "vid": null}, "8": {"text": "Finished.", "img": "https://www.wikihow.com/images/thumb/e/eb/Freeze-Blueberries-Intro.jpg/v4-460px-Freeze-Blueberries-Intro.jpg", "vid": null}}