{"video_url": "https://www.youtube.com/embed/Xl5AcDinkco?showinfo=0", "1": {"text": "Leave room for your milk to expand.", "img": "https://www.wikihow.com/images/thumb/c/c3/Freeze-Milk-Step-1-Version-4.jpg/v4-460px-Freeze-Milk-Step-1-Version-4.jpg", "vid": null}, "2": {"text": "Date your container.", "img": "https://www.wikihow.com/images/thumb/9/9a/Freeze-Milk-Step-2-Version-4.jpg/v4-460px-Freeze-Milk-Step-2-Version-4.jpg", "vid": null}, "3": {"text": "Put the milk container in the freezer.", "img": "https://www.wikihow.com/images/thumb/5/50/Freeze-Milk-Step-3-Version-4.jpg/v4-460px-Freeze-Milk-Step-3-Version-4.jpg", "vid": null}, "4": {"text": "Store for up to 2-3 months.", "img": "https://www.wikihow.com/images/thumb/7/7e/Freeze-Milk-Step-4-Version-4.jpg/v4-460px-Freeze-Milk-Step-4-Version-4.jpg", "vid": null}, "5": {"text": "Consider freezing in ice cube trays.", "img": "https://www.wikihow.com/images/thumb/b/b3/Freeze-Milk-Step-5-Version-3.jpg/v4-460px-Freeze-Milk-Step-5-Version-3.jpg", "vid": null}, "6": {"text": "Thaw your milk in the fridge.", "img": "https://www.wikihow.com/images/thumb/1/1b/Freeze-Milk-Step-6-Version-3.jpg/v4-460px-Freeze-Milk-Step-6-Version-3.jpg", "vid": null}, "7": {"text": "For quicker thawing, soak in cold water.", "img": "https://www.wikihow.com/images/thumb/3/31/Freeze-Milk-Step-7-Version-3.jpg/v4-460px-Freeze-Milk-Step-7-Version-3.jpg", "vid": null}, "8": {"text": "Don't use heat to thaw the milk.", "img": "https://www.wikihow.com/images/thumb/8/82/Freeze-Milk-Step-8-Version-3.jpg/v4-460px-Freeze-Milk-Step-8-Version-3.jpg", "vid": null}, "9": {"text": "Serve within 5-7 days of thawing.", "img": "https://www.wikihow.com/images/thumb/0/0d/Freeze-Milk-Step-9-Version-3.jpg/v4-460px-Freeze-Milk-Step-9-Version-3.jpg", "vid": null}, "10": {"text": "Shake before serving.", "img": null, "vid": "/8/8f/Freeze Milk Step 10 Version 3.360p.mp4"}, "11": {"text": "Alternatively, use a blender.", "img": "https://www.wikihow.com/images/thumb/5/53/Freeze-Milk-Step-11-Version-3.jpg/v4-460px-Freeze-Milk-Step-11-Version-3.jpg", "vid": null}, "12": {"text": "Don't be put off by a slightly different texture.", "img": "https://www.wikihow.com/images/thumb/4/45/Freeze-Milk-Step-12-Version-3.jpg/v4-460px-Freeze-Milk-Step-12-Version-3.jpg", "vid": null}}