{"video_url": "https://www.youtube.com/embed/7h84H0y3HTc?showinfo=0", "1": {"text": "Choose bell peppers that are ripe and crisp.", "img": "https://www.wikihow.com/images/thumb/2/20/Freeze-Bell-Peppers-Step-1.jpg/v4-460px-Freeze-Bell-Peppers-Step-1.jpg", "vid": null}, "2": {"text": "Rinse the surface of the bell peppers in cool running water.", "img": "https://www.wikihow.com/images/thumb/9/93/Freeze-Bell-Peppers-Step-2.jpg/v4-460px-Freeze-Bell-Peppers-Step-2.jpg", "vid": null}, "3": {"text": "Cut them in half with a sharp knife.", "img": "https://www.wikihow.com/images/thumb/b/bd/Freeze-Bell-Peppers-Step-3.jpg/v4-460px-Freeze-Bell-Peppers-Step-3.jpg", "vid": null}, "4": {"text": "Cut them in vertical strips or dice them, depending upon how you like to use bell peppers in recipes.", "img": "https://www.wikihow.com/images/thumb/f/f5/Freeze-Bell-Peppers-Step-4.jpg/v4-460px-Freeze-Bell-Peppers-Step-4.jpg", "vid": null}, "5": {"text": "Find a cookie sheet that will fit in your freezer.", "img": "https://www.wikihow.com/images/thumb/3/32/Freeze-Bell-Peppers-Step-5.jpg/v4-460px-Freeze-Bell-Peppers-Step-5.jpg", "vid": null}, "6": {"text": "Cover the cookie sheet with parchment paper or wax paper to prevent the vegetables from sticking to the tray.", "img": "https://www.wikihow.com/images/thumb/3/3b/Freeze-Bell-Peppers-Step-6.jpg/v4-460px-Freeze-Bell-Peppers-Step-6.jpg", "vid": null}, "7": {"text": "Spread out your strips or your diced bell peppers.", "img": "https://www.wikihow.com/images/thumb/7/7a/Freeze-Bell-Peppers-Step-7.jpg/v4-460px-Freeze-Bell-Peppers-Step-7.jpg", "vid": null}, "8": {"text": "Flash freeze the peppers by placing them inside the freezer.", "img": "https://www.wikihow.com/images/thumb/1/1f/Freeze-Bell-Peppers-Step-8.jpg/v4-460px-Freeze-Bell-Peppers-Step-8.jpg", "vid": null}, "9": {"text": "Leave them in the freezer for 30 minutes to one hour.", "img": "https://www.wikihow.com/images/thumb/4/4a/Freeze-Bell-Peppers-Step-9.jpg/v4-460px-Freeze-Bell-Peppers-Step-9.jpg", "vid": null}, "10": {"text": "Lift the bell peppers from the parchment paper with a spoon or flat spatula.", "img": "https://www.wikihow.com/images/thumb/1/17/Freeze-Bell-Peppers-Step-10.jpg/v4-460px-Freeze-Bell-Peppers-Step-10.jpg", "vid": null}, "11": {"text": "Pour the peppers into small freezer bags, approximately one-half to one cup (90 to 175 g) at a time.", "img": "https://www.wikihow.com/images/thumb/5/50/Freeze-Bell-Peppers-Step-11.jpg/v4-460px-Freeze-Bell-Peppers-Step-11.jpg", "vid": null}, "12": {"text": "Squeeze all the air out of the freezer bag.", "img": "https://www.wikihow.com/images/thumb/8/8b/Freeze-Bell-Peppers-Step-12.jpg/v4-460px-Freeze-Bell-Peppers-Step-12.jpg", "vid": null}, "13": {"text": "Label the bag with the contents and date.", "img": "https://www.wikihow.com/images/thumb/f/f0/Freeze-Bell-Peppers-Step-13.jpg/v4-460px-Freeze-Bell-Peppers-Step-13.jpg", "vid": null}, "14": {"text": "Store the vegetables in your freezer for up to eight months.", "img": "https://www.wikihow.com/images/thumb/8/83/Freeze-Bell-Peppers-Step-14.jpg/v4-460px-Freeze-Bell-Peppers-Step-14.jpg", "vid": null}}