{"video_url": "https://www.youtube.com/embed/o6GGpXp8xlY?showinfo=0", "1": {"text": "Use your favorite bread dough recipe as your base recipe.", "img": "https://www.wikihow.com/images/thumb/2/22/Freeze-Bread-Dough-Step-1-Version-2.jpg/v4-460px-Freeze-Bread-Dough-Step-1-Version-2.jpg", "vid": null}, "2": {"text": "Substitute high protein flour for regular flour to get the right texture.", "img": "https://www.wikihow.com/images/thumb/0/0c/Freeze-Bread-Dough-Step-2-Version-2.jpg/v4-460px-Freeze-Bread-Dough-Step-2-Version-2.jpg", "vid": null}, "3": {"text": "Use slow rise yeast or double the yeast to ensure the dough will rise.", "img": "https://www.wikihow.com/images/thumb/f/f6/Freeze-Bread-Dough-Step-3-Version-2.jpg/v4-460px-Freeze-Bread-Dough-Step-3-Version-2.jpg", "vid": null}, "4": {"text": "Leave the dough to rise for 45 minutes.", "img": "https://www.wikihow.com/images/thumb/0/0e/Freeze-Bread-Dough-Step-4-Version-2.jpg/v4-460px-Freeze-Bread-Dough-Step-4-Version-2.jpg", "vid": null}, "5": {"text": "Punch down and shape the bread dough into your desired shape.", "img": null, "vid": "/d/da/Freeze Bread Dough Step 5.360p.mp4"}, "6": {"text": "Transfer the dough onto a greased baking sheet or into a loaf pan.", "img": null, "vid": "/1/1d/Freeze Bread Dough Step 6.360p.mp4"}, "7": {"text": "Transfer the bread dough into the freezer uncovered for 1 to 2 hours.", "img": "https://www.wikihow.com/images/thumb/d/de/Freeze-Bread-Dough-Step-7-Version-2.jpg/v4-460px-Freeze-Bread-Dough-Step-7-Version-2.jpg", "vid": null}, "8": {"text": "Package the frozen dough into plastic freezer wrap or bags.", "img": null, "vid": "/5/5c/Freeze Bread Dough Step 8.360p.mp4"}, "9": {"text": "Write the date on the plastic so you know when to use the dough.", "img": "https://www.wikihow.com/images/thumb/5/56/Freeze-Bread-Dough-Step-9.jpg/v4-460px-Freeze-Bread-Dough-Step-9.jpg", "vid": null}, "10": {"text": "Put the dough back in the freezer for up to 6 months.", "img": "https://www.wikihow.com/images/thumb/8/89/Freeze-Bread-Dough-Step-10.jpg/v4-460px-Freeze-Bread-Dough-Step-10.jpg", "vid": null}, "11": {"text": "Thaw the dough for at least 4 hours at room temperature.", "img": "https://www.wikihow.com/images/thumb/7/76/Freeze-Bread-Dough-Step-11.jpg/v4-460px-Freeze-Bread-Dough-Step-11.jpg", "vid": null}, "12": {"text": "Bake the bread dough according to the recipe instructions.", "img": "https://www.wikihow.com/images/thumb/6/65/Freeze-Bread-Dough-Step-12.jpg/v4-460px-Freeze-Bread-Dough-Step-12.jpg", "vid": null}}