{"video_url": "https://www.youtube.com/embed/_aElFqu27dc", "1": {"text": "Use ripe, fresh zucchini.", "img": null, "vid": "/f/f8/Freeze Zucchini Step 1.360p.mp4"}, "2": {"text": "Wash the zucchini.", "img": null, "vid": "/7/76/Freeze Zucchini Step 2.360p.mp4"}, "3": {"text": "Slice or shred the zucchini.", "img": null, "vid": "/a/ac/Freeze Zucchini Step 3.360p.mp4"}, "4": {"text": "Fill a large stockpot with water.", "img": null, "vid": "/d/d5/Freeze Zucchini Step 4.360p.mp4"}, "5": {"text": "Fill a large bowl with ice water.", "img": null, "vid": "/f/f7/Freeze Zucchini Step 5.360p.mp4"}, "6": {"text": "Blanch the sliced or shredded zucchini.", "img": null, "vid": "/8/87/Freeze Zucchini Step 6.360p.mp4"}, "7": {"text": "Immediately transfer the blanched zucchini to the ice water.", "img": null, "vid": "/8/83/Freeze Zucchini Step 7.360p.mp4"}, "8": {"text": "Drain the zucchini.", "img": null, "vid": "/6/65/Freeze Zucchini Step 8.360p.mp4"}, "9": {"text": "Spread pieces of zucchini out on a shallow baking sheet.", "img": null, "vid": "/e/ea/Freeze Zucchini Step 9.360p.mp4"}, "10": {"text": "Freeze the zucchini.", "img": null, "vid": "/0/02/Freeze Zucchini Step 10.360p.mp4"}, "11": {"text": "Place the zucchini in long-term storage containers.", "img": null, "vid": "/e/e8/Freeze Zucchini Step 11.360p.mp4"}, "12": {"text": "Freeze the zucchini until ready to use.", "img": null, "vid": "/4/4c/Freeze Zucchini Step 12.360p.mp4"}}