{"video_url": "https://www.youtube.com/embed/dEFg8M-O8BA?showinfo=0", "1": {"text": "Gather your supplies.", "img": "https://www.wikihow.com/images/thumb/6/67/Freeze-Kale-Step-1-Version-4.jpg/v4-460px-Freeze-Kale-Step-1-Version-4.jpg", "vid": null}, "2": {"text": "Wash and trim the kale.", "img": "https://www.wikihow.com/images/thumb/d/d8/Freeze-Kale-Step-2-Version-4.jpg/v4-460px-Freeze-Kale-Step-2-Version-4.jpg", "vid": null}, "3": {"text": "Prepare your water.", "img": "https://www.wikihow.com/images/thumb/d/d7/Freeze-Kale-Step-3-Version-4.jpg/v4-460px-Freeze-Kale-Step-3-Version-4.jpg", "vid": null}, "4": {"text": "Boil the stems.", "img": "https://www.wikihow.com/images/thumb/0/09/Freeze-Kale-Step-4-Version-4.jpg/v4-460px-Freeze-Kale-Step-4-Version-4.jpg", "vid": null}, "5": {"text": "Blanch the leaves.", "img": "https://www.wikihow.com/images/thumb/5/57/Freeze-Kale-Step-5-Version-3.jpg/v4-460px-Freeze-Kale-Step-5-Version-3.jpg", "vid": null}, "6": {"text": "Shock the leaves.", "img": "https://www.wikihow.com/images/thumb/d/d4/Freeze-Kale-Step-6-Version-4.jpg/v4-460px-Freeze-Kale-Step-6-Version-4.jpg", "vid": null}, "7": {"text": "Drain and dry the leaves.", "img": "https://www.wikihow.com/images/thumb/1/15/Freeze-Kale-Step-7-Version-4.jpg/v4-460px-Freeze-Kale-Step-7-Version-4.jpg", "vid": null}, "8": {"text": "Portion out the kale.", "img": "https://www.wikihow.com/images/thumb/4/4e/Freeze-Kale-Step-8-Version-4.jpg/v4-460px-Freeze-Kale-Step-8-Version-4.jpg", "vid": null}, "9": {"text": "Bag the kale.", "img": "https://www.wikihow.com/images/thumb/6/67/Freeze-Kale-Step-9-Version-4.jpg/v4-460px-Freeze-Kale-Step-9-Version-4.jpg", "vid": null}, "10": {"text": "Label the bags.", "img": "https://www.wikihow.com/images/thumb/9/9d/Freeze-Kale-Step-10-Version-4.jpg/v4-460px-Freeze-Kale-Step-10-Version-4.jpg", "vid": null}, "11": {"text": "Transfer the bags to the freezer.", "img": "https://www.wikihow.com/images/thumb/b/b6/Freeze-Kale-Step-11-Version-3.jpg/v4-460px-Freeze-Kale-Step-11-Version-3.jpg", "vid": null}, "12": {"text": "Blend the kale.", "img": "https://www.wikihow.com/images/thumb/1/15/Freeze-Kale-Step-12-Version-3.jpg/v4-460px-Freeze-Kale-Step-12-Version-3.jpg", "vid": null}, "13": {"text": "Pour into molds.", "img": "https://www.wikihow.com/images/thumb/c/c0/Freeze-Kale-Step-13-Version-3.jpg/v4-460px-Freeze-Kale-Step-13-Version-3.jpg", "vid": null}, "14": {"text": "Remove the puree from the cubes.", "img": "https://www.wikihow.com/images/thumb/6/69/Freeze-Kale-Step-14-Version-2.jpg/v4-460px-Freeze-Kale-Step-14-Version-2.jpg", "vid": null}}