{"video_url": "https://www.youtube.com/embed/GzPFncOrJmU?showinfo=0", "1": {"text": "Decide whether or not you want the skin.", "img": "https://www.wikihow.com/images/thumb/7/70/Fry-Chicken-Wings-Step-1-Version-5.jpg/v4-460px-Fry-Chicken-Wings-Step-1-Version-5.jpg", "vid": null}, "2": {"text": "Flavor your chicken.", "img": "https://www.wikihow.com/images/thumb/d/d4/Fry-Chicken-Wings-Step-2-Version-5.jpg/v4-460px-Fry-Chicken-Wings-Step-2-Version-5.jpg", "vid": null}, "3": {"text": "Make a marinade.", "img": null, "vid": "/a/ac/Fry Chicken Wings Step 3 Version 3.360p.mp4"}, "4": {"text": "Batter your chicken.", "img": null, "vid": "/7/7c/Fry Chicken Wings Step 4 Version 3.360p.mp4"}, "5": {"text": "Breaded or crusted chicken.", "img": null, "vid": "/5/5d/Fry Chicken Wings Step 5 Version 3.360p.mp4"}, "6": {"text": "Fill a wok or deep frying pan halfway with vegetable oil.", "img": null, "vid": "/0/0d/Fry Chicken Wings Step 6 Version 3.360p.mp4"}, "7": {"text": "Get a large plate, cover it with a paper or cloth towel, and place it by your stove.", "img": null, "vid": "/0/06/Fry Chicken Wings Step 7 Version 3.360p.mp4"}, "8": {"text": "Heat the oil until it starts popping.", "img": "https://www.wikihow.com/images/thumb/6/66/Fry-Chicken-Wings-Step-8-Version-5.jpg/v4-460px-Fry-Chicken-Wings-Step-8-Version-5.jpg", "vid": null}, "9": {"text": "Gently place your chicken wings in the oil.", "img": null, "vid": "/8/8b/Fry Chicken Wings Step 9 Version 3.360p.mp4"}, "10": {"text": "Stir occasionally with a large spoon or spatula.", "img": null, "vid": "/4/49/Fry Chicken Wings Step 10 Version 3.360p.mp4"}, "11": {"text": "Cook the chicken for about five minutes or until it is golden brown and crispy.", "img": null, "vid": "/d/de/Fry Chicken Wings Step 11 Version 3.360p.mp4"}, "12": {"text": "Using a deep-frying ladle or tongs, remove the chicken from the oil.", "img": null, "vid": "/b/bc/Fry Chicken Wings Step 12 Version 3.360p.mp4"}, "13": {"text": "Deposit the chicken wings onto your plate with the napkin.", "img": null, "vid": "/9/93/Fry Chicken Wings Step 13 Version 3.360p.mp4"}, "14": {"text": "Repeat until your wings are all cooked!", "img": "https://www.wikihow.com/images/thumb/3/39/Fry-Chicken-Wings-Step-14-Version-4.jpg/v4-460px-Fry-Chicken-Wings-Step-14-Version-4.jpg", "vid": null}}