{"video_url": "https://www.youtube.com/embed/NAb2gt-swIA?showinfo=0", "1": {"text": "Remove the seeds from an orange.", "img": "https://www.wikihow.com/images/thumb/0/0f/Germinate-Orange-Seeds-Step-1-Version-2.jpg/v4-460px-Germinate-Orange-Seeds-Step-1-Version-2.jpg", "vid": null}, "2": {"text": "Select and clean the seeds.", "img": "https://www.wikihow.com/images/thumb/c/cb/Germinate-Orange-Seeds-Step-2-Version-2.jpg/v4-460px-Germinate-Orange-Seeds-Step-2-Version-2.jpg", "vid": null}, "3": {"text": "Soak the seeds.", "img": "https://www.wikihow.com/images/thumb/5/5b/Germinate-Orange-Seeds-Step-3-Version-2.jpg/v4-460px-Germinate-Orange-Seeds-Step-3-Version-2.jpg", "vid": null}, "4": {"text": "Transfer the seed to a prepared pot or into the ground.", "img": "https://www.wikihow.com/images/thumb/3/3b/Germinate-Orange-Seeds-Step-6-Version-2.jpg/v4-460px-Germinate-Orange-Seeds-Step-6-Version-2.jpg", "vid": null}, "5": {"text": "Fertilize and water the sprouts as they grow.", "img": "https://www.wikihow.com/images/thumb/e/e9/Germinate-Orange-Seeds-Step-7-Version-2.jpg/v4-460px-Germinate-Orange-Seeds-Step-7-Version-2.jpg", "vid": null}, "6": {"text": "Prepare a larger pot when leaves appear.", "img": "https://www.wikihow.com/images/thumb/a/a3/Germinate-Orange-Seeds-Step-8-Version-2.jpg/v4-460px-Germinate-Orange-Seeds-Step-8-Version-2.jpg", "vid": null}, "7": {"text": "Plant the seedling in the larger pot.", "img": "https://www.wikihow.com/images/thumb/b/b2/Germinate-Orange-Seeds-Step-9-Version-2.jpg/v4-460px-Germinate-Orange-Seeds-Step-9-Version-2.jpg", "vid": null}, "8": {"text": "Place the pot in a sunny location.", "img": "https://www.wikihow.com/images/thumb/9/92/Germinate-Orange-Seeds-Step-10-Version-2.jpg/v4-460px-Germinate-Orange-Seeds-Step-10-Version-2.jpg", "vid": null}, "9": {"text": "Provide plenty of water.", "img": "https://www.wikihow.com/images/thumb/1/1d/Germinate-Orange-Seeds-Step-11.jpg/v4-460px-Germinate-Orange-Seeds-Step-11.jpg", "vid": null}, "10": {"text": "Fertilize the growing tree.", "img": "https://www.wikihow.com/images/thumb/6/6e/Germinate-Orange-Seeds-Step-12.jpg/v4-460px-Germinate-Orange-Seeds-Step-12.jpg", "vid": null}, "11": {"text": "Transplant to larger pots or an outdoor location as the tree grows.", "img": "https://www.wikihow.com/images/thumb/6/60/Germinate-Orange-Seeds-Step-13.jpg/v4-460px-Germinate-Orange-Seeds-Step-13.jpg", "vid": null}}