{"video_url": "https://www.youtube.com/embed/-JcbOyB5YoI?showinfo=0", "1": {"text": "Look for droppings.", "img": "https://www.wikihow.com/images/thumb/f/f2/Get-Rid-of-Mice-Step-1-Version-2.jpg/v4-460px-Get-Rid-of-Mice-Step-1-Version-2.jpg", "vid": null}, "2": {"text": "Listen for scratching or squeaking near sunrise and sunset.", "img": "https://www.wikihow.com/images/thumb/9/9b/Get-Rid-of-Mice-Step-2-Version-2.jpg/v4-460px-Get-Rid-of-Mice-Step-2-Version-2.jpg", "vid": null}, "3": {"text": "Look for dime-sized holes in your walls near the floor.", "img": "https://www.wikihow.com/images/thumb/c/c0/Get-Rid-of-Mice-Step-3-Version-2.jpg/v4-460px-Get-Rid-of-Mice-Step-3-Version-2.jpg", "vid": null}, "4": {"text": "Watch along interior walls or ledges for mouse pathways.", "img": "https://www.wikihow.com/images/thumb/3/3e/Get-Rid-of-Mice-Step-4-Version-2.jpg/v4-460px-Get-Rid-of-Mice-Step-4-Version-2.jpg", "vid": null}, "5": {"text": "Look for signs of a nest in attics or basements.", "img": "https://www.wikihow.com/images/thumb/b/bb/Get-Rid-of-Mice-Step-5-Version-2.jpg/v4-460px-Get-Rid-of-Mice-Step-5-Version-2.jpg", "vid": null}, "6": {"text": "Get live traps if you want to catch mice humanely.", "img": "https://www.wikihow.com/images/thumb/2/21/Get-Rid-of-Mice-Step-6-Version-2.jpg/v4-460px-Get-Rid-of-Mice-Step-6-Version-2.jpg", "vid": null}, "7": {"text": "Use snap traps to kill the mice immediately.", "img": "https://www.wikihow.com/images/thumb/7/79/Get-Rid-of-Mice-Step-7-Version-2.jpg/v4-460px-Get-Rid-of-Mice-Step-7-Version-2.jpg", "vid": null}, "8": {"text": "Move your traps every 2-3 days.", "img": "https://www.wikihow.com/images/thumb/d/db/Get-Rid-of-Mice-Step-8-Version-2.jpg/v4-460px-Get-Rid-of-Mice-Step-8-Version-2.jpg", "vid": null}, "9": {"text": "Use a baited poison as a last resort.", "img": "https://www.wikihow.com/images/thumb/7/79/Get-Rid-of-Mice-Step-9-Version-2.jpg/v4-460px-Get-Rid-of-Mice-Step-9-Version-2.jpg", "vid": null}, "10": {"text": "Clean your house frequently.", "img": "https://www.wikihow.com/images/thumb/e/e8/Get-Rid-of-Mice-Step-10-Version-2.jpg/v4-460px-Get-Rid-of-Mice-Step-10-Version-2.jpg", "vid": null}, "11": {"text": "Keep any loose food in airtight containers.", "img": "https://www.wikihow.com/images/thumb/2/2b/Get-Rid-of-Mice-Step-11-Version-2.jpg/v4-460px-Get-Rid-of-Mice-Step-11-Version-2.jpg", "vid": null}, "12": {"text": "Seal any entryways into your home so mice can\u2019t get in.", "img": "https://www.wikihow.com/images/thumb/a/a9/Get-Rid-of-Mice-Step-12-Version-2.jpg/v4-460px-Get-Rid-of-Mice-Step-12-Version-2.jpg", "vid": null}, "13": {"text": "Spray entrances and problem areas with peppermint oil to deter the mice.", "img": "https://www.wikihow.com/images/thumb/a/a2/Get-Rid-of-Mice-Step-13-Version-2.jpg/v4-460px-Get-Rid-of-Mice-Step-13-Version-2.jpg", "vid": null}, "14": {"text": "Bring a cat in your home to scare the mice away.", "img": "https://www.wikihow.com/images/thumb/6/6a/Get-Rid-of-Mice-Step-14.jpg/v4-460px-Get-Rid-of-Mice-Step-14.jpg", "vid": null}}