{"video_url": "https://www.youtube.com/embed/FR0XH-m6q6M?showinfo=0", "1": {"text": "Use anti-roosting spike strips.", "img": "https://www.wikihow.com/images/thumb/0/04/Get-Rid-of-Pigeons-Step-1-Version-4.jpg/v4-460px-Get-Rid-of-Pigeons-Step-1-Version-4.jpg", "vid": null}, "2": {"text": "Install weatherproof string in popular roosting areas.", "img": null, "vid": "/3/3d/Get Rid of Pigeons Step 2.360p.mp4"}, "3": {"text": "Install sloped sheathing.", "img": "https://www.wikihow.com/images/thumb/2/2b/Get-Rid-of-Pigeons-Step-3-Version-4.jpg/v4-460px-Get-Rid-of-Pigeons-Step-3-Version-4.jpg", "vid": null}, "4": {"text": "Avoid feeding pigeons.", "img": "https://www.wikihow.com/images/thumb/8/88/Get-Rid-of-Pigeons-Step-4-Version-5.jpg/v4-460px-Get-Rid-of-Pigeons-Step-4-Version-5.jpg", "vid": null}, "5": {"text": "Eliminate other food sources.", "img": null, "vid": "/0/03/Get Rid of Pigeons Step 5.360p.mp4"}, "6": {"text": "Seal off your attic.", "img": "https://www.wikihow.com/images/thumb/b/b7/Get-Rid-of-Pigeons-Step-6-Version-4.jpg/v4-460px-Get-Rid-of-Pigeons-Step-6-Version-4.jpg", "vid": null}, "7": {"text": "Cap your chimneys.", "img": null, "vid": "/c/c6/Get Rid of Pigeons Step 7.360p.mp4"}, "8": {"text": "Tuck netting under places where pigeons nest.", "img": null, "vid": "/4/4b/Get Rid of Pigeons Step 8.360p.mp4"}, "9": {"text": "Hire professionals.", "img": "https://www.wikihow.com/images/thumb/b/bd/Get-Rid-of-Pigeons-Step-9-Version-4.jpg/v4-460px-Get-Rid-of-Pigeons-Step-9-Version-4.jpg", "vid": null}, "10": {"text": "Spray pigeons with water from a garden hose.", "img": "https://www.wikihow.com/images/thumb/8/87/Get-Rid-of-Pigeons-Step-10-Version-5.jpg/v4-460px-Get-Rid-of-Pigeons-Step-10-Version-5.jpg", "vid": null}, "11": {"text": "Install \u201cscare-pigeons.", "img": null, "vid": "/7/70/Get Rid of Pigeons Step 11.360p.mp4"}, "12": {"text": "Use reflective surfaces.", "img": null, "vid": "/9/97/Get Rid of Pigeons Step 12.360p.mp4"}}