{"video_url": "https://www.youtube.com/embed/WMkud6NBh1U?showinfo=0", "1": {"text": "Look into an employer-sponsored work visa.", "img": "https://www.wikihow.com/images/thumb/0/0a/Get-a-Job-in-Australia-Step-1-Version-2.jpg/v4-460px-Get-a-Job-in-Australia-Step-1-Version-2.jpg", "vid": null}, "2": {"text": "Consider a points-tested category visa.", "img": "https://www.wikihow.com/images/thumb/3/3c/Get-a-Job-in-Australia-Step-2-Version-2.jpg/v4-460px-Get-a-Job-in-Australia-Step-2-Version-2.jpg", "vid": null}, "3": {"text": "Complete an Expression of Interest (EOI) via SkillSelect.", "img": "https://www.wikihow.com/images/thumb/5/5f/Get-a-Job-in-Australia-Step-3-Version-2.jpg/v4-460px-Get-a-Job-in-Australia-Step-3-Version-2.jpg", "vid": null}, "4": {"text": "Meet the health and language requirements for a work visa.", "img": "https://www.wikihow.com/images/thumb/0/05/Get-a-Job-in-Australia-Step-4-Version-2.jpg/v4-460px-Get-a-Job-in-Australia-Step-4-Version-2.jpg", "vid": null}, "5": {"text": "Verify that your qualifications are valid in Australia.", "img": "https://www.wikihow.com/images/thumb/5/55/Get-a-Job-in-Australia-Step-5-Version-2.jpg/v4-460px-Get-a-Job-in-Australia-Step-5-Version-2.jpg", "vid": null}, "6": {"text": "Maximize your chance of getting a visa.", "img": "https://www.wikihow.com/images/thumb/e/eb/Get-a-Job-in-Australia-Step-6-Version-2.jpg/v4-460px-Get-a-Job-in-Australia-Step-6-Version-2.jpg", "vid": null}, "7": {"text": "Submit your visa application.", "img": "https://www.wikihow.com/images/thumb/8/8d/Get-a-Job-in-Australia-Step-7-Version-2.jpg/v4-460px-Get-a-Job-in-Australia-Step-7-Version-2.jpg", "vid": null}, "8": {"text": "Look into a Temporary Graduate Visa.", "img": "https://www.wikihow.com/images/thumb/d/d5/Get-a-Job-in-Australia-Step-8-Version-2.jpg/v4-460px-Get-a-Job-in-Australia-Step-8-Version-2.jpg", "vid": null}, "9": {"text": "Consider a working holiday.", "img": "https://www.wikihow.com/images/thumb/0/0f/Get-a-Job-in-Australia-Step-9-Version-2.jpg/v4-460px-Get-a-Job-in-Australia-Step-9-Version-2.jpg", "vid": null}, "10": {"text": "Look out for scams.", "img": "https://www.wikihow.com/images/thumb/6/6f/Get-a-Job-in-Australia-Step-10-Version-2.jpg/v4-460px-Get-a-Job-in-Australia-Step-10-Version-2.jpg", "vid": null}, "11": {"text": "Target an industry or economic sector.", "img": "https://www.wikihow.com/images/thumb/9/96/Get-a-Job-in-Australia-Step-11-Version-2.jpg/v4-460px-Get-a-Job-in-Australia-Step-11-Version-2.jpg", "vid": null}, "12": {"text": "Search methodically and diligently for job openings.", "img": "https://www.wikihow.com/images/thumb/e/e3/Get-a-Job-in-Australia-Step-12-Version-2.jpg/v4-460px-Get-a-Job-in-Australia-Step-12-Version-2.jpg", "vid": null}, "13": {"text": "\u201cAussiefy\u201d your CV.", "img": "https://www.wikihow.com/images/thumb/d/d1/Get-a-Job-in-Australia-Step-13.jpg/v4-460px-Get-a-Job-in-Australia-Step-13.jpg", "vid": null}, "14": {"text": "Take the time to write a tailored cover letter.", "img": "https://www.wikihow.com/images/thumb/d/d8/Get-a-Job-in-Australia-Step-14.jpg/v4-460px-Get-a-Job-in-Australia-Step-14.jpg", "vid": null}, "15": {"text": "Utilize your contacts.", "img": "https://www.wikihow.com/images/thumb/e/e3/Get-a-Job-in-Australia-Step-15.jpg/v4-460px-Get-a-Job-in-Australia-Step-15.jpg", "vid": null}, "16": {"text": "Send your CV and a cover letter.", "img": "https://www.wikihow.com/images/thumb/7/70/Get-a-Job-in-Australia-Step-16.jpg/v4-460px-Get-a-Job-in-Australia-Step-16.jpg", "vid": null}, "17": {"text": "Follow up.", "img": "https://www.wikihow.com/images/thumb/3/38/Get-a-Job-in-Australia-Step-17.jpg/v4-460px-Get-a-Job-in-Australia-Step-17.jpg", "vid": null}, "18": {"text": "Plan to attend onsite interviews.", "img": "https://www.wikihow.com/images/thumb/a/ac/Get-a-Job-in-Australia-Step-18.jpg/v4-460px-Get-a-Job-in-Australia-Step-18.jpg", "vid": null}}