{"video_url": "https://www.youtube.com/embed/hovVtrfvaRc?showinfo=0", "1": {"text": "Freeze the clothing item.", "img": "https://www.wikihow.com/images/thumb/c/c2/Get-Crayon-Out-of-Clothes-Step-1.jpg/v4-460px-Get-Crayon-Out-of-Clothes-Step-1.jpg", "vid": null}, "2": {"text": "Scrape off the excess crayon.", "img": "https://www.wikihow.com/images/thumb/e/ee/Get-Crayon-Out-of-Clothes-Step-2.jpg/v4-460px-Get-Crayon-Out-of-Clothes-Step-2.jpg", "vid": null}, "3": {"text": "Place the stained clothes between clean paper towels.", "img": "https://www.wikihow.com/images/thumb/a/a8/Get-Crayon-Out-of-Clothes-Step-3.jpg/v4-460px-Get-Crayon-Out-of-Clothes-Step-3.jpg", "vid": null}, "4": {"text": "Press the clothes with a warm iron.", "img": "https://www.wikihow.com/images/thumb/b/be/Get-Crayon-Out-of-Clothes-Step-4Bullet1.jpg/v4-460px-Get-Crayon-Out-of-Clothes-Step-4Bullet1.jpg", "vid": null}, "5": {"text": "Pretreat the stain with pre-wash stain remover.", "img": "https://www.wikihow.com/images/thumb/5/54/Get-Crayon-Out-of-Clothes-Step-5.jpg/v4-460px-Get-Crayon-Out-of-Clothes-Step-5.jpg", "vid": null}, "6": {"text": "Wash the clothes.", "img": "https://www.wikihow.com/images/thumb/7/7e/Get-Crayon-Out-of-Clothes-Step-6Bullet1.jpg/v4-460px-Get-Crayon-Out-of-Clothes-Step-6Bullet1.jpg", "vid": null}, "7": {"text": "Place the stain on layers of paper towels.", "img": "https://www.wikihow.com/images/thumb/0/0e/Get-Crayon-Out-of-Clothes-Step-7.jpg/v4-460px-Get-Crayon-Out-of-Clothes-Step-7.jpg", "vid": null}, "8": {"text": "Spray the back of the stain with WD-40.", "img": "https://www.wikihow.com/images/thumb/5/58/Get-Crayon-Out-of-Clothes-Step-8.jpg/v4-460px-Get-Crayon-Out-of-Clothes-Step-8.jpg", "vid": null}, "9": {"text": "Spray the other side of the clothes with WD-40.", "img": "https://www.wikihow.com/images/thumb/8/8b/Get-Crayon-Out-of-Clothes-Step-9.jpg/v4-460px-Get-Crayon-Out-of-Clothes-Step-9.jpg", "vid": null}, "10": {"text": "Rinse.", "img": "https://www.wikihow.com/images/thumb/e/ed/Get-Crayon-Out-of-Clothes-Step-10.jpg/v4-460px-Get-Crayon-Out-of-Clothes-Step-10.jpg", "vid": null}, "11": {"text": "Work liquid dish detergent into the stain.", "img": "https://www.wikihow.com/images/thumb/8/84/Get-Crayon-Out-of-Clothes-Step-11.jpg/v4-460px-Get-Crayon-Out-of-Clothes-Step-11.jpg", "vid": null}, "12": {"text": "Treat with pre-wash stain remover, if needed.", "img": "https://www.wikihow.com/images/thumb/1/10/Get-Crayon-Out-of-Clothes-Step-12.jpg/v4-460px-Get-Crayon-Out-of-Clothes-Step-12.jpg", "vid": null}, "13": {"text": "Wash and rinse your clothes.", "img": "https://www.wikihow.com/images/thumb/7/72/Get-Crayon-Out-of-Clothes-Step-13.jpg/v4-460px-Get-Crayon-Out-of-Clothes-Step-13.jpg", "vid": null}, "14": {"text": "Combine stain-busting ingredients in a washer filled with hot water.", "img": "https://www.wikihow.com/images/thumb/4/49/Get-Crayon-Out-of-Clothes-Step-14.jpg/v4-460px-Get-Crayon-Out-of-Clothes-Step-14.jpg", "vid": null}, "15": {"text": "Place the crayon-stained clothes in the liquid.", "img": "https://www.wikihow.com/images/thumb/8/83/Get-Crayon-Out-of-Clothes-Step-15Bullet1.jpg/v4-460px-Get-Crayon-Out-of-Clothes-Step-15Bullet1.jpg", "vid": null}, "16": {"text": "Let soak.", "img": "https://www.wikihow.com/images/thumb/5/5c/Get-Crayon-Out-of-Clothes-Step-16.jpg/v4-460px-Get-Crayon-Out-of-Clothes-Step-16.jpg", "vid": null}, "17": {"text": "Run the clothes through a rinse cycle.", "img": "https://www.wikihow.com/images/thumb/b/b9/Get-Crayon-Out-of-Clothes-Step-17.jpg/v4-460px-Get-Crayon-Out-of-Clothes-Step-17.jpg", "vid": null}, "18": {"text": "Wash the clothes as you would wash a regular cycle.", "img": "https://www.wikihow.com/images/thumb/5/5e/Get-Crayon-Out-of-Clothes-Step-18.jpg/v4-460px-Get-Crayon-Out-of-Clothes-Step-18.jpg", "vid": null}, "19": {"text": "Put the stained clothes back in the washing machine.", "img": "https://www.wikihow.com/images/thumb/0/0f/Get-Crayon-Out-of-Clothes-Step-19.jpg/v4-460px-Get-Crayon-Out-of-Clothes-Step-19.jpg", "vid": null}, "20": {"text": "Run another wash cycle using hot water, detergent, and baking soda.", "img": "https://www.wikihow.com/images/thumb/6/68/Get-Crayon-Out-of-Clothes-Step-20.jpg/v4-460px-Get-Crayon-Out-of-Clothes-Step-20.jpg", "vid": null}, "21": {"text": "Run yet another wash cycle using bleach or oxygen bleach, if needed.", "img": "https://www.wikihow.com/images/thumb/0/09/Get-Crayon-Out-of-Clothes-Step-21.jpg/v4-460px-Get-Crayon-Out-of-Clothes-Step-21.jpg", "vid": null}}