{"video_url": "https://www.youtube.com/embed/zAipi--OTls?showinfo=0", "1": {"text": "Run hot water over a corner of a washcloth.", "img": "https://www.wikihow.com/images/thumb/c/cc/Get-Rid-of-a-Unibrow-Step-1-Version-5.jpg/v4-460px-Get-Rid-of-a-Unibrow-Step-1-Version-5.jpg", "vid": null}, "2": {"text": "Place the wet part of the towel on the section of skin you will be removing hairs from.", "img": "https://www.wikihow.com/images/thumb/a/ad/Get-Rid-of-a-Unibrow-Step-2-Version-4.jpg/v4-460px-Get-Rid-of-a-Unibrow-Step-2-Version-4.jpg", "vid": null}, "3": {"text": "Stand in front of a mirror.", "img": "https://www.wikihow.com/images/thumb/7/71/Get-Rid-of-a-Unibrow-Step-3-Version-4.jpg/v4-460px-Get-Rid-of-a-Unibrow-Step-3-Version-4.jpg", "vid": null}, "4": {"text": "Begin tweezing in the middle of your eyebrow region.", "img": "https://www.wikihow.com/images/thumb/2/2d/Get-Rid-of-a-Unibrow-Step-4-Version-5.jpg/v4-460px-Get-Rid-of-a-Unibrow-Step-4-Version-5.jpg", "vid": null}, "5": {"text": "Thin your eyebrows if so desired.", "img": "https://www.wikihow.com/images/thumb/c/cd/Get-Rid-of-a-Unibrow-Step-5-Version-6.jpg/v4-460px-Get-Rid-of-a-Unibrow-Step-5-Version-6.jpg", "vid": null}, "6": {"text": "Apply an antibacterial soap and soothing lotion when you are done plucking.", "img": "https://www.wikihow.com/images/thumb/4/48/Get-Rid-of-a-Unibrow-Step-6-Version-4.jpg/v4-460px-Get-Rid-of-a-Unibrow-Step-6-Version-4.jpg", "vid": null}, "7": {"text": "Purchase an at-home waxing kit.", "img": "https://www.wikihow.com/images/thumb/0/0d/Get-Rid-of-a-Unibrow-Step-7-Version-4.jpg/v4-460px-Get-Rid-of-a-Unibrow-Step-7-Version-4.jpg", "vid": null}, "8": {"text": "Warm up the wax.", "img": "https://www.wikihow.com/images/thumb/1/1b/Get-Rid-of-a-Unibrow-Step-8-Version-4.jpg/v4-460px-Get-Rid-of-a-Unibrow-Step-8-Version-4.jpg", "vid": null}, "9": {"text": "Spread the wax on the area that you would like to remove hair from.", "img": "https://www.wikihow.com/images/thumb/8/89/Get-Rid-of-a-Unibrow-Step-9-Version-4.jpg/v4-460px-Get-Rid-of-a-Unibrow-Step-9-Version-4.jpg", "vid": null}, "10": {"text": "Cover the wax with a strip from the box.", "img": "https://www.wikihow.com/images/thumb/0/02/Get-Rid-of-a-Unibrow-Step-10-Version-3.jpg/v4-460px-Get-Rid-of-a-Unibrow-Step-10-Version-3.jpg", "vid": null}, "11": {"text": "Let the wax harden.", "img": "https://www.wikihow.com/images/thumb/0/04/Get-Rid-of-a-Unibrow-Step-11-Version-3.jpg/v4-460px-Get-Rid-of-a-Unibrow-Step-11-Version-3.jpg", "vid": null}, "12": {"text": "Remove the strip.", "img": "https://www.wikihow.com/images/thumb/9/9e/Get-Rid-of-a-Unibrow-Step-12-Version-3.jpg/v4-460px-Get-Rid-of-a-Unibrow-Step-12-Version-3.jpg", "vid": null}, "13": {"text": "Apply cold water or an ice cube if the skin swells or is red.", "img": "https://www.wikihow.com/images/thumb/e/e1/Get-Rid-of-a-Unibrow-Step-13-Version-3.jpg/v4-460px-Get-Rid-of-a-Unibrow-Step-13-Version-3.jpg", "vid": null}, "14": {"text": "Purchase depilatory cream.", "img": "https://www.wikihow.com/images/thumb/3/31/Get-Rid-of-a-Unibrow-Step-14-Version-3.jpg/v4-460px-Get-Rid-of-a-Unibrow-Step-14-Version-3.jpg", "vid": null}, "15": {"text": "Test your skin to see if the cream will cause irritation.", "img": "https://www.wikihow.com/images/thumb/9/9d/Get-Rid-of-a-Unibrow-Step-15-Version-3.jpg/v4-460px-Get-Rid-of-a-Unibrow-Step-15-Version-3.jpg", "vid": null}, "16": {"text": "Apply the cream to your unibrow.", "img": "https://www.wikihow.com/images/thumb/4/49/Get-Rid-of-a-Unibrow-Step-16-Version-3.jpg/v4-460px-Get-Rid-of-a-Unibrow-Step-16-Version-3.jpg", "vid": null}, "17": {"text": "Leave the cream on your face for the directed amount of time.", "img": "https://www.wikihow.com/images/thumb/c/ce/Get-Rid-of-a-Unibrow-Step-17-Version-3.jpg/v4-460px-Get-Rid-of-a-Unibrow-Step-17-Version-3.jpg", "vid": null}, "18": {"text": "Wash the cream off with a washcloth.", "img": "https://www.wikihow.com/images/thumb/9/96/Get-Rid-of-a-Unibrow-Step-18-Version-3.jpg/v4-460px-Get-Rid-of-a-Unibrow-Step-18-Version-3.jpg", "vid": null}, "19": {"text": "Note that shaving your unibrow will have the shortest-term results.", "img": "https://www.wikihow.com/images/thumb/e/e7/Get-Rid-of-a-Unibrow-Step-19-Version-3.jpg/v4-460px-Get-Rid-of-a-Unibrow-Step-19-Version-3.jpg", "vid": null}, "20": {"text": "Invest in an eyebrow touch up razor, which is specifically designed to shave eyebrows.", "img": "https://www.wikihow.com/images/thumb/d/d8/Get-Rid-of-a-Unibrow-Step-20-Version-3.jpg/v4-460px-Get-Rid-of-a-Unibrow-Step-20-Version-3.jpg", "vid": null}, "21": {"text": "Apply a small amount of standard shaving cream to your unibrow.", "img": "https://www.wikihow.com/images/thumb/e/e2/Get-Rid-of-a-Unibrow-Step-21-Version-3.jpg/v4-460px-Get-Rid-of-a-Unibrow-Step-21-Version-3.jpg", "vid": null}, "22": {"text": "Run a razor under water.", "img": "https://www.wikihow.com/images/thumb/8/84/Get-Rid-of-a-Unibrow-Step-22-Version-3.jpg/v4-460px-Get-Rid-of-a-Unibrow-Step-22-Version-3.jpg", "vid": null}, "23": {"text": "Wipe the shaving cream and hair off with a wet washcloth.", "img": "https://www.wikihow.com/images/thumb/0/00/Get-Rid-of-a-Unibrow-Step-23-Version-3.jpg/v4-460px-Get-Rid-of-a-Unibrow-Step-23-Version-3.jpg", "vid": null}, "24": {"text": "Combine brown sugar, honey, and water.", "img": "https://www.wikihow.com/images/thumb/e/ee/Get-Rid-of-a-Unibrow-Step-24-Version-3.jpg/v4-460px-Get-Rid-of-a-Unibrow-Step-24-Version-3.jpg", "vid": null}, "25": {"text": "Microwave for 30 seconds.", "img": "https://www.wikihow.com/images/thumb/e/e4/Get-Rid-of-a-Unibrow-Step-25-Version-3.jpg/v4-460px-Get-Rid-of-a-Unibrow-Step-25-Version-3.jpg", "vid": null}, "26": {"text": "Let the wax cool slightly.", "img": "https://www.wikihow.com/images/thumb/b/bc/Get-Rid-of-a-Unibrow-Step-26-Version-3.jpg/v4-460px-Get-Rid-of-a-Unibrow-Step-26-Version-3.jpg", "vid": null}, "27": {"text": "Apply the wax to your unibrow.", "img": "https://www.wikihow.com/images/thumb/d/d5/Get-Rid-of-a-Unibrow-Step-27-Version-3.jpg/v4-460px-Get-Rid-of-a-Unibrow-Step-27-Version-3.jpg", "vid": null}, "28": {"text": "Apply a cloth strip.", "img": "https://www.wikihow.com/images/thumb/e/e2/Get-Rid-of-a-Unibrow-Step-28-Version-3.jpg/v4-460px-Get-Rid-of-a-Unibrow-Step-28-Version-3.jpg", "vid": null}, "29": {"text": "Rip it off.", "img": "https://www.wikihow.com/images/thumb/7/72/Get-Rid-of-a-Unibrow-Step-29-Version-3.jpg/v4-460px-Get-Rid-of-a-Unibrow-Step-29-Version-3.jpg", "vid": null}, "30": {"text": "Apply hydrocortisone cream.", "img": "https://www.wikihow.com/images/thumb/4/4e/Get-Rid-of-a-Unibrow-Step-30-Version-3.jpg/v4-460px-Get-Rid-of-a-Unibrow-Step-30-Version-3.jpg", "vid": null}}