{"video_url": "https://www.youtube.com/embed/LurBzhPrx_w?showinfo=0", "1": {"text": "Place the stained fabric facedown on a few paper towels.", "img": "https://www.wikihow.com/images/thumb/2/2a/Get-Nail-Polish-out-of-Fabric-Step-1-Version-4.jpg/v4-460px-Get-Nail-Polish-out-of-Fabric-Step-1-Version-4.jpg", "vid": null}, "2": {"text": "Blot the stained area with acetone.", "img": null, "vid": "/2/2f/Get Nail Polish out of Fabric Step 2 Version 2.360p.mp4"}, "3": {"text": "Rinse and repeat.", "img": null, "vid": "/7/71/Get Nail Polish out of Fabric Step 3 Version 2.360p.mp4"}, "4": {"text": "Launder the clothing item.", "img": null, "vid": "/8/86/Get Nail Polish out of Fabric Step 4 Version 2.360p.mp4"}, "5": {"text": "Wipe off wet polish immediately.", "img": null, "vid": "/0/08/Get Nail Polish out of Fabric Step 5 Version 2.360p.mp4"}, "6": {"text": "Dab the area with acetone.", "img": null, "vid": "/8/86/Get Nail Polish out of Fabric Step 6 Version 2.360p.mp4"}, "7": {"text": "Use a clean cloth to blot the polish.", "img": null, "vid": "/6/60/Get Nail Polish out of Fabric Step 7 Version 2.360p.mp4"}, "8": {"text": "Rinse the area with warm water.", "img": null, "vid": "/4/43/Get Nail Polish out of Fabric Step 8 Version 2.360p.mp4"}, "9": {"text": "Use hydrogen peroxide.", "img": null, "vid": "/d/d7/Get Nail Polish out of Fabric Step 9 Version 2.360p.mp4"}, "10": {"text": "Try hairspray.", "img": null, "vid": "/d/dd/Get Nail Polish out of Fabric Step 10 Version 2.360p.mp4"}, "11": {"text": "Use bug spray.", "img": null, "vid": "/1/1e/Get Nail Polish out of Fabric Step 11 Version 2.360p.mp4"}, "12": {"text": "Rinse and wash.", "img": null, "vid": "/c/c1/Get Nail Polish out of Fabric Step 12 Version 2.360p.mp4"}}