{"video_url": "https://www.youtube.com/embed/0ePEp21h2Ts", "1": {"text": "Begin looking for bagworms during the winter or early spring.", "img": "https://www.wikihow.com/images/thumb/2/25/Get-Rid-of-Bagworms-Step-1.jpg/v4-460px-Get-Rid-of-Bagworms-Step-1.jpg", "vid": null}, "2": {"text": "Sweep and rake under trees regularly to get rid of fallen egg sacks.", "img": "https://www.wikihow.com/images/thumb/0/02/Get-Rid-of-Bagworms-Step-2.jpg/v4-460px-Get-Rid-of-Bagworms-Step-2.jpg", "vid": null}, "3": {"text": "Notice areas of dead pine needles or branches.", "img": "https://www.wikihow.com/images/thumb/c/cd/Get-Rid-of-Bagworms-Step-3.jpg/v4-460px-Get-Rid-of-Bagworms-Step-3.jpg", "vid": null}, "4": {"text": "Observe new places the bagworms may live.", "img": "https://www.wikihow.com/images/thumb/e/e6/Get-Rid-of-Bagworms-Step-4.jpg/v4-460px-Get-Rid-of-Bagworms-Step-4.jpg", "vid": null}, "5": {"text": "Fill a plastic bucket with a mixture of warm water and dish soap.", "img": "https://www.wikihow.com/images/thumb/d/d2/Get-Rid-of-Bagworms-Step-5.jpg/v4-460px-Get-Rid-of-Bagworms-Step-5.jpg", "vid": null}, "6": {"text": "Put on garden gloves and bring a small pair of clippers to aid you in removing the bagworms entirely.", "img": "https://www.wikihow.com/images/thumb/8/80/Get-Rid-of-Bagworms-Step-6.jpg/v4-460px-Get-Rid-of-Bagworms-Step-6.jpg", "vid": null}, "7": {"text": "Lift branches, clip off bagworm egg sacks and drop them into the bucket of soapy water.", "img": "https://www.wikihow.com/images/thumb/5/51/Get-Rid-of-Bagworms-Step-7.jpg/v4-460px-Get-Rid-of-Bagworms-Step-7.jpg", "vid": null}, "8": {"text": "Dump the soaked bagworms into a sealed plastic sack and throw them in your dumpster.", "img": "https://www.wikihow.com/images/thumb/a/a5/Get-Rid-of-Bagworms-Step-8.jpg/v4-460px-Get-Rid-of-Bagworms-Step-8.jpg", "vid": null}, "9": {"text": "Repeat this procedure every fall, winter and early spring to reduce bagworm populations before the eggs hatch.", "img": "https://www.wikihow.com/images/thumb/d/d2/Get-Rid-of-Bagworms-Step-9.jpg/v4-460px-Get-Rid-of-Bagworms-Step-9.jpg", "vid": null}, "10": {"text": "Plan to treat bagworms with insecticide in May.", "img": "https://www.wikihow.com/images/thumb/d/db/Get-Rid-of-Bagworms-Step-10.jpg/v4-460px-Get-Rid-of-Bagworms-Step-10.jpg", "vid": null}, "11": {"text": "Look for a small, worm-like head poking out of the top of the sack.", "img": "https://www.wikihow.com/images/thumb/9/9a/Get-Rid-of-Bagworms-Step-11.jpg/v4-460px-Get-Rid-of-Bagworms-Step-11.jpg", "vid": null}, "12": {"text": "Purchase an insecticide such as Dipel or Thuricide.", "img": "https://www.wikihow.com/images/thumb/0/06/Get-Rid-of-Bagworms-Step-12.jpg/v4-460px-Get-Rid-of-Bagworms-Step-12.jpg", "vid": null}, "13": {"text": "Put the insecticide in a sprayer.", "img": "https://www.wikihow.com/images/thumb/8/86/Get-Rid-of-Bagworms-Step-13.jpg/v4-460px-Get-Rid-of-Bagworms-Step-13.jpg", "vid": null}, "14": {"text": "Spray insecticide in late May, June and early July.", "img": "https://www.wikihow.com/images/thumb/e/ec/Get-Rid-of-Bagworms-Step-14.jpg/v4-460px-Get-Rid-of-Bagworms-Step-14.jpg", "vid": null}}