{"video_url": "https://www.youtube.com/embed/Ds-ePmDbJ5o", "1": {"text": "Learn about her.", "img": "https://www.wikihow.com/images/thumb/5/54/Get-a-Girl-Who-Is-in-a-Relationship-to-Like-You-Step-1-Version-2.jpg/v4-460px-Get-a-Girl-Who-Is-in-a-Relationship-to-Like-You-Step-1-Version-2.jpg", "vid": null}, "2": {"text": "Spend time with her while in a group.", "img": "https://www.wikihow.com/images/thumb/c/c5/Get-a-Girl-Who-Is-in-a-Relationship-to-Like-You-Step-2-Version-2.jpg/v4-460px-Get-a-Girl-Who-Is-in-a-Relationship-to-Like-You-Step-2-Version-2.jpg", "vid": null}, "3": {"text": "Show her you care about her.", "img": "https://www.wikihow.com/images/thumb/6/6e/Get-a-Girl-Who-Is-in-a-Relationship-to-Like-You-Step-3-Version-2.jpg/v4-460px-Get-a-Girl-Who-Is-in-a-Relationship-to-Like-You-Step-3-Version-2.jpg", "vid": null}, "4": {"text": "Be patient.", "img": "https://www.wikihow.com/images/thumb/a/a1/Get-a-Girl-Who-Is-in-a-Relationship-to-Like-You-Step-4-Version-2.jpg/v4-460px-Get-a-Girl-Who-Is-in-a-Relationship-to-Like-You-Step-4-Version-2.jpg", "vid": null}, "5": {"text": "Be yourself.", "img": "https://www.wikihow.com/images/thumb/6/69/Get-a-Girl-Who-Is-in-a-Relationship-to-Like-You-Step-5-Version-2.jpg/v4-460px-Get-a-Girl-Who-Is-in-a-Relationship-to-Like-You-Step-5-Version-2.jpg", "vid": null}, "6": {"text": "Spend time with her one-on-one.", "img": "https://www.wikihow.com/images/thumb/b/b0/Get-a-Girl-Who-Is-in-a-Relationship-to-Like-You-Step-6-Version-2.jpg/v4-460px-Get-a-Girl-Who-Is-in-a-Relationship-to-Like-You-Step-6-Version-2.jpg", "vid": null}, "7": {"text": "Offer a romantic gesture.", "img": "https://www.wikihow.com/images/thumb/5/5e/Get-a-Girl-Who-Is-in-a-Relationship-to-Like-You-Step-7-Version-2.jpg/v4-460px-Get-a-Girl-Who-Is-in-a-Relationship-to-Like-You-Step-7-Version-2.jpg", "vid": null}, "8": {"text": "Drop hints that you like her more than a friend.", "img": "https://www.wikihow.com/images/thumb/1/1b/Get-a-Girl-Who-Is-in-a-Relationship-to-Like-You-Step-8-Version-2.jpg/v4-460px-Get-a-Girl-Who-Is-in-a-Relationship-to-Like-You-Step-8-Version-2.jpg", "vid": null}, "9": {"text": "See how she responds to flirting.", "img": "https://www.wikihow.com/images/thumb/a/a2/Get-a-Girl-Who-Is-in-a-Relationship-to-Like-You-Step-9-Version-2.jpg/v4-460px-Get-a-Girl-Who-Is-in-a-Relationship-to-Like-You-Step-9-Version-2.jpg", "vid": null}, "10": {"text": "Think about your needs.", "img": "https://www.wikihow.com/images/thumb/4/4d/Get-a-Girl-Who-Is-in-a-Relationship-to-Like-You-Step-10-Version-2.jpg/v4-460px-Get-a-Girl-Who-Is-in-a-Relationship-to-Like-You-Step-10-Version-2.jpg", "vid": null}, "11": {"text": "Decide if you should ask her out.", "img": "https://www.wikihow.com/images/thumb/9/9d/Get-a-Girl-Who-Is-in-a-Relationship-to-Like-You-Step-11-Version-2.jpg/v4-460px-Get-a-Girl-Who-Is-in-a-Relationship-to-Like-You-Step-11-Version-2.jpg", "vid": null}, "12": {"text": "Ask her out on a date.", "img": "https://www.wikihow.com/images/thumb/0/07/Get-a-Girl-Who-Is-in-a-Relationship-to-Like-You-Step-12-Version-2.jpg/v4-460px-Get-a-Girl-Who-Is-in-a-Relationship-to-Like-You-Step-12-Version-2.jpg", "vid": null}, "13": {"text": "Respect her decision.", "img": "https://www.wikihow.com/images/thumb/2/28/Get-a-Girl-Who-Is-in-a-Relationship-to-Like-You-Step-13-Version-2.jpg/v4-460px-Get-a-Girl-Who-Is-in-a-Relationship-to-Like-You-Step-13-Version-2.jpg", "vid": null}, "14": {"text": "Be honest with yourself.", "img": "https://www.wikihow.com/images/thumb/1/17/Get-a-Girl-Who-Is-in-a-Relationship-to-Like-You-Step-14-Version-2.jpg/v4-460px-Get-a-Girl-Who-Is-in-a-Relationship-to-Like-You-Step-14-Version-2.jpg", "vid": null}}