{"video_url": "https://www.youtube.com/embed/Dq8K0fHWLNk?showinfo=0", "1": {"text": "Go to LGBTQ events and mingle with people.", "img": "https://www.wikihow.com/images/thumb/1/1b/Get-a-Man-%28for-Gay-Men%29-Step-1-Version-4.jpg/v4-460px-Get-a-Man-%28for-Gay-Men%29-Step-1-Version-4.jpg", "vid": null}, "2": {"text": "Use online dating websites and apps to find other singles.", "img": "https://www.wikihow.com/images/thumb/5/58/Get-a-Man-%28for-Gay-Men%29-Step-2-Version-4.jpg/v4-460px-Get-a-Man-%28for-Gay-Men%29-Step-2-Version-4.jpg", "vid": null}, "3": {"text": "Find eligible men at gay bars.", "img": "https://www.wikihow.com/images/thumb/7/70/Get-a-Man-%28for-Gay-Men%29-Step-3-Version-4.jpg/v4-460px-Get-a-Man-%28for-Gay-Men%29-Step-3-Version-4.jpg", "vid": null}, "4": {"text": "Volunteer for an LGBTQ organization or nonprofit.", "img": "https://www.wikihow.com/images/thumb/b/bc/Get-a-Man-%28for-Gay-Men%29-Step-4-Version-4.jpg/v4-460px-Get-a-Man-%28for-Gay-Men%29-Step-4-Version-4.jpg", "vid": null}, "5": {"text": "Be active, social, and attend events that you enjoy.", "img": "https://www.wikihow.com/images/thumb/a/aa/Get-a-Man-%28for-Gay-Men%29-Step-5-Version-4.jpg/v4-460px-Get-a-Man-%28for-Gay-Men%29-Step-5-Version-4.jpg", "vid": null}, "6": {"text": "Love yourself.", "img": "https://www.wikihow.com/images/thumb/5/51/Get-a-Man-%28for-Gay-Men%29-Step-6-Version-4.jpg/v4-460px-Get-a-Man-%28for-Gay-Men%29-Step-6-Version-4.jpg", "vid": null}, "7": {"text": "Become more confident.", "img": "https://www.wikihow.com/images/thumb/a/a4/Get-a-Man-%28for-Gay-Men%29-Step-7-Version-4.jpg/v4-460px-Get-a-Man-%28for-Gay-Men%29-Step-7-Version-4.jpg", "vid": null}, "8": {"text": "Take care of your personal hygiene.", "img": "https://www.wikihow.com/images/thumb/5/54/Get-a-Man-%28for-Gay-Men%29-Step-8-Version-4.jpg/v4-460px-Get-a-Man-%28for-Gay-Men%29-Step-8-Version-4.jpg", "vid": null}, "9": {"text": "Dress to impress but remain comfortable.", "img": "https://www.wikihow.com/images/thumb/2/23/Get-a-Man-%28for-Gay-Men%29-Step-9-Version-4.jpg/v4-460px-Get-a-Man-%28for-Gay-Men%29-Step-9-Version-4.jpg", "vid": null}, "10": {"text": "Make eye contact and smile at the guy you like.", "img": "https://www.wikihow.com/images/thumb/3/32/Get-a-Man-%28for-Gay-Men%29-Step-10-Version-4.jpg/v4-460px-Get-a-Man-%28for-Gay-Men%29-Step-10-Version-4.jpg", "vid": null}, "11": {"text": "Get over your fear of rejection.", "img": "https://www.wikihow.com/images/thumb/e/e4/Get-a-Man-%28for-Gay-Men%29-Step-11-Version-4.jpg/v4-460px-Get-a-Man-%28for-Gay-Men%29-Step-11-Version-4.jpg", "vid": null}, "12": {"text": "Communicate effectively and honestly.", "img": "https://www.wikihow.com/images/thumb/9/90/Get-a-Man-%28for-Gay-Men%29-Step-12-Version-4.jpg/v4-460px-Get-a-Man-%28for-Gay-Men%29-Step-12-Version-4.jpg", "vid": null}, "13": {"text": "Have a conversation about the seriousness of the relationship.", "img": "https://www.wikihow.com/images/thumb/f/f4/Get-a-Man-%28for-Gay-Men%29-Step-13-Version-4.jpg/v4-460px-Get-a-Man-%28for-Gay-Men%29-Step-13-Version-4.jpg", "vid": null}, "14": {"text": "Get over emotional baggage from previous relationships.", "img": "https://www.wikihow.com/images/thumb/f/f1/Get-a-Man-%28for-Gay-Men%29-Step-14-Version-4.jpg/v4-460px-Get-a-Man-%28for-Gay-Men%29-Step-14-Version-4.jpg", "vid": null}, "15": {"text": "Be willing to compromise.", "img": "https://www.wikihow.com/images/thumb/b/b1/Get-a-Man-%28for-Gay-Men%29-Step-15-Version-3.jpg/v4-460px-Get-a-Man-%28for-Gay-Men%29-Step-15-Version-3.jpg", "vid": null}, "16": {"text": "Do nice things for them.", "img": "https://www.wikihow.com/images/thumb/2/2d/Get-a-Man-%28for-Gay-Men%29-Step-16.jpg/v4-460px-Get-a-Man-%28for-Gay-Men%29-Step-16.jpg", "vid": null}}