{"video_url": "https://www.youtube.com/embed/9lugNeWnEwo?showinfo=0", "1": {"text": "Avoid feeding geese.", "img": "https://www.wikihow.com/images/thumb/b/b6/Get-Rid-of-Geese-Step-1-Version-2.jpg/v4-460px-Get-Rid-of-Geese-Step-1-Version-2.jpg", "vid": null}, "2": {"text": "Remove any potential food sources.", "img": "https://www.wikihow.com/images/thumb/b/b5/Get-Rid-of-Geese-Step-2-Version-2.jpg/v4-460px-Get-Rid-of-Geese-Step-2-Version-2.jpg", "vid": null}, "3": {"text": "Grow your grass taller.", "img": "https://www.wikihow.com/images/thumb/e/ee/Get-Rid-of-Geese-Step-3-Version-2.jpg/v4-460px-Get-Rid-of-Geese-Step-3-Version-2.jpg", "vid": null}, "4": {"text": "Use a goose-herding dog.", "img": "https://www.wikihow.com/images/thumb/8/83/Get-Rid-of-Geese-Step-4-Version-2.jpg/v4-460px-Get-Rid-of-Geese-Step-4-Version-2.jpg", "vid": null}, "5": {"text": "Use decoys and effigies for a temporary solution.", "img": "https://www.wikihow.com/images/thumb/6/6b/Get-Rid-of-Geese-Step-5-Version-2.jpg/v4-460px-Get-Rid-of-Geese-Step-5-Version-2.jpg", "vid": null}, "6": {"text": "Scare geese with loud noises.", "img": "https://www.wikihow.com/images/thumb/1/12/Get-Rid-of-Geese-Step-6-Version-2.jpg/v4-460px-Get-Rid-of-Geese-Step-6-Version-2.jpg", "vid": null}, "7": {"text": "Learn how to keep eggs from hatching.", "img": "https://www.wikihow.com/images/thumb/e/eb/Get-Rid-of-Geese-Step-7.jpg/v4-460px-Get-Rid-of-Geese-Step-7.jpg", "vid": null}, "8": {"text": "Locate the nests.", "img": "https://www.wikihow.com/images/thumb/f/fc/Get-Rid-of-Geese-Step-8.jpg/v4-460px-Get-Rid-of-Geese-Step-8.jpg", "vid": null}, "9": {"text": "Use corn oil to addle eggs.", "img": "https://www.wikihow.com/images/thumb/a/ae/Get-Rid-of-Geese-Step-9.jpg/v4-460px-Get-Rid-of-Geese-Step-9.jpg", "vid": null}, "10": {"text": "Remove eggs from the nest.", "img": "https://www.wikihow.com/images/thumb/f/f7/Tell-if-a-Bird-Egg-Is-Infertile-Step-6-Version-2.jpg/v4-460px-Tell-if-a-Bird-Egg-Is-Infertile-Step-6-Version-2.jpg", "vid": null}}