{"video_url": "https://www.youtube.com/embed/AGsFWocVgiI?showinfo=0", "1": {"text": "Put money in the stock market", "img": "https://www.wikihow.com/images/thumb/a/ad/Get-Rich-Step-1-Version-5.jpg/v4-460px-Get-Rich-Step-1-Version-5.jpg", "vid": null}, "2": {"text": "Save money for retirement", "img": "https://www.wikihow.com/images/thumb/5/53/Get-Rich-Step-2-Version-5.jpg/v4-460px-Get-Rich-Step-2-Version-5.jpg", "vid": null}, "3": {"text": "Invest in real estate", "img": "https://www.wikihow.com/images/thumb/e/e7/Get-Rich-Step-3-Version-5.jpg/v4-460px-Get-Rich-Step-3-Version-5.jpg", "vid": null}, "4": {"text": "Invest your time.", "img": "https://www.wikihow.com/images/thumb/9/94/Get-Rich-Step-4-Version-6.jpg/v4-460px-Get-Rich-Step-4-Version-6.jpg", "vid": null}, "5": {"text": "Avoid purchases that are likely to depreciate rapidly", "img": "https://www.wikihow.com/images/thumb/0/0a/Get-Rich-Step-5-Version-5.jpg/v4-460px-Get-Rich-Step-5-Version-5.jpg", "vid": null}, "6": {"text": ".", "img": "https://www.wikihow.com/images/thumb/7/79/Get-Rich-Step-6-Version-5.jpg/v4-460px-Get-Rich-Step-6-Version-5.jpg", "vid": null}, "7": {"text": "Stay rich", "img": "https://www.wikihow.com/images/thumb/9/9d/Get-Rich-Step-7-Version-5.jpg/v4-460px-Get-Rich-Step-7-Version-5.jpg", "vid": null}, "8": {"text": "Excel academically", "img": "https://www.wikihow.com/images/thumb/2/2f/Get-Rich-Step-8-Version-5.jpg/v4-460px-Get-Rich-Step-8-Version-5.jpg", "vid": null}, "9": {"text": "Choose the right profession", "img": "https://www.wikihow.com/images/thumb/1/1a/Get-Rich-Step-9-Version-6.jpg/v4-460px-Get-Rich-Step-9-Version-6.jpg", "vid": null}, "10": {"text": "Choose the right location", "img": "https://www.wikihow.com/images/thumb/4/4b/Get-Rich-Step-10-Version-5.jpg/v4-460px-Get-Rich-Step-10-Version-5.jpg", "vid": null}, "11": {"text": "Get an entry-level job and work your way up", "img": "https://www.wikihow.com/images/thumb/e/e9/Get-Rich-Step-11-Version-5.jpg/v4-460px-Get-Rich-Step-11-Version-5.jpg", "vid": null}, "12": {"text": "Change jobs and employer", "img": "https://www.wikihow.com/images/thumb/0/0b/Get-Rich-Step-12-Version-6.jpg/v4-460px-Get-Rich-Step-12-Version-6.jpg", "vid": null}, "13": {"text": "Try extreme couponing", "img": "https://www.wikihow.com/images/thumb/7/7e/Get-Rich-Step-13-Version-6.jpg/v4-460px-Get-Rich-Step-13-Version-6.jpg", "vid": null}, "14": {"text": ".", "img": "https://www.wikihow.com/images/thumb/b/bb/Get-Rich-Step-14-Version-5.jpg/v4-460px-Get-Rich-Step-14-Version-5.jpg", "vid": null}, "15": {"text": "Learn to can foods", "img": "https://www.wikihow.com/images/thumb/e/e6/Get-Rich-Step-15-Version-6.jpg/v4-460px-Get-Rich-Step-15-Version-6.jpg", "vid": null}, "16": {"text": ".", "img": "https://www.wikihow.com/images/thumb/7/78/Get-Rich-Step-16-Version-5.jpg/v4-460px-Get-Rich-Step-16-Version-5.jpg", "vid": null}, "17": {"text": ".", "img": "https://www.wikihow.com/images/thumb/2/2f/Get-Rich-Step-17-Version-5.jpg/v4-460px-Get-Rich-Step-17-Version-5.jpg", "vid": null}, "18": {"text": "Go hunting", "img": "https://www.wikihow.com/images/thumb/8/81/Get-Rich-Step-18-Version-5.jpg/v4-460px-Get-Rich-Step-18-Version-5.jpg", "vid": null}, "19": {"text": "Pay yourself first", "img": "https://www.wikihow.com/images/thumb/b/b4/Get-Rich-Step-19-Version-5.jpg/v4-460px-Get-Rich-Step-19-Version-5.jpg", "vid": null}, "20": {"text": "Make a budget (and stick to it)", "img": "https://www.wikihow.com/images/thumb/d/d4/Get-Rich-Step-20-Version-5.jpg/v4-460px-Get-Rich-Step-20-Version-5.jpg", "vid": null}, "21": {"text": "Downgrade your car and house", "img": "https://www.wikihow.com/images/thumb/d/d4/Get-Rich-Step-21-Version-5.jpg/v4-460px-Get-Rich-Step-21-Version-5.jpg", "vid": null}, "22": {"text": "Cut expenses", "img": "https://www.wikihow.com/images/thumb/8/83/Get-Rich-Step-22-Version-5.jpg/v4-460px-Get-Rich-Step-22-Version-5.jpg", "vid": null}, "23": {"text": "Track down your expenses.", "img": "https://www.wikihow.com/images/thumb/5/56/Get-Rich-Step-23-Version-5.jpg/v4-460px-Get-Rich-Step-23-Version-5.jpg", "vid": null}, "24": {"text": "Spend your tax refund wisely", "img": "https://www.wikihow.com/images/thumb/d/da/Get-Rich-Step-24-Version-5.jpg/v4-460px-Get-Rich-Step-24-Version-5.jpg", "vid": null}, "25": {"text": ".", "img": "https://www.wikihow.com/images/thumb/a/ad/Get-Rich-Step-25-Version-3.jpg/v4-460px-Get-Rich-Step-25-Version-3.jpg", "vid": null}, "26": {"text": "Refinance your home mortgage.", "img": "https://www.wikihow.com/images/thumb/4/46/Get-Rich-Step-26.jpg/v4-460px-Get-Rich-Step-26.jpg", "vid": null}}