{"video_url": "https://www.youtube.com/embed/fGL8ct5z84s?showinfo=0", "1": {"text": "Soak and wash the affected area.", "img": "https://www.wikihow.com/images/thumb/0/0d/Get-Glue-off-Your-Hands-Step-1.jpg/v4-460px-Get-Glue-off-Your-Hands-Step-1.jpg", "vid": null}, "2": {"text": "Apply vegetable oil to the affected area.", "img": "https://www.wikihow.com/images/thumb/a/a6/Get-Glue-off-Your-Hands-Step-2.jpg/v4-460px-Get-Glue-off-Your-Hands-Step-2.jpg", "vid": null}, "3": {"text": "Rub butter onto the affected area.", "img": "https://www.wikihow.com/images/thumb/5/55/Get-Glue-off-Your-Hands-Step-3.jpg/v4-460px-Get-Glue-off-Your-Hands-Step-3.jpg", "vid": null}, "4": {"text": "Remove glue with an exfoliating body soap or deep cleaning hand soap.", "img": "https://www.wikihow.com/images/thumb/8/8d/Get-Glue-off-Your-Hands-Step-4.jpg/v4-460px-Get-Glue-off-Your-Hands-Step-4.jpg", "vid": null}, "5": {"text": "Remove glue with acetone.", "img": "https://www.wikihow.com/images/thumb/f/fc/Get-Glue-off-Your-Hands-Step-5.jpg/v4-460px-Get-Glue-off-Your-Hands-Step-5.jpg", "vid": null}, "6": {"text": "Massage petroleum jelly onto the affected area.", "img": "https://www.wikihow.com/images/thumb/e/e8/Get-Glue-off-Your-Hands-Step-6.jpg/v4-460px-Get-Glue-off-Your-Hands-Step-6.jpg", "vid": null}, "7": {"text": "Rub hand lotion onto the affected area.", "img": "https://www.wikihow.com/images/thumb/0/0b/Get-Glue-off-Your-Hands-Step-7.jpg/v4-460px-Get-Glue-off-Your-Hands-Step-7.jpg", "vid": null}, "8": {"text": "Soak your fingers in warm water.", "img": "https://www.wikihow.com/images/thumb/c/c5/Get-Glue-off-Your-Hands-Step-8.jpg/v4-460px-Get-Glue-off-Your-Hands-Step-8.jpg", "vid": null}, "9": {"text": "File your nails and apply acetone.", "img": "https://www.wikihow.com/images/thumb/3/3a/Get-Glue-off-Your-Hands-Step-9.jpg/v4-460px-Get-Glue-off-Your-Hands-Step-9.jpg", "vid": null}, "10": {"text": "Wash your hands thoroughly.", "img": "https://www.wikihow.com/images/thumb/d/d6/Get-Glue-off-Your-Hands-Step-10.jpg/v4-460px-Get-Glue-off-Your-Hands-Step-10.jpg", "vid": null}}