{"video_url": "https://www.youtube.com/embed/n5co7tEXDS0?showinfo=0", "1": {"text": "Change your baby's diaper", "img": "https://www.wikihow.com/images/thumb/8/8f/Get-a-Baby-to-Stop-Crying-Step-3-Version-5.jpg/v4-460px-Get-a-Baby-to-Stop-Crying-Step-3-Version-5.jpg", "vid": null}, "2": {"text": " if they seem hungry.", "img": "https://www.wikihow.com/images/thumb/d/dd/Get-a-Baby-to-Stop-Crying-Step-1-Version-5.jpg/v4-460px-Get-a-Baby-to-Stop-Crying-Step-1-Version-5.jpg", "vid": null}, "3": {"text": "Pat your baby on their back to burp them after a feeding.", "img": "https://www.wikihow.com/images/thumb/a/af/Get-a-Baby-to-Stop-Crying-Step-2-Version-5.jpg/v4-460px-Get-a-Baby-to-Stop-Crying-Step-2-Version-5.jpg", "vid": null}, "4": {"text": "Bicycle your baby\u2019s legs to help relieve built-up gas.", "img": "https://www.wikihow.com/images/thumb/7/71/Get-a-Baby-to-Stop-Crying-Step-4-Version-5.jpg/v4-460px-Get-a-Baby-to-Stop-Crying-Step-4-Version-5.jpg", "vid": null}, "5": {"text": "Offer a pacifier if your baby is not responding to other strategies.", "img": "https://www.wikihow.com/images/thumb/8/80/Get-a-Baby-to-Stop-Crying-Step-5-Version-5.jpg/v4-460px-Get-a-Baby-to-Stop-Crying-Step-5-Version-5.jpg", "vid": null}, "6": {"text": "Take your baby to their crib if they seem sleepy.", "img": "https://www.wikihow.com/images/thumb/1/10/Get-a-Baby-to-Stop-Crying-Step-6-Version-5.jpg/v4-460px-Get-a-Baby-to-Stop-Crying-Step-6-Version-5.jpg", "vid": null}, "7": {"text": "Swaddle your baby", "img": "https://www.wikihow.com/images/thumb/f/f7/Get-a-Baby-to-Stop-Crying-Step-8-Version-5.jpg/v4-460px-Get-a-Baby-to-Stop-Crying-Step-8-Version-5.jpg", "vid": null}, "8": {"text": "Cuddle with your baby to make them feel secure.", "img": "https://www.wikihow.com/images/thumb/1/1c/Get-a-Baby-to-Stop-Crying-Step-9-Version-4.jpg/v4-460px-Get-a-Baby-to-Stop-Crying-Step-9-Version-4.jpg", "vid": null}, "9": {"text": "Adjust the noise level in your home.", "img": "https://www.wikihow.com/images/thumb/9/92/Get-a-Baby-to-Stop-Crying-Step-10-Version-4.jpg/v4-460px-Get-a-Baby-to-Stop-Crying-Step-10-Version-4.jpg", "vid": null}, "10": {"text": "Give your baby a massage", "img": "https://www.wikihow.com/images/thumb/5/5a/Get-a-Baby-to-Stop-Crying-Step-16-Version-4.jpg/v4-460px-Get-a-Baby-to-Stop-Crying-Step-16-Version-4.jpg", "vid": null}, "11": {"text": "Sing to your baby to distract them.", "img": "https://www.wikihow.com/images/thumb/5/52/Get-a-Baby-to-Stop-Crying-Step-13-Version-4.jpg/v4-460px-Get-a-Baby-to-Stop-Crying-Step-13-Version-4.jpg", "vid": null}, "12": {"text": "Play a game with your baby", "img": "https://www.wikihow.com/images/thumb/3/3a/Get-a-Baby-to-Stop-Crying-Step-15-Version-4.jpg/v4-460px-Get-a-Baby-to-Stop-Crying-Step-15-Version-4.jpg", "vid": null}, "13": {"text": "Take your baby outside in a stroller or baby carrier.", "img": "https://www.wikihow.com/images/thumb/5/53/Get-a-Baby-to-Stop-Crying-Step-12-Version-4.jpg/v4-460px-Get-a-Baby-to-Stop-Crying-Step-12-Version-4.jpg", "vid": null}, "14": {"text": "Visit a friend or family member with your baby.", "img": "https://www.wikihow.com/images/thumb/2/2a/Get-a-Baby-to-Stop-Crying-Step-17-Version-4.jpg/v4-460px-Get-a-Baby-to-Stop-Crying-Step-17-Version-4.jpg", "vid": null}}