{"video_url": "https://www.youtube.com/embed/_Y5pnY_hHGI", "1": {"text": "If 1 person has them, chances are someone else may, too.", "img": "https://www.wikihow.com/images/thumb/c/c6/Get-Rid-of-Lice-Step-1-Version-6.jpg/v4-460px-Get-Rid-of-Lice-Step-1-Version-6.jpg", "vid": null}, "2": {"text": "Take off anything that could get wet or stained.", "img": "https://www.wikihow.com/images/thumb/6/64/Get-Rid-of-Lice-Step-2-Version-6.jpg/v4-460px-Get-Rid-of-Lice-Step-2-Version-6.jpg", "vid": null}, "3": {"text": "Apply the lice medicine according to the directions on the packaging.", "img": "https://www.wikihow.com/images/thumb/1/1d/Get-Rid-of-Lice-Step-3-Version-6.jpg/v4-460px-Get-Rid-of-Lice-Step-3-Version-6.jpg", "vid": null}, "4": {"text": "Aniseed, cinnamon leaf, tea tree, peppermint, or nutmeg may be effective.", "img": "https://www.wikihow.com/images/thumb/3/39/Get-Rid-of-Lice-Step-4-Version-6.jpg/v4-460px-Get-Rid-of-Lice-Step-4-Version-6.jpg", "vid": null}, "5": {"text": "If none of the lice are dead, talk to your doctor.", "img": "https://www.wikihow.com/images/thumb/c/c1/Get-Rid-of-Lice-Step-5-Version-6.jpg/v4-460px-Get-Rid-of-Lice-Step-5-Version-6.jpg", "vid": null}, "6": {"text": "Let the medication work to kill the lice.", "img": "https://www.wikihow.com/images/thumb/b/b9/Get-Rid-of-Lice-Step-6-Version-6.jpg/v4-460px-Get-Rid-of-Lice-Step-6-Version-6.jpg", "vid": null}, "7": {"text": "Comb through your hair every 2-3 days to keep the lice from coming back.", "img": "https://www.wikihow.com/images/thumb/b/bd/Get-Rid-of-Lice-Step-7-Version-6.jpg/v4-460px-Get-Rid-of-Lice-Step-7-Version-6.jpg", "vid": null}, "8": {"text": "Hats, pillows, and similar things can contain head lice.", "img": "https://www.wikihow.com/images/thumb/7/78/Get-Rid-of-Lice-Step-8-Version-6.jpg/v4-460px-Get-Rid-of-Lice-Step-8-Version-6.jpg", "vid": null}, "9": {"text": "Suck up any lice that may have fallen onto them.", "img": "https://www.wikihow.com/images/thumb/6/67/Get-Rid-of-Lice-Step-9-Version-6.jpg/v4-460px-Get-Rid-of-Lice-Step-9-Version-6.jpg", "vid": null}, "10": {"text": "Retreatment will help ensure all of the lice are dead.", "img": "https://www.wikihow.com/images/thumb/a/a7/Get-Rid-of-Lice-Step-10-Version-7.jpg/v4-460px-Get-Rid-of-Lice-Step-10-Version-7.jpg", "vid": null}, "11": {"text": "Lice can easily spread from one person to another.", "img": "https://www.wikihow.com/images/thumb/9/94/Get-Rid-of-Lice-Step-11-Version-6.jpg/v4-460px-Get-Rid-of-Lice-Step-11-Version-6.jpg", "vid": null}, "12": {"text": "Lice can\u2019t survive if your hair is too short.", "img": "https://www.wikihow.com/images/thumb/c/cd/Get-Rid-of-Lice-Step-12-Version-2.jpg/v4-460px-Get-Rid-of-Lice-Step-12-Version-2.jpg", "vid": null}}