{"video_url": "https://www.youtube.com/embed/3blAnN1h3JY?showinfo=0", "1": {"text": "Kill the ant trail if you see one.", "img": "https://www.wikihow.com/images/thumb/9/9d/Get-Rid-of-Ants-Step-1-Version-4.jpg/v4-460px-Get-Rid-of-Ants-Step-1-Version-4.jpg", "vid": null}, "2": {"text": "Soak a sponge in soapy water or cleaner, then wipe away the ants.", "img": "https://www.wikihow.com/images/thumb/8/89/Get-Rid-of-Ants-Step-2-Version-5.jpg/v4-460px-Get-Rid-of-Ants-Step-2-Version-5.jpg", "vid": null}, "3": {"text": "Make your own apple cider vinegar solution to kill the trail naturally.", "img": "https://www.wikihow.com/images/thumb/d/d8/Get-Rid-of-Ants-Step-3-Version-4.jpg/v4-460px-Get-Rid-of-Ants-Step-3-Version-4.jpg", "vid": null}, "4": {"text": "Vacuum up the ants if there are too many to wipe up.", "img": "https://www.wikihow.com/images/thumb/b/be/Get-Rid-of-Ants-Step-4-Version-4.jpg/v4-460px-Get-Rid-of-Ants-Step-4-Version-4.jpg", "vid": null}, "5": {"text": "Use a commercial bait trap to easily kill the entire colony.", "img": "https://www.wikihow.com/images/thumb/7/70/Get-Rid-of-Ants-Step-5-Version-4.jpg/v4-460px-Get-Rid-of-Ants-Step-5-Version-4.jpg", "vid": null}, "6": {"text": "Make your own bait trap if you prefer a natural solution.", "img": "https://www.wikihow.com/images/thumb/c/c9/Get-Rid-of-Ants-Step-6-Version-4.jpg/v4-460px-Get-Rid-of-Ants-Step-6-Version-4.jpg", "vid": null}, "7": {"text": "Try peanut butter bait as another natural alternative.", "img": "https://www.wikihow.com/images/thumb/3/3e/Get-Rid-of-Ants-Step-7-Version-4.jpg/v4-460px-Get-Rid-of-Ants-Step-7-Version-4.jpg", "vid": null}, "8": {"text": "Hire an exterminator if the problem persists or it\u2019s carpenter ants.", "img": "https://www.wikihow.com/images/thumb/f/fd/Get-Rid-of-Ants-Step-8-Version-4.jpg/v4-460px-Get-Rid-of-Ants-Step-8-Version-4.jpg", "vid": null}, "9": {"text": "Put out ant bait to kill the entire colony.", "img": "https://www.wikihow.com/images/thumb/2/22/Get-Rid-of-Ants-Step-9-Version-4.jpg/v4-460px-Get-Rid-of-Ants-Step-9-Version-4.jpg", "vid": null}, "10": {"text": "Pour boiling water over the ant mounds.", "img": "https://www.wikihow.com/images/thumb/3/33/Get-Rid-of-Ants-Step-10-Version-4.jpg/v4-460px-Get-Rid-of-Ants-Step-10-Version-4.jpg", "vid": null}, "11": {"text": "Treat your yard with an insecticide to kill ants.", "img": "https://www.wikihow.com/images/thumb/c/cc/Get-Rid-of-Ants-Step-11-Version-4.jpg/v4-460px-Get-Rid-of-Ants-Step-11-Version-4.jpg", "vid": null}, "12": {"text": "Treat the mound with camphor oil and ethyl alcohol.", "img": "https://www.wikihow.com/images/thumb/2/21/Get-Rid-of-Ants-Step-12-Version-4.jpg/v4-460px-Get-Rid-of-Ants-Step-12-Version-4.jpg", "vid": null}, "13": {"text": "Block their entry point.", "img": "https://www.wikihow.com/images/thumb/0/0a/Get-Rid-of-Ants-Step-13-Version-4.jpg/v4-460px-Get-Rid-of-Ants-Step-13-Version-4.jpg", "vid": null}, "14": {"text": "Store food in airtight containers.", "img": "https://www.wikihow.com/images/thumb/3/35/Get-Rid-of-Ants-Step-14-Version-4.jpg/v4-460px-Get-Rid-of-Ants-Step-14-Version-4.jpg", "vid": null}, "15": {"text": "Clean your kitchen", "img": "https://www.wikihow.com/images/thumb/5/52/Get-Rid-of-Ants-Step-15-Version-4.jpg/v4-460px-Get-Rid-of-Ants-Step-15-Version-4.jpg", "vid": null}, "16": {"text": "Create a \u201cmoat\u201d around pet food bowls.", "img": "https://www.wikihow.com/images/thumb/f/fe/Get-Rid-of-Ants-Step-16-Version-4.jpg/v4-460px-Get-Rid-of-Ants-Step-16-Version-4.jpg", "vid": null}, "17": {"text": "Put coffee grounds, cinnamon, or baby powder near doors or windows.", "img": "https://www.wikihow.com/images/thumb/2/2e/Get-Rid-of-Ants-Step-17-Version-4.jpg/v4-460px-Get-Rid-of-Ants-Step-17-Version-4.jpg", "vid": null}, "18": {"text": "Squish the scouts to keep other ants out.", "img": "https://www.wikihow.com/images/thumb/e/ec/Get-Rid-of-Ants-Step-18-Version-4.jpg/v4-460px-Get-Rid-of-Ants-Step-18-Version-4.jpg", "vid": null}}