{"video_url": "https://www.youtube.com/embed/2xuhRme_SKQ", "1": {"text": "Vacuum up the clover mites to remove them from your house.", "img": "https://www.wikihow.com/images/thumb/0/00/Get-Rid-of-Clover-Mites-Step-1-Version-3.jpg/v4-460px-Get-Rid-of-Clover-Mites-Step-1-Version-3.jpg", "vid": null}, "2": {"text": "Spray the clover mites with insecticide to kill them.", "img": "https://www.wikihow.com/images/thumb/6/6f/Get-Rid-of-Clover-Mites-Step-2-Version-3.jpg/v4-460px-Get-Rid-of-Clover-Mites-Step-2-Version-3.jpg", "vid": null}, "3": {"text": "Sprinkle boric acid over your furniture to get rid of clover mites.", "img": "https://www.wikihow.com/images/thumb/d/db/Get-Rid-of-Clover-Mites-Step-3-Version-3.jpg/v4-460px-Get-Rid-of-Clover-Mites-Step-3-Version-3.jpg", "vid": null}, "4": {"text": "Remove clover mites from pets using soap and water.", "img": "https://www.wikihow.com/images/thumb/7/7c/Get-Rid-of-Clover-Mites-Step-4-Version-3.jpg/v4-460px-Get-Rid-of-Clover-Mites-Step-4-Version-3.jpg", "vid": null}, "5": {"text": "Water dry areas of your lawn where clover mites like to lay eggs.", "img": "https://www.wikihow.com/images/thumb/b/bb/Get-Rid-of-Clover-Mites-Step-5-Version-3.jpg/v4-460px-Get-Rid-of-Clover-Mites-Step-5-Version-3.jpg", "vid": null}, "6": {"text": "Coat individual plants with a liquid insecticide.", "img": "https://www.wikihow.com/images/thumb/4/4d/Get-Rid-of-Clover-Mites-Step-6-Version-3.jpg/v4-460px-Get-Rid-of-Clover-Mites-Step-6-Version-3.jpg", "vid": null}, "7": {"text": "Treat your entire lawn with a broad-range insecticide.", "img": "https://www.wikihow.com/images/thumb/1/1f/Get-Rid-of-Clover-Mites-Step-7-Version-3.jpg/v4-460px-Get-Rid-of-Clover-Mites-Step-7-Version-3.jpg", "vid": null}, "8": {"text": "Lay down strips of double-sided tape to capture the clover mites.", "img": "https://www.wikihow.com/images/thumb/3/35/Get-Rid-of-Clover-Mites-Step-8-Version-3.jpg/v4-460px-Get-Rid-of-Clover-Mites-Step-8-Version-3.jpg", "vid": null}, "9": {"text": "Cover your walls with insecticide to keep mites away.", "img": "https://www.wikihow.com/images/thumb/4/4e/Get-Rid-of-Clover-Mites-Step-9-Version-3.jpg/v4-460px-Get-Rid-of-Clover-Mites-Step-9-Version-3.jpg", "vid": null}, "10": {"text": "Sprinkle talc, diatomaceous earth, or baking soda around the entrances.", "img": "https://www.wikihow.com/images/thumb/b/bf/Get-Rid-of-Clover-Mites-Step-10-Version-3.jpg/v4-460px-Get-Rid-of-Clover-Mites-Step-10-Version-3.jpg", "vid": null}, "11": {"text": "Dig up the ground around your house to remove the mites\u2019 food source.", "img": "https://www.wikihow.com/images/thumb/d/d2/Get-Rid-of-Clover-Mites-Step-11-Version-3.jpg/v4-460px-Get-Rid-of-Clover-Mites-Step-11-Version-3.jpg", "vid": null}, "12": {"text": "Plant foliage that does not attract clover mites.", "img": "https://www.wikihow.com/images/thumb/2/29/Get-Rid-of-Clover-Mites-Step-12.jpg/v4-460px-Get-Rid-of-Clover-Mites-Step-12.jpg", "vid": null}}