{"video_url": "https://www.youtube.com/embed/0V6Eh8U-xqA?showinfo=0", "1": {"text": "Check the ingredients to see if the sanitizer is alcohol-based.", "img": "https://www.wikihow.com/images/thumb/e/e9/Get-Tree-Sap-Off-Your-Hands-Step-1-Version-4.jpg/v4-460px-Get-Tree-Sap-Off-Your-Hands-Step-1-Version-4.jpg", "vid": null}, "2": {"text": "Rub the hand sanitizer onto your hands to remove the sap.", "img": "https://www.wikihow.com/images/thumb/0/01/Get-Tree-Sap-Off-Your-Hands-Step-2-Version-4.jpg/v4-460px-Get-Tree-Sap-Off-Your-Hands-Step-2-Version-4.jpg", "vid": null}, "3": {"text": "Wipe down your saw or pruners with hand sanitizer if they\u2019re sticky.", "img": "https://www.wikihow.com/images/thumb/2/2c/Get-Tree-Sap-Off-Your-Hands-Step-3-Version-4.jpg/v4-460px-Get-Tree-Sap-Off-Your-Hands-Step-3-Version-4.jpg", "vid": null}, "4": {"text": "Use cooking oil, like vegetable, olive, or canola, or margarine to get it off.", "img": "https://www.wikihow.com/images/thumb/f/fd/Get-Tree-Sap-Off-Your-Hands-Step-4-Version-4.jpg/v4-460px-Get-Tree-Sap-Off-Your-Hands-Step-4-Version-4.jpg", "vid": null}, "5": {"text": "Put a spoonful of peanut butter on your hands.", "img": "https://www.wikihow.com/images/thumb/0/02/Get-Tree-Sap-Off-Your-Hands-Step-5-Version-4.jpg/v4-460px-Get-Tree-Sap-Off-Your-Hands-Step-5-Version-4.jpg", "vid": null}, "6": {"text": "Use toothpaste.", "img": "https://www.wikihow.com/images/thumb/d/de/Get-Tree-Sap-Off-Your-Hands-Step-6-Version-4.jpg/v4-460px-Get-Tree-Sap-Off-Your-Hands-Step-6-Version-4.jpg", "vid": null}, "7": {"text": "Try rubbing alcohol or nail polish remover for big patches.", "img": "https://www.wikihow.com/images/thumb/c/c8/Get-Tree-Sap-Off-Your-Hands-Step-7-Version-4.jpg/v4-460px-Get-Tree-Sap-Off-Your-Hands-Step-7-Version-4.jpg", "vid": null}, "8": {"text": "Try a little WD40.", "img": "https://www.wikihow.com/images/thumb/e/ea/Get-Tree-Sap-Off-Your-Hands-Step-8-Version-4.jpg/v4-460px-Get-Tree-Sap-Off-Your-Hands-Step-8-Version-4.jpg", "vid": null}, "9": {"text": "Make bath out of warm water, salt, and honey for a naturally softening clean.", "img": "https://www.wikihow.com/images/thumb/8/83/Get-Tree-Sap-Off-Your-Hands-Step-9-Version-4.jpg/v4-460px-Get-Tree-Sap-Off-Your-Hands-Step-9-Version-4.jpg", "vid": null}, "10": {"text": "Rub some loose dirt in the sap if you are in the wilderness.", "img": "https://www.wikihow.com/images/thumb/f/f1/Get-Tree-Sap-Off-Your-Hands-Step-10-Version-4.jpg/v4-460px-Get-Tree-Sap-Off-Your-Hands-Step-10-Version-4.jpg", "vid": null}, "11": {"text": "Always test your cleaning solution on a small section of the surface you're cleaning.", "img": "https://www.wikihow.com/images/thumb/e/e2/Get-Tree-Sap-Off-Your-Hands-Step-11-Version-4.jpg/v4-460px-Get-Tree-Sap-Off-Your-Hands-Step-11-Version-4.jpg", "vid": null}, "12": {"text": "Use isopropyl alcohol to get sap out of fabrics.", "img": "https://www.wikihow.com/images/thumb/d/d3/Get-Tree-Sap-Off-Your-Hands-Step-12-Version-3.jpg/v4-460px-Get-Tree-Sap-Off-Your-Hands-Step-12-Version-3.jpg", "vid": null}, "13": {"text": "Try mineral oil to remove sap safely from hard surfaces.", "img": "https://www.wikihow.com/images/thumb/0/0a/Get-Tree-Sap-Off-Your-Hands-Step-13-Version-3.jpg/v4-460px-Get-Tree-Sap-Off-Your-Hands-Step-13-Version-3.jpg", "vid": null}, "14": {"text": "Use bug-spray.", "img": "https://www.wikihow.com/images/thumb/3/3b/Get-Tree-Sap-Off-Your-Hands-Step-14.jpg/v4-460px-Get-Tree-Sap-Off-Your-Hands-Step-14.jpg", "vid": null}}