{"video_url": "https://www.youtube.com/embed/fJBzQ6P7SrE", "1": {"text": "Keep your home clean.", "img": "https://www.wikihow.com/images/thumb/5/57/Get-Rid-of-Mice-Naturally-Step-8-Version-2.jpg/v4-460px-Get-Rid-of-Mice-Naturally-Step-8-Version-2.jpg", "vid": null}, "2": {"text": "Apply peppermint oil.", "img": "https://www.wikihow.com/images/thumb/e/e8/Get-Rid-of-Mice-Naturally-Step-9-Version-2.jpg/v4-460px-Get-Rid-of-Mice-Naturally-Step-9-Version-2.jpg", "vid": null}, "3": {"text": "Use dried snake feces.", "img": "https://www.wikihow.com/images/thumb/1/18/Get-Rid-of-Mice-Naturally-Step-10-Version-3.jpg/v4-460px-Get-Rid-of-Mice-Naturally-Step-10-Version-3.jpg", "vid": null}, "4": {"text": "Zap mice with ultrasonic sounds.", "img": "https://www.wikihow.com/images/thumb/3/3a/Get-Rid-of-Mice-Naturally-Step-11-Version-2.jpg/v4-460px-Get-Rid-of-Mice-Naturally-Step-11-Version-2.jpg", "vid": null}, "5": {"text": "Use a commercial, organic deterrent.", "img": "https://www.wikihow.com/images/thumb/7/7b/Get-Rid-of-Mice-Naturally-Step-12-Version-3.jpg/v4-460px-Get-Rid-of-Mice-Naturally-Step-12-Version-3.jpg", "vid": null}, "6": {"text": "Get a cat.", "img": "https://www.wikihow.com/images/thumb/b/bc/Get-Rid-of-Mice-Naturally-Step-13-Version-2.jpg/v4-460px-Get-Rid-of-Mice-Naturally-Step-13-Version-2.jpg", "vid": null}, "7": {"text": "Put your trash cans far from your home.", "img": "https://www.wikihow.com/images/thumb/f/fc/Get-Rid-of-Mice-Naturally-Step-14-Version-2.jpg/v4-460px-Get-Rid-of-Mice-Naturally-Step-14-Version-2.jpg", "vid": null}, "8": {"text": "Promote the nesting of birds of prey in your yard.", "img": "https://www.wikihow.com/images/thumb/c/cc/Get-Rid-of-Mice-Naturally-Step-15-Version-3.jpg/v4-460px-Get-Rid-of-Mice-Naturally-Step-15-Version-3.jpg", "vid": null}, "9": {"text": "Find the location where the mice are entering.", "img": "https://www.wikihow.com/images/thumb/4/41/Get-Rid-of-Mice-Naturally-Step-1-Version-3.jpg/v4-460px-Get-Rid-of-Mice-Naturally-Step-1-Version-3.jpg", "vid": null}, "10": {"text": "Block up any holes in interior walls.", "img": "https://www.wikihow.com/images/thumb/0/05/Get-Rid-of-Mice-Naturally-Step-2-Version-2.jpg/v4-460px-Get-Rid-of-Mice-Naturally-Step-2-Version-2.jpg", "vid": null}, "11": {"text": "Seal the exterior entry points.", "img": "https://www.wikihow.com/images/thumb/a/a4/Get-Rid-of-Mice-Naturally-Step-3-Version-2.jpg/v4-460px-Get-Rid-of-Mice-Naturally-Step-3-Version-2.jpg", "vid": null}, "12": {"text": "Check entry points again.", "img": "https://www.wikihow.com/images/thumb/6/69/Get-Rid-of-Mice-Naturally-Step-4-Version-3.jpg/v4-460px-Get-Rid-of-Mice-Naturally-Step-4-Version-3.jpg", "vid": null}, "13": {"text": "Try a commercial live-catch trap.", "img": "https://www.wikihow.com/images/thumb/9/98/Get-Rid-of-Mice-Naturally-Step-5-Version-2.jpg/v4-460px-Get-Rid-of-Mice-Naturally-Step-5-Version-2.jpg", "vid": null}, "14": {"text": "Create a homemade humane trap.", "img": "https://www.wikihow.com/images/thumb/a/ae/Get-Rid-of-Mice-Naturally-Step-6-Version-3.jpg/v4-460px-Get-Rid-of-Mice-Naturally-Step-6-Version-3.jpg", "vid": null}, "15": {"text": "Lure the mouse into a container it can't get out of.", "img": "https://www.wikihow.com/images/thumb/c/c4/Take-Care-of-Goldfish-Step-1-Version-5.jpg/v4-460px-Take-Care-of-Goldfish-Step-1-Version-5.jpg", "vid": null}, "16": {"text": "Throw a towel over the mouse.", "img": "https://www.wikihow.com/images/thumb/c/c1/Get-Rid-of-Mice-Naturally-Step-7-Version-2.jpg/v4-460px-Get-Rid-of-Mice-Naturally-Step-7-Version-2.jpg", "vid": null}}