{"video_url": "https://www.youtube.com/embed/b4u0dSmcX-4", "1": {"text": "Stay home and get plenty of rest.", "img": "https://www.wikihow.com/images/thumb/f/fb/Get-Rid-of-a-Cold-Naturally-Fast-Step-1-Version-5.jpg/v4-460px-Get-Rid-of-a-Cold-Naturally-Fast-Step-1-Version-5.jpg", "vid": null}, "2": {"text": "Drink plenty of fluids to stay hydrated.", "img": "https://www.wikihow.com/images/thumb/6/67/Get-Rid-of-a-Cold-Naturally-Fast-Step-2-Version-5.jpg/v4-460px-Get-Rid-of-a-Cold-Naturally-Fast-Step-2-Version-5.jpg", "vid": null}, "3": {"text": "Gargle with warm saltwater to ease a sore throat.", "img": "https://www.wikihow.com/images/thumb/8/8d/Get-Rid-of-a-Cold-Naturally-Fast-Step-3-Version-4.jpg/v4-460px-Get-Rid-of-a-Cold-Naturally-Fast-Step-3-Version-4.jpg", "vid": null}, "4": {"text": "Humidify the air so your nose and throat don\u2019t dry out.", "img": "https://www.wikihow.com/images/thumb/9/93/Get-Rid-of-a-Cold-Naturally-Fast-Step-4-Version-5.jpg/v4-460px-Get-Rid-of-a-Cold-Naturally-Fast-Step-4-Version-5.jpg", "vid": null}, "5": {"text": "Sip warm liquids to soothe your throat and sinuses.", "img": "https://www.wikihow.com/images/thumb/e/e4/Get-Rid-of-a-Cold-Naturally-Fast-Step-5-Version-5.jpg/v4-460px-Get-Rid-of-a-Cold-Naturally-Fast-Step-5-Version-5.jpg", "vid": null}, "6": {"text": "Suppress your cough with honey.", "img": "https://www.wikihow.com/images/thumb/1/16/Get-Rid-of-a-Cold-Naturally-Fast-Step-6-Version-5.jpg/v4-460px-Get-Rid-of-a-Cold-Naturally-Fast-Step-6-Version-5.jpg", "vid": null}, "7": {"text": "Take a hot shower or bath and inhale the steam.", "img": "https://www.wikihow.com/images/thumb/0/08/Get-Rid-of-a-Cold-Naturally-Fast-Step-7-Version-5.jpg/v4-460px-Get-Rid-of-a-Cold-Naturally-Fast-Step-7-Version-5.jpg", "vid": null}, "8": {"text": "Inhale steam from a pot to draw out mucus.", "img": "https://www.wikihow.com/images/thumb/5/5d/Get-Rid-of-a-Cold-Naturally-Fast-Step-8-Version-5.jpg/v4-460px-Get-Rid-of-a-Cold-Naturally-Fast-Step-8-Version-5.jpg", "vid": null}, "9": {"text": "Rinse your sinuses with a neti pot.", "img": "https://www.wikihow.com/images/thumb/1/10/Get-Rid-of-a-Cold-Naturally-Fast-Step-9-Version-5.jpg/v4-460px-Get-Rid-of-a-Cold-Naturally-Fast-Step-9-Version-5.jpg", "vid": null}, "10": {"text": "Boost your vitamin C as soon as you feel cold symptoms starting.", "img": "https://www.wikihow.com/images/thumb/1/15/Get-Rid-of-a-Cold-Naturally-Fast-Step-10-Version-5.jpg/v4-460px-Get-Rid-of-a-Cold-Naturally-Fast-Step-10-Version-5.jpg", "vid": null}, "11": {"text": "Take echinacea early on to shorten the cold.", "img": "https://www.wikihow.com/images/thumb/3/37/Get-Rid-of-a-Cold-Naturally-Fast-Step-11-Version-5.jpg/v4-460px-Get-Rid-of-a-Cold-Naturally-Fast-Step-11-Version-5.jpg", "vid": null}, "12": {"text": "Ask your doctor before taking zinc supplements.", "img": "https://www.wikihow.com/images/thumb/5/52/Get-Rid-of-a-Cold-Naturally-Fast-Step-12-Version-5.jpg/v4-460px-Get-Rid-of-a-Cold-Naturally-Fast-Step-12-Version-5.jpg", "vid": null}, "13": {"text": "Try elderberry extract to shorten your symptoms.", "img": "https://www.wikihow.com/images/thumb/e/ec/Get-Rid-of-a-Cold-Naturally-Fast-Step-13-Version-3.jpg/v4-460px-Get-Rid-of-a-Cold-Naturally-Fast-Step-13-Version-3.jpg", "vid": null}, "14": {"text": "See if garlic helps prevent colds.", "img": "https://www.wikihow.com/images/thumb/7/7d/Get-Rid-of-a-Cold-Naturally-Fast-Step-14-Version-3.jpg/v4-460px-Get-Rid-of-a-Cold-Naturally-Fast-Step-14-Version-3.jpg", "vid": null}}