{"video_url": "https://www.youtube.com/embed/forb58jEWP4", "1": {"text": "Sweep up any berries or nuts that fall to the ground.", "img": "https://www.wikihow.com/images/thumb/3/3b/Get-Rid-of-Chipmunks-Step-1-Version-4.jpg/v4-460px-Get-Rid-of-Chipmunks-Step-1-Version-4.jpg", "vid": null}, "2": {"text": "Remove any rocks, vines, or piles of debris where the chipmunks may hide.", "img": "https://www.wikihow.com/images/thumb/8/8b/Get-Rid-of-Chipmunks-Step-2-Version-4.jpg/v4-460px-Get-Rid-of-Chipmunks-Step-2-Version-4.jpg", "vid": null}, "3": {"text": "Cut overgrown shrubs", "img": "https://www.wikihow.com/images/thumb/a/ab/Get-Rid-of-Chipmunks-Step-3-Version-4.jpg/v4-460px-Get-Rid-of-Chipmunks-Step-3-Version-4.jpg", "vid": null}, "4": {"text": "Install a wire-mesh fence around the plants in your garden.", "img": "https://www.wikihow.com/images/thumb/0/03/Get-Rid-of-Chipmunks-Step-4-Version-4.jpg/v4-460px-Get-Rid-of-Chipmunks-Step-4-Version-4.jpg", "vid": null}, "5": {"text": "Surround the area with a plant-free gravel border.", "img": "https://www.wikihow.com/images/thumb/5/54/Get-Rid-of-Chipmunks-Step-5-Version-4.jpg/v4-460px-Get-Rid-of-Chipmunks-Step-5-Version-4.jpg", "vid": null}, "6": {"text": "Spray a taste repellent on your plants if the chipmunks keep coming back.", "img": "https://www.wikihow.com/images/thumb/4/46/Get-Rid-of-Chipmunks-Step-6-Version-4.jpg/v4-460px-Get-Rid-of-Chipmunks-Step-6-Version-4.jpg", "vid": null}, "7": {"text": "Use an owl decoy to prevent chipmunks from entering your yard.", "img": "https://www.wikihow.com/images/thumb/a/a8/Get-Rid-of-Chipmunks-Step-7-Version-4.jpg/v4-460px-Get-Rid-of-Chipmunks-Step-7-Version-4.jpg", "vid": null}, "8": {"text": "Get a cat or a dog to scare away the chipmunks instead of using a decoy.", "img": "https://www.wikihow.com/images/thumb/5/5b/Get-Rid-of-Chipmunks-Step-8-Version-4.jpg/v4-460px-Get-Rid-of-Chipmunks-Step-8-Version-4.jpg", "vid": null}, "9": {"text": "Seal up any cracks or openings to your home.", "img": "https://www.wikihow.com/images/thumb/b/be/Get-Rid-of-Chipmunks-Step-9-Version-4.jpg/v4-460px-Get-Rid-of-Chipmunks-Step-9-Version-4.jpg", "vid": null}, "10": {"text": "Install an L-shaped footer to prevent chipmunks from burrowing.", "img": "https://www.wikihow.com/images/thumb/4/47/Get-Rid-of-Chipmunks-Step-10-Version-4.jpg/v4-460px-Get-Rid-of-Chipmunks-Step-10-Version-4.jpg", "vid": null}, "11": {"text": "Sprinkle moth flakes in areas where the chipmunks are seen.", "img": "https://www.wikihow.com/images/thumb/7/73/Get-Rid-of-Chipmunks-Step-11-Version-4.jpg/v4-460px-Get-Rid-of-Chipmunks-Step-11-Version-4.jpg", "vid": null}, "12": {"text": "Place bird feeders at least 15 feet (4.6\u00a0m) away from your house.", "img": "https://www.wikihow.com/images/thumb/3/3d/Get-Rid-of-Chipmunks-Step-12.jpg/v4-460px-Get-Rid-of-Chipmunks-Step-12.jpg", "vid": null}, "13": {"text": "Move your pets into a room and close the door.", "img": "https://www.wikihow.com/images/thumb/0/09/Get-Rid-of-Chipmunks-Step-13.jpg/v4-460px-Get-Rid-of-Chipmunks-Step-13.jpg", "vid": null}, "14": {"text": "Close all openings in your home except for a single door to the outside.", "img": "https://www.wikihow.com/images/thumb/a/a0/Get-Rid-of-Chipmunks-Step-14.jpg/v4-460px-Get-Rid-of-Chipmunks-Step-14.jpg", "vid": null}, "15": {"text": "Wait until the chipmunk leaves the house.", "img": "https://www.wikihow.com/images/thumb/2/21/Get-Rid-of-Chipmunks-Step-15.jpg/v4-460px-Get-Rid-of-Chipmunks-Step-15.jpg", "vid": null}, "16": {"text": "Lay a no-kill trap if the chipmunk doesn\u2019t leave by itself.", "img": "https://www.wikihow.com/images/thumb/7/7e/Get-Rid-of-Chipmunks-Step-16.jpg/v4-460px-Get-Rid-of-Chipmunks-Step-16.jpg", "vid": null}, "17": {"text": "Call a professional if the chipmunk is still stuck in your house.", "img": "https://www.wikihow.com/images/thumb/9/93/Get-Rid-of-Chipmunks-Step-17.jpg/v4-460px-Get-Rid-of-Chipmunks-Step-17.jpg", "vid": null}}