{"video_url": "https://www.youtube.com/embed/iQjeQ_C-hDE", "1": {"text": "De-clutter the room.", "img": "https://www.wikihow.com/images/thumb/0/0e/Get-Rid-of-Bed-Bugs-Naturally-Step-1-Version-2.jpg/v4-460px-Get-Rid-of-Bed-Bugs-Naturally-Step-1-Version-2.jpg", "vid": null}, "2": {"text": "Wash all bedding and clothing at high temperatures, and store them in plastic bags or bins to prevent re-infestation.", "img": "https://www.wikihow.com/images/thumb/7/7b/Get-Rid-of-Bed-Bugs-Naturally-Step-2-Version-2.jpg/v4-460px-Get-Rid-of-Bed-Bugs-Naturally-Step-2-Version-2.jpg", "vid": null}, "3": {"text": "Place everything you washed into plastic bins with tight fitting lids the instant you take them out of the dryer.", "img": "https://www.wikihow.com/images/thumb/9/9f/Get-Rid-of-Bed-Bugs-Naturally-Step-3-Version-2.jpg/v4-460px-Get-Rid-of-Bed-Bugs-Naturally-Step-3-Version-2.jpg", "vid": null}, "4": {"text": "Vacuum everything several times a week.", "img": "https://www.wikihow.com/images/thumb/3/33/Get-Rid-of-Bed-Bugs-Naturally-Step-4-Version-2.jpg/v4-460px-Get-Rid-of-Bed-Bugs-Naturally-Step-4-Version-2.jpg", "vid": null}, "5": {"text": "Dispose of the vacuum cleaner bag properly.", "img": "https://www.wikihow.com/images/thumb/b/bd/Get-Rid-of-Bed-Bugs-Naturally-Step-5-Version-2.jpg/v4-460px-Get-Rid-of-Bed-Bugs-Naturally-Step-5-Version-2.jpg", "vid": null}, "6": {"text": "Consider using a steam cleaner.", "img": "https://www.wikihow.com/images/thumb/1/1b/Get-Rid-of-Bed-Bugs-Naturally-Step-6-Version-2.jpg/v4-460px-Get-Rid-of-Bed-Bugs-Naturally-Step-6-Version-2.jpg", "vid": null}, "7": {"text": "Don't keep items that you can't salvage.", "img": "https://www.wikihow.com/images/thumb/d/d5/Get-Rid-of-Bed-Bugs-Naturally-Step-7.jpg/v4-460px-Get-Rid-of-Bed-Bugs-Naturally-Step-7.jpg", "vid": null}, "8": {"text": "Use fresh or dried eucalyptus, lavender, mint, and rosemary around your house.", "img": "https://www.wikihow.com/images/thumb/d/d4/Get-Rid-of-Bed-Bugs-Naturally-Step-8.jpg/v4-460px-Get-Rid-of-Bed-Bugs-Naturally-Step-8.jpg", "vid": null}, "9": {"text": "Try some essential oils.", "img": "https://www.wikihow.com/images/thumb/0/08/Get-Rid-of-Bed-Bugs-Naturally-Step-9.jpg/v4-460px-Get-Rid-of-Bed-Bugs-Naturally-Step-9.jpg", "vid": null}, "10": {"text": "Sprinkle some pesticide grade diatomaceous earth around your room, and in doorways/windows sills.", "img": "https://www.wikihow.com/images/thumb/0/0f/Get-Rid-of-Bed-Bugs-Naturally-Step-10.jpg/v4-460px-Get-Rid-of-Bed-Bugs-Naturally-Step-10.jpg", "vid": null}, "11": {"text": "Try dryer sheets on your mattress.", "img": "https://www.wikihow.com/images/thumb/6/6e/Get-Rid-of-Bed-Bugs-Naturally-Step-11.jpg/v4-460px-Get-Rid-of-Bed-Bugs-Naturally-Step-11.jpg", "vid": null}, "12": {"text": "Get some non-permeable mattress and pillow covers.", "img": "https://www.wikihow.com/images/thumb/7/74/Get-Rid-of-Bed-Bugs-Naturally-Step-12.jpg/v4-460px-Get-Rid-of-Bed-Bugs-Naturally-Step-12.jpg", "vid": null}, "13": {"text": "Buy some bug interceptors, and install them beneath all four feet of your bed frame.", "img": "https://www.wikihow.com/images/thumb/2/27/Get-Rid-of-Bed-Bugs-Naturally-Step-13.jpg/v4-460px-Get-Rid-of-Bed-Bugs-Naturally-Step-13.jpg", "vid": null}}