{"video_url": "https://www.youtube.com/embed/axx49dFFsQ0?showinfo=0", "1": {"text": "Practice good personal hygiene.", "img": "https://www.wikihow.com/images/thumb/1/12/Get-Someone-to-Like-You-Step-1-Version-6.jpg/v4-460px-Get-Someone-to-Like-You-Step-1-Version-6.jpg", "vid": null}, "2": {"text": "Smile when you see them.", "img": "https://www.wikihow.com/images/thumb/1/1b/Get-Someone-to-Like-You-Step-2-Version-6.jpg/v4-460px-Get-Someone-to-Like-You-Step-2-Version-6.jpg", "vid": null}, "3": {"text": "Display good posture and open body language.", "img": "https://www.wikihow.com/images/thumb/6/64/Get-Someone-to-Like-You-Step-3-Version-6.jpg/v4-460px-Get-Someone-to-Like-You-Step-3-Version-6.jpg", "vid": null}, "4": {"text": "Remember their name and something about them.", "img": "https://www.wikihow.com/images/thumb/6/64/Get-Someone-to-Like-You-Step-4-Version-6.jpg/v4-460px-Get-Someone-to-Like-You-Step-4-Version-6.jpg", "vid": null}, "5": {"text": "Respect others' boundaries and personal space.", "img": "https://www.wikihow.com/images/thumb/2/23/Get-Someone-to-Like-You-Step-5-Version-6.jpg/v4-460px-Get-Someone-to-Like-You-Step-5-Version-6.jpg", "vid": null}, "6": {"text": "Get them talking about their hobbies and interests.", "img": "https://www.wikihow.com/images/thumb/f/f2/Get-Someone-to-Like-You-Step-6-Version-6.jpg/v4-460px-Get-Someone-to-Like-You-Step-6-Version-6.jpg", "vid": null}, "7": {"text": "Make a thoughtful gesture.", "img": "https://www.wikihow.com/images/thumb/6/62/Get-Someone-to-Like-You-Step-7-Version-6.jpg/v4-460px-Get-Someone-to-Like-You-Step-7-Version-6.jpg", "vid": null}, "8": {"text": "Be an attentive  listener.", "img": "https://www.wikihow.com/images/thumb/4/44/Get-Someone-to-Like-You-Step-8-Version-6.jpg/v4-460px-Get-Someone-to-Like-You-Step-8-Version-6.jpg", "vid": null}, "9": {"text": "Pay them a compliment.", "img": "https://www.wikihow.com/images/thumb/9/96/Get-Someone-to-Like-You-Step-9-Version-6.jpg/v4-460px-Get-Someone-to-Like-You-Step-9-Version-6.jpg", "vid": null}, "10": {"text": "Make them laugh.", "img": "https://www.wikihow.com/images/thumb/a/a7/Get-Someone-to-Like-You-Step-10-Version-6.jpg/v4-460px-Get-Someone-to-Like-You-Step-10-Version-6.jpg", "vid": null}, "11": {"text": "Ask them for help or advice.", "img": "https://www.wikihow.com/images/thumb/1/1c/Get-Someone-to-Like-You-Step-11-Version-2.jpg/v4-460px-Get-Someone-to-Like-You-Step-11-Version-2.jpg", "vid": null}, "12": {"text": "Do a favor.", "img": "https://www.wikihow.com/images/thumb/3/35/Get-Someone-to-Like-You-Step-12-Version-3.jpg/v4-460px-Get-Someone-to-Like-You-Step-12-Version-3.jpg", "vid": null}, "13": {"text": "Prioritize spending time with them.", "img": "https://www.wikihow.com/images/thumb/d/df/Get-Someone-to-Like-You-Step-13-Version-3.jpg/v4-460px-Get-Someone-to-Like-You-Step-13-Version-3.jpg", "vid": null}, "14": {"text": "Let your quirks show.", "img": "https://www.wikihow.com/images/thumb/5/5d/Get-Someone-to-Like-You-Step-14-Version-3.jpg/v4-460px-Get-Someone-to-Like-You-Step-14-Version-3.jpg", "vid": null}, "15": {"text": "Communicate honestly, but with tact.", "img": "https://www.wikihow.com/images/thumb/3/31/Get-Someone-to-Like-You-Step-15.jpg/v4-460px-Get-Someone-to-Like-You-Step-15.jpg", "vid": null}, "16": {"text": "Stand behind your values and beliefs.", "img": "https://www.wikihow.com/images/thumb/9/90/Get-Someone-to-Like-You-Step-16.jpg/v4-460px-Get-Someone-to-Like-You-Step-16.jpg", "vid": null}, "17": {"text": "Respect yourself.", "img": "https://www.wikihow.com/images/thumb/a/a9/Get-Someone-to-Like-You-Step-17.jpg/v4-460px-Get-Someone-to-Like-You-Step-17.jpg", "vid": null}}