{"video_url": "https://www.youtube.com/embed/onrSt_tdWrk?showinfo=0", "1": {"text": "Try using Bacillus thuringiensis var kurstaki (BTk).", "img": "https://www.wikihow.com/images/thumb/f/f2/Get-Rid-of-Caterpillars-Step-1.jpg/v4-460px-Get-Rid-of-Caterpillars-Step-1.jpg", "vid": null}, "2": {"text": "Make the area attractive to birds.", "img": "https://www.wikihow.com/images/thumb/4/46/Get-Rid-of-Caterpillars-Step-2.jpg/v4-460px-Get-Rid-of-Caterpillars-Step-2.jpg", "vid": null}, "3": {"text": "Use burlap to catch caterpillars living in a tree.", "img": "https://www.wikihow.com/images/thumb/6/6a/Get-Rid-of-Caterpillars-Step-3.jpg/v4-460px-Get-Rid-of-Caterpillars-Step-3.jpg", "vid": null}, "4": {"text": "Drown the caterpillars.", "img": "https://www.wikihow.com/images/thumb/9/9a/Get-Rid-of-Caterpillars-Step-4.jpg/v4-460px-Get-Rid-of-Caterpillars-Step-4.jpg", "vid": null}, "5": {"text": "Collect the caterpillars and move them elsewhere.", "img": "https://www.wikihow.com/images/thumb/e/e3/Get-Rid-of-Caterpillars-Step-5.jpg/v4-460px-Get-Rid-of-Caterpillars-Step-5.jpg", "vid": null}, "6": {"text": "Try pyrethrins.", "img": "https://www.wikihow.com/images/thumb/5/58/Get-Rid-of-Caterpillars-Step-6.jpg/v4-460px-Get-Rid-of-Caterpillars-Step-6.jpg", "vid": null}, "7": {"text": "Make an insecticidal soap spray.", "img": "https://www.wikihow.com/images/thumb/c/c1/Get-Rid-of-Caterpillars-Step-7.jpg/v4-460px-Get-Rid-of-Caterpillars-Step-7.jpg", "vid": null}, "8": {"text": "Purchase a commercial garden pesticide.", "img": "https://www.wikihow.com/images/thumb/1/18/Get-Rid-of-Caterpillars-Step-8.jpg/v4-460px-Get-Rid-of-Caterpillars-Step-8.jpg", "vid": null}, "9": {"text": "Add some plants that attract beneficial insects to your garden.", "img": "https://www.wikihow.com/images/thumb/2/2b/Get-Rid-of-Caterpillars-Step-9.jpg/v4-460px-Get-Rid-of-Caterpillars-Step-9.jpg", "vid": null}, "10": {"text": "Use an insect barrier.", "img": "https://www.wikihow.com/images/thumb/8/8f/Get-Rid-of-Caterpillars-Step-10.jpg/v4-460px-Get-Rid-of-Caterpillars-Step-10.jpg", "vid": null}, "11": {"text": "Identify caterpillars.", "img": "https://www.wikihow.com/images/thumb/c/c4/Get-Rid-of-Caterpillars-Step-11.jpg/v4-460px-Get-Rid-of-Caterpillars-Step-11.jpg", "vid": null}}