{"video_url": "https://www.youtube.com/embed/DxM7aFEGWrE?showinfo=0", "1": {"text": "Vacuum up individual ladybugs if there are just a few.", "img": "https://www.wikihow.com/images/thumb/1/1a/Get-Rid-of-Ladybugs-Step-1-Version-2.jpg/v4-460px-Get-Rid-of-Ladybugs-Step-1-Version-2.jpg", "vid": null}, "2": {"text": "Spray vinegar where you spot ladybugs to remove the pheromone trail.", "img": "https://www.wikihow.com/images/thumb/3/3e/Get-Rid-of-Ladybugs-Step-2-Version-2.jpg/v4-460px-Get-Rid-of-Ladybugs-Step-2-Version-2.jpg", "vid": null}, "3": {"text": "Prepare a bowl of dish soap and water to trap ladybugs.", "img": "https://www.wikihow.com/images/thumb/8/80/Get-Rid-of-Ladybugs-Step-3-Version-2.jpg/v4-460px-Get-Rid-of-Ladybugs-Step-3-Version-2.jpg", "vid": null}, "4": {"text": "Set up a light trap to remove ladybugs from dark areas.", "img": "https://www.wikihow.com/images/thumb/d/d3/Get-Rid-of-Ladybugs-Step-4-Version-2.jpg/v4-460px-Get-Rid-of-Ladybugs-Step-4-Version-2.jpg", "vid": null}, "5": {"text": "Use an aerosol insecticide to kill large indoor infestations quickly.", "img": "https://www.wikihow.com/images/thumb/4/4a/Get-Rid-of-Ladybugs-Step-5-Version-2.jpg/v4-460px-Get-Rid-of-Ladybugs-Step-5-Version-2.jpg", "vid": null}, "6": {"text": "Hire a pest control professional if the infestation is too difficult to manage.", "img": "https://www.wikihow.com/images/thumb/4/47/Get-Rid-of-Ladybugs-Step-6-Version-2.jpg/v4-460px-Get-Rid-of-Ladybugs-Step-6-Version-2.jpg", "vid": null}, "7": {"text": "Use citronella candles and citrus oils to deter ladybugs using scent.", "img": "https://www.wikihow.com/images/thumb/9/9f/Get-Rid-of-Ladybugs-Step-7-Version-2.jpg/v4-460px-Get-Rid-of-Ladybugs-Step-7-Version-2.jpg", "vid": null}, "8": {"text": "Place a bag of cloves or bay leaves around entrances to your home.", "img": "https://www.wikihow.com/images/thumb/f/f8/Get-Rid-of-Ladybugs-Step-8-Version-2.jpg/v4-460px-Get-Rid-of-Ladybugs-Step-8-Version-2.jpg", "vid": null}, "9": {"text": "Place weatherstripping along entrance seals to minimize openings.", "img": "https://www.wikihow.com/images/thumb/c/ca/Get-Rid-of-Ladybugs-Step-9-Version-2.jpg/v4-460px-Get-Rid-of-Ladybugs-Step-9-Version-2.jpg", "vid": null}, "10": {"text": "Install window screens", "img": "https://www.wikihow.com/images/thumb/6/66/Get-Rid-of-Ladybugs-Step-10-Version-2.jpg/v4-460px-Get-Rid-of-Ladybugs-Step-10-Version-2.jpg", "vid": null}, "11": {"text": "Caulk", "img": "https://www.wikihow.com/images/thumb/6/67/Get-Rid-of-Ladybugs-Step-11-Version-2.jpg/v4-460px-Get-Rid-of-Ladybugs-Step-11-Version-2.jpg", "vid": null}, "12": {"text": "Sprinkle diatomaceous earth around the yard or garden perimeter.", "img": "https://www.wikihow.com/images/thumb/5/5f/Get-Rid-of-Ladybugs-Step-12-Version-2.jpg/v4-460px-Get-Rid-of-Ladybugs-Step-12-Version-2.jpg", "vid": null}, "13": {"text": "Plant Mums around your yard or garden to repel ladybugs.", "img": "https://www.wikihow.com/images/thumb/5/5f/Get-Rid-of-Ladybugs-Step-13-Version-2.jpg/v4-460px-Get-Rid-of-Ladybugs-Step-13-Version-2.jpg", "vid": null}, "14": {"text": "Use an outdoor insecticide if the infestation is difficult to control.", "img": "https://www.wikihow.com/images/thumb/5/59/Get-Rid-of-Ladybugs-Step-14-Version-2.jpg/v4-460px-Get-Rid-of-Ladybugs-Step-14-Version-2.jpg", "vid": null}}