{"video_url": "https://www.youtube.com/embed/ISNXziiqcYc", "1": {"text": "Place your partner in a comfortable seated position.", "img": "https://www.wikihow.com/images/thumb/7/79/Give-a-Neck-Massage-Step-1-Version-7.jpg/v4-460px-Give-a-Neck-Massage-Step-1-Version-7.jpg", "vid": null}, "2": {"text": "Use light, long strokes.", "img": null, "vid": "/c/c4/Give a Neck Massage Step 2 Version 5.360p.mp4"}, "3": {"text": "Warm the muscles up.", "img": "https://www.wikihow.com/images/thumb/6/6d/Give-a-Neck-Massage-Step-3-Version-7.jpg/v4-460px-Give-a-Neck-Massage-Step-3-Version-7.jpg", "vid": null}, "4": {"text": "Knead your thumbs into the tense muscles.", "img": null, "vid": "/f/f6/Give a Neck Massage Step 4 Version 5.360p.mp4"}, "5": {"text": "Glide your fingers up and down the neck.", "img": null, "vid": "/a/aa/Give a Neck Massage Step 5 Version 5.360p.mp4"}, "6": {"text": "Pinch along the back of the neck.", "img": null, "vid": "/e/ea/Give a Neck Massage Step 6 Version 5.360p.mp4"}, "7": {"text": "Glide your hands down the sides of the neck.", "img": null, "vid": "/d/db/Give a Neck Massage Step 7 Version 4.360p.mp4"}, "8": {"text": "Apply pressure to the outsides of the shoulder blades.", "img": null, "vid": "/3/35/Give a Neck Massage Step 8 Version 4.360p.mp4"}, "9": {"text": "Use the heel of your palm between the shoulder blades.", "img": null, "vid": "/8/8a/Give a Neck Massage Step 9 Version 3.360p.mp4"}, "10": {"text": "Massage just under the collar bone.", "img": null, "vid": "/0/03/Give a Neck Massage Step 10 Version 3.360p.mp4"}, "11": {"text": "Massage the upper arms.", "img": null, "vid": "/6/68/Give a Neck Massage Step 11 Version 5.360p.mp4"}, "12": {"text": "Cycle through these motions in an un-patterned manner.", "img": null, "vid": "/1/18/Give a Neck Massage Step 12 Version 5.360p.mp4"}, "13": {"text": "Use all parts of your hand.", "img": "https://www.wikihow.com/images/thumb/e/e5/Give-a-Neck-Massage-Step-13-Version-7.jpg/v4-460px-Give-a-Neck-Massage-Step-13-Version-7.jpg", "vid": null}, "14": {"text": "Do not massage your partner's bones.", "img": "https://www.wikihow.com/images/thumb/f/f8/Give-a-Neck-Massage-Step-14-Version-5.jpg/v4-460px-Give-a-Neck-Massage-Step-14-Version-5.jpg", "vid": null}, "15": {"text": "Continue for as long as necessary.", "img": null, "vid": "/b/bb/Give a Neck Massage Step 15 Version 5.360p.mp4"}, "16": {"text": "Place your partner in the supine position.", "img": "https://www.wikihow.com/images/thumb/1/11/Give-a-Neck-Massage-Step-16-Version-6.jpg/v4-460px-Give-a-Neck-Massage-Step-16-Version-6.jpg", "vid": null}, "17": {"text": "Choose a massage oil or lotion.", "img": "https://www.wikihow.com/images/thumb/d/d5/Give-a-Neck-Massage-Step-17-Version-4.jpg/v4-460px-Give-a-Neck-Massage-Step-17-Version-4.jpg", "vid": null}, "18": {"text": "Warm up gently.", "img": null, "vid": "/5/57/Give a Neck Massage Step 18 Version 3.360p.mp4"}, "19": {"text": "Apply more focused pressure to the neck.", "img": null, "vid": "/e/e7/Give a Neck Massage Step 19 Version 3.360p.mp4"}, "20": {"text": "Work the neck and shoulders with your thumbs.", "img": null, "vid": "/6/62/Give a Neck Massage Step 20 Version 3.360p.mp4"}, "21": {"text": "Massage the chest.", "img": null, "vid": "/a/a3/Give a Neck Massage Step 21 Version 3.360p.mp4"}, "22": {"text": "Apply rolling pressure under the neck.", "img": null, "vid": "/a/a6/Give a Neck Massage Step 22 Version 3.360p.mp4"}, "23": {"text": "Focus on each side of the neck.", "img": null, "vid": "/0/0e/Give a Neck Massage Step 23 Version 3.360p.mp4"}, "24": {"text": "Apply deep tissue pressure to the sides of the neck.", "img": null, "vid": "/4/47/Give a Neck Massage Step 24 Version 3.360p.mp4"}, "25": {"text": "Work your fingertips in circular motions behind the ears.", "img": null, "vid": "/8/8d/Give a Neck Massage Step 25 Version 3.360p.mp4"}, "26": {"text": "Massage the muscles just above the collarbone.", "img": null, "vid": "/e/e7/Give a Neck Massage Step 26 Version 3.360p.mp4"}}