{"video_url": "https://www.youtube.com/embed/HrnODGcZG6E?showinfo=0", "1": {"text": "Wash the zucchini.", "img": "https://www.wikihow.com/images/thumb/6/6c/Grate-Zucchini-Step-1-Version-2.jpg/v4-460px-Grate-Zucchini-Step-1-Version-2.jpg", "vid": null}, "2": {"text": "Trim off the ends.", "img": null, "vid": "/b/b8/Grate Zucchini Step 2.360p.mp4"}, "3": {"text": "Remove the seeds.", "img": null, "vid": "/8/88/Grate Zucchini Step 3.360p.mp4"}, "4": {"text": "Select either a plank grater or a box grater.", "img": "https://www.wikihow.com/images/thumb/5/54/Grate-Zucchini-Step-4-Version-2.jpg/v4-460px-Grate-Zucchini-Step-4-Version-2.jpg", "vid": null}, "5": {"text": "Choose the style of grated zucchini you'd like.", "img": "https://www.wikihow.com/images/thumb/6/6b/Grate-Zucchini-Step-5-Version-2.jpg/v4-460px-Grate-Zucchini-Step-5-Version-2.jpg", "vid": null}, "6": {"text": "Hold the utensil firmly in one hand.", "img": null, "vid": "/d/d2/Grate Zucchini Step 6.360p.mp4"}, "7": {"text": "Be careful as you get close to your fingers.", "img": null, "vid": "/e/e0/Grate Zucchini Step 7.360p.mp4"}, "8": {"text": "Set up your food processor.", "img": "https://www.wikihow.com/images/thumb/6/60/Grate-Zucchini-Step-8-Version-2.jpg/v4-460px-Grate-Zucchini-Step-8-Version-2.jpg", "vid": null}, "9": {"text": "Prepare the zucchini.", "img": "https://www.wikihow.com/images/thumb/a/ad/Grate-Zucchini-Step-9-Version-2.jpg/v4-460px-Grate-Zucchini-Step-9-Version-2.jpg", "vid": null}, "10": {"text": "Turn the machine on and feed the zucchini into the food chute.", "img": "https://www.wikihow.com/images/thumb/2/23/Grate-Zucchini-Step-10.jpg/v4-460px-Grate-Zucchini-Step-10.jpg", "vid": null}}