{"video_url": "https://www.youtube.com/embed/xxJk03hMTSE?showinfo=0", "1": {"text": "Buy large frozen or fresh shrimp.", "img": "https://www.wikihow.com/images/thumb/1/1b/Grill-Shrimp-Step-1-Version-3.jpg/v4-460px-Grill-Shrimp-Step-1-Version-3.jpg", "vid": null}, "2": {"text": "Thaw the shrimp if they are frozen.", "img": "https://www.wikihow.com/images/thumb/2/2b/Grill-Shrimp-Step-2-Version-2.jpg/v4-460px-Grill-Shrimp-Step-2-Version-2.jpg", "vid": null}, "3": {"text": "Peel the shrimp if you have to devein them.", "img": null, "vid": "/8/81/Grill Shrimp Step 3 Version 3.360p.mp4"}, "4": {"text": "Devein the shrimp if necessary.", "img": null, "vid": "/1/10/Grill Shrimp Step 4 Version 3.360p.mp4"}, "5": {"text": "Coat the shrimp with olive oil and sprinkle salt, pepper, and lemon juice.", "img": null, "vid": "/9/9d/Grill Shrimp Step 5 Version 3.360p.mp4"}, "6": {"text": "Marinate your shrimp for extra flavor.", "img": null, "vid": "/9/92/Grill Shrimp Step 6 Version 3.360p.mp4"}, "7": {"text": "Skewer the shrimp.", "img": null, "vid": "/f/fe/Grill Shrimp Step 7 Version 3.360p.mp4"}, "8": {"text": "Preheat the grill to 350\u2013450\u00a0\u00b0F (177\u2013232\u00a0\u00b0C).", "img": null, "vid": "/b/b4/Grill Shrimp Step 8.360p.mp4"}, "9": {"text": "Place the shrimp on the grill for 3 minutes.", "img": null, "vid": "/0/05/Grill Shrimp Step 9.360p.mp4"}, "10": {"text": "Flip the shrimp over and cook for another 3 minutes.", "img": null, "vid": "/6/69/Grill Shrimp Step 10.360p.mp4"}, "11": {"text": "Remove the shrimp from the grill and serve them.", "img": "https://www.wikihow.com/images/thumb/e/e4/Grill-Shrimp-Step-11.jpg/v4-460px-Grill-Shrimp-Step-11.jpg", "vid": null}, "12": {"text": "Set your grill to 350\u2013450\u00a0\u00b0F (177\u2013232\u00a0\u00b0C).", "img": "https://www.wikihow.com/images/thumb/b/ba/Grill-Shrimp-Step-12.jpg/v4-460px-Grill-Shrimp-Step-12.jpg", "vid": null}, "13": {"text": "Place the shrimp in a piece of foil.", "img": null, "vid": "/f/f1/Grill Shrimp Step 13.360p.mp4"}, "14": {"text": "Fold up the sides of the foil to create a packet.", "img": null, "vid": "/d/d2/Grill Shrimp Step 14.360p.mp4"}, "15": {"text": "Place the foil packet on the grill for 10-15 minutes.", "img": null, "vid": "/f/fe/Grill Shrimp Step 15.360p.mp4"}, "16": {"text": "Unwrap the foil and serve immediately.", "img": null, "vid": "/8/89/Grill Shrimp Step 16.360p.mp4"}}