{"video_url": "https://www.youtube.com/embed/BdEon7z5PZA", "1": {"text": "Choose the species of pine that is the best for your soil and your climate.", "img": "https://www.wikihow.com/images/thumb/9/9c/Grow-Pine-Trees-Step-1-Version-6.jpg/v4-460px-Grow-Pine-Trees-Step-1-Version-6.jpg", "vid": null}, "2": {"text": "Decide between using bare-root seedlings or seedlings grown in a container.", "img": "https://www.wikihow.com/images/thumb/b/b7/Grow-Pine-Trees-Step-2-Version-6.jpg/v4-460px-Grow-Pine-Trees-Step-2-Version-6.jpg", "vid": null}, "3": {"text": "Lightly water the root system and rearrange it if necessary.", "img": "https://www.wikihow.com/images/thumb/6/65/Grow-Pine-Trees-Step-3-Version-6.jpg/v4-460px-Grow-Pine-Trees-Step-3-Version-6.jpg", "vid": null}, "4": {"text": "Choose the right area to plant your pine tree.", "img": "https://www.wikihow.com/images/thumb/f/f5/Grow-Pine-Trees-Step-4-Version-6.jpg/v4-460px-Grow-Pine-Trees-Step-4-Version-6.jpg", "vid": null}, "5": {"text": "Choose a good day for planting.", "img": "https://www.wikihow.com/images/thumb/d/d5/Grow-Pine-Trees-Step-5-Version-6.jpg/v4-460px-Grow-Pine-Trees-Step-5-Version-6.jpg", "vid": null}, "6": {"text": "Dig a hole larger than the root system and fill the bottom with topsoil.", "img": "https://www.wikihow.com/images/thumb/a/a9/Grow-Pine-Trees-Step-6-Version-6.jpg/v4-460px-Grow-Pine-Trees-Step-6-Version-6.jpg", "vid": null}, "7": {"text": "Remove the container or burlap from the seedling.", "img": "https://www.wikihow.com/images/thumb/d/d2/Grow-Pine-Trees-Step-7-Version-6.jpg/v4-460px-Grow-Pine-Trees-Step-7-Version-6.jpg", "vid": null}, "8": {"text": "Place the pine tree roots carefully at the bottom and cover with soil.", "img": "https://www.wikihow.com/images/thumb/3/32/Grow-Pine-Trees-Step-8-Version-6.jpg/v4-460px-Grow-Pine-Trees-Step-8-Version-6.jpg", "vid": null}, "9": {"text": "Lightly stake only if the tree cannot support itself", "img": "https://www.wikihow.com/images/thumb/d/d9/Grow-Pine-Trees-Step-9-Version-6.jpg/v4-460px-Grow-Pine-Trees-Step-9-Version-6.jpg", "vid": null}, "10": {"text": "Protect young pines from hot sun.", "img": "https://www.wikihow.com/images/thumb/2/20/Grow-Pine-Trees-Step-10-Version-6.jpg/v4-460px-Grow-Pine-Trees-Step-10-Version-6.jpg", "vid": null}, "11": {"text": "Mulch around the tree frequently", "img": "https://www.wikihow.com/images/thumb/f/f8/Grow-Pine-Trees-Step-11-Version-6.jpg/v4-460px-Grow-Pine-Trees-Step-11-Version-6.jpg", "vid": null}, "12": {"text": "Water as needed depending upon type of pine, weather conditions, and soil.", "img": "https://www.wikihow.com/images/thumb/e/ef/Grow-Pine-Trees-Step-12-Version-6.jpg/v4-460px-Grow-Pine-Trees-Step-12-Version-6.jpg", "vid": null}, "13": {"text": "Protect the young pine trees from animals.", "img": "https://www.wikihow.com/images/thumb/9/9e/Grow-Pine-Trees-Step-13-Version-6.jpg/v4-460px-Grow-Pine-Trees-Step-13-Version-6.jpg", "vid": null}, "14": {"text": "Protect young pine trees from pests.", "img": "https://www.wikihow.com/images/thumb/f/f8/Clean-Black-Mold-Step-3-Version-2.jpg/v4-460px-Clean-Black-Mold-Step-3-Version-2.jpg", "vid": null}, "15": {"text": "Prune dead or diseased branches only", "img": "https://www.wikihow.com/images/thumb/4/4d/Grow-Pine-Trees-Step-14-Version-6.jpg/v4-460px-Grow-Pine-Trees-Step-14-Version-6.jpg", "vid": null}, "16": {"text": "Understand how long this method takes.", "img": "https://www.wikihow.com/images/thumb/9/95/Grow-Pine-Trees-Step-15-Version-6.jpg/v4-460px-Grow-Pine-Trees-Step-15-Version-6.jpg", "vid": null}, "17": {"text": "Collect large pine cones.", "img": "https://www.wikihow.com/images/thumb/0/0a/Grow-Pine-Trees-Step-16-Version-4.jpg/v4-460px-Grow-Pine-Trees-Step-16-Version-4.jpg", "vid": null}, "18": {"text": "Spread the cones out on a dry, warm surface.", "img": "https://www.wikihow.com/images/thumb/1/19/Grow-Pine-Trees-Step-17-Version-4.jpg/v4-460px-Grow-Pine-Trees-Step-17-Version-4.jpg", "vid": null}, "19": {"text": "Extract the seeds.", "img": "https://www.wikihow.com/images/thumb/8/8c/Grow-Pine-Trees-Step-18-Version-4.jpg/v4-460px-Grow-Pine-Trees-Step-18-Version-4.jpg", "vid": null}, "20": {"text": "Put the seeds in a clear, water-filled container for 24\u201348 hours.", "img": "https://www.wikihow.com/images/thumb/4/4f/Grow-Pine-Trees-Step-19-Version-4.jpg/v4-460px-Grow-Pine-Trees-Step-19-Version-4.jpg", "vid": null}, "21": {"text": "Decide whether to store the seeds before planting.", "img": "https://www.wikihow.com/images/thumb/1/18/Grow-Pine-Trees-Step-20-Version-4.jpg/v4-460px-Grow-Pine-Trees-Step-20-Version-4.jpg", "vid": null}, "22": {"text": "For a small quantity of seeds, store between moist paper towels.", "img": "https://www.wikihow.com/images/thumb/9/94/Grow-Pine-Trees-Step-21-Version-4.jpg/v4-460px-Grow-Pine-Trees-Step-21-Version-4.jpg", "vid": null}, "23": {"text": "For a large quantity of seeds, store in a cheesecloth bag.", "img": "https://www.wikihow.com/images/thumb/c/cb/Grow-Pine-Trees-Step-22-Version-4.jpg/v4-460px-Grow-Pine-Trees-Step-22-Version-4.jpg", "vid": null}, "24": {"text": "Check your seeds weekly for sprouting.", "img": "https://www.wikihow.com/images/thumb/f/f5/Grow-Pine-Trees-Step-23-Version-4.jpg/v4-460px-Grow-Pine-Trees-Step-23-Version-4.jpg", "vid": null}, "25": {"text": "Plant the seeds in a tube or pot with a pine tree potting mix.", "img": "https://www.wikihow.com/images/thumb/3/30/Grow-Pine-Trees-Step-24-Version-4.jpg/v4-460px-Grow-Pine-Trees-Step-24-Version-4.jpg", "vid": null}, "26": {"text": "Care for your seedling.", "img": "https://www.wikihow.com/images/thumb/9/9c/Grow-Pine-Trees-Step-25-Version-4.jpg/v4-460px-Grow-Pine-Trees-Step-25-Version-4.jpg", "vid": null}}