{"video_url": "https://www.youtube.com/embed/GKzD63NZ-kQ?showinfo=0", "1": {"text": "Use seeds instead of seedlings.", "img": "https://www.wikihow.com/images/thumb/f/fb/Grow-Kidney-Beans-Step-1.jpg/v4-460px-Grow-Kidney-Beans-Step-1.jpg", "vid": null}, "2": {"text": "Choose a suitable location.", "img": "https://www.wikihow.com/images/thumb/b/b4/Grow-Kidney-Beans-Step-2.jpg/v4-460px-Grow-Kidney-Beans-Step-2.jpg", "vid": null}, "3": {"text": "Amend the soil.", "img": "https://www.wikihow.com/images/thumb/7/74/Grow-Kidney-Beans-Step-3.jpg/v4-460px-Grow-Kidney-Beans-Step-3.jpg", "vid": null}, "4": {"text": ", if necessary.", "img": "https://www.wikihow.com/images/thumb/f/fb/Grow-Kidney-Beans-Step-4.jpg/v4-460px-Grow-Kidney-Beans-Step-4.jpg", "vid": null}, "5": {"text": "Wait until after the last frost passes.", "img": "https://www.wikihow.com/images/thumb/9/91/Grow-Kidney-Beans-Step-5.jpg/v4-460px-Grow-Kidney-Beans-Step-5.jpg", "vid": null}, "6": {"text": "Plant the seeds deep enough.", "img": "https://www.wikihow.com/images/thumb/0/03/Grow-Kidney-Beans-Step-6.jpg/v4-460px-Grow-Kidney-Beans-Step-6.jpg", "vid": null}, "7": {"text": "Give the seeds enough space.", "img": "https://www.wikihow.com/images/thumb/c/c2/Grow-Kidney-Beans-Step-7.jpg/v4-460px-Grow-Kidney-Beans-Step-7.jpg", "vid": null}, "8": {"text": "Choose a large pot.", "img": "https://www.wikihow.com/images/thumb/d/d0/Grow-Kidney-Beans-Step-8.jpg/v4-460px-Grow-Kidney-Beans-Step-8.jpg", "vid": null}, "9": {"text": "Add extra gravel to the container.", "img": "https://www.wikihow.com/images/thumb/8/8e/Grow-Kidney-Beans-Step-9.jpg/v4-460px-Grow-Kidney-Beans-Step-9.jpg", "vid": null}, "10": {"text": "Plant the seeds deep enough.", "img": "https://www.wikihow.com/images/thumb/2/28/Grow-Kidney-Beans-Step-10.jpg/v4-460px-Grow-Kidney-Beans-Step-10.jpg", "vid": null}, "11": {"text": "Water only when the soil dries out.", "img": "https://www.wikihow.com/images/thumb/9/9f/Grow-Kidney-Beans-Step-11.jpg/v4-460px-Grow-Kidney-Beans-Step-11.jpg", "vid": null}, "12": {"text": "Avoid high-nitrogen fertilizers.", "img": "https://www.wikihow.com/images/thumb/0/00/Grow-Kidney-Beans-Step-12.jpg/v4-460px-Grow-Kidney-Beans-Step-12.jpg", "vid": null}, "13": {"text": "Be careful when removing weeds.", "img": "https://www.wikihow.com/images/thumb/8/8c/Grow-Kidney-Beans-Step-13.jpg/v4-460px-Grow-Kidney-Beans-Step-13.jpg", "vid": null}, "14": {"text": "Watch out for pests and disease.", "img": "https://www.wikihow.com/images/thumb/b/b5/Grow-Kidney-Beans-Step-14.jpg/v4-460px-Grow-Kidney-Beans-Step-14.jpg", "vid": null}, "15": {"text": "Collect all the beans at the end of the season.", "img": "https://www.wikihow.com/images/thumb/a/aa/Grow-Kidney-Beans-Step-15.jpg/v4-460px-Grow-Kidney-Beans-Step-15.jpg", "vid": null}, "16": {"text": "Pull plants early, if necessary.", "img": "https://www.wikihow.com/images/thumb/5/57/Grow-Kidney-Beans-Step-16.jpg/v4-460px-Grow-Kidney-Beans-Step-16.jpg", "vid": null}, "17": {"text": "Break the pods apart.", "img": "https://www.wikihow.com/images/thumb/b/bd/Grow-Kidney-Beans-Step-17.jpg/v4-460px-Grow-Kidney-Beans-Step-17.jpg", "vid": null}, "18": {"text": "Store the beans in a dark spot.", "img": "https://www.wikihow.com/images/thumb/9/9e/Grow-Kidney-Beans-Step-18.jpg/v4-460px-Grow-Kidney-Beans-Step-18.jpg", "vid": null}}