{"video_url": "https://www.youtube.com/embed/F9tn-vgdQ8U?showinfo=0", "1": {"text": "Plant directly in the ground, if possible.", "img": "https://www.wikihow.com/images/thumb/9/96/Grow-a-Tomato-Plant-Step-1-Version-2.jpg/v4-460px-Grow-a-Tomato-Plant-Step-1-Version-2.jpg", "vid": null}, "2": {"text": "Create raised beds.", "img": null, "vid": "/9/92/Grow a Tomato Plant Step 2 Version 2.360p.mp4"}, "3": {"text": "Use containers if you have limited space.", "img": null, "vid": "/c/ca/Grow a Tomato Plant Step 3 Version 2.360p.mp4"}, "4": {"text": "Install window boxes in upper-story windows.", "img": null, "vid": "/5/57/Grow a Tomato Plant Step 4 Version 2.360p.mp4"}, "5": {"text": "Hang your plant(s).", "img": null, "vid": "/f/f0/Grow a Tomato Plant Step 5 Version 2.360p.mp4"}, "6": {"text": "Buy your plants.", "img": null, "vid": null}, "7": {"text": "Add lots of compost to the garden soil.", "img": "https://www.wikihow.com/images/thumb/4/4b/Grow-a-Tomato-Plant-Step-10-Version-3.jpg/v4-460px-Grow-a-Tomato-Plant-Step-10-Version-3.jpg", "vid": null}, "8": {"text": "Monitor the soil pH", "img": null, "vid": "/d/d9/Grow a Tomato Plant Step 12 Version 2.360p.mp4"}, "9": {"text": "Choose a sunny spot.", "img": null, "vid": "/8/82/Grow a Tomato Plant Step 6 Version 2.360p.mp4"}, "10": {"text": "Space the plants 18 to 36 inches (45 to 90 cm) apart.", "img": "https://www.wikihow.com/images/thumb/d/dd/Grow-a-Tomato-Plant-Step-7-Version-3.jpg/v4-460px-Grow-a-Tomato-Plant-Step-7-Version-3.jpg", "vid": null}, "11": {"text": "Transplant the plant deeply.", "img": null, "vid": "/4/4a/Grow a Tomato Plant Step 8 Version 2.360p.mp4"}, "12": {"text": "Cage or stake your tomatoes.", "img": null, "vid": "/5/50/Grow a Tomato Plant Step 9 Version 2.360p.mp4"}, "13": {"text": "Water every 7 to 10 days.", "img": "https://www.wikihow.com/images/thumb/c/c2/Grow-a-Tomato-Plant-Step-11-Version-3.jpg/v4-460px-Grow-a-Tomato-Plant-Step-11-Version-3.jpg", "vid": null}, "14": {"text": "Apply mulch", "img": "https://www.wikihow.com/images/thumb/b/b8/Grow-a-Tomato-Plant-Step-13-Version-3.jpg/v4-460px-Grow-a-Tomato-Plant-Step-13-Version-3.jpg", "vid": null}, "15": {"text": "Choose a fertilizer.", "img": null, "vid": "/7/75/Grow a Tomato Plant Step 14 Version 2.360p.mp4"}, "16": {"text": "Shake your plant poles or cages gently.", "img": null, "vid": "/8/81/Grow a Tomato Plant Step 15 Version 2.360p.mp4"}, "17": {"text": "Check for \"suckers.", "img": "https://www.wikihow.com/images/thumb/5/50/Grow-a-Tomato-Plant-Step-16-Version-2.jpg/v4-460px-Grow-a-Tomato-Plant-Step-16-Version-2.jpg", "vid": null}, "18": {"text": "Beat the heat.", "img": "https://www.wikihow.com/images/thumb/3/35/Grow-a-Tomato-Plant-Step-17-Version-2.jpg/v4-460px-Grow-a-Tomato-Plant-Step-17-Version-2.jpg", "vid": null}, "19": {"text": "Control humidity.", "img": "https://www.wikihow.com/images/thumb/a/aa/Grow-a-Tomato-Plant-Step-18-Version-2.jpg/v4-460px-Grow-a-Tomato-Plant-Step-18-Version-2.jpg", "vid": null}, "20": {"text": "Prevent blossom-end rot.", "img": "https://www.wikihow.com/images/thumb/a/a6/Grow-a-Tomato-Plant-Step-19-Version-2.jpg/v4-460px-Grow-a-Tomato-Plant-Step-19-Version-2.jpg", "vid": null}, "21": {"text": "Make your own bird repellant.", "img": "https://www.wikihow.com/images/thumb/c/cf/Grow-a-Tomato-Plant-Step-20-Version-2.jpg/v4-460px-Grow-a-Tomato-Plant-Step-20-Version-2.jpg", "vid": null}, "22": {"text": "Bring chickens and ducks into the garden.", "img": "https://www.wikihow.com/images/thumb/e/e4/Grow-a-Tomato-Plant-Step-21-Version-2.jpg/v4-460px-Grow-a-Tomato-Plant-Step-21-Version-2.jpg", "vid": null}, "23": {"text": "Control slugs with cardboard.", "img": "https://www.wikihow.com/images/thumb/7/79/Grow-a-Tomato-Plant-Step-22-Version-2.jpg/v4-460px-Grow-a-Tomato-Plant-Step-22-Version-2.jpg", "vid": null}, "24": {"text": "Grow plants that attract beneficial predators.", "img": "https://www.wikihow.com/images/thumb/1/13/Grow-a-Tomato-Plant-Step-23-Version-2.jpg/v4-460px-Grow-a-Tomato-Plant-Step-23-Version-2.jpg", "vid": null}}