{"video_url": "https://www.youtube.com/embed/mgoHMyFXBVY?showinfo=0", "1": {"text": "Choose a type of onion to grow.", "img": "https://www.wikihow.com/images/thumb/e/e6/Grow-Onions-Step-1-Version-4.jpg/v4-460px-Grow-Onions-Step-1-Version-4.jpg", "vid": null}, "2": {"text": "Decide how you will plant the onions.", "img": "https://www.wikihow.com/images/thumb/b/b3/Grow-Onions-Step-2-Version-3.jpg/v4-460px-Grow-Onions-Step-2-Version-3.jpg", "vid": null}, "3": {"text": "Know when to grow.", "img": "https://www.wikihow.com/images/thumb/f/fa/Grow-Onions-Step-3-Version-4.jpg/v4-460px-Grow-Onions-Step-3-Version-4.jpg", "vid": null}, "4": {"text": "Select the ideal location.", "img": "https://www.wikihow.com/images/thumb/c/c0/Grow-Onions-Step-4-Version-3.jpg/v4-460px-Grow-Onions-Step-4-Version-3.jpg", "vid": null}, "5": {"text": "Prepare the soil.", "img": "https://www.wikihow.com/images/thumb/a/a9/Grow-Onions-Step-5-Version-3.jpg/v4-460px-Grow-Onions-Step-5-Version-3.jpg", "vid": null}, "6": {"text": "Get the soil ready.", "img": "https://www.wikihow.com/images/thumb/6/64/Grow-Onions-Step-6-Version-3.jpg/v4-460px-Grow-Onions-Step-6-Version-3.jpg", "vid": null}, "7": {"text": "Dig the holes.", "img": "https://www.wikihow.com/images/thumb/5/58/Grow-Onions-Step-7-Version-3.jpg/v4-460px-Grow-Onions-Step-7-Version-3.jpg", "vid": null}, "8": {"text": "Plant the onions.", "img": "https://www.wikihow.com/images/thumb/0/0c/Grow-Onions-Step-8-Version-3.jpg/v4-460px-Grow-Onions-Step-8-Version-3.jpg", "vid": null}, "9": {"text": "Maintain your onion patch.", "img": "https://www.wikihow.com/images/thumb/7/7f/Grow-Onions-Step-9-Version-3.jpg/v4-460px-Grow-Onions-Step-9-Version-3.jpg", "vid": null}, "10": {"text": "Harvest your onions.", "img": "https://www.wikihow.com/images/thumb/1/1b/Grow-Onions-Step-10-Version-3.jpg/v4-460px-Grow-Onions-Step-10-Version-3.jpg", "vid": null}}