{"video_url": "https://www.youtube.com/embed/heSlq1prBzE?showinfo=0", "1": {"text": "Buy sunflower seeds for growing.", "img": "https://www.wikihow.com/images/thumb/c/c9/Grow-a-Sunflower-in-a-Pot-Step-1-Version-3.jpg/v4-460px-Grow-a-Sunflower-in-a-Pot-Step-1-Version-3.jpg", "vid": null}, "2": {"text": "Choose your sunflower variety.", "img": "https://www.wikihow.com/images/thumb/3/3e/Grow-a-Sunflower-in-a-Pot-Step-2-Version-3.jpg/v4-460px-Grow-a-Sunflower-in-a-Pot-Step-2-Version-3.jpg", "vid": null}, "3": {"text": "Find the right size container.", "img": "https://www.wikihow.com/images/thumb/1/14/Grow-a-Sunflower-in-a-Pot-Step-3-Version-3.jpg/v4-460px-Grow-a-Sunflower-in-a-Pot-Step-3-Version-3.jpg", "vid": null}, "4": {"text": "Add potting soil and compost.", "img": null, "vid": "/e/e8/Grow a Sunflower in a Pot Step 4 Version 2.360p.mp4"}, "5": {"text": "Push each seed about 1 inch (2.5\u00a0cm) into the soil.", "img": null, "vid": "/4/49/Grow a Sunflower in a Pot Step 5 Version 2.360p.mp4"}, "6": {"text": "Water the seeds daily.", "img": null, "vid": "/b/bd/Grow a Sunflower in a Pot Step 6 Version 2.360p.mp4"}, "7": {"text": "Watch as the seeds germinate.", "img": "https://www.wikihow.com/images/thumb/0/07/Grow-a-Sunflower-in-a-Pot-Step-7-Version-3.jpg/v4-460px-Grow-a-Sunflower-in-a-Pot-Step-7-Version-3.jpg", "vid": null}, "8": {"text": "Add fertilizer if desired.", "img": "https://www.wikihow.com/images/thumb/9/9f/Grow-a-Sunflower-in-a-Pot-Step-8-Version-3.jpg/v4-460px-Grow-a-Sunflower-in-a-Pot-Step-8-Version-3.jpg", "vid": null}, "9": {"text": "Keep your sunflower in direct sunlight.", "img": "https://www.wikihow.com/images/thumb/e/e3/Grow-a-Sunflower-in-a-Pot-Step-9-Version-3.jpg/v4-460px-Grow-a-Sunflower-in-a-Pot-Step-9-Version-3.jpg", "vid": null}, "10": {"text": "Water your sunflower several times a week.", "img": null, "vid": "/7/75/Grow a Sunflower in a Pot Step 10 Version 2.360p.mp4"}, "11": {"text": "Stake your sunflower if necessary.", "img": null, "vid": "/9/9a/Grow a Sunflower in a Pot Step 11.360p.mp4"}, "12": {"text": "Harvest the seeds.", "img": null, "vid": "/0/07/Grow a Sunflower in a Pot Step 12 Version 2.360p.mp4"}}