{"video_url": "https://www.youtube.com/embed/xuRTQcXFHfw?showinfo=0", "1": {"text": "Get cardamom seeds from a grocery or agricultural supply store.", "img": "https://www.wikihow.com/images/thumb/0/09/Grow-Cardamom-Step-1.jpg/v4-460px-Grow-Cardamom-Step-1.jpg", "vid": null}, "2": {"text": "Fill containers with loamy soil.", "img": "https://www.wikihow.com/images/thumb/1/18/Grow-Cardamom-Step-2.jpg/v4-460px-Grow-Cardamom-Step-2.jpg", "vid": null}, "3": {"text": "Plant the seeds 1\u20448 inch (0.32\u00a0cm) deep.", "img": "https://www.wikihow.com/images/thumb/3/3c/Grow-Cardamom-Step-3.jpg/v4-460px-Grow-Cardamom-Step-3.jpg", "vid": null}, "4": {"text": "Grow the cardamom until it sprouts a few leaves.", "img": "https://www.wikihow.com/images/thumb/f/f2/Grow-Cardamom-Step-4.jpg/v4-460px-Grow-Cardamom-Step-4.jpg", "vid": null}, "5": {"text": "Choose a space in the garden with well-draining soil.", "img": "https://www.wikihow.com/images/thumb/a/ac/Grow-Cardamom-Step-5.jpg/v4-460px-Grow-Cardamom-Step-5.jpg", "vid": null}, "6": {"text": "Pick a space with partial shade.", "img": "https://www.wikihow.com/images/thumb/a/ae/Grow-Cardamom-Step-6.jpg/v4-460px-Grow-Cardamom-Step-6.jpg", "vid": null}, "7": {"text": "Select a planting area that has high humidity.", "img": "https://www.wikihow.com/images/thumb/1/1e/Grow-Cardamom-Step-7.jpg/v4-460px-Grow-Cardamom-Step-7.jpg", "vid": null}, "8": {"text": "Plant the cardamom seedlings 1\u20131\u00a01\u20442\u00a0in (2.5\u20133.8\u00a0cm) deep.", "img": "https://www.wikihow.com/images/thumb/2/24/Grow-Cardamom-Step-8.jpg/v4-460px-Grow-Cardamom-Step-8.jpg", "vid": null}, "9": {"text": "Plant the cardamom in a container if you want to move it.", "img": "https://www.wikihow.com/images/thumb/1/1a/Grow-Cardamom-Step-9.jpg/v4-460px-Grow-Cardamom-Step-9.jpg", "vid": null}, "10": {"text": "Water the plants to keep the soil moist.", "img": "https://www.wikihow.com/images/thumb/c/c6/Grow-Cardamom-Step-10.jpg/v4-460px-Grow-Cardamom-Step-10.jpg", "vid": null}, "11": {"text": "Add fertilizer twice a month during the growing season.", "img": "https://www.wikihow.com/images/thumb/a/ad/Grow-Cardamom-Step-11.jpg/v4-460px-Grow-Cardamom-Step-11.jpg", "vid": null}, "12": {"text": "Grow the plants until they're 6 to 10 feet (1.8 to 3.0\u00a0m) high.", "img": "https://www.wikihow.com/images/thumb/a/ac/Grow-Cardamom-Step-12.jpg/v4-460px-Grow-Cardamom-Step-12.jpg", "vid": null}, "13": {"text": "Wait 2 to 3 years to harvest the cardamom fruits.", "img": "https://www.wikihow.com/images/thumb/0/04/Grow-Cardamom-Step-13.jpg/v4-460px-Grow-Cardamom-Step-13.jpg", "vid": null}, "14": {"text": "Gather the cardamom capsules by hand.", "img": "https://www.wikihow.com/images/thumb/4/4c/Grow-Cardamom-Step-14.jpg/v4-460px-Grow-Cardamom-Step-14.jpg", "vid": null}, "15": {"text": "Dry the cardamom capsules.", "img": "https://www.wikihow.com/images/thumb/3/33/Grow-Cardamom-Step-15.jpg/v4-460px-Grow-Cardamom-Step-15.jpg", "vid": null}}