{"video_url": "https://www.youtube.com/embed/LMbuZqmbNDo", "1": {"text": "Send text messages to keep in touch with one another.", "img": "https://www.wikihow.com/images/thumb/3/32/Hang-Out-with-Your-Friends-During-the-Coronavirus-Crisis-Step-1.jpg/v4-460px-Hang-Out-with-Your-Friends-During-the-Coronavirus-Crisis-Step-1.jpg", "vid": null}, "2": {"text": "Use social media to reach out to all of your friends.", "img": "https://www.wikihow.com/images/thumb/7/79/Hang-Out-with-Your-Friends-During-the-Coronavirus-Crisis-Step-2.jpg/v4-460px-Hang-Out-with-Your-Friends-During-the-Coronavirus-Crisis-Step-2.jpg", "vid": null}, "3": {"text": "Call your friends on the phone to hear their voices.", "img": "https://www.wikihow.com/images/thumb/c/cb/Hang-Out-with-Your-Friends-During-the-Coronavirus-Crisis-Step-3.jpg/v4-460px-Hang-Out-with-Your-Friends-During-the-Coronavirus-Crisis-Step-3.jpg", "vid": null}, "4": {"text": "Try a video chat service when you want to see your friends.", "img": "https://www.wikihow.com/images/thumb/7/78/Hang-Out-with-Your-Friends-During-the-Coronavirus-Crisis-Step-4.jpg/v4-460px-Hang-Out-with-Your-Friends-During-the-Coronavirus-Crisis-Step-4.jpg", "vid": null}, "5": {"text": "Write letters to your friends for a more personal way to communicate.", "img": "https://www.wikihow.com/images/thumb/0/04/Hang-Out-with-Your-Friends-During-the-Coronavirus-Crisis-Step-5.jpg/v4-460px-Hang-Out-with-Your-Friends-During-the-Coronavirus-Crisis-Step-5.jpg", "vid": null}, "6": {"text": "Host an online movie night if you want to watch something together.", "img": "https://www.wikihow.com/images/thumb/3/37/Hang-Out-with-Your-Friends-During-the-Coronavirus-Crisis-Step-6.jpg/v4-460px-Hang-Out-with-Your-Friends-During-the-Coronavirus-Crisis-Step-6.jpg", "vid": null}, "7": {"text": "Play video games online if you and your friends have the same systems.", "img": "https://www.wikihow.com/images/thumb/a/ac/Hang-Out-with-Your-Friends-During-the-Coronavirus-Crisis-Step-7.jpg/v4-460px-Hang-Out-with-Your-Friends-During-the-Coronavirus-Crisis-Step-7.jpg", "vid": null}, "8": {"text": "Try digital board games for a friendly competition.", "img": "https://www.wikihow.com/images/thumb/6/6f/Hang-Out-with-Your-Friends-During-the-Coronavirus-Crisis-Step-8.jpg/v4-460px-Hang-Out-with-Your-Friends-During-the-Coronavirus-Crisis-Step-8.jpg", "vid": null}, "9": {"text": "Enjoy a virtual happy hour if you want to have drinks with friends.", "img": "https://www.wikihow.com/images/thumb/3/39/Hang-Out-with-Your-Friends-During-the-Coronavirus-Crisis-Step-9.jpg/v4-460px-Hang-Out-with-Your-Friends-During-the-Coronavirus-Crisis-Step-9.jpg", "vid": null}, "10": {"text": "Cook or enjoy meals over video chat to relax and destress with friends.", "img": "https://www.wikihow.com/images/thumb/c/c8/Hang-Out-with-Your-Friends-During-the-Coronavirus-Crisis-Step-10.jpg/v4-460px-Hang-Out-with-Your-Friends-During-the-Coronavirus-Crisis-Step-10.jpg", "vid": null}, "11": {"text": "Avoid going out and seeing others if you feel sick.", "img": "https://www.wikihow.com/images/thumb/c/cc/Hang-Out-with-Your-Friends-During-the-Coronavirus-Crisis-Step-11.jpg/v4-460px-Hang-Out-with-Your-Friends-During-the-Coronavirus-Crisis-Step-11.jpg", "vid": null}, "12": {"text": "Keep your group less than 10 people.", "img": "https://www.wikihow.com/images/thumb/1/1b/Hang-Out-with-Your-Friends-During-the-Coronavirus-Crisis-Step-12.jpg/v4-460px-Hang-Out-with-Your-Friends-During-the-Coronavirus-Crisis-Step-12.jpg", "vid": null}, "13": {"text": "Try planning outdoor activities so you have more room to spread out.", "img": "https://www.wikihow.com/images/thumb/6/64/Hang-Out-with-Your-Friends-During-the-Coronavirus-Crisis-Step-13.jpg/v4-460px-Hang-Out-with-Your-Friends-During-the-Coronavirus-Crisis-Step-13.jpg", "vid": null}, "14": {"text": "Limit physical contact between you and your friends when you\u2019re together.", "img": "https://www.wikihow.com/images/thumb/a/ae/Hang-Out-with-Your-Friends-During-the-Coronavirus-Crisis-Step-14.jpg/v4-460px-Hang-Out-with-Your-Friends-During-the-Coronavirus-Crisis-Step-14.jpg", "vid": null}, "15": {"text": "Disinfect surfaces once your friends leave to keep things clean.", "img": "https://www.wikihow.com/images/thumb/7/79/Hang-Out-with-Your-Friends-During-the-Coronavirus-Crisis-Step-15.jpg/v4-460px-Hang-Out-with-Your-Friends-During-the-Coronavirus-Crisis-Step-15.jpg", "vid": null}}