{"video_url": "https://www.youtube.com/embed/0LoKk1JGLzo?showinfo=0", "1": {"text": "Harvest the romaine heads about 65\u201370 days after planting the seeds.", "img": "https://www.wikihow.com/images/thumb/5/57/Harvest-Romaine-Lettuce-Step-1.jpg/v4-460px-Harvest-Romaine-Lettuce-Step-1.jpg", "vid": null}, "2": {"text": "Cut the entire head off above the base if you want a second harvest.", "img": "https://www.wikihow.com/images/thumb/6/68/Harvest-Romaine-Lettuce-Step-2.jpg/v4-460px-Harvest-Romaine-Lettuce-Step-2.jpg", "vid": null}, "3": {"text": "Give the lettuce time to re-sprout leaves after the first harvest.", "img": "https://www.wikihow.com/images/thumb/5/5c/Harvest-Romaine-Lettuce-Step-3.jpg/v4-460px-Harvest-Romaine-Lettuce-Step-3.jpg", "vid": null}, "4": {"text": "Pull the romaine head out of the ground to ensure a single harvest.", "img": "https://www.wikihow.com/images/thumb/d/d3/Harvest-Romaine-Lettuce-Step-4.jpg/v4-460px-Harvest-Romaine-Lettuce-Step-4.jpg", "vid": null}, "5": {"text": "Break any clumps of dirt off of the roots.", "img": "https://www.wikihow.com/images/thumb/2/2c/Harvest-Romaine-Lettuce-Step-5.jpg/v4-460px-Harvest-Romaine-Lettuce-Step-5.jpg", "vid": null}, "6": {"text": "Break apart the lettuce head and rinse the individual leaves.", "img": "https://www.wikihow.com/images/thumb/3/3c/Harvest-Romaine-Lettuce-Step-6.jpg/v4-460px-Harvest-Romaine-Lettuce-Step-6.jpg", "vid": null}, "7": {"text": "Harvest the lettuce in the morning for fresh, crisp leaves.", "img": "https://www.wikihow.com/images/thumb/a/a2/Harvest-Romaine-Lettuce-Step-7.jpg/v4-460px-Harvest-Romaine-Lettuce-Step-7.jpg", "vid": null}, "8": {"text": "Pick the 6\u20138 outer leaves first to prolong the harvest.", "img": "https://www.wikihow.com/images/thumb/3/3e/Harvest-Romaine-Lettuce-Step-8.jpg/v4-460px-Harvest-Romaine-Lettuce-Step-8.jpg", "vid": null}, "9": {"text": "Snap off romaine leaves with a sharp twist.", "img": "https://www.wikihow.com/images/thumb/a/a5/Harvest-Romaine-Lettuce-Step-9.jpg/v4-460px-Harvest-Romaine-Lettuce-Step-9.jpg", "vid": null}, "10": {"text": "Harvest the inner leaves once they\u2019ve reached about 4 inches (10\u00a0cm).", "img": "https://www.wikihow.com/images/thumb/c/cd/Harvest-Romaine-Lettuce-Step-10.jpg/v4-460px-Harvest-Romaine-Lettuce-Step-10.jpg", "vid": null}, "11": {"text": "Rinse the harvested leaves and store them in the fridge for up to 10 days.", "img": "https://www.wikihow.com/images/thumb/1/18/Harvest-Romaine-Lettuce-Step-11.jpg/v4-460px-Harvest-Romaine-Lettuce-Step-11.jpg", "vid": null}}