{"video_url": "https://www.youtube.com/embed/wkmrGMqI0JU?showinfo=0", "1": {"text": "Spend time doing enjoyable things together.", "img": "https://www.wikihow.com/images/thumb/7/70/Kiss-a-Girl-Step-2-Version-3.jpg/v4-460px-Kiss-a-Girl-Step-2-Version-3.jpg", "vid": null}, "2": {"text": "Show him that you appreciate him.", "img": "https://www.wikihow.com/images/thumb/7/74/Boost-a-Man%27s-Ego-Step-5.jpg/v4-460px-Boost-a-Man%27s-Ego-Step-5.jpg", "vid": null}, "3": {"text": "Show him affection.", "img": "https://www.wikihow.com/images/thumb/6/66/French-Kiss-Step-18-Version-5.jpg/v4-460px-French-Kiss-Step-18-Version-5.jpg", "vid": null}, "4": {"text": "Do small things for him.", "img": "https://www.wikihow.com/images/thumb/5/5c/Differentiate-Between-Love-and-Friendship-Step-13-Version-3.jpg/v4-460px-Differentiate-Between-Love-and-Friendship-Step-13-Version-3.jpg", "vid": null}, "5": {"text": "Be playful.", "img": "https://www.wikihow.com/images/thumb/5/5a/Be-a-Good-Boyfriend-Step-13-Version-3.jpg/v4-460px-Be-a-Good-Boyfriend-Step-13-Version-3.jpg", "vid": null}, "6": {"text": "Talk to your boyfriend.", "img": "https://www.wikihow.com/images/thumb/a/a8/Get-a-Girl-to-Be-Your-Girlfriend-Step-3.jpg/v4-460px-Get-a-Girl-to-Be-Your-Girlfriend-Step-3.jpg", "vid": null}, "7": {"text": "Listen to each other.", "img": "https://www.wikihow.com/images/thumb/1/13/Be-a-Good-Boyfriend-Step-2Bullet1.jpg/v4-460px-Be-a-Good-Boyfriend-Step-2Bullet1.jpg", "vid": null}, "8": {"text": "Be honest.", "img": "https://www.wikihow.com/images/thumb/c/c7/Make-a-Long-Distance-Relationship-Work-Step-16-Version-5.jpg/v4-460px-Make-a-Long-Distance-Relationship-Work-Step-16-Version-5.jpg", "vid": null}, "9": {"text": "Talk in person.", "img": "https://www.wikihow.com/images/thumb/7/7f/Find-Happiness-in-Life-Step-17.jpg/v4-460px-Find-Happiness-in-Life-Step-17.jpg", "vid": null}, "10": {"text": "Tell your boyfriend what you feel.", "img": "https://www.wikihow.com/images/thumb/1/16/Have-a-Healthy-Relationship-Step-3-Version-2.jpg/v4-460px-Have-a-Healthy-Relationship-Step-3-Version-2.jpg", "vid": null}, "11": {"text": "Talk about things that interest you.", "img": "https://www.wikihow.com/images/thumb/0/0d/Make-a-Woman-Fall-in-Love-With-You-Step-4-Version-2.jpg/v4-460px-Make-a-Woman-Fall-in-Love-With-You-Step-4-Version-2.jpg", "vid": null}, "12": {"text": "Discuss what you want out of life.", "img": "https://www.wikihow.com/images/thumb/2/26/Tell-a-Guy-You-Like-Him-Step-11.jpg/v4-460px-Tell-a-Guy-You-Like-Him-Step-11.jpg", "vid": null}, "13": {"text": "Set goals for your relationship.", "img": "https://www.wikihow.com/images/thumb/a/aa/Listen-Step-1Bullet2.jpg/v4-460px-Listen-Step-1Bullet2.jpg", "vid": null}, "14": {"text": "Consider going to a relationship counselor.", "img": "https://www.wikihow.com/images/thumb/3/3c/Tell-a-Guy-You-Love-Him-Step-10-Version-4.jpg/v4-460px-Tell-a-Guy-You-Love-Him-Step-10-Version-4.jpg", "vid": null}, "15": {"text": "Avoid negative thoughts.", "img": "https://www.wikihow.com/images/thumb/0/05/Not-Care-What-Others-Think-of-You-Step-8.jpg/v4-460px-Not-Care-What-Others-Think-of-You-Step-8.jpg", "vid": null}, "16": {"text": "Stop checking your phone!", "img": "https://www.wikihow.com/images/thumb/6/65/Stop-Unwanted-Phone-Calls-Step-5.jpg/v4-460px-Stop-Unwanted-Phone-Calls-Step-5.jpg", "vid": null}, "17": {"text": "Do not try to change him.", "img": "https://www.wikihow.com/images/thumb/f/f5/Kiss-Step-17-Version-5.jpg/v4-460px-Kiss-Step-17-Version-5.jpg", "vid": null}, "18": {"text": "Fight fair.", "img": "https://www.wikihow.com/images/thumb/d/d0/Get-a-Girl-to-Fall-in-Love-with-You-Step-25-Version-3.jpg/v4-460px-Get-a-Girl-to-Fall-in-Love-with-You-Step-25-Version-3.jpg", "vid": null}, "19": {"text": "Have different interests.", "img": "https://www.wikihow.com/images/thumb/e/eb/Make-a-Woman-Fall-in-Love-With-You-Step-11-Version-2.jpg/v4-460px-Make-a-Woman-Fall-in-Love-With-You-Step-11-Version-2.jpg", "vid": null}, "20": {"text": "Focus on making yourself happy.", "img": "https://www.wikihow.com/images/thumb/3/30/Become-a-Better-Person-Step-5-Version-3.jpg/v4-460px-Become-a-Better-Person-Step-5-Version-3.jpg", "vid": null}, "21": {"text": "Cultivate self-esteem.", "img": "https://www.wikihow.com/images/thumb/a/ab/Be-Outgoing-Step-23-Version-3.jpg/v4-460px-Be-Outgoing-Step-23-Version-3.jpg", "vid": null}}