{"video_url": "https://www.youtube.com/embed/fFE0TWRz3LA?showinfo=0", "1": {"text": "Do foot soaks on a regular basis.", "img": "https://www.wikihow.com/images/thumb/3/30/Have-Flawless-Feet-Step-1-Version-3.jpg/v4-460px-Have-Flawless-Feet-Step-1-Version-3.jpg", "vid": null}, "2": {"text": "Exfoliate.", "img": null, "vid": "/c/c2/Have Flawless Feet Step 2.360p.mp4"}, "3": {"text": "Select proper footwear.", "img": "https://www.wikihow.com/images/thumb/f/f8/Have-Flawless-Feet-Step-3-Version-2.jpg/v4-460px-Have-Flawless-Feet-Step-3-Version-2.jpg", "vid": null}, "4": {"text": "Moisturize.", "img": null, "vid": "/e/e2/Have Flawless Feet Step 4.360p.mp4"}, "5": {"text": "Clip your toenails properly.", "img": "https://www.wikihow.com/images/thumb/0/04/Have-Flawless-Feet-Step-5-Version-2.jpg/v4-460px-Have-Flawless-Feet-Step-5-Version-2.jpg", "vid": null}, "6": {"text": "Smooth out calluses and rough skin.", "img": null, "vid": "/a/ae/Have Flawless Feet Step 6.360p.mp4"}, "7": {"text": "Allow blisters to heal.", "img": "https://www.wikihow.com/images/thumb/e/e2/Have-Flawless-Feet-Step-7-Version-2.jpg/v4-460px-Have-Flawless-Feet-Step-7-Version-2.jpg", "vid": null}, "8": {"text": "Remove stains from toenails.", "img": "https://www.wikihow.com/images/thumb/9/9b/Have-Flawless-Feet-Step-8-Version-2.jpg/v4-460px-Have-Flawless-Feet-Step-8-Version-2.jpg", "vid": null}, "9": {"text": "Have unusual marks evaluated by a dermatologist.", "img": "https://www.wikihow.com/images/thumb/4/40/Have-Flawless-Feet-Step-9-Version-2.jpg/v4-460px-Have-Flawless-Feet-Step-9-Version-2.jpg", "vid": null}, "10": {"text": "Get pedicures on a regular basis.", "img": "https://www.wikihow.com/images/thumb/b/ba/Have-Flawless-Feet-Step-10.jpg/v4-460px-Have-Flawless-Feet-Step-10.jpg", "vid": null}, "11": {"text": "See a doctor in the event of foot fungus.", "img": "https://www.wikihow.com/images/thumb/b/bf/Have-Flawless-Feet-Step-11.jpg/v4-460px-Have-Flawless-Feet-Step-11.jpg", "vid": null}}