{"video_url": "https://www.youtube.com/embed/fQvvdz4kWbc", "1": {"text": "Heat it in the microwave.", "img": "https://www.wikihow.com/images/thumb/1/17/Heat-Milk-Step-1.jpg/v4-460px-Heat-Milk-Step-1.jpg", "vid": null}, "2": {"text": "Boil milk on the stovetop in a large, deep pot.", "img": "https://www.wikihow.com/images/thumb/1/16/Heat-Milk-Step-2.jpg/v4-460px-Heat-Milk-Step-2.jpg", "vid": null}, "3": {"text": "Try keeping a long-handled spoon in the pot.", "img": "https://www.wikihow.com/images/thumb/9/9e/Heat-Milk-Step-3.jpg/v4-460px-Heat-Milk-Step-3.jpg", "vid": null}, "4": {"text": "Heat milk for culturing slowly.", "img": "https://www.wikihow.com/images/thumb/9/9d/Heat-Milk-Step-4.jpg/v4-460px-Heat-Milk-Step-4.jpg", "vid": null}, "5": {"text": "Bring a small amount of water to a simmer.", "img": "https://www.wikihow.com/images/thumb/1/1d/Heat-Milk-Step-5-Version-2.jpg/v4-460px-Heat-Milk-Step-5-Version-2.jpg", "vid": null}, "6": {"text": "Place a heatproof bowl over the simmering water.", "img": "https://www.wikihow.com/images/thumb/1/16/Heat-Milk-Step-6-Version-2.jpg/v4-460px-Heat-Milk-Step-6-Version-2.jpg", "vid": null}, "7": {"text": "Add the milk to the heatproof bowl.", "img": "https://www.wikihow.com/images/thumb/a/a1/Heat-Milk-Step-7-Version-2.jpg/v4-460px-Heat-Milk-Step-7-Version-2.jpg", "vid": null}, "8": {"text": "Submerge a bottle in warm water to heat it evenly.", "img": "https://www.wikihow.com/images/thumb/6/6b/Heat-Milk-Step-8.jpg/v4-460px-Heat-Milk-Step-8.jpg", "vid": null}, "9": {"text": "Avoid using the microwave or stovetop.", "img": "https://www.wikihow.com/images/thumb/7/73/Heat-Milk-Step-9.jpg/v4-460px-Heat-Milk-Step-9.jpg", "vid": null}, "10": {"text": "Invest in a bottle warmer.", "img": "https://www.wikihow.com/images/thumb/5/57/Heat-Milk-Step-10.jpg/v4-460px-Heat-Milk-Step-10.jpg", "vid": null}}