{"video_url": "https://www.youtube.com/embed/0GeYkFBIPr8?showinfo=0", "1": {"text": "Stay out of your pursuer's line of sight.", "img": "https://www.wikihow.com/images/thumb/7/7f/Hide-Step-1-Version-3.jpg/v4-460px-Hide-Step-1-Version-3.jpg", "vid": null}, "2": {"text": "Make yourself as small as you can.", "img": "https://www.wikihow.com/images/thumb/9/95/Hide-Step-2-Version-3.jpg/v4-460px-Hide-Step-2-Version-3.jpg", "vid": null}, "3": {"text": "Be still.", "img": "https://www.wikihow.com/images/thumb/d/dd/Hide-Step-3-Version-4.jpg/v4-460px-Hide-Step-3-Version-4.jpg", "vid": null}, "4": {"text": "Stay quiet.", "img": "https://www.wikihow.com/images/thumb/a/a8/Hide-Step-4-Version-3.jpg/v4-460px-Hide-Step-4-Version-3.jpg", "vid": null}, "5": {"text": "Camouflage yourself with nearby objects.", "img": "https://www.wikihow.com/images/thumb/3/3d/Hide-Step-5-Version-3.jpg/v4-460px-Hide-Step-5-Version-3.jpg", "vid": null}, "6": {"text": "Be prepared to leave your spot if you're in danger of being found.", "img": "https://www.wikihow.com/images/thumb/3/3f/Hide-Step-6-Version-3.jpg/v4-460px-Hide-Step-6-Version-3.jpg", "vid": null}, "7": {"text": "Crawl under the bed.", "img": "https://www.wikihow.com/images/thumb/2/2b/Hide-Step-7-Version-3.jpg/v4-460px-Hide-Step-7-Version-3.jpg", "vid": null}, "8": {"text": "Duck into a closet.", "img": "https://www.wikihow.com/images/thumb/6/66/Hide-Step-8-Version-3.jpg/v4-460px-Hide-Step-8-Version-3.jpg", "vid": null}, "9": {"text": "Get behind the couch.", "img": "https://www.wikihow.com/images/thumb/f/fd/Hide-Step-9-Version-3.jpg/v4-460px-Hide-Step-9-Version-3.jpg", "vid": null}, "10": {"text": "Slip behind the curtains.", "img": "https://www.wikihow.com/images/thumb/c/cc/Hide-Step-10-Version-3.jpg/v4-460px-Hide-Step-10-Version-3.jpg", "vid": null}, "11": {"text": "Jump in the shower.", "img": "https://www.wikihow.com/images/thumb/6/64/Hide-Step-11-Version-3.jpg/v4-460px-Hide-Step-11-Version-3.jpg", "vid": null}, "12": {"text": "Squeeze yourself into a tight space.", "img": "https://www.wikihow.com/images/thumb/e/eb/Hide-Step-12-Version-3.jpg/v4-460px-Hide-Step-12-Version-3.jpg", "vid": null}, "13": {"text": "Head for the attic or basement.", "img": "https://www.wikihow.com/images/thumb/8/86/Hide-Step-13.jpg/v4-460px-Hide-Step-13.jpg", "vid": null}, "14": {"text": "Climb a tree.", "img": "https://www.wikihow.com/images/thumb/8/8f/Hide-Step-14.jpg/v4-460px-Hide-Step-14.jpg", "vid": null}, "15": {"text": "Crouch in a bush.", "img": "https://www.wikihow.com/images/thumb/9/95/Hide-Step-15.jpg/v4-460px-Hide-Step-15.jpg", "vid": null}, "16": {"text": "Retreat into a garage or shed.", "img": "https://www.wikihow.com/images/thumb/0/0d/Hide-Step-16.jpg/v4-460px-Hide-Step-16.jpg", "vid": null}, "17": {"text": "Sneak under the porch.", "img": "https://www.wikihow.com/images/thumb/3/33/Hide-Step-17.jpg/v4-460px-Hide-Step-17.jpg", "vid": null}, "18": {"text": "Lie in wait in a pile of leaves.", "img": "https://www.wikihow.com/images/thumb/9/9b/Hide-Step-18.jpg/v4-460px-Hide-Step-18.jpg", "vid": null}, "19": {"text": "Move under the cover of darkness.", "img": "https://www.wikihow.com/images/thumb/f/f4/Hide-Step-19.jpg/v4-460px-Hide-Step-19.jpg", "vid": null}}