{"video_url": "https://www.youtube.com/embed/dVW4xRy5oKY?showinfo=0", "1": {"text": "Get into your handstand using the proper technique.", "img": "https://www.wikihow.com/images/thumb/4/40/Hold-a-Handstand-Step-1-Version-7.jpg/v4-460px-Hold-a-Handstand-Step-1-Version-7.jpg", "vid": null}, "2": {"text": "Make sure to kick all the way up.", "img": null, "vid": "/e/ed/Hold a Handstand Step 2 Version 3.360p.mp4"}, "3": {"text": "Press your fingers into the ground to maintain a strong grip on the ground.", "img": "https://www.wikihow.com/images/thumb/e/eb/Hold-a-Handstand-Step-3-Version-7.jpg/v4-460px-Hold-a-Handstand-Step-3-Version-7.jpg", "vid": null}, "4": {"text": "Shift your weight on your fingers and hands to stay balanced.", "img": null, "vid": "/4/42/Hold a Handstand Step 4 Version 4.360p.mp4"}, "5": {"text": "Avoid arching your back.", "img": "https://www.wikihow.com/images/thumb/7/77/Hold-a-Handstand-Step-5-Version-7.jpg/v4-460px-Hold-a-Handstand-Step-5-Version-7.jpg", "vid": null}, "6": {"text": "Keep your toes pointed.", "img": "https://www.wikihow.com/images/thumb/d/da/Hold-a-Handstand-Step-6-Version-7.jpg/v4-460px-Hold-a-Handstand-Step-6-Version-7.jpg", "vid": null}, "7": {"text": "Squeeze your butt.", "img": "https://www.wikihow.com/images/thumb/a/ae/Hold-a-Handstand-Step-7-Version-7.jpg/v4-460px-Hold-a-Handstand-Step-7-Version-7.jpg", "vid": null}, "8": {"text": "Squeeze your legs together.", "img": "https://www.wikihow.com/images/thumb/6/6a/Hold-a-Handstand-Step-8-Version-6.jpg/v4-460px-Hold-a-Handstand-Step-8-Version-6.jpg", "vid": null}, "9": {"text": "Remember to breathe.", "img": "https://www.wikihow.com/images/thumb/e/e6/Hold-a-Handstand-Step-9-Version-6.jpg/v4-460px-Hold-a-Handstand-Step-9-Version-6.jpg", "vid": null}, "10": {"text": "Keep your arms locked by your ears.", "img": "https://www.wikihow.com/images/thumb/5/53/Hold-a-Handstand-Step-10-Version-6.jpg/v4-460px-Hold-a-Handstand-Step-10-Version-6.jpg", "vid": null}, "11": {"text": "Keep your shoulders over your hands.", "img": null, "vid": "/0/05/Hold a Handstand Step 11 Version 2.360p.mp4"}, "12": {"text": "Do a split to stay balanced.", "img": null, "vid": "/a/a7/Hold a Handstand Step 12.360p.mp4"}, "13": {"text": "Practice doing your handstand against a wall.", "img": null, "vid": "/b/b7/Hold a Handstand Step 13 Version 4.360p.mp4"}, "14": {"text": "Try doing a vertical caterpillar.", "img": null, "vid": "/d/db/Hold a Handstand Step 14 Version 3.360p.mp4"}, "15": {"text": "Practice basic skills on a balance beam.", "img": null, "vid": "/6/67/Hold a Handstand Step 15 Version 3.360p.mp4"}, "16": {"text": "Build up your arm strength.", "img": null, "vid": "/8/8d/Hold a Handstand Step 16 Version 4.360p.mp4"}, "17": {"text": "Build up your core strength.", "img": null, "vid": "/e/ee/Hold a Handstand Step 17 Version 4.360p.mp4"}}