{"video_url": "https://www.youtube.com/embed/wl0d91achBE", "1": {"text": "Hold the pool cue at your hip with your dominant hand.", "img": "https://www.wikihow.com/images/thumb/c/c7/Hold-a-Pool-Cue-Step-1-Version-3.jpg/v4-460px-Hold-a-Pool-Cue-Step-1-Version-3.jpg", "vid": null}, "2": {"text": "Lower yourself to the table.", "img": "https://www.wikihow.com/images/thumb/7/7b/Hold-a-Pool-Cue-Step-2-Version-3.jpg/v4-460px-Hold-a-Pool-Cue-Step-2-Version-3.jpg", "vid": null}, "3": {"text": "Make an open bridge with your other hand.", "img": "https://www.wikihow.com/images/thumb/a/a8/Hold-a-Pool-Cue-Step-3-Version-3.jpg/v4-460px-Hold-a-Pool-Cue-Step-3-Version-3.jpg", "vid": null}, "4": {"text": "Hold the cue steadily as you \"eye\" up the target ball.", "img": "https://www.wikihow.com/images/thumb/a/ae/Hold-a-Pool-Cue-Step-4-Version-3.jpg/v4-460px-Hold-a-Pool-Cue-Step-4-Version-3.jpg", "vid": null}, "5": {"text": "Hold the pool cue at the balance point and take your shot.", "img": null, "vid": "/7/7e/Hold a Pool Cue Step 5.360p.mp4"}, "6": {"text": "Use the closed bridge.", "img": null, "vid": "/8/8f/Hold a Pool Cue Step 6.360p.mp4"}, "7": {"text": "Use a rail bridge when the cue ball is 4-6 inches (10-15 cm) away from the rail.", "img": null, "vid": "/3/3a/Hold a Pool Cue Step 7.360p.mp4"}, "8": {"text": "Use a rail bridge when the cue ball is just 1-2 inches or so (2.5-5 cm) away from the rail.", "img": null, "vid": "/d/da/Hold a Pool Cue Step 8.360p.mp4"}, "9": {"text": "Use an elevated bridge to elevate over a ball.", "img": null, "vid": "/f/fc/Hold a Pool Cue Step 9.360p.mp4"}, "10": {"text": "Use a mechanical bridge.", "img": "https://www.wikihow.com/images/thumb/c/c6/Hold-a-Pool-Cue-Step-10-Version-2.jpg/v4-460px-Hold-a-Pool-Cue-Step-10-Version-2.jpg", "vid": null}}