{"video_url": "https://www.youtube.com/embed/_HVKiWiRSCo?showinfo=0", "1": {"text": "Pick up the chopsticks with your dominant hand.", "img": "https://www.wikihow.com/images/thumb/8/82/Hold-Chopsticks-Step-1-Version-3.jpg/v4-460px-Hold-Chopsticks-Step-1-Version-3.jpg", "vid": null}, "2": {"text": "Place your hand right around the top third of the chopsticks.", "img": "https://www.wikihow.com/images/thumb/9/9a/Hold-Chopsticks-Step-2-Version-3.jpg/v4-460px-Hold-Chopsticks-Step-2-Version-3.jpg", "vid": null}, "3": {"text": "Rest the lower chopstick across the base of your thumb and ring finger.", "img": null, "vid": "/0/09/Hold Chopsticks Step 3 Version 2.360p.mp4"}, "4": {"text": "Grip the upper chopstick between your index finger, middle finger, and thumb.", "img": null, "vid": "/0/0e/Hold Chopsticks Step 4 Version 2.360p.mp4"}, "5": {"text": "Keep your thumb from moving as much as possible.", "img": null, "vid": "/0/07/Hold Chopsticks Step 5.360p.mp4"}, "6": {"text": "Open and close the chopsticks with your first two fingers.", "img": null, "vid": "/b/b8/Hold Chopsticks Step 6 Version 2.360p.mp4"}, "7": {"text": "Keep a firm grip on both chopsticks to keep them from shifting.", "img": "https://www.wikihow.com/images/thumb/1/1d/Hold-Chopsticks-Step-7-Version-3.jpg/v4-460px-Hold-Chopsticks-Step-7-Version-3.jpg", "vid": null}, "8": {"text": "Maintain gentle pressure on the top chopstick to hold onto your food.", "img": "https://www.wikihow.com/images/thumb/9/9c/Hold-Chopsticks-Step-8-Version-3.jpg/v4-460px-Hold-Chopsticks-Step-8-Version-3.jpg", "vid": null}, "9": {"text": "Reverse the opening-closing motion to tear food into smaller pieces.", "img": null, "vid": "/c/c7/Hold Chopsticks Step 9 Version 2.360p.mp4"}, "10": {"text": "Never stick your chopsticks straight up in a bowl of rice.", "img": "https://www.wikihow.com/images/thumb/1/1d/Hold-Chopsticks-Step-10-Version-3.jpg/v4-460px-Hold-Chopsticks-Step-10-Version-3.jpg", "vid": null}, "11": {"text": "Always use both chopsticks at the same time.", "img": null, "vid": "/d/d6/Hold Chopsticks Step 11.360p.mp4"}, "12": {"text": "Avoid laying your chopsticks across your plate or bowl unless you\u2019re done, especially at formal meals or restaurants.", "img": "https://www.wikihow.com/images/thumb/d/de/Hold-Chopsticks-Step-12-Version-3.jpg/v4-460px-Hold-Chopsticks-Step-12-Version-3.jpg", "vid": null}, "13": {"text": "Try not to gesture with your chopsticks or point them at other people.", "img": "https://www.wikihow.com/images/thumb/2/2e/Hold-Chopsticks-Step-13-Version-3.jpg/v4-460px-Hold-Chopsticks-Step-13-Version-3.jpg", "vid": null}, "14": {"text": "Move dishes with your hands, not your chopsticks.", "img": null, "vid": "/2/29/Hold Chopsticks Step 15 Version 2.360p.mp4"}, "15": {"text": "Don\u2019t eat or take food from the serving dish with your personal chopsticks if you are being offered serving chopsticks.", "img": "https://www.wikihow.com/images/thumb/a/a2/Hold-Chopsticks-Step-14-Version-3.jpg/v4-460px-Hold-Chopsticks-Step-14-Version-3.jpg", "vid": null}}