{"video_url": "https://www.youtube.com/embed/6pWlNaTlO-Y?showinfo=0", "1": {"text": "Enter the car.", "img": "https://www.wikihow.com/images/thumb/0/04/Hotwire-a-Car-Step-1-Version-5.jpg/v4-460px-Hotwire-a-Car-Step-1-Version-5.jpg", "vid": null}, "2": {"text": "Remove the plastic cover on the steering column.", "img": "https://www.wikihow.com/images/thumb/d/d2/Hotwire-a-Car-Step-2-Version-5.jpg/v4-460px-Hotwire-a-Car-Step-2-Version-5.jpg", "vid": null}, "3": {"text": "Find the wiring harness connector.", "img": "https://www.wikihow.com/images/thumb/5/54/Hotwire-a-Car-Step-3-Version-5.jpg/v4-460px-Hotwire-a-Car-Step-3-Version-5.jpg", "vid": null}, "4": {"text": "Pull aside the battery, ignition, and starter wire bundle.", "img": "https://www.wikihow.com/images/thumb/c/cf/Hotwire-a-Car-Step-4-Version-5.jpg/v4-460px-Hotwire-a-Car-Step-4-Version-5.jpg", "vid": null}, "5": {"text": "Strip about 1 inch (2.5\u00a0cm) of insulation from the battery wires and twist them together.", "img": "https://www.wikihow.com/images/thumb/f/f3/Hotwire-a-Car-Step-5-Version-5.jpg/v4-460px-Hotwire-a-Car-Step-5-Version-5.jpg", "vid": null}, "6": {"text": "Connect the ignition on/off wire to the battery wire.", "img": "https://www.wikihow.com/images/thumb/9/95/Hotwire-a-Car-Step-6-Version-5.jpg/v4-460px-Hotwire-a-Car-Step-6-Version-5.jpg", "vid": null}, "7": {"text": "Being extremely careful, strip the starter wire about 1\u20442 inch (1.3\u00a0cm).", "img": "https://www.wikihow.com/images/thumb/c/c2/Hotwire-a-Car-Step-7-Version-4.jpg/v4-460px-Hotwire-a-Car-Step-7-Version-4.jpg", "vid": null}, "8": {"text": "Rev the engine.", "img": "https://www.wikihow.com/images/thumb/7/7e/Hotwire-a-Car-Step-8-Version-5.jpg/v4-460px-Hotwire-a-Car-Step-8-Version-5.jpg", "vid": null}, "9": {"text": "Break the steering lock.", "img": "https://www.wikihow.com/images/thumb/d/d5/Hotwire-a-Car-Step-9-Version-5.jpg/v4-460px-Hotwire-a-Car-Step-9-Version-5.jpg", "vid": null}, "10": {"text": "Position the drill on the keyhole about 2/3 of the way up.", "img": "https://www.wikihow.com/images/thumb/a/a7/Hotwire-a-Car-Step-10-Version-5.jpg/v4-460px-Hotwire-a-Car-Step-10-Version-5.jpg", "vid": null}, "11": {"text": "Drill in about the length of a key.", "img": "https://www.wikihow.com/images/thumb/9/91/Hotwire-a-Car-Step-11-Version-5.jpg/v4-460px-Hotwire-a-Car-Step-11-Version-5.jpg", "vid": null}, "12": {"text": "Put the screwdriver in the same way you would put your key in.", "img": "https://www.wikihow.com/images/thumb/a/a2/Hotwire-a-Car-Step-12-Version-5.jpg/v4-460px-Hotwire-a-Car-Step-12-Version-5.jpg", "vid": null}, "13": {"text": "Open the hood and locate the red coil wire.", "img": "https://www.wikihow.com/images/thumb/9/97/Hotwire-a-Car-Step-13-Version-5.jpg/v4-460px-Hotwire-a-Car-Step-13-Version-5.jpg", "vid": null}, "14": {"text": "Get out your jump cables.", "img": "https://www.wikihow.com/images/thumb/7/78/Hotwire-a-Car-Step-14-Version-5.jpg/v4-460px-Hotwire-a-Car-Step-14-Version-5.jpg", "vid": null}, "15": {"text": "Locate the starter solenoid.", "img": "https://www.wikihow.com/images/thumb/4/48/Hotwire-a-Car-Step-15-Version-5.jpg/v4-460px-Hotwire-a-Car-Step-15-Version-5.jpg", "vid": null}, "16": {"text": "Unlock the steering wheel.", "img": "https://www.wikihow.com/images/thumb/2/20/Hotwire-a-Car-Step-16-Version-5.jpg/v4-460px-Hotwire-a-Car-Step-16-Version-5.jpg", "vid": null}, "17": {"text": "Connect the solenoid to the positive battery terminal.", "img": "https://www.wikihow.com/images/thumb/1/14/Hotwire-a-Car-Step-17-Version-5.jpg/v4-460px-Hotwire-a-Car-Step-17-Version-5.jpg", "vid": null}}