{"video_url": "https://www.youtube.com/embed/2y0TWi2K0r8", "1": {"text": "Look for obvious mistakes or defects on the watch.", "img": "https://www.wikihow.com/images/thumb/4/4a/Identify-a-Fake-Watch-Step-2-Version-2.jpg/v4-460px-Identify-a-Fake-Watch-Step-2-Version-2.jpg", "vid": null}, "2": {"text": "Check the watch for crisp, high-quality lettering.", "img": null, "vid": null}, "3": {"text": "Hold the watch to make sure it's heavy.", "img": "https://www.wikihow.com/images/thumb/7/71/Identify-a-Fake-Watch-Step-4-Version-2.jpg/v4-460px-Identify-a-Fake-Watch-Step-4-Version-2.jpg", "vid": null}, "4": {"text": "Familiarize yourself with different brand designs.", "img": "https://www.wikihow.com/images/thumb/3/33/Identify-a-Fake-Watch-Step-5.jpg/v4-460px-Identify-a-Fake-Watch-Step-5.jpg", "vid": null}, "5": {"text": "Look for an official serial number on the watch.", "img": "https://www.wikihow.com/images/thumb/2/2d/Identify-a-Fake-Watch-Step-6.jpg/v4-460px-Identify-a-Fake-Watch-Step-6.jpg", "vid": null}, "6": {"text": "Be suspicious of watches with simple band designs.", "img": "https://www.wikihow.com/images/thumb/a/ae/Identify-a-Fake-Watch-Step-8.jpg/v4-460px-Identify-a-Fake-Watch-Step-8.jpg", "vid": null}, "7": {"text": "Purchase a designer watch that\u2019s new and not resold.", "img": "https://www.wikihow.com/images/thumb/0/06/Identify-a-Fake-Watch-Step-10.jpg/v4-460px-Identify-a-Fake-Watch-Step-10.jpg", "vid": null}, "8": {"text": "Double-check the serial number with the manufacturer.", "img": "https://www.wikihow.com/images/thumb/c/cb/Identify-a-Fake-Watch-Step-11.jpg/v4-460px-Identify-a-Fake-Watch-Step-11.jpg", "vid": null}, "9": {"text": "Visit an appraiser to check for counterfeits.", "img": "https://www.wikihow.com/images/thumb/9/9c/Identify-a-Fake-Watch-Step-12.jpg/v4-460px-Identify-a-Fake-Watch-Step-12.jpg", "vid": null}}