{"video_url": "https://www.youtube.com/embed/gxvkD_Gx-Eo?showinfo=0", "1": {"text": "Identify gaps in employee efficiency.", "img": "https://www.wikihow.com/images/thumb/e/e2/Implement-Efficiency-Strategies-Step-1-Version-3.jpg/v4-460px-Implement-Efficiency-Strategies-Step-1-Version-3.jpg", "vid": null}, "2": {"text": "Provide a secure internet network.", "img": "https://www.wikihow.com/images/thumb/b/bf/Implement-Efficiency-Strategies-Step-2-Version-3.jpg/v4-460px-Implement-Efficiency-Strategies-Step-2-Version-3.jpg", "vid": null}, "3": {"text": "Make sure your employees have a productive working environment.", "img": "https://www.wikihow.com/images/thumb/1/14/Implement-Efficiency-Strategies-Step-3-Version-3.jpg/v4-460px-Implement-Efficiency-Strategies-Step-3-Version-3.jpg", "vid": null}, "4": {"text": "Check that your employee\u2019s salaries are competitive and include full benefits.", "img": "https://www.wikihow.com/images/thumb/d/dc/Implement-Efficiency-Strategies-Step-4-Version-3.jpg/v4-460px-Implement-Efficiency-Strategies-Step-4-Version-3.jpg", "vid": null}, "5": {"text": "Reduce company travel time for your employees.", "img": "https://www.wikihow.com/images/thumb/3/3d/Implement-Efficiency-Strategies-Step-5-Version-3.jpg/v4-460px-Implement-Efficiency-Strategies-Step-5-Version-3.jpg", "vid": null}, "6": {"text": "Implement an employee recognition program.", "img": "https://www.wikihow.com/images/thumb/5/56/Implement-Efficiency-Strategies-Step-6-Version-3.jpg/v4-460px-Implement-Efficiency-Strategies-Step-6-Version-3.jpg", "vid": null}, "7": {"text": "Create an employee efficiency committee.", "img": "https://www.wikihow.com/images/thumb/6/65/Implement-Efficiency-Strategies-Step-7-Version-3.jpg/v4-460px-Implement-Efficiency-Strategies-Step-7-Version-3.jpg", "vid": null}, "8": {"text": "Set up weekly check ins with clients.", "img": "https://www.wikihow.com/images/thumb/7/77/Implement-Efficiency-Strategies-Step-8-Version-3.jpg/v4-460px-Implement-Efficiency-Strategies-Step-8-Version-3.jpg", "vid": null}, "9": {"text": "Ask clients for feedback on your company\u2019s efficiency.", "img": "https://www.wikihow.com/images/thumb/0/06/Implement-Efficiency-Strategies-Step-9-Version-3.jpg/v4-460px-Implement-Efficiency-Strategies-Step-9-Version-3.jpg", "vid": null}, "10": {"text": "Monitor project timelines to ensure deliverables are met.", "img": "https://www.wikihow.com/images/thumb/a/a4/Implement-Efficiency-Strategies-Step-10-Version-3.jpg/v4-460px-Implement-Efficiency-Strategies-Step-10-Version-3.jpg", "vid": null}, "11": {"text": "Identify key efficiency gaps for the fiscal year.", "img": "https://www.wikihow.com/images/thumb/7/78/Implement-Efficiency-Strategies-Step-11-Version-3.jpg/v4-460px-Implement-Efficiency-Strategies-Step-11-Version-3.jpg", "vid": null}, "12": {"text": "Improve the company\u2019s technology every fiscal year.", "img": "https://www.wikihow.com/images/thumb/3/38/Implement-Efficiency-Strategies-Step-12-Version-2.jpg/v4-460px-Implement-Efficiency-Strategies-Step-12-Version-2.jpg", "vid": null}, "13": {"text": "Update the company\u2019s efficiency needs based on employee and client feedback.", "img": "https://www.wikihow.com/images/thumb/d/db/Implement-Efficiency-Strategies-Step-13-Version-2.jpg/v4-460px-Implement-Efficiency-Strategies-Step-13-Version-2.jpg", "vid": null}}