{"video_url": "https://www.youtube.com/embed/Pr6M6rQQRXg", "1": {"text": "Find your center by standing up straight and tall.", "img": "https://www.wikihow.com/images/thumb/c/c8/Improve-Your-Posture-Step-1-Version-8.jpg/v4-460px-Improve-Your-Posture-Step-1-Version-8.jpg", "vid": null}, "2": {"text": "Use a wall to teach yourself correct posture.", "img": "https://www.wikihow.com/images/thumb/7/7b/Improve-Your-Posture-Step-2-Version-7.jpg/v4-460px-Improve-Your-Posture-Step-2-Version-7.jpg", "vid": null}, "3": {"text": "Have someone tape an X on your back to help correct your posture.", "img": "https://www.wikihow.com/images/thumb/b/bf/Improve-Your-Posture-Step-3-Version-7.jpg/v4-460px-Improve-Your-Posture-Step-3-Version-7.jpg", "vid": null}, "4": {"text": "Keep your weight on the balls of your feet.", "img": "https://www.wikihow.com/images/thumb/1/1b/Improve-Your-Posture-Step-4-Version-7.jpg/v4-460px-Improve-Your-Posture-Step-4-Version-7.jpg", "vid": null}, "5": {"text": "Walk as if you have a book balanced on your head.", "img": "https://www.wikihow.com/images/thumb/e/e5/Improve-Your-Posture-Step-5-Version-7.jpg/v4-460px-Improve-Your-Posture-Step-5-Version-7.jpg", "vid": null}, "6": {"text": "Pick supportive footwear for standing and walking.", "img": "https://www.wikihow.com/images/thumb/d/de/Improve-Your-Posture-Step-6-Version-7.jpg/v4-460px-Improve-Your-Posture-Step-6-Version-7.jpg", "vid": null}, "7": {"text": "Make sure your back is at a right angle to your thighs.", "img": "https://www.wikihow.com/images/thumb/a/ad/Improve-Your-Posture-Step-7-Version-7.jpg/v4-460px-Improve-Your-Posture-Step-7-Version-7.jpg", "vid": null}, "8": {"text": "Check your posture by sitting on your hands.", "img": "https://www.wikihow.com/images/thumb/d/db/Improve-Your-Posture-Step-8-Version-7.jpg/v4-460px-Improve-Your-Posture-Step-8-Version-7.jpg", "vid": null}, "9": {"text": "Adjust your legs and keep your feet flat while sitting.", "img": "https://www.wikihow.com/images/thumb/3/3a/Improve-Your-Posture-Step-9-Version-7.jpg/v4-460px-Improve-Your-Posture-Step-9-Version-7.jpg", "vid": null}, "10": {"text": "Find a supportive chair to help you maintain good posture.", "img": "https://www.wikihow.com/images/thumb/c/c0/Improve-Your-Posture-Step-10-Version-7.jpg/v4-460px-Improve-Your-Posture-Step-10-Version-7.jpg", "vid": null}, "11": {"text": "Adjust your computer monitor to help with your posture.", "img": "https://www.wikihow.com/images/thumb/6/63/Improve-Your-Posture-Step-11-Version-7.jpg/v4-460px-Improve-Your-Posture-Step-11-Version-7.jpg", "vid": null}, "12": {"text": "Make adjustments to your seat to maintain good posture while driving.", "img": "https://www.wikihow.com/images/thumb/3/31/Improve-Your-Posture-Step-12-Version-7.jpg/v4-460px-Improve-Your-Posture-Step-12-Version-7.jpg", "vid": null}, "13": {"text": "Take standing breaks when you're sitting for long periods.", "img": "https://www.wikihow.com/images/thumb/7/78/Improve-Your-Posture-Step-13-Version-4.jpg/v4-460px-Improve-Your-Posture-Step-13-Version-4.jpg", "vid": null}, "14": {"text": "Provide support for your back with pillows while sleeping.", "img": "https://www.wikihow.com/images/thumb/6/6e/Improve-Your-Posture-Step-14-Version-4.jpg/v4-460px-Improve-Your-Posture-Step-14-Version-4.jpg", "vid": null}, "15": {"text": "Turn your body as 1 unit when laying down.", "img": "https://www.wikihow.com/images/thumb/b/b0/Improve-Your-Posture-Step-15-Version-4.jpg/v4-460px-Improve-Your-Posture-Step-15-Version-4.jpg", "vid": null}, "16": {"text": "Sleep with good posture by choosing a comfortable mattress.", "img": "https://www.wikihow.com/images/thumb/d/d9/Improve-Your-Posture-Step-16-Version-4.jpg/v4-460px-Improve-Your-Posture-Step-16-Version-4.jpg", "vid": null}, "17": {"text": "Improve your core muscles with deep abdominal stretching.", "img": "https://www.wikihow.com/images/thumb/0/09/Stretch-Your-Latissimus-Dorsi-Step-17.jpg/v4-460px-Stretch-Your-Latissimus-Dorsi-Step-17.jpg", "vid": null}, "18": {"text": "Do a shoulder blade squeeze.", "img": "https://www.wikihow.com/images/thumb/5/54/Improve-Your-Posture-Step-18-Version-4.jpg/v4-460px-Improve-Your-Posture-Step-18-Version-4.jpg", "vid": null}, "19": {"text": "Train your muscles for better posture with strength training.", "img": "https://www.wikihow.com/images/thumb/9/97/Improve-Your-Posture-Step-19-Version-4.jpg/v4-460px-Improve-Your-Posture-Step-19-Version-4.jpg", "vid": null}, "20": {"text": "Pretend you're a penguin to stretch your shoulders.", "img": "https://www.wikihow.com/images/thumb/9/9f/Improve-Your-Posture-Step-20-Version-4.jpg/v4-460px-Improve-Your-Posture-Step-20-Version-4.jpg", "vid": null}, "21": {"text": "Use stretching for a sore neck or back.", "img": "https://www.wikihow.com/images/thumb/d/da/Improve-Your-Posture-Step-21.jpg/v4-460px-Improve-Your-Posture-Step-21.jpg", "vid": null}, "22": {"text": "Practice yoga to increase flexibility and help with posture.", "img": "https://www.wikihow.com/images/thumb/1/1f/Improve-Your-Posture-Step-22.jpg/v4-460px-Improve-Your-Posture-Step-22.jpg", "vid": null}}