{"video_url": "https://www.youtube.com/embed/zJMlxpZ3_ig", "1": {"text": "Make sure the wings are symmetrical.", "img": "https://www.wikihow.com/images/thumb/9/9c/Improve-the-Design-of-any-Paper-Airplane-Step-1-Version-3.jpg/v4-460px-Improve-the-Design-of-any-Paper-Airplane-Step-1-Version-3.jpg", "vid": null}, "2": {"text": "Make the wings shorter.", "img": "https://www.wikihow.com/images/thumb/5/58/Improve-the-Design-of-any-Paper-Airplane-Step-2-Version-3.jpg/v4-460px-Improve-the-Design-of-any-Paper-Airplane-Step-2-Version-3.jpg", "vid": null}, "3": {"text": "Angle the wings.", "img": "https://www.wikihow.com/images/thumb/1/12/Improve-the-Design-of-any-Paper-Airplane-Step-3-Version-3.jpg/v4-460px-Improve-the-Design-of-any-Paper-Airplane-Step-3-Version-3.jpg", "vid": null}, "4": {"text": "Add fins to complicated designs.", "img": "https://www.wikihow.com/images/thumb/c/c8/Improve-the-Design-of-any-Paper-Airplane-Step-4-Version-2.jpg/v4-460px-Improve-the-Design-of-any-Paper-Airplane-Step-4-Version-2.jpg", "vid": null}, "5": {"text": "Bend the back end of nosediving planes upwards.", "img": "https://www.wikihow.com/images/thumb/2/2d/Improve-the-Design-of-any-Paper-Airplane-Step-5-Version-3.jpg/v4-460px-Improve-the-Design-of-any-Paper-Airplane-Step-5-Version-3.jpg", "vid": null}, "6": {"text": "Weigh down the nose on stalling planes.", "img": "https://www.wikihow.com/images/thumb/6/61/Improve-the-Design-of-any-Paper-Airplane-Step-6-Version-3.jpg/v4-460px-Improve-the-Design-of-any-Paper-Airplane-Step-6-Version-3.jpg", "vid": null}, "7": {"text": "Bend the back ends downwards on stalling planes.", "img": "https://www.wikihow.com/images/thumb/e/ef/Improve-the-Design-of-any-Paper-Airplane-Step-7-Version-3.jpg/v4-460px-Improve-the-Design-of-any-Paper-Airplane-Step-7-Version-3.jpg", "vid": null}, "8": {"text": "Bend right-leaning planes to the left.", "img": "https://www.wikihow.com/images/thumb/f/f2/Improve-the-Design-of-any-Paper-Airplane-Step-8-Version-3.jpg/v4-460px-Improve-the-Design-of-any-Paper-Airplane-Step-8-Version-3.jpg", "vid": null}, "9": {"text": "Bend left-leaning planes to the right.", "img": "https://www.wikihow.com/images/thumb/f/fb/Improve-the-Design-of-any-Paper-Airplane-Step-9-Version-3.jpg/v4-460px-Improve-the-Design-of-any-Paper-Airplane-Step-9-Version-3.jpg", "vid": null}, "10": {"text": "Hold the fuselage.", "img": "https://www.wikihow.com/images/thumb/1/18/Improve-the-Design-of-any-Paper-Airplane-Step-10.jpg/v4-460px-Improve-the-Design-of-any-Paper-Airplane-Step-10.jpg", "vid": null}, "11": {"text": "Throw thin, long-winged planes gently.", "img": "https://www.wikihow.com/images/thumb/9/9e/Improve-the-Design-of-any-Paper-Airplane-Step-11.jpg/v4-460px-Improve-the-Design-of-any-Paper-Airplane-Step-11.jpg", "vid": null}, "12": {"text": "Throw short, stout planes upwards.", "img": "https://www.wikihow.com/images/thumb/c/c8/Improve-the-Design-of-any-Paper-Airplane-Step-12.jpg/v4-460px-Improve-the-Design-of-any-Paper-Airplane-Step-12.jpg", "vid": null}}