{"video_url": "https://www.youtube.com/embed/nFc3ppL5faU?showinfo=0", "1": {"text": "Watch for symptoms.", "img": "https://www.wikihow.com/images/thumb/a/ae/Increase-Estrogen-Step-1-Version-5.jpg/v4-460px-Increase-Estrogen-Step-1-Version-5.jpg", "vid": null}, "2": {"text": "Visit your doctor.", "img": "https://www.wikihow.com/images/thumb/0/04/Increase-Estrogen-Step-2-Version-5.jpg/v4-460px-Increase-Estrogen-Step-2-Version-5.jpg", "vid": null}, "3": {"text": "Have your estrogen levels tested.", "img": "https://www.wikihow.com/images/thumb/e/e6/Increase-Estrogen-Step-3-Version-5.jpg/v4-460px-Increase-Estrogen-Step-3-Version-5.jpg", "vid": null}, "4": {"text": "Try estrogen therapy.", "img": "https://www.wikihow.com/images/thumb/f/f7/Increase-Estrogen-Step-4-Version-5.jpg/v4-460px-Increase-Estrogen-Step-4-Version-5.jpg", "vid": null}, "5": {"text": "Quit smoking.", "img": "https://www.wikihow.com/images/thumb/9/96/Increase-Estrogen-Step-5-Version-5.jpg/v4-460px-Increase-Estrogen-Step-5-Version-5.jpg", "vid": null}, "6": {"text": "Start exercising moderately.", "img": "https://www.wikihow.com/images/thumb/d/d6/Increase-Estrogen-Step-6-Version-5.jpg/v4-460px-Increase-Estrogen-Step-6-Version-5.jpg", "vid": null}, "7": {"text": "Maintain a healthy diet.", "img": "https://www.wikihow.com/images/thumb/e/ee/Increase-Estrogen-Step-7-Version-5.jpg/v4-460px-Increase-Estrogen-Step-7-Version-5.jpg", "vid": null}, "8": {"text": "Eat soy and drink soy milk.", "img": "https://www.wikihow.com/images/thumb/3/36/Increase-Estrogen-Step-8-Version-5.jpg/v4-460px-Increase-Estrogen-Step-8-Version-5.jpg", "vid": null}, "9": {"text": "Reduce your sugar intake.", "img": "https://www.wikihow.com/images/thumb/3/31/Increase-Estrogen-Step-9-Version-5.jpg/v4-460px-Increase-Estrogen-Step-9-Version-5.jpg", "vid": null}, "10": {"text": "Drink coffee.", "img": "https://www.wikihow.com/images/thumb/0/03/Increase-Estrogen-Step-10-Version-3.jpg/v4-460px-Increase-Estrogen-Step-10-Version-3.jpg", "vid": null}, "11": {"text": "Take chasteberry supplements.", "img": "https://www.wikihow.com/images/thumb/d/d1/Increase-Estrogen-Step-11-Version-3.jpg/v4-460px-Increase-Estrogen-Step-11-Version-3.jpg", "vid": null}, "12": {"text": "Choose foods that are high in phytoestrogens.", "img": "https://www.wikihow.com/images/thumb/0/0c/Increase-Estrogen-Step-12-Version-3.jpg/v4-460px-Increase-Estrogen-Step-12-Version-3.jpg", "vid": null}, "13": {"text": "Make an herbal tea.", "img": "https://www.wikihow.com/images/thumb/9/96/Increase-Estrogen-Step-13-Version-3.jpg/v4-460px-Increase-Estrogen-Step-13-Version-3.jpg", "vid": null}, "14": {"text": "Eat flax seeds.", "img": "https://www.wikihow.com/images/thumb/6/63/Increase-Estrogen-Step-14-Version-3.jpg/v4-460px-Increase-Estrogen-Step-14-Version-3.jpg", "vid": null}}