{"video_url": "https://www.youtube.com/embed/oEEd719GXqQ?showinfo=0", "1": {"text": "Select a high-quality extra virgin olive oil.", "img": "https://www.wikihow.com/images/thumb/2/20/Infuse-Olive-Oil-Step-1-Version-5.jpg/v4-460px-Infuse-Olive-Oil-Step-1-Version-5.jpg", "vid": null}, "2": {"text": "Infuse a single ingredient into the oil for a strong, bold flavor.", "img": "https://www.wikihow.com/images/thumb/e/ef/Infuse-Olive-Oil-Step-2-Version-5.jpg/v4-460px-Infuse-Olive-Oil-Step-2-Version-5.jpg", "vid": null}, "3": {"text": "Create flavor blends with 2 ingredients.", "img": "https://www.wikihow.com/images/thumb/9/93/Infuse-Olive-Oil-Step-3-Version-5.jpg/v4-460px-Infuse-Olive-Oil-Step-3-Version-5.jpg", "vid": null}, "4": {"text": "Do a cold-infusion for fresh herbs and organic ingredients.", "img": "https://www.wikihow.com/images/thumb/8/88/Infuse-Olive-Oil-Step-4-Version-5.jpg/v4-460px-Infuse-Olive-Oil-Step-4-Version-5.jpg", "vid": null}, "5": {"text": "Heat-infuse hardy herbs and preserved ingredients.", "img": "https://www.wikihow.com/images/thumb/a/a3/Infuse-Olive-Oil-Step-5-Version-5.jpg/v4-460px-Infuse-Olive-Oil-Step-5-Version-5.jpg", "vid": null}, "6": {"text": "Wash and dry fresh herbs and organic ingredients.", "img": null, "vid": "/b/b6/Infuse Olive Oil Step 6 Version 5.360p.mp4"}, "7": {"text": "Add your herbs to a food processor, and pulverize them for 30 seconds.", "img": null, "vid": "/d/d3/Infuse Olive Oil Step 7 Version 3.360p.mp4"}, "8": {"text": "Place the herbs in the bottle and pour the oil on top.", "img": null, "vid": "/3/33/Infuse Olive Oil Step 8 Version 3.360p.mp4"}, "9": {"text": "Refrigerate the oil for 1-2 weeks to infuse the flavors.", "img": "https://www.wikihow.com/images/thumb/5/53/Infuse-Olive-Oil-Step-9-Version-3.jpg/v4-460px-Infuse-Olive-Oil-Step-9-Version-3.jpg", "vid": null}, "10": {"text": "Strain and re-bottle the oil when the flavor is strong enough.", "img": null, "vid": "/3/36/Infuse Olive Oil Step 10 Version 3.360p.mp4"}, "11": {"text": "Heat the oil in a medium saucepan to 150\u00a0\u00b0F (66\u00a0\u00b0C) and remove from heat.", "img": null, "vid": "/8/8a/Infuse Olive Oil Step 11 Version 3.360p.mp4"}, "12": {"text": "Add woody herbs and preserved ingredients to the oil as it cools.", "img": null, "vid": "/4/48/Infuse Olive Oil Step 12 Version 3.360p.mp4"}, "13": {"text": "Strain the infused ingredients when the oil has cooled to room temperature.", "img": null, "vid": "/e/e4/Infuse Olive Oil Step 13 Version 3.360p.mp4"}, "14": {"text": "Store heat-infused olive oil at room temperature or in the refrigerator.", "img": "https://www.wikihow.com/images/thumb/8/81/Infuse-Olive-Oil-Step-14-Version-3.jpg/v4-460px-Infuse-Olive-Oil-Step-14-Version-3.jpg", "vid": null}}