{"video_url": "https://www.youtube.com/embed/ebqTluqnzcs?showinfo=0", "1": {"text": "Select the text or image that you want to turn into a link.", "img": "https://www.wikihow.com/images/thumb/2/2b/Insert-a-Hyperlink-in-Microsoft-Word-Step-1-Version-6.jpg/v4-460px-Insert-a-Hyperlink-in-Microsoft-Word-Step-1-Version-6.jpg", "vid": null}, "2": {"text": "Press \u2318 Command+K (Mac) or Ctrl+K (PC).", "img": "https://www.wikihow.com/images/thumb/1/19/Insert-a-Hyperlink-in-Microsoft-Word-Step-2-Version-6.jpg/v4-460px-Insert-a-Hyperlink-in-Microsoft-Word-Step-2-Version-6.jpg", "vid": null}, "3": {"text": "Select Existing File or Web Page from the left panel.", "img": "https://www.wikihow.com/images/thumb/5/51/Insert-a-Hyperlink-in-Microsoft-Word-Step-3-Version-6.jpg/v4-460px-Insert-a-Hyperlink-in-Microsoft-Word-Step-3-Version-6.jpg", "vid": null}, "4": {"text": "Select a file or enter a web address.", "img": "https://www.wikihow.com/images/thumb/f/fc/Insert-a-Hyperlink-in-Microsoft-Word-Step-4-Version-6.jpg/v4-460px-Insert-a-Hyperlink-in-Microsoft-Word-Step-4-Version-6.jpg", "vid": null}, "5": {"text": "Set a ScreenTip (optional).", "img": "https://www.wikihow.com/images/thumb/5/5e/Insert-a-Hyperlink-in-Microsoft-Word-Step-5-Version-6.jpg/v4-460px-Insert-a-Hyperlink-in-Microsoft-Word-Step-5-Version-6.jpg", "vid": null}, "6": {"text": "Click OK to save your link.", "img": "https://www.wikihow.com/images/thumb/6/62/Insert-a-Hyperlink-in-Microsoft-Word-Step-6-Version-6.jpg/v4-460px-Insert-a-Hyperlink-in-Microsoft-Word-Step-6-Version-6.jpg", "vid": null}, "7": {"text": "Select the text or click the image you want to turn into an email link.", "img": "https://www.wikihow.com/images/thumb/d/d0/Insert-a-Hyperlink-in-Microsoft-Word-Step-7-Version-6.jpg/v4-460px-Insert-a-Hyperlink-in-Microsoft-Word-Step-7-Version-6.jpg", "vid": null}, "8": {"text": "Press \u2318 Command+K (Mac) or Ctrl+K (PC).", "img": "https://www.wikihow.com/images/thumb/5/5d/Insert-a-Hyperlink-in-Microsoft-Word-Step-8-Version-6.jpg/v4-460px-Insert-a-Hyperlink-in-Microsoft-Word-Step-8-Version-6.jpg", "vid": null}, "9": {"text": "Click E-Mail Address in the left panel.", "img": "https://www.wikihow.com/images/thumb/8/8f/Insert-a-Hyperlink-in-Microsoft-Word-Step-9-Version-6.jpg/v4-460px-Insert-a-Hyperlink-in-Microsoft-Word-Step-9-Version-6.jpg", "vid": null}, "10": {"text": "Enter the e-mail address and subject.", "img": "https://www.wikihow.com/images/thumb/7/74/Insert-a-Hyperlink-in-Microsoft-Word-Step-10-Version-6.jpg/v4-460px-Insert-a-Hyperlink-in-Microsoft-Word-Step-10-Version-6.jpg", "vid": null}, "11": {"text": "Set a ScreenTip (optional).", "img": "https://www.wikihow.com/images/thumb/f/fa/Insert-a-Hyperlink-in-Microsoft-Word-Step-11-Version-6.jpg/v4-460px-Insert-a-Hyperlink-in-Microsoft-Word-Step-11-Version-6.jpg", "vid": null}, "12": {"text": "Click OK to save your link.", "img": "https://www.wikihow.com/images/thumb/9/90/Insert-a-Hyperlink-in-Microsoft-Word-Step-12-Version-6.jpg/v4-460px-Insert-a-Hyperlink-in-Microsoft-Word-Step-12-Version-6.jpg", "vid": null}, "13": {"text": "Place your cursor at the location you want to link to.", "img": "https://www.wikihow.com/images/thumb/9/90/Insert-a-Hyperlink-in-Microsoft-Word-Step-13-Version-6.jpg/v4-460px-Insert-a-Hyperlink-in-Microsoft-Word-Step-13-Version-6.jpg", "vid": null}, "14": {"text": "Click the Insert tab.", "img": "https://www.wikihow.com/images/thumb/6/60/Insert-a-Hyperlink-in-Microsoft-Word-Step-14-Version-6.jpg/v4-460px-Insert-a-Hyperlink-in-Microsoft-Word-Step-14-Version-6.jpg", "vid": null}, "15": {"text": "Click the Bookmark button.", "img": "https://www.wikihow.com/images/thumb/e/ec/Insert-a-Hyperlink-in-Microsoft-Word-Step-15-Version-6.jpg/v4-460px-Insert-a-Hyperlink-in-Microsoft-Word-Step-15-Version-6.jpg", "vid": null}, "16": {"text": "Enter a name for the bookmark.", "img": "https://www.wikihow.com/images/thumb/f/f9/Insert-a-Hyperlink-in-Microsoft-Word-Step-16-Version-6.jpg/v4-460px-Insert-a-Hyperlink-in-Microsoft-Word-Step-16-Version-6.jpg", "vid": null}, "17": {"text": "Click Add to insert the bookmark.", "img": "https://www.wikihow.com/images/thumb/3/39/Insert-a-Hyperlink-in-Microsoft-Word-Step-17-Version-6.jpg/v4-460px-Insert-a-Hyperlink-in-Microsoft-Word-Step-17-Version-6.jpg", "vid": null}, "18": {"text": "Select the text or image you want to create the link from.", "img": "https://www.wikihow.com/images/thumb/c/c3/Insert-a-Hyperlink-in-Microsoft-Word-Step-18-Version-6.jpg/v4-460px-Insert-a-Hyperlink-in-Microsoft-Word-Step-18-Version-6.jpg", "vid": null}, "19": {"text": "Press \u2318 Command+K (Mac) or Ctrl+K (PC).", "img": "https://www.wikihow.com/images/thumb/e/e5/Insert-a-Hyperlink-in-Microsoft-Word-Step-19-Version-6.jpg/v4-460px-Insert-a-Hyperlink-in-Microsoft-Word-Step-19-Version-6.jpg", "vid": null}, "20": {"text": "Click Place in This Document in the left panel.", "img": "https://www.wikihow.com/images/thumb/6/6e/Insert-a-Hyperlink-in-Microsoft-Word-Step-20-Version-6.jpg/v4-460px-Insert-a-Hyperlink-in-Microsoft-Word-Step-20-Version-6.jpg", "vid": null}, "21": {"text": "Select the bookmark you want to link to.", "img": "https://www.wikihow.com/images/thumb/a/a9/Insert-a-Hyperlink-in-Microsoft-Word-Step-21-Version-2.jpg/v4-460px-Insert-a-Hyperlink-in-Microsoft-Word-Step-21-Version-2.jpg", "vid": null}, "22": {"text": "Set a ScreenTip (optional).", "img": "https://www.wikihow.com/images/thumb/b/b9/Insert-a-Hyperlink-in-Microsoft-Word-Step-22-Version-2.jpg/v4-460px-Insert-a-Hyperlink-in-Microsoft-Word-Step-22-Version-2.jpg", "vid": null}, "23": {"text": "Click OK to save your link.", "img": "https://www.wikihow.com/images/thumb/c/c9/Insert-a-Hyperlink-in-Microsoft-Word-Step-23-Version-2.jpg/v4-460px-Insert-a-Hyperlink-in-Microsoft-Word-Step-23-Version-2.jpg", "vid": null}}