{"video_url": "https://www.youtube.com/embed/uLrSXLydaEI?showinfo=0", "1": {"text": "Open an HTML document.", "img": "https://www.wikihow.com/images/thumb/1/12/Insert-Spaces-in-HTML-Step-1-Version-4.jpg/v4-460px-Insert-Spaces-in-HTML-Step-1-Version-4.jpg", "vid": null}, "2": {"text": "Press space to add a normal space.", "img": "https://www.wikihow.com/images/thumb/6/6f/Insert-Spaces-in-HTML-Step-2-Version-5.jpg/v4-460px-Insert-Spaces-in-HTML-Step-2-Version-5.jpg", "vid": null}, "3": {"text": "Type &nbsp; to force an extra space.", "img": null, "vid": "/f/f1/Insert Spaces in HTML Step 3.360p.mp4"}, "4": {"text": "Insert spaces of different widths.", "img": null, "vid": "/0/0d/Insert Spaces in HTML Step 4.360p.mp4"}, "5": {"text": "Open an HTML or CSS document.", "img": "https://www.wikihow.com/images/thumb/c/ce/Insert-Spaces-in-HTML-Step-5-Version-5.jpg/v4-460px-Insert-Spaces-in-HTML-Step-5-Version-5.jpg", "vid": null}, "6": {"text": "Create a style section for your CSS.", "img": null, "vid": "/1/10/Insert Spaces in HTML Step 6.360p.mp4"}, "7": {"text": "Type the following tag in the style area:", "img": null, "vid": "/1/1e/Insert Spaces in HTML Step 7.360p.mp4"}, "8": {"text": "Type <p> where you want to add an indent space.", "img": null, "vid": "/b/b8/Insert Spaces in HTML Step 8.360p.mp4"}, "9": {"text": "Open an HTML document.", "img": "https://www.wikihow.com/images/thumb/6/63/Insert-Spaces-in-HTML-Step-9-Version-2.jpg/v4-460px-Insert-Spaces-in-HTML-Step-9-Version-2.jpg", "vid": null}, "10": {"text": "Type <pre> before the text that you want to pre-format.", "img": null, "vid": "/6/64/Insert Spaces in HTML Step 10.360p.mp4"}, "11": {"text": "Type your text exactly as intended after the \"<pre>\" tag.", "img": null, "vid": "/1/13/Insert Spaces in HTML Step 11.360p.mp4"}, "12": {"text": "Type </pre> after your text.", "img": null, "vid": "/7/7d/Insert Spaces in HTML Step 12.360p.mp4"}}