{"video_url": "https://www.youtube.com/embed/XBS-4-xZUhk?showinfo=0", "1": {"text": "Make a plan", "img": null, "vid": "/2/26/Install Pavers Step 1 Version 2.360p.mp4"}, "2": {"text": "Check with your local utilities company before starting any construction.", "img": null, "vid": "/e/ed/Install Pavers Step 2 Version 2.360p.mp4"}, "3": {"text": "Choose the pavers.", "img": null, "vid": "/2/28/Install Pavers Step 3 Version 2.360p.mp4"}, "4": {"text": "Mark the area with white marking paint.", "img": null, "vid": "/c/c2/Install Pavers Step 4 Version 2.360p.mp4"}, "5": {"text": "Scope your slope.", "img": null, "vid": "/e/e3/Install Pavers Step 5 Version 2.360p.mp4"}, "6": {"text": "Excavate the installation area.", "img": null, "vid": "/2/2a/Install Pavers Step 6 Version 2.360p.mp4"}, "7": {"text": "Choose your base material.", "img": null, "vid": "/1/14/Install Pavers Step 7 Version 2.360p.mp4"}, "8": {"text": "Lay the base.", "img": null, "vid": "/6/6b/Install Pavers Step 8 Version 2.360p.mp4"}, "9": {"text": "Install the edge restraints.", "img": null, "vid": "/b/b6/Install Pavers Step 9 Version 2.360p.mp4"}, "10": {"text": "Put down a layer of sand.", "img": null, "vid": "/f/fd/Install Pavers Step 10 Version 2.360p.mp4"}, "11": {"text": "Start laying the pavers along the longest straight side.", "img": null, "vid": "/f/fd/Install Pavers Step 11 Version 2.360p.mp4"}, "12": {"text": "Cut pavers", "img": null, "vid": "/4/43/Install Pavers Step 12 Version 2.360p.mp4"}, "13": {"text": "Tamp the pavers into the sand.", "img": null, "vid": "/a/a5/Install Pavers Step 13 Version 2.360p.mp4"}, "14": {"text": "Sweep sand into the joints.", "img": null, "vid": "/a/a0/Install Pavers Step 15 Version 2.360p.mp4"}}