{"video_url": "https://www.youtube.com/embed/HY5B2Gl9Hy8?showinfo=0", "1": {"text": "Use a stud finder to locate studs behind your walls.", "img": "https://www.wikihow.com/images/thumb/9/9d/Install-a-Hook-in-the-Wall-Step-1.jpg/v4-460px-Install-a-Hook-in-the-Wall-Step-1.jpg", "vid": null}, "2": {"text": "Drill a hole into your wall slightly smaller than the screw your hook came with.", "img": "https://www.wikihow.com/images/thumb/9/90/Install-a-Hook-in-the-Wall-Step-2.jpg/v4-460px-Install-a-Hook-in-the-Wall-Step-2.jpg", "vid": null}, "3": {"text": "Feed the screw into the hole on your hook and line it up to the wall.", "img": "https://www.wikihow.com/images/thumb/9/9d/Install-a-Hook-in-the-Wall-Step-3.jpg/v4-460px-Install-a-Hook-in-the-Wall-Step-3.jpg", "vid": null}, "4": {"text": "Screw or hammer the hook into the wall.", "img": "https://www.wikihow.com/images/thumb/d/d2/Install-a-Hook-in-the-Wall-Step-4.jpg/v4-460px-Install-a-Hook-in-the-Wall-Step-4.jpg", "vid": null}, "5": {"text": "Get wall anchors for your screws.", "img": "https://www.wikihow.com/images/thumb/c/cd/Install-a-Hook-in-the-Wall-Step-5.jpg/v4-460px-Install-a-Hook-in-the-Wall-Step-5.jpg", "vid": null}, "6": {"text": "Drill a hole the same size as your wall anchor.", "img": "https://www.wikihow.com/images/thumb/e/e5/Install-a-Hook-in-the-Wall-Step-6.jpg/v4-460px-Install-a-Hook-in-the-Wall-Step-6.jpg", "vid": null}, "7": {"text": "Screw or feed your anchor into the hole you made.", "img": "https://www.wikihow.com/images/thumb/e/ee/Install-a-Hook-in-the-Wall-Step-7.jpg/v4-460px-Install-a-Hook-in-the-Wall-Step-7.jpg", "vid": null}, "8": {"text": "Place your screw into the hook and align it with the anchor on your wall.", "img": "https://www.wikihow.com/images/thumb/7/76/Install-a-Hook-in-the-Wall-Step-8.jpg/v4-460px-Install-a-Hook-in-the-Wall-Step-8.jpg", "vid": null}, "9": {"text": "Secure the screw in the center of your anchor.", "img": "https://www.wikihow.com/images/thumb/6/67/Install-a-Hook-in-the-Wall-Step-9.jpg/v4-460px-Install-a-Hook-in-the-Wall-Step-9.jpg", "vid": null}, "10": {"text": "Slide the back off of the hook.", "img": "https://www.wikihow.com/images/thumb/3/3f/Install-a-Hook-in-the-Wall-Step-10.jpg/v4-460px-Install-a-Hook-in-the-Wall-Step-10.jpg", "vid": null}, "11": {"text": "Peel the backing from the adhesive strip and press it onto the backplate.", "img": "https://www.wikihow.com/images/thumb/b/b2/Install-a-Hook-in-the-Wall-Step-11.jpg/v4-460px-Install-a-Hook-in-the-Wall-Step-11.jpg", "vid": null}, "12": {"text": "Press the adhesive strip onto your wall and hold it for 30 seconds.", "img": "https://www.wikihow.com/images/thumb/5/5a/Install-a-Hook-in-the-Wall-Step-12.jpg/v4-460px-Install-a-Hook-in-the-Wall-Step-12.jpg", "vid": null}, "13": {"text": "Slide the hook onto the wall and wait 1 hour before hanging anything.", "img": "https://www.wikihow.com/images/thumb/a/af/Install-a-Hook-in-the-Wall-Step-13.jpg/v4-460px-Install-a-Hook-in-the-Wall-Step-13.jpg", "vid": null}}