{"video_url": "https://www.youtube.com/embed/EmiKSgXtyNs", "1": {"text": "Journal the dream.", "img": "https://www.wikihow.com/images/thumb/c/c3/Interpret-Dreams-from-a-Biblical-Perspective-Step-1-Version-3.jpg/v4-460px-Interpret-Dreams-from-a-Biblical-Perspective-Step-1-Version-3.jpg", "vid": null}, "2": {"text": "Evaluate the emotions you felt.", "img": "https://www.wikihow.com/images/thumb/b/b6/Interpret-Dreams-from-a-Biblical-Perspective-Step-2-Version-3.jpg/v4-460px-Interpret-Dreams-from-a-Biblical-Perspective-Step-2-Version-3.jpg", "vid": null}, "3": {"text": "Ask yourself when the dream occurs.", "img": "https://www.wikihow.com/images/thumb/1/1b/Interpret-Dreams-from-a-Biblical-Perspective-Step-3-Version-3.jpg/v4-460px-Interpret-Dreams-from-a-Biblical-Perspective-Step-3-Version-3.jpg", "vid": null}, "4": {"text": "Determine if the dream is about you or somebody else.", "img": "https://www.wikihow.com/images/thumb/9/95/Interpret-Dreams-from-a-Biblical-Perspective-Step-4-Version-3.jpg/v4-460px-Interpret-Dreams-from-a-Biblical-Perspective-Step-4-Version-3.jpg", "vid": null}, "5": {"text": "Note the colors of objects in your dreams.", "img": "https://www.wikihow.com/images/thumb/5/51/Interpret-Dreams-from-a-Biblical-Perspective-Step-5-Version-3.jpg/v4-460px-Interpret-Dreams-from-a-Biblical-Perspective-Step-5-Version-3.jpg", "vid": null}, "6": {"text": "Pay attention to animals.", "img": "https://www.wikihow.com/images/thumb/b/bf/Interpret-Dreams-from-a-Biblical-Perspective-Step-6-Version-3.jpg/v4-460px-Interpret-Dreams-from-a-Biblical-Perspective-Step-6-Version-3.jpg", "vid": null}, "7": {"text": "Look for significant numbers.", "img": "https://www.wikihow.com/images/thumb/4/47/Interpret-Dreams-from-a-Biblical-Perspective-Step-7-Version-3.jpg/v4-460px-Interpret-Dreams-from-a-Biblical-Perspective-Step-7-Version-3.jpg", "vid": null}, "8": {"text": "Focus on objects of religious importance.", "img": "https://www.wikihow.com/images/thumb/3/3d/Interpret-Dreams-from-a-Biblical-Perspective-Step-8.jpg/v4-460px-Interpret-Dreams-from-a-Biblical-Perspective-Step-8.jpg", "vid": null}, "9": {"text": "Don't use a standard dream symbol dictionary.", "img": "https://www.wikihow.com/images/thumb/3/38/Interpret-Dreams-from-a-Biblical-Perspective-Step-9.jpg/v4-460px-Interpret-Dreams-from-a-Biblical-Perspective-Step-9.jpg", "vid": null}, "10": {"text": "Evaluate each symbol.", "img": "https://www.wikihow.com/images/thumb/1/14/Interpret-Dreams-from-a-Biblical-Perspective-Step-10.jpg/v4-460px-Interpret-Dreams-from-a-Biblical-Perspective-Step-10.jpg", "vid": null}, "11": {"text": "Decide if the dream is literal or symbolic.", "img": "https://www.wikihow.com/images/thumb/b/bb/Interpret-Dreams-from-a-Biblical-Perspective-Step-11.jpg/v4-460px-Interpret-Dreams-from-a-Biblical-Perspective-Step-11.jpg", "vid": null}, "12": {"text": "Ask yourself what emotions you have experienced or issues you were processing the day before the dream.", "img": "https://www.wikihow.com/images/thumb/5/59/Interpret-Dreams-from-a-Biblical-Perspective-Step-12.jpg/v4-460px-Interpret-Dreams-from-a-Biblical-Perspective-Step-12.jpg", "vid": null}, "13": {"text": "Pray about the dream.", "img": "https://www.wikihow.com/images/thumb/6/68/Interpret-Dreams-from-a-Biblical-Perspective-Step-13.jpg/v4-460px-Interpret-Dreams-from-a-Biblical-Perspective-Step-13.jpg", "vid": null}}