{"video_url": "https://www.youtube.com/embed/3EgqVVY6gB8", "1": {"text": "Distract yourself with fun activities.", "img": null, "vid": "/5/52/Keep Yourself from Getting Scared While Home Alone Step 1.360p.mp4"}, "2": {"text": "Call a friend or family member.", "img": null, "vid": "/c/c8/Keep Yourself from Getting Scared While Home Alone Step 2.360p.mp4"}, "3": {"text": "Be productive.", "img": null, "vid": "/2/28/Keep Yourself from Getting Scared While Home Alone Step 3.360p.mp4"}, "4": {"text": "Do some exercise.", "img": "https://www.wikihow.com/images/thumb/9/9a/Keep-Yourself-from-Getting-Scared-While-Home-Alone-Step-4-Version-2.jpg/v4-460px-Keep-Yourself-from-Getting-Scared-While-Home-Alone-Step-4-Version-2.jpg", "vid": null}, "5": {"text": "Acknowledge your mind is playing tricks on you.", "img": null, "vid": "/b/b4/Keep Yourself from Getting Scared While Home Alone Step 5.360p.mp4"}, "6": {"text": "Question nervous thoughts.", "img": "https://www.wikihow.com/images/thumb/5/5c/Keep-Yourself-from-Getting-Scared-While-Home-Alone-Step-6-Version-2.jpg/v4-460px-Keep-Yourself-from-Getting-Scared-While-Home-Alone-Step-6-Version-2.jpg", "vid": null}, "7": {"text": "Practice deep breathing.", "img": null, "vid": "/0/08/Keep Yourself from Getting Scared While Home Alone Step 7.360p.mp4"}, "8": {"text": "Visualize a calming scenario.", "img": "https://www.wikihow.com/images/thumb/5/53/Keep-Yourself-from-Getting-Scared-While-Home-Alone-Step-8-Version-2.jpg/v4-460px-Keep-Yourself-from-Getting-Scared-While-Home-Alone-Step-8-Version-2.jpg", "vid": null}, "9": {"text": "Let a neighbor know you'll be home alone.", "img": "https://www.wikihow.com/images/thumb/0/0d/Keep-Yourself-from-Getting-Scared-While-Home-Alone-Step-9.jpg/v4-460px-Keep-Yourself-from-Getting-Scared-While-Home-Alone-Step-9.jpg", "vid": null}, "10": {"text": "Lock the doors and windows.", "img": "https://www.wikihow.com/images/thumb/c/c2/Keep-Yourself-from-Getting-Scared-While-Home-Alone-Step-10-Version-2.jpg/v4-460px-Keep-Yourself-from-Getting-Scared-While-Home-Alone-Step-10-Version-2.jpg", "vid": null}, "11": {"text": "Learn the numbers for emergency services.", "img": "https://www.wikihow.com/images/thumb/7/7e/Keep-Yourself-from-Getting-Scared-While-Home-Alone-Step-11-Version-2.jpg/v4-460px-Keep-Yourself-from-Getting-Scared-While-Home-Alone-Step-11-Version-2.jpg", "vid": null}, "12": {"text": "Make a plan for emergencies.", "img": "https://www.wikihow.com/images/thumb/a/a9/Keep-Yourself-from-Getting-Scared-While-Home-Alone-Step-12-Version-2.jpg/v4-460px-Keep-Yourself-from-Getting-Scared-While-Home-Alone-Step-12-Version-2.jpg", "vid": null}}