{"video_url": "https://www.youtube.com/embed/M3olYQ8HkIU", "1": {"text": "Make a broccoli bouquet.", "img": "https://www.wikihow.com/images/thumb/4/47/Keep-Broccoli-Fresh-Step-1-Version-2.jpg/v4-460px-Keep-Broccoli-Fresh-Step-1-Version-2.jpg", "vid": null}, "2": {"text": "Wrap your broccoli in damp paper towels.", "img": "https://www.wikihow.com/images/thumb/1/17/Keep-Broccoli-Fresh-Step-2-Version-2.jpg/v4-460px-Keep-Broccoli-Fresh-Step-2-Version-2.jpg", "vid": null}, "3": {"text": "Keep your broccoli in a ventilated bag.", "img": "https://www.wikihow.com/images/thumb/4/49/Keep-Broccoli-Fresh-Step-3-Version-2.jpg/v4-460px-Keep-Broccoli-Fresh-Step-3-Version-2.jpg", "vid": null}, "4": {"text": "Wash homegrown broccoli, but not store-bought broccoli.", "img": "https://www.wikihow.com/images/thumb/2/2d/Keep-Broccoli-Fresh-Step-4.jpg/v4-460px-Keep-Broccoli-Fresh-Step-4.jpg", "vid": null}, "5": {"text": "Get your broccoli in the fridge as quick as possible.", "img": "https://www.wikihow.com/images/thumb/e/e6/Keep-Broccoli-Fresh-Step-5.jpg/v4-460px-Keep-Broccoli-Fresh-Step-5.jpg", "vid": null}, "6": {"text": "Prepare boiling and ice-cold water.", "img": "https://www.wikihow.com/images/thumb/0/0c/Keep-Broccoli-Fresh-Step-6.jpg/v4-460px-Keep-Broccoli-Fresh-Step-6.jpg", "vid": null}, "7": {"text": "Cut the broccoli heads into small pieces.", "img": "https://www.wikihow.com/images/thumb/8/84/Keep-Broccoli-Fresh-Step-7.jpg/v4-460px-Keep-Broccoli-Fresh-Step-7.jpg", "vid": null}, "8": {"text": "Boil the broccoli pieces for three minutes.", "img": "https://www.wikihow.com/images/thumb/5/53/Keep-Broccoli-Fresh-Step-8.jpg/v4-460px-Keep-Broccoli-Fresh-Step-8.jpg", "vid": null}, "9": {"text": "Chill the broccoli pieces for three minutes.", "img": "https://www.wikihow.com/images/thumb/7/70/Keep-Broccoli-Fresh-Step-9.jpg/v4-460px-Keep-Broccoli-Fresh-Step-9.jpg", "vid": null}, "10": {"text": "Drain and dry.", "img": "https://www.wikihow.com/images/thumb/b/b2/Keep-Broccoli-Fresh-Step-10.jpg/v4-460px-Keep-Broccoli-Fresh-Step-10.jpg", "vid": null}, "11": {"text": "Store in sealed bag in the freezer.", "img": "https://www.wikihow.com/images/thumb/c/c9/Keep-Broccoli-Fresh-Step-11.jpg/v4-460px-Keep-Broccoli-Fresh-Step-11.jpg", "vid": null}, "12": {"text": "Look for deep green florets.", "img": "https://www.wikihow.com/images/thumb/3/34/Keep-Broccoli-Fresh-Step-12.jpg/v4-460px-Keep-Broccoli-Fresh-Step-12.jpg", "vid": null}, "13": {"text": "Look for florets about the size of a match head.", "img": "https://www.wikihow.com/images/thumb/e/e7/Keep-Broccoli-Fresh-Step-13.jpg/v4-460px-Keep-Broccoli-Fresh-Step-13.jpg", "vid": null}, "14": {"text": "Feel for a firm, tight head.", "img": "https://www.wikihow.com/images/thumb/6/65/Keep-Broccoli-Fresh-Step-14.jpg/v4-460px-Keep-Broccoli-Fresh-Step-14.jpg", "vid": null}, "15": {"text": "For homegrown broccoli, harvest in the morning and immediately cool.", "img": "https://www.wikihow.com/images/thumb/1/1d/Keep-Broccoli-Fresh-Step-15.jpg/v4-460px-Keep-Broccoli-Fresh-Step-15.jpg", "vid": null}}