{"video_url": "https://www.youtube.com/embed/o0bVM4qV5M8?showinfo=0", "1": {"text": "Trim the ends.", "img": "https://www.wikihow.com/images/thumb/4/46/Keep-Cilantro-Fresh-Step-1-Version-4.jpg/v4-460px-Keep-Cilantro-Fresh-Step-1-Version-4.jpg", "vid": null}, "2": {"text": "Soak the cilantro.", "img": null, "vid": "/0/05/Keep Cilantro Fresh Step 2 Version 2.360p.mp4"}, "3": {"text": "Remove excess water.", "img": null, "vid": "/1/1d/Keep Cilantro Fresh Step 3 Version 3.360p.mp4"}, "4": {"text": "Wrap the cilantro in a damp paper towel.", "img": null, "vid": "/1/14/Keep Cilantro Fresh Step 4 Version 3.360p.mp4"}, "5": {"text": "Place the cilantro in an airtight container.", "img": "https://www.wikihow.com/images/thumb/5/50/Keep-Cilantro-Fresh-Step-5-Version-4.jpg/v4-460px-Keep-Cilantro-Fresh-Step-5-Version-4.jpg", "vid": null}, "6": {"text": "Keep in the refrigerator.", "img": "https://www.wikihow.com/images/thumb/0/03/Keep-Cilantro-Fresh-Step-6-Version-4.jpg/v4-460px-Keep-Cilantro-Fresh-Step-6-Version-4.jpg", "vid": null}, "7": {"text": "Trim the ends.", "img": "https://www.wikihow.com/images/thumb/4/49/Keep-Cilantro-Fresh-Step-7-Version-4.jpg/v4-460px-Keep-Cilantro-Fresh-Step-7-Version-4.jpg", "vid": null}, "8": {"text": "Dry the cilantro completely.", "img": null, "vid": "/b/b3/Keep Cilantro Fresh Step 8 Version 3.360p.mp4"}, "9": {"text": "Layer the cilantro in between layers of dry paper towel.", "img": null, "vid": "/d/d6/Keep Cilantro Fresh Step 9 Version 3.360p.mp4"}, "10": {"text": "Keep in the refrigerator.", "img": "https://www.wikihow.com/images/thumb/4/4c/Keep-Cilantro-Fresh-Step-10-Version-4.jpg/v4-460px-Keep-Cilantro-Fresh-Step-10-Version-4.jpg", "vid": null}, "11": {"text": "Trim the ends.", "img": "https://www.wikihow.com/images/thumb/d/db/Keep-Cilantro-Fresh-Step-11-Version-4.jpg/v4-460px-Keep-Cilantro-Fresh-Step-11-Version-4.jpg", "vid": null}, "12": {"text": "Dry the leaves, if necessary.", "img": null, "vid": "/2/28/Keep Cilantro Fresh Step 12 Version 3.360p.mp4"}, "13": {"text": "Fill a glass with some water and the cilantro.", "img": null, "vid": "/b/b7/Keep Cilantro Fresh Step 13 Version 3.360p.mp4"}, "14": {"text": "Cover with a plastic bag.", "img": null, "vid": "/3/37/Keep Cilantro Fresh Step 14 Version 3.360p.mp4"}, "15": {"text": "Change the water periodically.", "img": null, "vid": "/e/e9/Keep Cilantro Fresh Step 15 Version 2.360p.mp4"}, "16": {"text": "Keep in the refrigerator.", "img": "https://www.wikihow.com/images/thumb/f/f5/Keep-Cilantro-Fresh-Step-16-Version-4.jpg/v4-460px-Keep-Cilantro-Fresh-Step-16-Version-4.jpg", "vid": null}, "17": {"text": "Finished.", "img": "https://www.wikihow.com/images/thumb/d/de/Keep-Cilantro-Fresh-Step-17-Version-3.jpg/v4-460px-Keep-Cilantro-Fresh-Step-17-Version-3.jpg", "vid": null}}