{"video_url": "https://www.youtube.com/embed/3Sewut4eUCE", "1": {"text": "Store brown sugar in an airtight container.", "img": "https://www.wikihow.com/images/thumb/d/dc/Keep-Brown-Sugar-Soft-Step-1-Version-2.jpg/v4-460px-Keep-Brown-Sugar-Soft-Step-1-Version-2.jpg", "vid": null}, "2": {"text": "Use a terra cotta sugar saver.", "img": "https://www.wikihow.com/images/thumb/6/64/Keep-Brown-Sugar-Soft-Step-2-Version-2.jpg/v4-460px-Keep-Brown-Sugar-Soft-Step-2-Version-2.jpg", "vid": null}, "3": {"text": "Add marshmallows to your bag.", "img": null, "vid": "/6/64/Keep Brown Sugar Soft Step 3.360p.mp4"}, "4": {"text": "Store with apples and bread.", "img": null, "vid": "/5/58/Keep Brown Sugar Soft Step 4.360p.mp4"}, "5": {"text": "Add water for a few days.", "img": null, "vid": "/2/2d/Keep Brown Sugar Soft Step 5.360p.mp4"}, "6": {"text": "Use a moistened cloth.", "img": null, "vid": "/9/93/Keep Brown Sugar Soft Step 6.360p.mp4"}, "7": {"text": "Soften overnight with tinfoil and dampened paper towel.", "img": null, "vid": "/e/ed/Keep Brown Sugar Soft Step 7.360p.mp4"}, "8": {"text": "Use your food processor.", "img": "https://www.wikihow.com/images/thumb/d/da/Keep-Brown-Sugar-Soft-Step-8-Version-2.jpg/v4-460px-Keep-Brown-Sugar-Soft-Step-8-Version-2.jpg", "vid": null}, "9": {"text": "Microwave the sugar.", "img": null, "vid": "/7/77/Keep Brown Sugar Soft Step 9.360p.mp4"}, "10": {"text": "Soften over the oven.", "img": "https://www.wikihow.com/images/thumb/7/73/Keep-Brown-Sugar-Soft-Step-10-Version-2.jpg/v4-460px-Keep-Brown-Sugar-Soft-Step-10-Version-2.jpg", "vid": null}}