{"video_url": "https://www.youtube.com/embed/cf_QiBDiykg", "1": {"text": "Package your machine-washable clothes and sheets in airtight garbage bags.", "img": "https://www.wikihow.com/images/thumb/4/4c/Kill-Bed-Bugs-Step-1-Version-2.jpg/v4-460px-Kill-Bed-Bugs-Step-1-Version-2.jpg", "vid": null}, "2": {"text": "Wash and dry your machine-washables on high heat to kill the bed bugs.", "img": "https://www.wikihow.com/images/thumb/7/79/Kill-Bed-Bugs-Step-2-Version-2.jpg/v4-460px-Kill-Bed-Bugs-Step-2-Version-2.jpg", "vid": null}, "3": {"text": "Place any unwashable fabric items in airtight freezer bags.", "img": "https://www.wikihow.com/images/thumb/f/f9/Kill-Bed-Bugs-Step-3-Version-2.jpg/v4-460px-Kill-Bed-Bugs-Step-3-Version-2.jpg", "vid": null}, "4": {"text": "Leave the bags in your freezer for 14 days to kill any bugs.", "img": "https://www.wikihow.com/images/thumb/b/bc/Kill-Bed-Bugs-Step-4-Version-2.jpg/v4-460px-Kill-Bed-Bugs-Step-4-Version-2.jpg", "vid": null}, "5": {"text": "Buy or rent a high-powered steamer to destroy bugs on contact.", "img": "https://www.wikihow.com/images/thumb/e/ef/Kill-Bed-Bugs-Step-5-Version-2.jpg/v4-460px-Kill-Bed-Bugs-Step-5-Version-2.jpg", "vid": null}, "6": {"text": "Run the steamer over the surface of high-risk areas to kill the bugs.", "img": "https://www.wikihow.com/images/thumb/1/1d/Kill-Bed-Bugs-Step-6-Version-2.jpg/v4-460px-Kill-Bed-Bugs-Step-6-Version-2.jpg", "vid": null}, "7": {"text": "Use a high-powered vacuum with a HEPA filter to suck bugs up.", "img": "https://www.wikihow.com/images/thumb/7/70/Kill-Bed-Bugs-Step-7-Version-2.jpg/v4-460px-Kill-Bed-Bugs-Step-7-Version-2.jpg", "vid": null}, "8": {"text": "Run the vacuum over the carpet, drapes, bed frame, and baseboards.", "img": "https://www.wikihow.com/images/thumb/b/b1/Kill-Bed-Bugs-Step-8-Version-2.jpg/v4-460px-Kill-Bed-Bugs-Step-8-Version-2.jpg", "vid": null}, "9": {"text": "Buy silica aerogel or diatomaceous earth to kill the bed bugs.", "img": "https://www.wikihow.com/images/thumb/7/71/Kill-Bed-Bugs-Step-9-Version-2.jpg/v4-460px-Kill-Bed-Bugs-Step-9-Version-2.jpg", "vid": null}, "10": {"text": "Load a duster with the pesticide or snip the tip on the bottle.", "img": "https://www.wikihow.com/images/thumb/2/26/Kill-Bed-Bugs-Step-10-Version-2.jpg/v4-460px-Kill-Bed-Bugs-Step-10-Version-2.jpg", "vid": null}, "11": {"text": "Squirt the pesticide into cracks in the walls and along the baseboards.", "img": "https://www.wikihow.com/images/thumb/1/16/Kill-Bed-Bugs-Step-11-Version-2.jpg/v4-460px-Kill-Bed-Bugs-Step-11-Version-2.jpg", "vid": null}, "12": {"text": "Spread pesticide inside your drawers and around your bed frame.", "img": "https://www.wikihow.com/images/thumb/5/56/Kill-Bed-Bugs-Step-12-Version-2.jpg/v4-460px-Kill-Bed-Bugs-Step-12-Version-2.jpg", "vid": null}, "13": {"text": "Leave the pesticide for at least 10 days before vacuuming it up.", "img": "https://www.wikihow.com/images/thumb/b/b6/Kill-Bed-Bugs-Step-13.jpg/v4-460px-Kill-Bed-Bugs-Step-13.jpg", "vid": null}, "14": {"text": "Place bed bug interceptors around your bed frame to keep bed bugs off.", "img": "https://www.wikihow.com/images/thumb/a/a7/Kill-Bed-Bugs-Step-14.jpg/v4-460px-Kill-Bed-Bugs-Step-14.jpg", "vid": null}, "15": {"text": "Hire a professional to handle a severe infestation.", "img": "https://www.wikihow.com/images/thumb/4/47/Kill-Bed-Bugs-Step-15.jpg/v4-460px-Kill-Bed-Bugs-Step-15.jpg", "vid": null}}