{"video_url": "https://www.youtube.com/embed/0Rj4Zf9D_IU?showinfo=0", "1": {"text": "Spray a non-repellent spray on the nest to kill ants at the source.", "img": "https://www.wikihow.com/images/thumb/2/2e/Kill-Ants-Outside-Step-1-Version-3.jpg/v4-460px-Kill-Ants-Outside-Step-1-Version-3.jpg", "vid": null}, "2": {"text": "Apply the pesticide around your home to stop them from coming inside.", "img": "https://www.wikihow.com/images/thumb/2/20/Kill-Ants-Outside-Step-2-Version-2.jpg/v4-460px-Kill-Ants-Outside-Step-2-Version-2.jpg", "vid": null}, "3": {"text": "Spread granular pesticide across your lawn for larger infestations.", "img": "https://www.wikihow.com/images/thumb/f/f6/Kill-Ants-Outside-Step-3-Version-3.jpg/v4-460px-Kill-Ants-Outside-Step-3-Version-3.jpg", "vid": null}, "4": {"text": "Use bait traps near your home for hands-off pest control.", "img": "https://www.wikihow.com/images/thumb/1/1b/Kill-Ants-Outside-Step-4-Version-3.jpg/v4-460px-Kill-Ants-Outside-Step-4-Version-3.jpg", "vid": null}, "5": {"text": "Pour soapy water into the anthill for a safe solution.", "img": "https://www.wikihow.com/images/thumb/2/25/Kill-Ants-Outside-Step-5-Version-2.jpg/v4-460px-Kill-Ants-Outside-Step-5-Version-2.jpg", "vid": null}, "6": {"text": "Spray boric acid onto the nests to kill them within a few days.", "img": "https://www.wikihow.com/images/thumb/8/8e/Kill-Ants-Outside-Step-6-Version-2.jpg/v4-460px-Kill-Ants-Outside-Step-6-Version-2.jpg", "vid": null}, "7": {"text": "Sprinkle diatomaceous earth around the anthill to dry out the infestation.", "img": "https://www.wikihow.com/images/thumb/b/ba/Kill-Ants-Outside-Step-7-Version-2.jpg/v4-460px-Kill-Ants-Outside-Step-7-Version-2.jpg", "vid": null}, "8": {"text": "Make a repellent spray with orange peels and vinegar to steer ants away.", "img": "https://www.wikihow.com/images/thumb/4/44/Kill-Ants-Outside-Step-8-Version-2.jpg/v4-460px-Kill-Ants-Outside-Step-8-Version-2.jpg", "vid": null}, "9": {"text": "Pour glue directly into the anthill to plug up the opening.", "img": "https://www.wikihow.com/images/thumb/4/4a/Kill-Ants-Outside-Step-9-Version-2.jpg/v4-460px-Kill-Ants-Outside-Step-9-Version-2.jpg", "vid": null}, "10": {"text": "Sprinkle baby powder around the nests to keep ants away from an area.", "img": "https://www.wikihow.com/images/thumb/1/10/Kill-Ants-Outside-Step-10-Version-2.jpg/v4-460px-Kill-Ants-Outside-Step-10-Version-2.jpg", "vid": null}, "11": {"text": "Rub essential oils on any points of entry to keep ants out.", "img": "https://www.wikihow.com/images/thumb/3/38/Kill-Ants-Outside-Step-11-Version-2.jpg/v4-460px-Kill-Ants-Outside-Step-11-Version-2.jpg", "vid": null}}