{"video_url": "https://www.youtube.com/embed/-ejLbzFwHuo?showinfo=0", "1": {"text": "Cut the bamboo down to soil level and wait for new shoots to grow back.", "img": "https://www.wikihow.com/images/thumb/d/dd/Kill-Bamboo-Step-1-Version-4.jpg/v4-460px-Kill-Bamboo-Step-1-Version-4.jpg", "vid": null}, "2": {"text": "Sever any underground rhizomes when new shoots start to grow back.", "img": null, "vid": "/e/ea/Kill Bamboo Step 2.360p.mp4"}, "3": {"text": "Apply glyphosate herbicide to the leaves, stalks, and shoots of the bamboo.", "img": "https://www.wikihow.com/images/thumb/a/ab/Kill-Bamboo-Step-3-Version-4.jpg/v4-460px-Kill-Bamboo-Step-3-Version-4.jpg", "vid": null}, "4": {"text": "Alternately, use a stump and root killer on the bamboo.", "img": "https://www.wikihow.com/images/thumb/8/81/Kill-Bamboo-Step-4-Version-3.jpg/v4-460px-Kill-Bamboo-Step-4-Version-3.jpg", "vid": null}, "5": {"text": "Repeat treatment.", "img": "https://www.wikihow.com/images/thumb/b/b6/Kill-Bamboo-Step-5-Version-3.jpg/v4-460px-Kill-Bamboo-Step-5-Version-3.jpg", "vid": null}, "6": {"text": "Dig out the plant.", "img": null, "vid": "/0/0e/Kill Bamboo Step 6.360p.mp4"}, "7": {"text": "Mow the area regularly.", "img": null, "vid": "/9/92/Kill Bamboo Step 7.360p.mp4"}, "8": {"text": "Deplete the plant's stored food.", "img": null, "vid": "/0/0c/Kill Bamboo Step 8.360p.mp4"}, "9": {"text": "Set up an open-sided barrier.", "img": "https://www.wikihow.com/images/thumb/a/a7/Kill-Bamboo-Step-9-Version-3.jpg/v4-460px-Kill-Bamboo-Step-9-Version-3.jpg", "vid": null}, "10": {"text": "Set up a fully enclosed barrier.", "img": "https://www.wikihow.com/images/thumb/4/41/Kill-Bamboo-Step-10-Version-4.jpg/v4-460px-Kill-Bamboo-Step-10-Version-4.jpg", "vid": null}, "11": {"text": "Consider hedging bamboo in on one side with a pond or stream.", "img": "https://www.wikihow.com/images/thumb/8/87/Kill-Bamboo-Step-11-Version-4.jpg/v4-460px-Kill-Bamboo-Step-11-Version-4.jpg", "vid": null}, "12": {"text": "Periodically check for escaping rhizomes.", "img": null, "vid": "/0/0c/Kill Bamboo Step 12.360p.mp4"}}