{"video_url": "https://www.youtube.com/embed/adlYd-Bamp8?showinfo=0", "1": {"text": "Apply a nitrogen-rich fertilizer.", "img": "https://www.wikihow.com/images/thumb/0/0c/Kill-Clover-Step-1.jpg/v4-460px-Kill-Clover-Step-1.jpg", "vid": null}, "2": {"text": "Spot treat the clover with a herbicide.", "img": "https://www.wikihow.com/images/thumb/c/c4/Kill-Clover-Step-2.jpg/v4-460px-Kill-Clover-Step-2.jpg", "vid": null}, "3": {"text": "Use ammonia on the clover to burn it.", "img": "https://www.wikihow.com/images/thumb/b/bb/Kill-Clover-Step-3.jpg/v4-460px-Kill-Clover-Step-3.jpg", "vid": null}, "4": {"text": "Spray the clover with a vinegar and soap mixture.", "img": "https://www.wikihow.com/images/thumb/1/1d/Kill-Clover-Step-4.jpg/v4-460px-Kill-Clover-Step-4.jpg", "vid": null}, "5": {"text": "Use corn gluten on the clover.", "img": "https://www.wikihow.com/images/thumb/4/4e/Kill-Clover-Step-5.jpg/v4-460px-Kill-Clover-Step-5.jpg", "vid": null}, "6": {"text": "Place a plastic sheet over the clover to kill it.", "img": "https://www.wikihow.com/images/thumb/d/db/Kill-Clover-Step-6.jpg/v4-460px-Kill-Clover-Step-6.jpg", "vid": null}, "7": {"text": "Fertilize your lawn in the spring to keep clover away.", "img": "https://www.wikihow.com/images/thumb/a/af/Kill-Clover-Step-7.jpg/v4-460px-Kill-Clover-Step-7.jpg", "vid": null}, "8": {"text": "Pull out small patches of clover with a hand fork to prevent it from spreading.", "img": "https://www.wikihow.com/images/thumb/8/8f/Kill-Clover-Step-8.jpg/v4-460px-Kill-Clover-Step-8.jpg", "vid": null}, "9": {"text": "Mow your lawn at a high setting so your grass outgrows the clover.", "img": "https://www.wikihow.com/images/thumb/2/2a/Kill-Clover-Step-9.jpg/v4-460px-Kill-Clover-Step-9.jpg", "vid": null}, "10": {"text": "Water your lawn 1-2 times a week to prevent clover growth.", "img": "https://www.wikihow.com/images/thumb/7/77/Kill-Clover-Step-10.jpg/v4-460px-Kill-Clover-Step-10.jpg", "vid": null}}