{"video_url": "https://www.youtube.com/embed/nNQieQN3Kco?showinfo=0", "1": {"text": "Buy white vinegar.", "img": "https://www.wikihow.com/images/thumb/f/fc/Kill-Weeds-With-Vinegar-Step-1-Version-2.jpg/v4-460px-Kill-Weeds-With-Vinegar-Step-1-Version-2.jpg", "vid": null}, "2": {"text": "Mix the vinegar with 2 teaspoons (9.9\u00a0ml) dish soap.", "img": "https://www.wikihow.com/images/thumb/1/13/Clean-Soot-from-Glass-Lanterns-Step-2.jpg/v4-460px-Clean-Soot-from-Glass-Lanterns-Step-2.jpg", "vid": null}, "3": {"text": "Pour the mixture into a garden sprayer.", "img": "https://www.wikihow.com/images/thumb/a/a3/Kill-Weeds-With-Vinegar-Step-2-Version-2.jpg/v4-460px-Kill-Weeds-With-Vinegar-Step-2-Version-2.jpg", "vid": null}, "4": {"text": "Choose a sunny day to spray weeds.", "img": "https://www.wikihow.com/images/thumb/8/8b/Kill-Weeds-With-Vinegar-Step-3.jpg/v4-460px-Kill-Weeds-With-Vinegar-Step-3.jpg", "vid": null}, "5": {"text": "Spray directly onto the weeds.", "img": "https://www.wikihow.com/images/thumb/e/e1/Kill-Weeds-With-Vinegar-Step-4.jpg/v4-460px-Kill-Weeds-With-Vinegar-Step-4.jpg", "vid": null}, "6": {"text": "Avoid spraying vinegar on desirable plants.", "img": "https://www.wikihow.com/images/thumb/9/91/Kill-Weeds-With-Vinegar-Step-5.jpg/v4-460px-Kill-Weeds-With-Vinegar-Step-5.jpg", "vid": null}, "7": {"text": "Clean the sprayer out after you finish.", "img": "https://www.wikihow.com/images/thumb/7/71/Kill-Weeds-With-Vinegar-Step-6.jpg/v4-460px-Kill-Weeds-With-Vinegar-Step-6.jpg", "vid": null}, "8": {"text": "Buy 20% concentrated horticultural vinegar.", "img": "https://www.wikihow.com/images/thumb/4/46/Kill-Weeds-With-Vinegar-Step-7.jpg/v4-460px-Kill-Weeds-With-Vinegar-Step-7.jpg", "vid": null}, "9": {"text": "Add dish soap.", "img": "https://www.wikihow.com/images/thumb/0/09/Kill-Weeds-With-Vinegar-Step-8.jpg/v4-460px-Kill-Weeds-With-Vinegar-Step-8.jpg", "vid": null}, "10": {"text": "Add 2 cups (473 ml) of table salt to a gallon (3.8 L) of vinegar.", "img": "https://www.wikihow.com/images/thumb/d/d4/Kill-Weeds-With-Vinegar-Step-9.jpg/v4-460px-Kill-Weeds-With-Vinegar-Step-9.jpg", "vid": null}}