{"video_url": "https://www.youtube.com/embed/KJydc_pJSyU?showinfo=0", "1": {"text": "Stroke your partner's neck with your fingers.", "img": "https://www.wikihow.com/images/thumb/d/d4/Kiss-Your-Partner%27s-Neck-Step-1-Version-2.jpg/v4-460px-Kiss-Your-Partner%27s-Neck-Step-1-Version-2.jpg", "vid": null}, "2": {"text": "Kiss your partner on a sensitive part of her neck.", "img": "https://www.wikihow.com/images/thumb/0/0a/Kiss-Your-Partner%27s-Neck-Step-2-Version-2.jpg/v4-460px-Kiss-Your-Partner%27s-Neck-Step-2-Version-2.jpg", "vid": null}, "3": {"text": "Wet your lips for a closed-mouth kiss.", "img": "https://www.wikihow.com/images/thumb/e/e6/Kiss-Your-Partner%27s-Neck-Step-3-Version-2.jpg/v4-460px-Kiss-Your-Partner%27s-Neck-Step-3-Version-2.jpg", "vid": null}, "4": {"text": "Kiss your partner's neck with an opened mouth.", "img": "https://www.wikihow.com/images/thumb/4/49/Kiss-Your-Partner%27s-Neck-Step-4-Version-2.jpg/v4-460px-Kiss-Your-Partner%27s-Neck-Step-4-Version-2.jpg", "vid": null}, "5": {"text": "Slow down.", "img": "https://www.wikihow.com/images/thumb/6/69/Kiss-Your-Partner%27s-Neck-Step-5-Version-2.jpg/v4-460px-Kiss-Your-Partner%27s-Neck-Step-5-Version-2.jpg", "vid": null}, "6": {"text": "Suck gently on your partner's neck.", "img": "https://www.wikihow.com/images/thumb/d/d0/Kiss-Your-Partner%27s-Neck-Step-6-Version-2.jpg/v4-460px-Kiss-Your-Partner%27s-Neck-Step-6-Version-2.jpg", "vid": null}, "7": {"text": "Gently bite your partner's neck.", "img": "https://www.wikihow.com/images/thumb/9/92/Kiss-Your-Partner%27s-Neck-Step-7.jpg/v4-460px-Kiss-Your-Partner%27s-Neck-Step-7.jpg", "vid": null}}