{"video_url": "https://www.youtube.com/embed/7JzKE7DbSso?showinfo=0", "1": {"text": "Prepare a flat surface for kneading.", "img": null, "vid": "/5/50/Knead Dough Step 1 Version 2.360p.mp4"}, "2": {"text": "Combine the ingredients for your dough.", "img": null, "vid": "/b/b5/Knead Dough Step 2 Version 2.360p.mp4"}, "3": {"text": "Turn the dough onto your work surface.", "img": null, "vid": "/f/fd/Knead Dough Step 3 Version 2.360p.mp4"}, "4": {"text": "Wash your hands before kneading.", "img": null, "vid": "/b/b0/Knead Dough Step 4 Version 2.360p.mp4"}, "5": {"text": "Gather the dough into a pile.", "img": null, "vid": "/5/5d/Knead Dough Step 5 Version 2.360p.mp4"}, "6": {"text": "Punch the dough.", "img": null, "vid": "/6/69/Knead Dough Step 6 Version 2.360p.mp4"}, "7": {"text": "Continue to work the dough.", "img": null, "vid": "/9/99/Knead Dough Step 7 Version 2.360p.mp4"}, "8": {"text": "Look for a tacky texture.", "img": null, "vid": "/e/ed/Knead Dough Step 8 Version 2.360p.mp4"}, "9": {"text": "Test if the dough holds its shape.", "img": null, "vid": "/5/58/Knead Dough Step 9 Version 2.360p.mp4"}, "10": {"text": "Pinch the dough to check its firmness.", "img": null, "vid": "/e/e8/Knead Dough Step 10 Version 2.360p.mp4"}, "11": {"text": "Complete your recipe.", "img": null, "vid": "/e/e0/Knead Dough Step 11 Version 2.360p.mp4"}}