{"video_url": "https://www.youtube.com/embed/hXUxvIn9Uis", "1": {"text": "Pay attention when she's around.", "img": "https://www.wikihow.com/images/thumb/6/63/Know-if-a-Girl-You-Have-Never-Talked-to-Before-Likes-You-Step-1.jpg/v4-460px-Know-if-a-Girl-You-Have-Never-Talked-to-Before-Likes-You-Step-1.jpg", "vid": null}, "2": {"text": "Note if she likes to giggle with her friends.", "img": "https://www.wikihow.com/images/thumb/a/a0/Know-if-a-Girl-You-Have-Never-Talked-to-Before-Likes-You-Step-2.jpg/v4-460px-Know-if-a-Girl-You-Have-Never-Talked-to-Before-Likes-You-Step-2.jpg", "vid": null}, "3": {"text": "Watch her body language.", "img": "https://www.wikihow.com/images/thumb/3/3b/Know-if-a-Girl-You-Have-Never-Talked-to-Before-Likes-You-Step-3.jpg/v4-460px-Know-if-a-Girl-You-Have-Never-Talked-to-Before-Likes-You-Step-3.jpg", "vid": null}, "4": {"text": "See if she gets clumsy near you.", "img": "https://www.wikihow.com/images/thumb/a/ac/Know-if-a-Girl-You-Have-Never-Talked-to-Before-Likes-You-Step-4.jpg/v4-460px-Know-if-a-Girl-You-Have-Never-Talked-to-Before-Likes-You-Step-4.jpg", "vid": null}, "5": {"text": "Ask your friends what they think.", "img": "https://www.wikihow.com/images/thumb/6/68/Know-if-a-Girl-You-Have-Never-Talked-to-Before-Likes-You-Step-5.jpg/v4-460px-Know-if-a-Girl-You-Have-Never-Talked-to-Before-Likes-You-Step-5.jpg", "vid": null}, "6": {"text": "Watch for signs on social media.", "img": "https://www.wikihow.com/images/thumb/7/71/Know-if-a-Girl-You-Have-Never-Talked-to-Before-Likes-You-Step-6.jpg/v4-460px-Know-if-a-Girl-You-Have-Never-Talked-to-Before-Likes-You-Step-6.jpg", "vid": null}, "7": {"text": "Notice how often she's around.", "img": "https://www.wikihow.com/images/thumb/8/82/Know-if-a-Girl-You-Have-Never-Talked-to-Before-Likes-You-Step-7.jpg/v4-460px-Know-if-a-Girl-You-Have-Never-Talked-to-Before-Likes-You-Step-7.jpg", "vid": null}, "8": {"text": "Pay attention to what your instinct is telling you.", "img": "https://www.wikihow.com/images/thumb/b/b9/804035-8.jpg/v4-460px-804035-8.jpg", "vid": null}, "9": {"text": "Pay attention to when her shyness hits.", "img": "https://www.wikihow.com/images/thumb/f/fb/Know-if-a-Girl-You-Have-Never-Talked-to-Before-Likes-You-Step-9.jpg/v4-460px-Know-if-a-Girl-You-Have-Never-Talked-to-Before-Likes-You-Step-9.jpg", "vid": null}, "10": {"text": "Use her friends to your advantage.", "img": "https://www.wikihow.com/images/thumb/0/0b/Know-if-a-Girl-You-Have-Never-Talked-to-Before-Likes-You-Step-10.jpg/v4-460px-Know-if-a-Girl-You-Have-Never-Talked-to-Before-Likes-You-Step-10.jpg", "vid": null}, "11": {"text": "Make eye contact.", "img": "https://www.wikihow.com/images/thumb/b/b4/Know-if-a-Girl-You-Have-Never-Talked-to-Before-Likes-You-Step-11.jpg/v4-460px-Know-if-a-Girl-You-Have-Never-Talked-to-Before-Likes-You-Step-11.jpg", "vid": null}, "12": {"text": "Smile at her.", "img": "https://www.wikihow.com/images/thumb/8/88/Know-if-a-Girl-You-Have-Never-Talked-to-Before-Likes-You-Step-12.jpg/v4-460px-Know-if-a-Girl-You-Have-Never-Talked-to-Before-Likes-You-Step-12.jpg", "vid": null}, "13": {"text": "Make opportunities for her to talk to you.", "img": "https://www.wikihow.com/images/thumb/b/ba/Know-if-a-Girl-You-Have-Never-Talked-to-Before-Likes-You-Step-13.jpg/v4-460px-Know-if-a-Girl-You-Have-Never-Talked-to-Before-Likes-You-Step-13.jpg", "vid": null}, "14": {"text": "Say \u201chi.", "img": "https://www.wikihow.com/images/thumb/4/4c/Know-if-a-Girl-You-Have-Never-Talked-to-Before-Likes-You-Step-14.jpg/v4-460px-Know-if-a-Girl-You-Have-Never-Talked-to-Before-Likes-You-Step-14.jpg", "vid": null}, "15": {"text": "Think about how to start a conversation.", "img": "https://www.wikihow.com/images/thumb/c/c4/Know-if-a-Girl-You-Have-Never-Talked-to-Before-Likes-You-Step-15.jpg/v4-460px-Know-if-a-Girl-You-Have-Never-Talked-to-Before-Likes-You-Step-15.jpg", "vid": null}, "16": {"text": "Engage her in conversation.", "img": "https://www.wikihow.com/images/thumb/5/50/Know-if-a-Girl-You-Have-Never-Talked-to-Before-Likes-You-Step-16.jpg/v4-460px-Know-if-a-Girl-You-Have-Never-Talked-to-Before-Likes-You-Step-16.jpg", "vid": null}}