{"video_url": "https://www.youtube.com/embed/dm5aNKQa60E?showinfo=0", "1": {"text": "Retrace how your emotions developed.", "img": "https://www.wikihow.com/images/thumb/0/00/Know-if-You-Love-Someone-Step-1-Version-3.jpg/v4-460px-Know-if-You-Love-Someone-Step-1-Version-3.jpg", "vid": null}, "2": {"text": "Make a list of pros and cons.", "img": "https://www.wikihow.com/images/thumb/6/65/Know-if-You-Love-Someone-Step-2-Version-3.jpg/v4-460px-Know-if-You-Love-Someone-Step-2-Version-3.jpg", "vid": null}, "3": {"text": "Evaluate your list.", "img": "https://www.wikihow.com/images/thumb/7/75/Know-if-You-Love-Someone-Step-3-Version-3.jpg/v4-460px-Know-if-You-Love-Someone-Step-3-Version-3.jpg", "vid": null}, "4": {"text": "Check for empathy.", "img": "https://www.wikihow.com/images/thumb/f/f5/Know-if-You-Love-Someone-Step-4-Version-3.jpg/v4-460px-Know-if-You-Love-Someone-Step-4-Version-3.jpg", "vid": null}, "5": {"text": "Evaluate how you feel when they're not around.", "img": "https://www.wikihow.com/images/thumb/9/9a/Know-if-You-Love-Someone-Step-5-Version-3.jpg/v4-460px-Know-if-You-Love-Someone-Step-5-Version-3.jpg", "vid": null}, "6": {"text": "Analyze your future plans.", "img": "https://www.wikihow.com/images/thumb/5/53/Know-if-You-Love-Someone-Step-6-Version-3.jpg/v4-460px-Know-if-You-Love-Someone-Step-6-Version-3.jpg", "vid": null}, "7": {"text": "Consider whether this person has changed you.", "img": "https://www.wikihow.com/images/thumb/4/46/Know-if-You-Love-Someone-Step-7-Version-3.jpg/v4-460px-Know-if-You-Love-Someone-Step-7-Version-3.jpg", "vid": null}, "8": {"text": "Notice how mundane things affect you.", "img": "https://www.wikihow.com/images/thumb/d/dd/Know-if-You-Love-Someone-Step-8.jpg/v4-460px-Know-if-You-Love-Someone-Step-8.jpg", "vid": null}, "9": {"text": "Think about the \u201cgreen-eyed monster.", "img": "https://www.wikihow.com/images/thumb/e/e5/Know-if-You-Love-Someone-Step-9.jpg/v4-460px-Know-if-You-Love-Someone-Step-9.jpg", "vid": null}, "10": {"text": "Take a little break.", "img": "https://www.wikihow.com/images/thumb/0/06/Know-if-You-Love-Someone-Step-10.jpg/v4-460px-Know-if-You-Love-Someone-Step-10.jpg", "vid": null}, "11": {"text": "Note your physical reactions.", "img": "https://www.wikihow.com/images/thumb/e/ef/Know-if-You-Love-Someone-Step-11.jpg/v4-460px-Know-if-You-Love-Someone-Step-11.jpg", "vid": null}, "12": {"text": "Evaluate your generosity.", "img": "https://www.wikihow.com/images/thumb/d/d7/Know-if-You-Love-Someone-Step-12.jpg/v4-460px-Know-if-You-Love-Someone-Step-12.jpg", "vid": null}, "13": {"text": "Consider how often you make sacrifices.", "img": "https://www.wikihow.com/images/thumb/b/b6/Know-if-You-Love-Someone-Step-13.jpg/v4-460px-Know-if-You-Love-Someone-Step-13.jpg", "vid": null}, "14": {"text": "Pay attention to mirroring.", "img": "https://www.wikihow.com/images/thumb/e/e8/Know-if-You-Love-Someone-Step-14.jpg/v4-460px-Know-if-You-Love-Someone-Step-14.jpg", "vid": null}, "15": {"text": "Evaluate your responses to their successes.", "img": "https://www.wikihow.com/images/thumb/d/d6/Know-if-You-Love-Someone-Step-15.jpg/v4-460px-Know-if-You-Love-Someone-Step-15.jpg", "vid": null}, "16": {"text": "Consider your larger social circle.", "img": "https://www.wikihow.com/images/thumb/8/82/Know-if-You-Love-Someone-Step-16.jpg/v4-460px-Know-if-You-Love-Someone-Step-16.jpg", "vid": null}}