{"video_url": "https://www.youtube.com/embed/mu5uiGxz-SE?showinfo=0", "1": {"text": "Check yourself out in the mirror.", "img": "https://www.wikihow.com/images/thumb/4/47/Layer-Cut-Your-Own-Hair-Step-1-Version-2.jpg/v4-460px-Layer-Cut-Your-Own-Hair-Step-1-Version-2.jpg", "vid": null}, "2": {"text": "Invest in a good pair of scissors.", "img": "https://www.wikihow.com/images/thumb/4/41/Layer-Cut-Your-Own-Hair-Step-2-Version-2.jpg/v4-460px-Layer-Cut-Your-Own-Hair-Step-2-Version-2.jpg", "vid": null}, "3": {"text": "Set up your home barbershop.", "img": "https://www.wikihow.com/images/thumb/a/aa/Layer-Cut-Your-Own-Hair-Step-3-Version-2.jpg/v4-460px-Layer-Cut-Your-Own-Hair-Step-3-Version-2.jpg", "vid": null}, "4": {"text": "Wash your hair.", "img": "https://www.wikihow.com/images/thumb/1/16/Layer-Cut-Your-Own-Hair-Step-4-Version-2.jpg/v4-460px-Layer-Cut-Your-Own-Hair-Step-4-Version-2.jpg", "vid": null}, "5": {"text": "Divide your hair into sections.", "img": null, "vid": "/1/16/Layer Cut Your Own Hair Step 5 Version 3.360p.mp4"}, "6": {"text": "Trim the front top box.", "img": null, "vid": "/c/cd/Layer Cut Your Own Hair Step 6 Version 3.360p.mp4"}, "7": {"text": "Trim the front right section.", "img": null, "vid": "/4/42/Layer Cut Your Own Hair Step 7 Version 3.360p.mp4"}, "8": {"text": "Trim the front left section.", "img": null, "vid": "/3/3f/Layer Cut Your Own Hair Step 8 Version 3.360p.mp4"}, "9": {"text": "Trim the back sections.", "img": null, "vid": "/e/e0/Layer Cut Your Own Hair Step 9 Version 3.360p.mp4"}, "10": {"text": "Comb your hair out and examine your layers.", "img": null, "vid": "/3/3b/Layer Cut Your Own Hair Step 10 Version 3.360p.mp4"}, "11": {"text": "Make a ponytail at the top of your head.", "img": null, "vid": "/2/24/Layer Cut Your Own Hair Step 11 Version 3.360p.mp4"}, "12": {"text": "Slide the elastic down the length of your hair.", "img": null, "vid": "/4/4c/Layer Cut Your Own Hair Step 12 Version 3.360p.mp4"}, "13": {"text": "Cut off the end of your hair.", "img": null, "vid": "/3/33/Layer Cut Your Own Hair Step 13 Version 3.360p.mp4"}, "14": {"text": "Remove the elastic and examine your layers.", "img": null, "vid": "/0/0e/Layer Cut Your Own Hair Step 14 Version 3.360p.mp4"}}