{"video_url": "https://www.youtube.com/embed/wBZxya7QWJY", "1": {"text": "Limit your sodium intake.", "img": "https://www.wikihow.com/images/thumb/d/d7/406489-1.jpg/v4-460px-406489-1.jpg", "vid": null}, "2": {"text": "Eat more potassium-rich foods.", "img": "https://www.wikihow.com/images/thumb/b/bc/406489-2.jpg/v4-460px-406489-2.jpg", "vid": null}, "3": {"text": "Eat adequate fiber daily.", "img": "https://www.wikihow.com/images/thumb/6/6a/406489-3.jpg/v4-460px-406489-3.jpg", "vid": null}, "4": {"text": "Eat foods that contain probiotics.", "img": "https://www.wikihow.com/images/thumb/6/6a/406489-4.jpg/v4-460px-406489-4.jpg", "vid": null}, "5": {"text": "Limit the amount carbs in your diet.", "img": "https://www.wikihow.com/images/thumb/6/6d/406489-5.jpg/v4-460px-406489-5.jpg", "vid": null}, "6": {"text": "Drink more water.", "img": "https://www.wikihow.com/images/thumb/e/ed/406489-6.jpg/v4-460px-406489-6.jpg", "vid": null}, "7": {"text": "Limit alcohol and caffeine.", "img": "https://www.wikihow.com/images/thumb/c/cc/406489-7.jpg/v4-460px-406489-7.jpg", "vid": null}, "8": {"text": "Take vitamin and mineral supplements.", "img": "https://www.wikihow.com/images/thumb/7/7d/406489-8.jpg/v4-460px-406489-8.jpg", "vid": null}, "9": {"text": "Drink a glass of cranberry juice daily.", "img": "https://www.wikihow.com/images/thumb/7/70/406489-9.jpg/v4-460px-406489-9.jpg", "vid": null}, "10": {"text": "Add in natural diuretics.", "img": "https://www.wikihow.com/images/thumb/2/27/406489-10.jpg/v4-460px-406489-10.jpg", "vid": null}, "11": {"text": "Take water pills.", "img": "https://www.wikihow.com/images/thumb/3/33/406489-11.jpg/v4-460px-406489-11.jpg", "vid": null}, "12": {"text": "Talk to your doctor.", "img": "https://www.wikihow.com/images/thumb/3/36/406489-12.jpg/v4-460px-406489-12.jpg", "vid": null}, "13": {"text": "Exercise.", "img": "https://www.wikihow.com/images/thumb/7/7e/406489-13.jpg/v4-460px-406489-13.jpg", "vid": null}, "14": {"text": "Get adequate sleep.", "img": "https://www.wikihow.com/images/thumb/7/70/406489-14.jpg/v4-460px-406489-14.jpg", "vid": null}, "15": {"text": "Track your cycle.", "img": "https://www.wikihow.com/images/thumb/0/05/406489-15.jpg/v4-460px-406489-15.jpg", "vid": null}, "16": {"text": "Schedule a visit with your doctor.", "img": "https://www.wikihow.com/images/thumb/6/61/406489-16.jpg/v4-460px-406489-16.jpg", "vid": null}}