{"video_url": "https://www.youtube.com/embed/HAuKDcxZ5E8", "1": {"text": "Cut back on carbohydrates.", "img": "https://www.wikihow.com/images/thumb/4/40/Lose-5-Kilograms-in-One-Week-Step-1-Version-3.jpg/v4-460px-Lose-5-Kilograms-in-One-Week-Step-1-Version-3.jpg", "vid": null}, "2": {"text": "Include lean protein at each meal.", "img": "https://www.wikihow.com/images/thumb/7/72/Lose-5-Kilograms-in-One-Week-Step-2-Version-3.jpg/v4-460px-Lose-5-Kilograms-in-One-Week-Step-2-Version-3.jpg", "vid": null}, "3": {"text": "Fill half of your plate with non-starchy vegetables.", "img": "https://www.wikihow.com/images/thumb/7/75/Lose-5-Kilograms-in-One-Week-Step-3-Version-3.jpg/v4-460px-Lose-5-Kilograms-in-One-Week-Step-3-Version-3.jpg", "vid": null}, "4": {"text": "Drink adequate fluids.", "img": "https://www.wikihow.com/images/thumb/0/06/Lose-5-Kilograms-in-One-Week-Step-4.jpg/v4-460px-Lose-5-Kilograms-in-One-Week-Step-4.jpg", "vid": null}, "5": {"text": "Cut out drinking", "img": "https://www.wikihow.com/images/thumb/3/36/Quit-Drinking-Alcohol-Using-Anti-Craving-Medication-Step-18.jpg/v4-460px-Quit-Drinking-Alcohol-Using-Anti-Craving-Medication-Step-18.jpg", "vid": null}, "6": {"text": "Limit your caffeine consumption so you don't overwhelm your system.", "img": "https://www.wikihow.com/images/thumb/2/21/Set-a-Sleep-Schedule-Step-10.jpg/v4-460px-Set-a-Sleep-Schedule-Step-10.jpg", "vid": null}, "7": {"text": "Sip on matcha or green tea to aid your weight loss.", "img": "https://www.wikihow.com/images/thumb/3/30/Drink-Green-Tea-Properly-Step-10.jpg/v4-460px-Drink-Green-Tea-Properly-Step-10.jpg", "vid": null}, "8": {"text": "Consider finishing your meals for the day at least 4 hours before bed.", "img": "https://www.wikihow.com/images/thumb/a/a1/Get-to-Sleep-and-Feel-Refreshed-in-the-Morning-Step-6-Version-3.jpg/v4-460px-Get-to-Sleep-and-Feel-Refreshed-in-the-Morning-Step-6-Version-3.jpg", "vid": null}, "9": {"text": "Use meal replacements if they're more convenient for you.", "img": "https://www.wikihow.com/images/thumb/5/50/Lose-5-Kilograms-in-One-Week-Step-5.jpg/v4-460px-Lose-5-Kilograms-in-One-Week-Step-5.jpg", "vid": null}, "10": {"text": "Go for 150 minutes of cardio.", "img": "https://www.wikihow.com/images/thumb/f/f0/Lose-5-Kilograms-in-One-Week-Step-6.jpg/v4-460px-Lose-5-Kilograms-in-One-Week-Step-6.jpg", "vid": null}, "11": {"text": "Do two to three days of interval training.", "img": "https://www.wikihow.com/images/thumb/e/eb/Lose-5-Kilograms-in-One-Week-Step-7.jpg/v4-460px-Lose-5-Kilograms-in-One-Week-Step-7.jpg", "vid": null}, "12": {"text": "Increase your lifestyle activity.", "img": "https://www.wikihow.com/images/thumb/4/4a/Lose-5-Kilograms-in-One-Week-Step-8.jpg/v4-460px-Lose-5-Kilograms-in-One-Week-Step-8.jpg", "vid": null}, "13": {"text": "Skip snacks.", "img": "https://www.wikihow.com/images/thumb/a/aa/Lose-5-Kilograms-in-One-Week-Step-9.jpg/v4-460px-Lose-5-Kilograms-in-One-Week-Step-9.jpg", "vid": null}, "14": {"text": "Sleep 7-9 hours each night.", "img": "https://www.wikihow.com/images/thumb/0/05/Lose-5-Kilograms-in-One-Week-Step-10.jpg/v4-460px-Lose-5-Kilograms-in-One-Week-Step-10.jpg", "vid": null}, "15": {"text": "Manage stress.", "img": "https://www.wikihow.com/images/thumb/6/62/Lose-5-Kilograms-in-One-Week-Step-11.jpg/v4-460px-Lose-5-Kilograms-in-One-Week-Step-11.jpg", "vid": null}, "16": {"text": "Take an OTC diuretic.", "img": "https://www.wikihow.com/images/thumb/a/a2/Lose-5-Kilograms-in-One-Week-Step-12.jpg/v4-460px-Lose-5-Kilograms-in-One-Week-Step-12.jpg", "vid": null}}