{"video_url": "https://www.youtube.com/embed/hmZP2r7uxTo", "1": {"text": "Choose an envelope.", "img": "https://www.wikihow.com/images/thumb/b/bc/Mail-a-Letter-Step-1-Version-2.jpg/v4-460px-Mail-a-Letter-Step-1-Version-2.jpg", "vid": null}, "2": {"text": "Enclose the letter and seal the envelope.", "img": "https://www.wikihow.com/images/thumb/4/4a/Mail-a-Letter-Step-2-Version-2.jpg/v4-460px-Mail-a-Letter-Step-2-Version-2.jpg", "vid": null}, "3": {"text": "Address the envelope.", "img": "https://www.wikihow.com/images/thumb/e/e8/Mail-a-Letter-Step-3-Version-2.jpg/v4-460px-Mail-a-Letter-Step-3-Version-2.jpg", "vid": null}, "4": {"text": "Write your return address.", "img": "https://www.wikihow.com/images/thumb/c/c8/Mail-a-Letter-Step-4-Version-2.jpg/v4-460px-Mail-a-Letter-Step-4-Version-2.jpg", "vid": null}, "5": {"text": "Use a first-class stamp.", "img": "https://www.wikihow.com/images/thumb/2/2e/Mail-a-Letter-Step-5-Version-2.jpg/v4-460px-Mail-a-Letter-Step-5-Version-2.jpg", "vid": null}, "6": {"text": "Buy extra postage.", "img": "https://www.wikihow.com/images/thumb/8/8c/Mail-a-Letter-Step-6-Version-2.jpg/v4-460px-Mail-a-Letter-Step-6-Version-2.jpg", "vid": null}, "7": {"text": "Place the letter in a blue collection box.", "img": "https://www.wikihow.com/images/thumb/d/d3/Mail-a-Letter-Step-7-Version-2.jpg/v4-460px-Mail-a-Letter-Step-7-Version-2.jpg", "vid": null}, "8": {"text": "Place the letter in your own mailbox.", "img": "https://www.wikihow.com/images/thumb/e/e0/Mail-a-Letter-Step-8-Version-2.jpg/v4-460px-Mail-a-Letter-Step-8-Version-2.jpg", "vid": null}, "9": {"text": "Take the letter to any post office.", "img": "https://www.wikihow.com/images/thumb/0/0b/Mail-a-Letter-Step-9-Version-2.jpg/v4-460px-Mail-a-Letter-Step-9-Version-2.jpg", "vid": null}}