{"video_url": "https://www.youtube.com/embed/iQi9SybtVAM", "1": {"text": "Purchase your favorite fabric from your local craft store.", "img": "https://www.wikihow.com/images/thumb/c/c2/Make-a-Tie-Step-1-Version-7.jpg/v4-460px-Make-a-Tie-Step-1-Version-7.jpg", "vid": null}, "2": {"text": "Buy interfacing for the inside of the tie.", "img": "https://www.wikihow.com/images/thumb/d/dc/Make-a-Tie-Step-2-Version-7.jpg/v4-460px-Make-a-Tie-Step-2-Version-7.jpg", "vid": null}, "3": {"text": "Purchase the other supplies needed.", "img": "https://www.wikihow.com/images/thumb/b/b0/Make-a-Tie-Step-3-Version-7.jpg/v4-460px-Make-a-Tie-Step-3-Version-7.jpg", "vid": null}, "4": {"text": "Pick out a pattern.", "img": "https://www.wikihow.com/images/thumb/e/ed/Make-a-Tie-Step-4-Version-6.jpg/v4-460px-Make-a-Tie-Step-4-Version-6.jpg", "vid": null}, "5": {"text": "Start with the classic tie pattern.", "img": "https://www.wikihow.com/images/thumb/b/b7/Make-a-Tie-Step-5-Version-6.jpg/v4-460px-Make-a-Tie-Step-5-Version-6.jpg", "vid": null}, "6": {"text": "Beware of your fabric shrinking.", "img": "https://www.wikihow.com/images/thumb/5/53/Make-a-Tie-Step-6-Version-6.jpg/v4-460px-Make-a-Tie-Step-6-Version-6.jpg", "vid": null}, "7": {"text": "Prepare the fabric.", "img": null, "vid": "/3/30/Make a Tie Step 7 Version 6.360p.mp4"}, "8": {"text": "Lay out the tie pattern on the fabric.", "img": null, "vid": "/6/6c/Make a Tie Step 8 Version 6.360p.mp4"}, "9": {"text": "Trace the pattern of the tie.", "img": null, "vid": "/1/10/Make a Tie Step 9 Version 6.360p.mp4"}, "10": {"text": "Cut the fabric carefully.", "img": null, "vid": "/c/ce/Make a Tie Step 10 Version 7.360p.mp4"}, "11": {"text": "Repeat the process by now tracing the interfacing.", "img": "https://www.wikihow.com/images/thumb/c/c5/Make-a-Tie-Step-11-Version-6.jpg/v4-460px-Make-a-Tie-Step-11-Version-6.jpg", "vid": null}, "12": {"text": "Cut the back liner.", "img": null, "vid": "/f/f9/Make a Tie Step 12 Version 7.360p.mp4"}, "13": {"text": "Check your interfacing.", "img": "https://www.wikihow.com/images/thumb/7/78/Make-a-Tie-Step-13-Version-6.jpg/v4-460px-Make-a-Tie-Step-13-Version-6.jpg", "vid": null}, "14": {"text": "Iron on the interfacing.", "img": null, "vid": "/d/dd/Make a Tie Step 14 Version 7.360p.mp4"}, "15": {"text": "Sew on the interfacing.", "img": "https://www.wikihow.com/images/thumb/9/98/Make-a-Tie-Step-15-Version-5.jpg/v4-460px-Make-a-Tie-Step-15-Version-5.jpg", "vid": null}, "16": {"text": "Sew your tie closed.", "img": null, "vid": "/8/8c/Make a Tie Step 16 Version 4.360p.mp4"}, "17": {"text": "Attach the bottom liner to the back of the tie.", "img": null, "vid": "/8/86/Make a Tie Step 17 Version 5.360p.mp4"}, "18": {"text": "Use a slip stitch to carefully sew along the middle seam of the underside of the tie.", "img": null, "vid": "/3/39/Make a Tie Step 18 Version 4.360p.mp4"}, "19": {"text": "Iron the tie to finish your creation.", "img": null, "vid": "/9/90/Make a Tie Step 19 Version 5.360p.mp4"}, "20": {"text": "Finished!", "img": "https://www.wikihow.com/images/thumb/9/9f/Make-a-Tie-Step-20-Version-6.jpg/v4-460px-Make-a-Tie-Step-20-Version-6.jpg", "vid": null}}