{"video_url": "https://www.youtube.com/embed/fH7yUPQ9ucQ", "1": {"text": "Grab a large enough tupperware container that has a lid, or a drink shaker.", "img": "https://www.wikihow.com/images/thumb/5/5b/Make-a-Milkshake-Without-a-Blender-Step-1-Version-5.jpg/v4-460px-Make-a-Milkshake-Without-a-Blender-Step-1-Version-5.jpg", "vid": null}, "2": {"text": "Scoop your ice cream into your container.", "img": null, "vid": "/4/44/Make a Milkshake Without a Blender Step 2.360p.mp4"}, "3": {"text": "Add milk.", "img": null, "vid": "/a/a9/Make a Milkshake Without a Blender Step 3.360p.mp4"}, "4": {"text": "Add any other ingredients.", "img": null, "vid": "/6/62/Make a Milkshake Without a Blender Step 4.360p.mp4"}, "5": {"text": "Mash and stir with a spoon.", "img": null, "vid": "/0/0c/Make a Milkshake Without a Blender Step 5.360p.mp4"}, "6": {"text": "Put the lid on your jar or shaker and shake it up.", "img": null, "vid": "/8/86/Make a Milkshake Without a Blender Step 6.360p.mp4"}, "7": {"text": "Enjoy your milkshake.", "img": null, "vid": "/6/69/Make a Milkshake Without a Blender Step 7.360p.mp4"}, "8": {"text": "Grab a large mixing bowl.", "img": "https://www.wikihow.com/images/thumb/c/c1/Make-a-Milkshake-Without-a-Blender-Step-8-Version-3.jpg/v4-460px-Make-a-Milkshake-Without-a-Blender-Step-8-Version-3.jpg", "vid": null}, "9": {"text": "Add your ice cream.", "img": null, "vid": "/8/84/Make a Milkshake Without a Blender Step 9.360p.mp4"}, "10": {"text": "Add milk to the ice cream in your bowl.", "img": null, "vid": "/5/5c/Make a Milkshake Without a Blender Step 10.360p.mp4"}, "11": {"text": "Mix your ingredients together.", "img": null, "vid": "/c/c3/Make a Milkshake Without a Blender Step 11.360p.mp4"}, "12": {"text": "See if it's the right texture.", "img": null, "vid": "/4/4b/Make a Milkshake Without a Blender Step 12.360p.mp4"}, "13": {"text": "Pour your milkshake into a glass.", "img": null, "vid": "/4/46/Make a Milkshake Without a Blender Step 13.360p.mp4"}}