{"video_url": "https://www.youtube.com/embed/rSWCjLDAICA?showinfo=0", "1": {"text": "Pick 4-8 healthy apples and remove the stickers.", "img": "https://www.wikihow.com/images/thumb/9/9d/Make-Toffee-Apples-Step-1-Version-4.jpg/v4-460px-Make-Toffee-Apples-Step-1-Version-4.jpg", "vid": null}, "2": {"text": "Wash and dry your apples thoroughly to clean them off.", "img": null, "vid": "/7/73/Make Toffee Apples Step 2 Version 3.360p.mp4"}, "3": {"text": "Twist the stems off of each apple by hand.", "img": null, "vid": "/d/db/Make Toffee Apples Step 3 Version 3.360p.mp4"}, "4": {"text": "Push a wooden skewer or lolly stick into the stalk-end of each apple.", "img": null, "vid": "/c/c9/Make Toffee Apples Step 4 Version 3.360p.mp4"}, "5": {"text": "Lay a sheet of parchment paper out on a sheet pan.", "img": "https://www.wikihow.com/images/thumb/d/d0/Make-Toffee-Apples-Step-5-Version-4.jpg/v4-460px-Make-Toffee-Apples-Step-5-Version-4.jpg", "vid": null}, "6": {"text": "Fill small bowls with any toppings you plan on adding.", "img": "https://www.wikihow.com/images/thumb/4/43/Make-Toffee-Apples-Step-6-Version-4.jpg/v4-460px-Make-Toffee-Apples-Step-6-Version-4.jpg", "vid": null}, "7": {"text": "Heat 0.5 cups (120\u00a0mL) of water over medium heat.", "img": null, "vid": "/5/54/Make Toffee Apples Step 7 Version 3.360p.mp4"}, "8": {"text": "Melt 2 cups (400 g) of golden caster sugar in the water.", "img": null, "vid": "/1/14/Make Toffee Apples Step 8 Version 2.360p.mp4"}, "9": {"text": "Mix in 4\u00a0US\u00a0tbsp (59\u00a0mL) of golden syrup and 1\u00a0\u00a0tsp (4.9\u00a0mL) of vinegar.", "img": null, "vid": "/2/26/Make Toffee Apples Step 9 Version 3.360p.mp4"}, "10": {"text": "Bring the sugary mixture to a rolling boil and simmer for 20 minutes.", "img": null, "vid": "/c/c3/Make Toffee Apples Step 10 Version 2.360p.mp4"}, "11": {"text": "Turn the heat off once the toffee is \u201chard cracked\u201d at 300\u00a0\u00b0F (149\u00a0\u00b0C).", "img": "https://www.wikihow.com/images/thumb/c/c7/Make-Toffee-Apples-Step-11-Version-4.jpg/v4-460px-Make-Toffee-Apples-Step-11-Version-4.jpg", "vid": null}, "12": {"text": "Tilt the sauce pan up a little and wait for the bubbles to dissipate.", "img": "https://www.wikihow.com/images/thumb/0/00/Make-Toffee-Apples-Step-12-Version-4.jpg/v4-460px-Make-Toffee-Apples-Step-12-Version-4.jpg", "vid": null}, "13": {"text": "Dip and twist your first apple into the hot toffee.", "img": null, "vid": "/0/05/Make Toffee Apples Step 13 Version 2.360p.mp4"}, "14": {"text": "Lift the apple up and let the excess toffee drip back into the pan.", "img": "https://www.wikihow.com/images/thumb/e/ef/Make-Toffee-Apples-Step-14-Version-3.jpg/v4-460px-Make-Toffee-Apples-Step-14-Version-3.jpg", "vid": null}, "15": {"text": "Lower the toffee apple into any dry toppings you\u2019re using.", "img": null, "vid": "/9/97/Make Toffee Apples Step 15.360p.mp4"}, "16": {"text": "Set the apple down on the parchment with the handle pointing up.", "img": "https://www.wikihow.com/images/thumb/7/7a/Make-Toffee-Apples-Step-16.jpg/v4-460px-Make-Toffee-Apples-Step-16.jpg", "vid": null}, "17": {"text": "Repeat this dipping process for each apple you\u2019re making.", "img": null, "vid": "/b/b8/Make Toffee Apples Step 17.360p.mp4"}, "18": {"text": "Wait 10-15 minutes for the toffee to cool off and harden before eating.", "img": "https://www.wikihow.com/images/thumb/7/7c/Make-Toffee-Apples-Step-18.jpg/v4-460px-Make-Toffee-Apples-Step-18.jpg", "vid": null}}