{"video_url": "https://www.youtube.com/embed/rN29nsfbxSc?showinfo=0", "1": {"text": "Select a small sock without any holes in it.", "img": "https://www.wikihow.com/images/thumb/4/4b/Make-a-Catnip-Toy-Step-1-Version-2.jpg/v4-460px-Make-a-Catnip-Toy-Step-1-Version-2.jpg", "vid": null}, "2": {"text": "Spread a handful of polyester stuffing next to the sock.", "img": "https://www.wikihow.com/images/thumb/c/ce/Make-a-Catnip-Toy-Step-2-Version-2.jpg/v4-460px-Make-a-Catnip-Toy-Step-2-Version-2.jpg", "vid": null}, "3": {"text": "Sprinkle 1 tbsp (0.5 g) of catnip over the stuffing.", "img": null, "vid": "/a/a7/Make a Catnip Toy Step 3 Version 2.360p.mp4"}, "4": {"text": "Stuff the polyester all the way into the sock.", "img": null, "vid": "/a/a7/Make a Catnip Toy Step 4 Version 2.360p.mp4"}, "5": {"text": "Tie the sock into a knot to close it.", "img": null, "vid": "/d/d1/Make a Catnip Toy Step 5 Version 2.360p.mp4"}, "6": {"text": "Sketch the shape of a mouse onto wool felt fabric with chalk.", "img": "https://www.wikihow.com/images/thumb/c/c9/Make-a-Catnip-Toy-Step-6-Version-2.jpg/v4-460px-Make-a-Catnip-Toy-Step-6-Version-2.jpg", "vid": null}, "7": {"text": "Cut the patterns out with sharp fabric scissors.", "img": null, "vid": "/c/cc/Make a Catnip Toy Step 7 Version 2.360p.mp4"}, "8": {"text": "Turn the pieces of fabric upside down to build the mouse.", "img": "https://www.wikihow.com/images/thumb/e/e5/Make-a-Catnip-Toy-Step-8-Version-2.jpg/v4-460px-Make-a-Catnip-Toy-Step-8-Version-2.jpg", "vid": null}, "9": {"text": "Lay a 4\u00a0in (10\u00a0cm) length of yarn over the fabric.", "img": null, "vid": "/8/87/Make a Catnip Toy Step 9 Version 2.360p.mp4"}, "10": {"text": "Use a sewing machine to sew the front and sides closed.", "img": null, "vid": "/9/96/Make a Catnip Toy Step 10 Version 2.360p.mp4"}, "11": {"text": "Turn the fabric inside-out to prepare to finish it.", "img": null, "vid": "/2/20/Make a Catnip Toy Step 11 Version 2.360p.mp4"}, "12": {"text": "Place a handful of polyester stuffing beside the fabric.", "img": "https://www.wikihow.com/images/thumb/c/ce/Make-a-Catnip-Toy-Step-12-Version-2.jpg/v4-460px-Make-a-Catnip-Toy-Step-12-Version-2.jpg", "vid": null}, "13": {"text": "Sprinkle about 1 tablespoon (15\u00a0ml) (0.5 g) of catnip onto the stuffing and put it into the mouse.", "img": null, "vid": "/4/4a/Make a Catnip Toy Step 13 Version 2.360p.mp4"}, "14": {"text": "Sew the back end of the mouse shut to seal the toy.", "img": "https://www.wikihow.com/images/thumb/e/e5/Make-a-Catnip-Toy-Step-14-Version-2.jpg/v4-460px-Make-a-Catnip-Toy-Step-14-Version-2.jpg", "vid": null}, "15": {"text": "Remove any glue or paper left on a small paper cardboard tube.", "img": "https://www.wikihow.com/images/thumb/5/55/Make-a-Catnip-Toy-Step-15-Version-2.jpg/v4-460px-Make-a-Catnip-Toy-Step-15-Version-2.jpg", "vid": null}, "16": {"text": "Fold the ends of the rolls halfway in to cover the openings.", "img": null, "vid": "/2/2d/Make a Catnip Toy Step 16 Version 2.360p.mp4"}, "17": {"text": "Open one end of the tube to add 1 tablespoon (14.8\u00a0ml) (0.5 g) of catnip to it.", "img": null, "vid": "/a/a1/Make a Catnip Toy Step 17 Version 2.360p.mp4"}, "18": {"text": "Close the cardboard tube back up to shut it.", "img": null, "vid": "/2/21/Make a Catnip Toy Step 18 Version 2.360p.mp4"}, "19": {"text": "Decorate the tube by drawing or coloring on it.", "img": "https://www.wikihow.com/images/thumb/a/aa/Make-a-Catnip-Toy-Step-19-Version-2.jpg/v4-460px-Make-a-Catnip-Toy-Step-19-Version-2.jpg", "vid": null}}