{"video_url": "https://www.youtube.com/embed/lBukRxTt_uA?showinfo=0", "1": {"text": "Make a lowercase T-shape with your sticks.", "img": "https://www.wikihow.com/images/thumb/3/3a/Make-a-Kite-Step-1-Version-7.jpg/v4-460px-Make-a-Kite-Step-1-Version-7.jpg", "vid": null}, "2": {"text": "Attach the 2 sticks together with string and glue.", "img": null, "vid": "/a/a3/Make a Kite Step 2 Version 6.360p.mp4"}, "3": {"text": "Make 1 to 2\u00a0in (2.5 to 5.1\u00a0cm) horizontal notches at the end of each stick.", "img": null, "vid": "/4/4c/Make a Kite Step 3 Version 6.360p.mp4"}, "4": {"text": "Stretch the string around the frame.", "img": null, "vid": "/1/1e/Make a Kite Step 4 Version 6.360p.mp4"}, "5": {"text": "Use a plastic bag, paper, or fabric that is 40 inches (100\u00a0cm) wide for the sail.", "img": null, "vid": "/c/c2/Make a Kite Step 5 Version 6.360p.mp4"}, "6": {"text": "Lay the frame on the sail.", "img": null, "vid": "/e/ee/Make a Kite Step 6 Version 6.360p.mp4"}, "7": {"text": "Outline the frame with a ruler.", "img": null, "vid": "/3/30/Make a Kite Step 7 Version 3.360p.mp4"}, "8": {"text": "Cut the diamond 2 inches (5.1\u00a0cm) wider than the outline.", "img": null, "vid": "/2/2a/Make a Kite Step 8 Version 2.360p.mp4"}, "9": {"text": "Fold the edge of the sail over the frame and glue and tape it down.", "img": null, "vid": "/8/81/Make a Kite Step 9 Version 2.360p.mp4"}, "10": {"text": "Attach the flying line.", "img": null, "vid": "/4/41/Make a Kite Step 10 Version 4.360p.mp4"}, "11": {"text": "Make a kite tail with a 6\u00a0ft (1.8\u00a0m) long piece of thick string.", "img": null, "vid": "/d/d7/Make a Kite Step 11 Version 4.360p.mp4"}, "12": {"text": "Attach pieces of cloth or ribbon to the tail at 1 foot (0.30\u00a0m) intervals.", "img": null, "vid": "/4/45/Make a Kite Step 12 Version 4.360p.mp4"}, "13": {"text": "Decorate the kite with markers or colored paper.", "img": null, "vid": "/b/b9/Make a Kite Step 13 Version 4.360p.mp4"}, "14": {"text": "Try out the kite in a spot with no trees or power lines.", "img": null, "vid": "/1/19/Make a Kite Step 14 Version 4.360p.mp4"}}