{"video_url": "https://www.youtube.com/embed/9676dHvNPXU", "1": {"text": "Do not rinse the rice before you cook it.", "img": "https://www.wikihow.com/images/thumb/a/a2/Make-Sticky-Rice-Using-Regular-Rice-Step-3-Version-6.jpg/v4-460px-Make-Sticky-Rice-Using-Regular-Rice-Step-3-Version-6.jpg", "vid": null}, "2": {"text": "Consider letting the rice soak in a pot of water before you cook it.", "img": null, "vid": "/c/c4/Make Sticky Rice Using Regular Rice Step 4 Version 5.360p.mp4"}, "3": {"text": "Fill a large pot with 2 cups (450 milliliters) of water and add a few extra tablespoons of water.", "img": "https://www.wikihow.com/images/thumb/f/fc/Make-Sticky-Rice-Using-Regular-Rice-Step-5-Version-6.jpg/v4-460px-Make-Sticky-Rice-Using-Regular-Rice-Step-5-Version-6.jpg", "vid": null}, "4": {"text": "Add 1 \u00bd cups (300 grams) of short-grain rice or 1 cup (200 grams) of medium or long-grain rice.", "img": null, "vid": "/d/d0/Make Sticky Rice Using Regular Rice Step 6 Version 5.360p.mp4"}, "5": {"text": "Bring the water to a boil over high heat.", "img": "https://www.wikihow.com/images/thumb/8/89/Make-Sticky-Rice-Using-Regular-Rice-Step-7-Version-5.jpg/v4-460px-Make-Sticky-Rice-Using-Regular-Rice-Step-7-Version-5.jpg", "vid": null}, "6": {"text": "Reduce the heat once the water is boiling, and let the rice simmer for 10 minutes.", "img": null, "vid": "/3/30/Make Sticky Rice Using Regular Rice Step 8 Version 5.360p.mp4"}, "7": {"text": "Turn the heat off once the rice has absorbed all of the water.", "img": null, "vid": "/3/3b/Make Sticky Rice Using Regular Rice Step 9 Version 5.360p.mp4"}, "8": {"text": "Leave the pot, covered, on the stove for 10 more minutes.", "img": "https://www.wikihow.com/images/thumb/4/42/Make-Sticky-Rice-Using-Regular-Rice-Step-10-Version-5.jpg/v4-460px-Make-Sticky-Rice-Using-Regular-Rice-Step-10-Version-5.jpg", "vid": null}, "9": {"text": "Serve the rice.", "img": "https://www.wikihow.com/images/thumb/6/65/Make-Sticky-Rice-Using-Regular-Rice-Step-11-Version-5.jpg/v4-460px-Make-Sticky-Rice-Using-Regular-Rice-Step-11-Version-5.jpg", "vid": null}, "10": {"text": "Know what to expect.", "img": "https://www.wikihow.com/images/thumb/b/be/Make-Sticky-Rice-Using-Regular-Rice-Step-12-Version-5.jpg/v4-460px-Make-Sticky-Rice-Using-Regular-Rice-Step-12-Version-5.jpg", "vid": null}, "11": {"text": "Bring 2 cups (450 milliliters) of water to a boil in a large pot.", "img": null, "vid": "/a/ab/Make Sticky Rice Using Regular Rice Step 13 Version 5.360p.mp4"}, "12": {"text": "Add 1 \u00bd cups (300 grams) of short-grain rice or 1 cup (200 grams) of medium-grain rice.", "img": null, "vid": "/8/80/Make Sticky Rice Using Regular Rice Step 14 Version 5.360p.mp4"}, "13": {"text": "Cover the pot with a lid and simmer for 15 minutes.", "img": "https://www.wikihow.com/images/thumb/7/71/Make-Sticky-Rice-Using-Regular-Rice-Step-15-Version-5.jpg/v4-460px-Make-Sticky-Rice-Using-Regular-Rice-Step-15-Version-5.jpg", "vid": null}, "14": {"text": "Combine 4 tablespoons of rice vinegar, 2 tablespoons of sugar, and 1 teaspoon of salt in a small saucepan.", "img": null, "vid": "/4/49/Make Sticky Rice Using Regular Rice Step 16 Version 4.360p.mp4"}, "15": {"text": "Bring the sushi rice seasoning to a boil over medium heat.", "img": null, "vid": "/1/1a/Make Sticky Rice Using Regular Rice Step 17 Version 4.360p.mp4"}, "16": {"text": "Remove the seasoning from the stove.", "img": "https://www.wikihow.com/images/thumb/e/ea/Make-Sticky-Rice-Using-Regular-Rice-Step-18-Version-4.jpg/v4-460px-Make-Sticky-Rice-Using-Regular-Rice-Step-18-Version-4.jpg", "vid": null}, "17": {"text": "Transfer the rice to a glass bowl.", "img": "https://www.wikihow.com/images/thumb/8/8d/Make-Sticky-Rice-Using-Regular-Rice-Step-19-Version-5.jpg/v4-460px-Make-Sticky-Rice-Using-Regular-Rice-Step-19-Version-5.jpg", "vid": null}, "18": {"text": "Pour the seasoning over the rice.", "img": null, "vid": "/0/05/Make Sticky Rice Using Regular Rice Step 20 Version 4.360p.mp4"}, "19": {"text": "Mix the rice and the seasoning together with a paddle.", "img": null, "vid": "/3/34/Make Sticky Rice Using Regular Rice Step 21 Version 5.360p.mp4"}, "20": {"text": "Serve the rice while it is still warm.", "img": "https://www.wikihow.com/images/thumb/3/3e/Make-Sticky-Rice-Using-Regular-Rice-Step-22-Version-5.jpg/v4-460px-Make-Sticky-Rice-Using-Regular-Rice-Step-22-Version-5.jpg", "vid": null}, "21": {"text": "Fill a large pot with 2 cups (450 milliliters) of water and bring it to a boil.", "img": "https://www.wikihow.com/images/thumb/4/4a/Make-Sticky-Rice-Using-Regular-Rice-Step-23-Version-5.jpg/v4-460px-Make-Sticky-Rice-Using-Regular-Rice-Step-23-Version-5.jpg", "vid": null}, "22": {"text": "Add 1 \u00bd cups (300 grams) of short-grain rice or 1 cup (200 grams) of medium-grain rice.", "img": null, "vid": "/6/63/Make Sticky Rice Using Regular Rice Step 24 Version 5.360p.mp4"}, "23": {"text": "Cover the pot with a lid and simmer for 15 to 20 minutes.", "img": null, "vid": "/f/f7/Make Sticky Rice Using Regular Rice Step 25 Version 4.360p.mp4"}, "24": {"text": "In another pot, combine 1 \u00bd cups (337.50 milliliters) of coconut milk, 1 cup (225 grams) of white sugar, and 1/2 teaspoon salt.", "img": null, "vid": "/e/ee/Make Sticky Rice Using Regular Rice Step 26 Version 4.360p.mp4"}, "25": {"text": "Bring the coconut milk mixture to a boil over medium heat.", "img": null, "vid": "/9/9b/Make Sticky Rice Using Regular Rice Step 27 Version 5.360p.mp4"}, "26": {"text": "Stir the coconut milk mixture into the rice once the rice is done cooking.", "img": null, "vid": "/6/6b/Make Sticky Rice Using Regular Rice Step 28 Version 5.360p.mp4"}, "27": {"text": "Set the seasoned rice aside for one hour.", "img": "https://www.wikihow.com/images/thumb/1/15/Make-Sticky-Rice-Using-Regular-Rice-Step-29-Version-5.jpg/v4-460px-Make-Sticky-Rice-Using-Regular-Rice-Step-29-Version-5.jpg", "vid": null}, "28": {"text": "Combine \u00bd cup (112.50 milliliters) of coconut milk, 1 tablespoon of sugar, \u00bc teaspoon of salt, and 1 tablespoon of tapioca starch in a saucepan.", "img": null, "vid": "/c/c5/Make Sticky Rice Using Regular Rice Step 30 Version 4.360p.mp4"}, "29": {"text": "Bring the sauce to a boil.", "img": null, "vid": "/c/c7/Make Sticky Rice Using Regular Rice Step 31 Version 4.360p.mp4"}, "30": {"text": "Prepare the mango.", "img": "https://www.wikihow.com/images/thumb/8/80/Make-Sticky-Rice-Using-Regular-Rice-Step-32-Version-4.jpg/v4-460px-Make-Sticky-Rice-Using-Regular-Rice-Step-32-Version-4.jpg", "vid": null}, "31": {"text": "Scoop the rice onto four plates.", "img": "https://www.wikihow.com/images/thumb/c/cb/Make-Sticky-Rice-Using-Regular-Rice-Step-33-Version-4.jpg/v4-460px-Make-Sticky-Rice-Using-Regular-Rice-Step-33-Version-4.jpg", "vid": null}, "32": {"text": "Arrange the mango slices.", "img": "https://www.wikihow.com/images/thumb/7/71/Make-Sticky-Rice-Using-Regular-Rice-Step-34-Version-4.jpg/v4-460px-Make-Sticky-Rice-Using-Regular-Rice-Step-34-Version-4.jpg", "vid": null}, "33": {"text": "Drizzle the sauce over the mangoes and rice.", "img": null, "vid": "/5/59/Make Sticky Rice Using Regular Rice Step 35 Version 4.360p.mp4"}, "34": {"text": "Know what to expect from these recipes.", "img": "https://www.wikihow.com/images/thumb/5/57/Make-Sticky-Rice-Using-Regular-Rice-Step-1-Version-6.jpg/v4-460px-Make-Sticky-Rice-Using-Regular-Rice-Step-1-Version-6.jpg", "vid": null}, "35": {"text": "Consider some substitutes.", "img": "https://www.wikihow.com/images/thumb/e/e5/Make-Sticky-Rice-Using-Regular-Rice-Step-2-Version-6.jpg/v4-460px-Make-Sticky-Rice-Using-Regular-Rice-Step-2-Version-6.jpg", "vid": null}}