{"video_url": "https://www.youtube.com/embed/VPc06tNvATs", "1": {"text": "Start with 1 cup (150 g) of all-purpose flour.", "img": "https://www.wikihow.com/images/thumb/0/02/Make-Self%E2%80%90Rising-Flour-Step-1.jpg/v4-460px-Make-Self%E2%80%90Rising-Flour-Step-1.jpg", "vid": null}, "2": {"text": "Add 1\u00bd teaspoons (6 g) of fresh baking powder.", "img": null, "vid": "/e/e4/Make Self\u2010Rising Flour Step 2.360p.mp4"}, "3": {"text": "Add \u00bc to \u00bd teaspoon (1.4-2.8 g) of salt.", "img": null, "vid": "/0/03/Make Self\u2010Rising Flour Step 3.360p.mp4"}, "4": {"text": "Include \u00bc teaspoon (1.25 g) of baking soda if your recipe calls for buttermilk, cocoa, or yogurt.", "img": "https://www.wikihow.com/images/thumb/a/ac/Make-Self%E2%80%90Rising-Flour-Step-4.jpg/v4-460px-Make-Self%E2%80%90Rising-Flour-Step-4.jpg", "vid": null}, "5": {"text": "Sift the ingredients together to make sure they are evenly combined.", "img": null, "vid": "/0/0a/Make Self\u2010Rising Flour Step 5.360p.mp4"}, "6": {"text": "Use the flour in your recipe.", "img": "https://www.wikihow.com/images/thumb/4/46/Make-Self%E2%80%90Rising-Flour-Step-6.jpg/v4-460px-Make-Self%E2%80%90Rising-Flour-Step-6.jpg", "vid": null}, "7": {"text": "Store any leftover flour in an airtight container, and write the expiration date.", "img": null, "vid": "/d/d6/Make Self\u2010Rising Flour Step 7.360p.mp4"}, "8": {"text": "Combine the flours in a large mixing bowl.", "img": null, "vid": "/1/10/Make Self\u2010Rising Flour Step 8.360p.mp4"}, "9": {"text": "Add the xanthan gum.", "img": null, "vid": "/9/9c/Make Self\u2010Rising Flour Step 9.360p.mp4"}, "10": {"text": "Prepare the rising agent.", "img": null, "vid": "/b/bb/Make Self\u2010Rising Flour Step 10.360p.mp4"}, "11": {"text": "Sift the rising agent into the flour.", "img": null, "vid": "/5/5f/Make Self\u2010Rising Flour Step 11.360p.mp4"}, "12": {"text": "Use the flour in your recipe, and store any leftover flour in an airtight container.", "img": "https://www.wikihow.com/images/thumb/0/06/Make-Self%E2%80%90Rising-Flour-Step-12.jpg/v4-460px-Make-Self%E2%80%90Rising-Flour-Step-12.jpg", "vid": null}}