{"video_url": "https://www.youtube.com/embed/TPjs6B_-Q04?showinfo=0", "1": {"text": "Whisk the flour, sugar, baking powder, baking soda, and salt in a bowl.", "img": "https://www.wikihow.com/images/thumb/d/d7/Make-Buttermilk-Pancakes-Step-1-Version-2.jpg/v4-460px-Make-Buttermilk-Pancakes-Step-1-Version-2.jpg", "vid": null}, "2": {"text": "Mix the eggs, buttermilk, melted butter, and extract in another bowl.", "img": null, "vid": "/5/5f/Make Buttermilk Pancakes Step 2.360p.mp4"}, "3": {"text": "Whisk the wet ingredients into the dry ingredients until they're combined.", "img": null, "vid": "/4/45/Make Buttermilk Pancakes Step 3.360p.mp4"}, "4": {"text": "Grease a skillet or griddle with oil and turn the heat to medium.", "img": null, "vid": "/3/37/Make Buttermilk Pancakes Step 4.360p.mp4"}, "5": {"text": "Spoon 1/3 cup (120 g) of batter into the pan for each pancake.", "img": null, "vid": "/4/43/Make Buttermilk Pancakes Step 5.360p.mp4"}, "6": {"text": "Cook the pancakes for 3 minutes so they begin to bubble.", "img": null, "vid": "/2/2f/Make Buttermilk Pancakes Step 6.360p.mp4"}, "7": {"text": "Flip the pancakes and cook them for 2 more minutes.", "img": null, "vid": "/3/31/Make Buttermilk Pancakes Step 7.360p.mp4"}, "8": {"text": "Serve the pancakes with butter and maple syrup.", "img": null, "vid": "/7/7b/Make Buttermilk Pancakes Step 8.360p.mp4"}, "9": {"text": "Add berries to the pancakes before you flip them if you want a fruity treat.", "img": "https://www.wikihow.com/images/thumb/7/7a/Make-Buttermilk-Pancakes-Step-9.jpg/v4-460px-Make-Buttermilk-Pancakes-Step-9.jpg", "vid": null}, "10": {"text": "Put cocoa powder in the batter or add chocolate chips for decadent pancakes.", "img": "https://www.wikihow.com/images/thumb/4/44/Make-Buttermilk-Pancakes-Step-10.jpg/v4-460px-Make-Buttermilk-Pancakes-Step-10.jpg", "vid": null}, "11": {"text": "Stir 1/2 cup (50 g) of chopped mixed nuts into the batter for extra crunch.", "img": "https://www.wikihow.com/images/thumb/b/bd/Make-Buttermilk-Pancakes-Step-11.jpg/v4-460px-Make-Buttermilk-Pancakes-Step-11.jpg", "vid": null}, "12": {"text": "Mix 2 teaspoons (4 g) of spices into the pancakes to customize the flavor.", "img": "https://www.wikihow.com/images/thumb/0/06/Make-Buttermilk-Pancakes-Step-12.jpg/v4-460px-Make-Buttermilk-Pancakes-Step-12.jpg", "vid": null}, "13": {"text": "Garnish the pancakes with chocolate sauce and whipped cream to make dessert.", "img": null, "vid": "/6/6b/Make Buttermilk Pancakes Step 13.360p.mp4"}, "14": {"text": "Serve the buttermilk pancakes with fried eggs and sausage for a savory meal.", "img": "https://www.wikihow.com/images/thumb/f/ff/Make-Buttermilk-Pancakes-Step-14.jpg/v4-460px-Make-Buttermilk-Pancakes-Step-14.jpg", "vid": null}}