{"video_url": "https://www.youtube.com/embed/1r4Q5ttrkuw?showinfo=0", "1": {"text": "Beat the butter in a medium-sized mixing bowl until smooth and fluffy.", "img": "https://www.wikihow.com/images/thumb/4/4a/Make-Simple-Five-Minute-Frosting-Step-1-Version-4.jpg/v4-460px-Make-Simple-Five-Minute-Frosting-Step-1-Version-4.jpg", "vid": null}, "2": {"text": "Add the powdered sugar a small amount at a time.", "img": null, "vid": "/8/86/Make Simple Five Minute Frosting Step 2 Version 2.360p.mp4"}, "3": {"text": "Gradually stir in the half-and-half or milk until you have reached your desired consistency.", "img": null, "vid": "/0/0b/Make Simple Five Minute Frosting Step 3 Version 2.360p.mp4"}, "4": {"text": "Add in the vanilla extract and a pinch of salt and mix well.", "img": null, "vid": "/a/a9/Make Simple Five Minute Frosting Step 4 Version 2.360p.mp4"}, "5": {"text": "Consider adding a few drops of food coloring.", "img": null, "vid": "/8/8b/Make Simple Five Minute Frosting Step 5 Version 2.360p.mp4"}, "6": {"text": "Put the butter in a heat-safe bowl and microwave it until it has melted.", "img": null, "vid": "/d/d2/Make Simple Five Minute Frosting Step 6.360p.mp4"}, "7": {"text": "Add in the cocoa powder and mix it.", "img": null, "vid": "/a/ac/Make Simple Five Minute Frosting Step 7.360p.mp4"}, "8": {"text": "Add the milk and vanilla extract.", "img": null, "vid": "/9/9b/Make Simple Five Minute Frosting Step 8.360p.mp4"}, "9": {"text": "Keep mixing while gradually adding in the powdered sugar.", "img": null, "vid": "/d/d4/Make Simple Five Minute Frosting Step 9.360p.mp4"}, "10": {"text": "Pour the powdered sugar into a bowl.", "img": null, "vid": "/2/23/Make Simple Five Minute Frosting Step 10.360p.mp4"}, "11": {"text": "Add two tablespoons of milk or water.", "img": null, "vid": "/6/6a/Make Simple Five Minute Frosting Step 11.360p.mp4"}, "12": {"text": "Consider adding some extract or food coloring.", "img": null, "vid": "/1/19/Make Simple Five Minute Frosting Step 12.360p.mp4"}, "13": {"text": "Stir the icing with a fork.", "img": null, "vid": "/a/ac/Make Simple Five Minute Frosting Step 13.360p.mp4"}, "14": {"text": "Add up to four more tablespoons of your chosen liquid.", "img": "https://www.wikihow.com/images/thumb/d/d0/Make-Simple-Five-Minute-Frosting-Step-14-Version-2.jpg/v4-460px-Make-Simple-Five-Minute-Frosting-Step-14-Version-2.jpg", "vid": null}}