{"video_url": "https://www.youtube.com/embed/f5r9r0eyNeg?showinfo=0", "1": {"text": "Fill the spray bottle with 12\u00a0\u00a0fl\u00a0oz (350\u00a0mL) of warm water.", "img": null, "vid": "/9/92/Make Mane Detangler Step 1 Version 2.360p.mp4"}, "2": {"text": "Pour about 2\u00a0\u00a0fl\u00a0oz (59\u00a0mL) of horse conditioner into the spray bottle.", "img": null, "vid": "/9/96/Make Mane Detangler Step 2 Version 2.360p.mp4"}, "3": {"text": "Replace the cap and shake the bottle to combine the ingredients.", "img": null, "vid": "/d/d8/Make Mane Detangler Step 3 Version 2.360p.mp4"}, "4": {"text": "Pour 2\u00a0\u00a0fl\u00a0oz (59\u00a0mL) of fractionated coconut oil into the spray bottle.", "img": null, "vid": "/3/39/Make Mane Detangler Step 4 Version 2.360p.mp4"}, "5": {"text": "Measure and add 2\u00a0\u00a0fl\u00a0oz (59\u00a0mL) of horse conditioner.", "img": null, "vid": "/f/ff/Make Mane Detangler Step 5 Version 2.360p.mp4"}, "6": {"text": "Add 15 to 20 citronella oil drops.", "img": null, "vid": "/9/96/Make Mane Detangler Step 6 Version 2.360p.mp4"}, "7": {"text": "Fill the bottle with 12\u00a0\u00a0fl\u00a0oz (350\u00a0mL) of warm water.", "img": null, "vid": "/c/c0/Make Mane Detangler Step 7 Version 2.360p.mp4"}, "8": {"text": "Pour 2\u00a0\u00a0fl\u00a0oz (59\u00a0mL) of argan oil into a spray bottle.", "img": null, "vid": "/5/5b/Make Mane Detangler Step 8 Version 2.360p.mp4"}, "9": {"text": "Add 3 tbsp (45 mL) of leave-in conditioner.", "img": null, "vid": "/c/ca/Make Mane Detangler Step 9 Version 2.360p.mp4"}, "10": {"text": "Fill the spray bottle with 12\u00a0\u00a0fl\u00a0oz (350\u00a0mL) of warm water.", "img": null, "vid": "/d/d0/Make Mane Detangler Step 10 Version 2.360p.mp4"}, "11": {"text": "Screw on the cap and shake the bottle to combine the ingredients.", "img": null, "vid": "/4/4f/Make Mane Detangler Step 11 Version 2.360p.mp4"}}