{"video_url": "https://www.youtube.com/embed/igK-uqAMzMs", "1": {"text": "Start the sprouting process by soaking the corn with warm water.", "img": "https://www.wikihow.com/images/thumb/c/c2/Make-Whiskey-Step-1.jpg/v4-460px-Make-Whiskey-Step-1.jpg", "vid": null}, "2": {"text": "Let the kernel corn sprout for 8 to 10 days.", "img": "https://www.wikihow.com/images/thumb/0/07/Make-Whiskey-Step-2.jpg/v4-460px-Make-Whiskey-Step-2.jpg", "vid": null}, "3": {"text": "Remove the sprouted ends from the corn.", "img": "https://www.wikihow.com/images/thumb/0/08/Make-Whiskey-Step-3.jpg/v4-460px-Make-Whiskey-Step-3.jpg", "vid": null}, "4": {"text": "Crush the kernels.", "img": "https://www.wikihow.com/images/thumb/2/28/Make-Whiskey-Step-4.jpg/v4-460px-Make-Whiskey-Step-4.jpg", "vid": null}, "5": {"text": "Add 5 gallons (18.", "img": "https://www.wikihow.com/images/thumb/1/16/Make-Whiskey-Step-5.jpg/v4-460px-Make-Whiskey-Step-5.jpg", "vid": null}, "6": {"text": "Allow the mash to cool down to 86\u00ba F (30\u00ba C).", "img": "https://www.wikihow.com/images/thumb/b/bd/Make-Whiskey-Step-6.jpg/v4-460px-Make-Whiskey-Step-6.jpg", "vid": null}, "7": {"text": "Pitch the yeast.", "img": "https://www.wikihow.com/images/thumb/e/e3/Make-Whiskey-Step-7.jpg/v4-460px-Make-Whiskey-Step-7.jpg", "vid": null}, "8": {"text": "Vent your fermenter with an airlock.", "img": "https://www.wikihow.com/images/thumb/1/10/Make-Whiskey-Step-8.jpg/v4-460px-Make-Whiskey-Step-8.jpg", "vid": null}, "9": {"text": "Allow the mash to ferment in a relatively warm environment.", "img": "https://www.wikihow.com/images/thumb/7/71/Make-Whiskey-Step-9.jpg/v4-460px-Make-Whiskey-Step-9.jpg", "vid": null}, "10": {"text": "When the mash is finished fermenting, strain or siphon the mash into a still.", "img": "https://www.wikihow.com/images/thumb/4/4e/Make-Whiskey-Step-10.jpg/v4-460px-Make-Whiskey-Step-10.jpg", "vid": null}, "11": {"text": "Heat the wash in the still slowly, until it just reaches a boil.", "img": "https://www.wikihow.com/images/thumb/d/d0/Make-Whiskey-Step-11.jpg/v4-460px-Make-Whiskey-Step-11.jpg", "vid": null}, "12": {"text": "Turn on the condensing tube after the wash hits 120\u00ba - 140\u00ba F (50\u00ba - 60\u00ba C).", "img": "https://www.wikihow.com/images/thumb/a/a3/Make-Whiskey-Step-12.jpg/v4-460px-Make-Whiskey-Step-12.jpg", "vid": null}, "13": {"text": "Throw out the heads.", "img": "https://www.wikihow.com/images/thumb/1/1e/Make-Whiskey-Step-13.jpg/v4-460px-Make-Whiskey-Step-13.jpg", "vid": null}, "14": {"text": "Collect the body in 500 mL batches.", "img": "https://www.wikihow.com/images/thumb/8/84/Make-Whiskey-Step-14.jpg/v4-460px-Make-Whiskey-Step-14.jpg", "vid": null}, "15": {"text": "Throw out the tails.", "img": "https://www.wikihow.com/images/thumb/8/80/Make-Whiskey-Step-15.jpg/v4-460px-Make-Whiskey-Step-15.jpg", "vid": null}, "16": {"text": "Turn off the heat source and let the pot still cool down completely.", "img": "https://www.wikihow.com/images/thumb/c/c7/Make-Whiskey-Step-16.jpg/v4-460px-Make-Whiskey-Step-16.jpg", "vid": null}, "17": {"text": "Use a proof and tralle hydrometer to test the ABV (alcohol by volume) of your moonshine.", "img": "https://www.wikihow.com/images/thumb/9/9f/Make-Whiskey-Step-17.jpg/v4-460px-Make-Whiskey-Step-17.jpg", "vid": null}, "18": {"text": "Age the whiskey.", "img": "https://www.wikihow.com/images/thumb/2/2a/Make-Whiskey-Step-18.jpg/v4-460px-Make-Whiskey-Step-18.jpg", "vid": null}, "19": {"text": "Dilute the whiskey", "img": "https://www.wikihow.com/images/thumb/5/5e/Make-Whiskey-Step-19.jpg/v4-460px-Make-Whiskey-Step-19.jpg", "vid": null}, "20": {"text": "Bottle and enjoy!", "img": "https://www.wikihow.com/images/thumb/2/2d/Make-Whiskey-Step-20.jpg/v4-460px-Make-Whiskey-Step-20.jpg", "vid": null}}