{"video_url": "https://www.youtube.com/embed/bek6E7q4TgE?showinfo=0", "1": {"text": "Mix", "img": null, "vid": "/c/c3/Make Red Paint Darker Step 1.360p.mp4"}, "2": {"text": "Add a little bit of green paint to make a deeper red.", "img": "https://www.wikihow.com/images/thumb/0/0e/Make-Red-Paint-Darker-Step-2.jpg/v4-460px-Make-Red-Paint-Darker-Step-2.jpg", "vid": null}, "3": {"text": "Use an analogous shade of blue to make a red darker and muted.", "img": null, "vid": "/4/42/Make Red Paint Darker Step 3.360p.mp4"}, "4": {"text": "Add black to change the shade of red and make it richer.", "img": null, "vid": "/a/a5/Make Red Paint Darker Step 4.360p.mp4"}, "5": {"text": "Combine red with a gray to make a darker, flat red.", "img": null, "vid": "/2/24/Make Red Paint Darker Step 5.360p.mp4"}, "6": {"text": "Mix a red with a brown to make a muted, earthy shade of red.", "img": null, "vid": "/2/22/Make Red Paint Darker Step 6.360p.mp4"}, "7": {"text": "Add another coat of the same red to make the color richer.", "img": null, "vid": "/1/1b/Make Red Paint Darker Step 7.360p.mp4"}, "8": {"text": "Apply a coat of maroon, burgundy or crimson to a lighter shade to deepen the hue.", "img": null, "vid": "/b/b2/Make Red Paint Darker Step 8.360p.mp4"}, "9": {"text": "Cover glossy reds with flat reds to change the texture of a wall.", "img": null, "vid": "/0/0f/Make Red Paint Darker Step 9.360p.mp4"}, "10": {"text": "Switch from oil to acrylic paint if you\u2019re working on a canvas.", "img": "https://www.wikihow.com/images/thumb/4/48/Make-Red-Paint-Darker-Step-10.jpg/v4-460px-Make-Red-Paint-Darker-Step-10.jpg", "vid": null}}