{"video_url": "https://www.youtube.com/embed/8XgcV4tVrfQ?showinfo=0", "1": {"text": "Combine the sweetened condensed milk, sugar, and cornstarch.", "img": null, "vid": "/1/1a/Make Edible Slime Step 1 Version 2.360p.mp4"}, "2": {"text": "Stir and cook the slime for 10 to 15 minutes.", "img": null, "vid": "/1/19/Make Edible Slime Step 2 Version 2.360p.mp4"}, "3": {"text": "Mix in food coloring if desired.", "img": null, "vid": "/b/b6/Make Edible Slime Step 3 Version 2.360p.mp4"}, "4": {"text": "Cool the slime completely before using it.", "img": "https://www.wikihow.com/images/thumb/c/cc/Make-Edible-Slime-Step-4-Version-2.jpg/v4-460px-Make-Edible-Slime-Step-4-Version-2.jpg", "vid": null}, "5": {"text": "Refrigerate the slime for up to 5 days.", "img": null, "vid": "/d/d2/Make Edible Slime Step 5 Version 2.360p.mp4"}, "6": {"text": "Put the mini-marshmallows and oil in a bowl.", "img": null, "vid": "/b/b4/Make Edible Slime Step 6 Version 2.360p.mp4"}, "7": {"text": "Microwave the marshmallows for 10 seconds at a time until they melt.", "img": null, "vid": "/f/fa/Make Edible Slime Step 7 Version 2.360p.mp4"}, "8": {"text": "Stir 4 to 5 drops of food coloring into the marshmallows.", "img": null, "vid": "/5/55/Make Edible Slime Step 8 Version 2.360p.mp4"}, "9": {"text": "Combine the powdered sugar and cornstarch on a plate.", "img": null, "vid": "/1/1a/Make Edible Slime Step 9 Version 2.360p.mp4"}, "10": {"text": "Transfer the marshmallows to the plate and mix it.", "img": null, "vid": "/6/6e/Make Edible Slime Step 10 Version 2.360p.mp4"}, "11": {"text": "Mix in sprinkles, if desired.", "img": null, "vid": "/f/f7/Make Edible Slime Step 11 Version 2.360p.mp4"}, "12": {"text": "Use and store the marshmallow slime for up 5 days.", "img": null, "vid": "/9/93/Make Edible Slime Step 12 Version 2.360p.mp4"}, "13": {"text": "Microwave the gummy bears for 30 seconds.", "img": null, "vid": "/8/8b/Make Edible Slime Step 13 Version 2.360p.mp4"}, "14": {"text": "Stir and microwave the gummy bears for 10 second intervals.", "img": null, "vid": "/d/df/Make Edible Slime Step 14 Version 2.360p.mp4"}, "15": {"text": "Mix the cornstarch and powdered sugar on a plate.", "img": null, "vid": "/c/c4/Make Edible Slime Step 15 Version 2.360p.mp4"}, "16": {"text": "Pour the melted gummy bears onto the plate and let it cool.", "img": null, "vid": "/b/be/Make Edible Slime Step 16 Version 2.360p.mp4"}, "17": {"text": "Mix the gummy mixture into the cornstarch and powdered sugar.", "img": null, "vid": "/8/86/Make Edible Slime Step 17 Version 2.360p.mp4"}, "18": {"text": "Knead 1\u20442 tablespoon (7.4\u00a0ml) of vegetable or coconut oil into the slime.", "img": null, "vid": "/5/5e/Make Edible Slime Step 18 Version 2.360p.mp4"}, "19": {"text": "Play with the gummy bear slime.", "img": null, "vid": "/5/5b/Make Edible Slime Step 19 Version 2.360p.mp4"}}