{"video_url": "https://www.youtube.com/embed/sSzpjZ1l-ig?showinfo=0", "1": {"text": "Gather your materials.", "img": "https://www.wikihow.com/images/thumb/d/d0/Make-a-Fabric-Rose-Step-1-Version-3.jpg/v4-460px-Make-a-Fabric-Rose-Step-1-Version-3.jpg", "vid": null}, "2": {"text": "Cut out 6 to 8 petals in two sizes.", "img": null, "vid": "/a/a0/Make a Fabric Rose Step 2 Version 2.360p.mp4"}, "3": {"text": "Line the petals up.", "img": null, "vid": "/b/bc/Make a Fabric Rose Step 3 Version 2.360p.mp4"}, "4": {"text": "Sew the petals together.", "img": null, "vid": "/4/47/Make a Fabric Rose Step 4 Version 2.360p.mp4"}, "5": {"text": "Gather the petals together.", "img": null, "vid": "/5/59/Make a Fabric Rose Step 5 Version 2.360p.mp4"}, "6": {"text": "Gather the rose together.", "img": "https://www.wikihow.com/images/thumb/a/ac/Make-a-Fabric-Rose-Step-6-Version-3.jpg/v4-460px-Make-a-Fabric-Rose-Step-6-Version-3.jpg", "vid": null}, "7": {"text": "Glue the rose.", "img": null, "vid": "/0/0c/Make a Fabric Rose Step 7 Version 2.360p.mp4"}, "8": {"text": "Cover the bottom of the rose and add a pin.", "img": null, "vid": "/6/69/Make a Fabric Rose Step 8 Version 2.360p.mp4"}, "9": {"text": "Gather your materials.", "img": "https://www.wikihow.com/images/thumb/b/ba/Make-a-Fabric-Rose-Step-9-Version-3.jpg/v4-460px-Make-a-Fabric-Rose-Step-9-Version-3.jpg", "vid": null}, "10": {"text": "Cut out the flower shapes.", "img": null, "vid": "/3/39/Make a Fabric Rose Step 10 Version 2.360p.mp4"}, "11": {"text": "Prepare the base.", "img": "https://www.wikihow.com/images/thumb/1/19/Make-a-Fabric-Rose-Step-11-Version-3.jpg/v4-460px-Make-a-Fabric-Rose-Step-11-Version-3.jpg", "vid": null}, "12": {"text": "Place the first flower shape.", "img": null, "vid": "/d/dc/Make a Fabric Rose Step 12 Version 2.360p.mp4"}, "13": {"text": "Glue the rest of the flower shapes.", "img": null, "vid": "/f/fa/Make a Fabric Rose Step 13 Version 2.360p.mp4"}, "14": {"text": "Add the final petals.", "img": null, "vid": "/7/7b/Make a Fabric Rose Step 14 Version 2.360p.mp4"}, "15": {"text": "Fluff the petals so that it looks more like a flower.", "img": "https://www.wikihow.com/images/thumb/d/d7/Make-a-Fabric-Rose-Step-15-Version-3.jpg/v4-460px-Make-a-Fabric-Rose-Step-15-Version-3.jpg", "vid": null}, "16": {"text": "Gather your materials.", "img": "https://www.wikihow.com/images/thumb/3/3e/Make-a-Fabric-Rose-Step-16-Version-3.jpg/v4-460px-Make-a-Fabric-Rose-Step-16-Version-3.jpg", "vid": null}, "17": {"text": "Cut your petals.", "img": "https://www.wikihow.com/images/thumb/9/9d/Make-a-Fabric-Rose-Step-17-Version-3.jpg/v4-460px-Make-a-Fabric-Rose-Step-17-Version-3.jpg", "vid": null}, "18": {"text": "Pinch and glue the petals.", "img": null, "vid": "/4/47/Make a Fabric Rose Step 18 Version 2.360p.mp4"}, "19": {"text": "Glue the large petals to a base.", "img": null, "vid": "/1/14/Make a Fabric Rose Step 19 Version 2.360p.mp4"}, "20": {"text": "Glue the smaller petals on.", "img": null, "vid": "/6/65/Make a Fabric Rose Step 20 Version 2.360p.mp4"}, "21": {"text": "Add the button and a pin.", "img": "https://www.wikihow.com/images/thumb/d/dd/Make-a-Fabric-Rose-Step-21-Version-3.jpg/v4-460px-Make-a-Fabric-Rose-Step-21-Version-3.jpg", "vid": null}}