{"video_url": "https://www.youtube.com/embed/myoebpwRaVo", "1": {"text": "Get an apple and a pen.", "img": "https://www.wikihow.com/images/thumb/4/49/Make-an-Apple-Pipe-Step-1-Version-3.jpg/v4-460px-Make-an-Apple-Pipe-Step-1-Version-3.jpg", "vid": null}, "2": {"text": "Remove the stem from the apple.", "img": null, "vid": "/8/87/Make an Apple Pipe Step 2.360p.mp4"}, "3": {"text": "Bore a hole through the top of the apple.", "img": null, "vid": "/9/92/Make an Apple Pipe Step 3.360p.mp4"}, "4": {"text": "Bore a second hole near the bottom of the apple.", "img": null, "vid": "/4/45/Make an Apple Pipe Step 4.360p.mp4"}, "5": {"text": "Bore a third hole on the side of the apple.", "img": null, "vid": "/c/c0/Make an Apple Pipe Step 5.360p.mp4"}, "6": {"text": "Make a bowl.", "img": null, "vid": "/c/cd/Make an Apple Pipe Step 6.360p.mp4"}, "7": {"text": "Use the pipe.", "img": null, "vid": "/5/54/Make an Apple Pipe Step 7.360p.mp4"}, "8": {"text": "Get an apple, a knife, a spoon and a pencil.", "img": "https://www.wikihow.com/images/thumb/0/04/Make-an-Apple-Pipe-Step-8-Version-2.jpg/v4-460px-Make-an-Apple-Pipe-Step-8-Version-2.jpg", "vid": null}, "9": {"text": "Cut off the top of the apple.", "img": null, "vid": "/a/ae/Make an Apple Pipe Step 9.360p.mp4"}, "10": {"text": "Carve the chamber.", "img": null, "vid": "/8/84/Make an Apple Pipe Step 10.360p.mp4"}, "11": {"text": "Make the carb and mouthpiece.", "img": null, "vid": "/8/82/Make an Apple Pipe Step 11.360p.mp4"}, "12": {"text": "Use the pipe.", "img": null, "vid": "/7/76/Make an Apple Pipe Step 12.360p.mp4"}}