{"video_url": "https://www.youtube.com/embed/yI3X3AqRvX4?showinfo=0", "1": {"text": "Add 1 cup (250ml) of water to a small saucepan.", "img": "https://www.wikihow.com/images/thumb/c/c8/Make-Slime-Without-Borax-Step-1-Version-6.jpg/v4-460px-Make-Slime-Without-Borax-Step-1-Version-6.jpg", "vid": null}, "2": {"text": "Pour the cup of the warm water into a bowl.", "img": null, "vid": "/6/63/Make Slime Without Borax Step 2 Version 5.360p.mp4"}, "3": {"text": "Measure 2 cups (140g/500ml) of cornstarch.", "img": null, "vid": "/c/c2/Make Slime Without Borax Step 3 Version 3.360p.mp4"}, "4": {"text": "Empty the colored water into the bowl with the cornstarch.", "img": null, "vid": "/0/0a/Make Slime Without Borax Step 4 Version 5.360p.mp4"}, "5": {"text": "Regulate the consistency of the slime.", "img": null, "vid": "/2/29/Make Slime Without Borax Step 5 Version 5.360p.mp4"}, "6": {"text": "Add items to the slime to make it extra fun (optional).", "img": null, "vid": "/0/05/Make Slime Without Borax Step 6 Version 5.360p.mp4"}, "7": {"text": "Place your slime into a plastic bag.", "img": null, "vid": "/7/76/Make Slime Without Borax Step 7 Version 4.360p.mp4"}, "8": {"text": "Pour the can of sweetened condensed milk into a saucepan.", "img": null, "vid": "/7/78/Make Slime Without Borax Step 8 Version 5.360p.mp4"}, "9": {"text": "Add 1 tablespoon (14 grams) of cornstarch to the sweetened condensed milk.", "img": null, "vid": "/8/8d/Make Slime Without Borax Step 9 Version 5.360p.mp4"}, "10": {"text": "Remove the mixture from the heat when it has thickened.", "img": null, "vid": "/1/1f/Make Slime Without Borax Step 10 Version 4.360p.mp4"}, "11": {"text": "Allow the slime to cool.", "img": "https://www.wikihow.com/images/thumb/0/01/Make-Slime-Without-Borax-Step-11-Version-5.jpg/v4-460px-Make-Slime-Without-Borax-Step-11-Version-5.jpg", "vid": null}, "12": {"text": "Done.", "img": "https://www.wikihow.com/images/thumb/5/59/Make-Slime-Without-Borax-Step-12-Version-5.jpg/v4-460px-Make-Slime-Without-Borax-Step-12-Version-5.jpg", "vid": null}, "13": {"text": "Pour a half a cup of PVA glue into a bowl.", "img": null, "vid": "/e/e6/Make Slime Without Borax Step 13 Version 2.360p.mp4"}, "14": {"text": "Add a drop or two of food coloring.", "img": null, "vid": "/6/67/Make Slime Without Borax Step 14 Version 4.360p.mp4"}, "15": {"text": "Mix well to combine and distribute the color evenly.", "img": null, "vid": "/2/2c/Make Slime Without Borax Step 15 Version 4.360p.mp4"}, "16": {"text": "Add a half cup of baby powder (talc).", "img": null, "vid": "/f/f0/Make Slime Without Borax Step 16 Version 4.360p.mp4"}, "17": {"text": "Play with the slime.", "img": null, "vid": "/0/0e/Make Slime Without Borax Step 17 Version 4.360p.mp4"}, "18": {"text": "Mix 1 teaspoon of powdered fiber with 1 cup of water.", "img": null, "vid": "/7/7b/Make Slime Without Borax Step 18 Version 3.360p.mp4"}, "19": {"text": "Add drops of food coloring until the water and fiber mixture is your desired color.", "img": null, "vid": "/b/be/Make Slime Without Borax Step 19 Version 3.360p.mp4"}, "20": {"text": "Place the mixture and microwave-safe bowl in the microwave.", "img": "https://www.wikihow.com/images/thumb/3/3e/Make-Slime-Without-Borax-Step-20-Version-3.jpg/v4-460px-Make-Slime-Without-Borax-Step-20-Version-3.jpg", "vid": null}, "21": {"text": "Let the mixture stand for two to four minutes and stir.", "img": "https://www.wikihow.com/images/thumb/9/94/Make-Slime-Without-Borax-Step-21-Version-3.jpg/v4-460px-Make-Slime-Without-Borax-Step-21-Version-3.jpg", "vid": null}, "22": {"text": "Repeat the boiling and cooling process two to six times, stirring the mixture each time you let it cool.", "img": "https://www.wikihow.com/images/thumb/6/65/Make-Slime-Without-Borax-Step-22-Version-3.jpg/v4-460px-Make-Slime-Without-Borax-Step-22-Version-3.jpg", "vid": null}, "23": {"text": "Let the slime cool in the microwave.", "img": "https://www.wikihow.com/images/thumb/d/d2/Make-Slime-Without-Borax-Step-23-Version-3.jpg/v4-460px-Make-Slime-Without-Borax-Step-23-Version-3.jpg", "vid": null}}