{"video_url": "https://www.youtube.com/embed/x_5i43JhiBE?showinfo=0", "1": {"text": "Mix 3 cups of flour, 1 cup of salt, 1 cup of water, and 2 tablespoons (29.6\u00a0ml) of oil.", "img": "https://www.wikihow.com/images/thumb/3/3f/Cook-a-Vegan-Potato-Cake-Step-1.jpg/v4-460px-Cook-a-Vegan-Potato-Cake-Step-1.jpg", "vid": null}, "2": {"text": "Knead the dough with your hands to form it into a ball.", "img": null, "vid": "/a/a2/Make a Volcano Step 2 Version 3.360p.mp4"}, "3": {"text": "Pour in 1 tablespoon of water if the dough won\u2019t stick together.", "img": null, "vid": "/2/2d/Make a Volcano Step 3 Version 5.360p.mp4"}, "4": {"text": "Add 2 tablespoons of flour if the dough is too sticky.", "img": null, "vid": "/f/f5/Make a Volcano Step 4 Version 5.360p.mp4"}, "5": {"text": "Press the dough ball onto the center of a tray or box lid.", "img": null, "vid": "/f/ff/Make a Volcano Step 5 Version 5.360p.mp4"}, "6": {"text": "Use your hands to shape the dough to look like a mountain.", "img": null, "vid": "/f/f8/Make a Volcano Step 6 Version 5.360p.mp4"}, "7": {"text": "Push a small glass cup or jar into the center of the dough mountain.", "img": null, "vid": "/a/a1/Make a Volcano Step 7 Version 5.360p.mp4"}, "8": {"text": "Shape the dough around the cup to make it look like a volcano.", "img": null, "vid": "/1/1f/Make a Volcano Step 8 Version 5.360p.mp4"}, "9": {"text": "Wait for the dough to dry completely before painting the volcano.", "img": null, "vid": "/b/ba/Make a Volcano Step 9 Version 5.360p.mp4"}, "10": {"text": "Apply a coat of brown or black paint to the outside of the volcano.", "img": null, "vid": "/5/56/Make a Volcano Step 10 Version 5.360p.mp4"}, "11": {"text": "Paint the inside of the volcano orange or yellow for added effect.", "img": null, "vid": "/2/2b/Make a Volcano Step 11 Version 5.360p.mp4"}, "12": {"text": "Let the paint dry overnight before making an eruption.", "img": "https://www.wikihow.com/images/thumb/1/1b/Make-a-Volcano-Step-12-Version-9.jpg/v4-460px-Make-a-Volcano-Step-12-Version-9.jpg", "vid": null}, "13": {"text": "Put 2 tablespoons of baking soda into the volcano.", "img": "https://www.wikihow.com/images/thumb/d/d3/Make-a-Volcano-Step-13-Version-9.jpg/v4-460px-Make-a-Volcano-Step-13-Version-9.jpg", "vid": null}, "14": {"text": "Squirt about 1 teaspoon of dish soap onto the baking soda.", "img": null, "vid": "/3/3c/Make a Volcano Step 14 Version 5.360p.mp4"}, "15": {"text": "Add a few drops of red and yellow food coloring to the volcano.", "img": null, "vid": "/9/9c/Make a Volcano Step 15 Version 5.360p.mp4"}, "16": {"text": "Pour in 1 fluid ounce (30\u00a0mL) vinegar to make the volcano erupt!", "img": null, "vid": "/4/4b/Make a Volcano Step 16 Version 5.360p.mp4"}}