{"video_url": "https://www.youtube.com/embed/2yX2jQefNkk?showinfo=0", "1": {"text": "Buy Arabic coffee.", "img": "https://www.wikihow.com/images/thumb/0/06/Make-Arabic-Coffee-Step-1-Version-2.jpg/v4-460px-Make-Arabic-Coffee-Step-1-Version-2.jpg", "vid": null}, "2": {"text": "Grind the coffee if it is not already ground.", "img": null, "vid": "/c/cb/Make Arabic Coffee Step 2.360p.mp4"}, "3": {"text": "Crush the cardamom pods.", "img": "https://www.wikihow.com/images/thumb/9/9d/Make-Arabic-Coffee-Step-3-Version-2.jpg/v4-460px-Make-Arabic-Coffee-Step-3-Version-2.jpg", "vid": null}, "4": {"text": "Grind the cardamom seeds.", "img": "https://www.wikihow.com/images/thumb/8/87/Make-Arabic-Coffee-Step-4-Version-2.jpg/v4-460px-Make-Arabic-Coffee-Step-4-Version-2.jpg", "vid": null}, "5": {"text": "Preheat a thermos.", "img": "https://www.wikihow.com/images/thumb/9/99/Make-Arabic-Coffee-Step-5-Version-2.jpg/v4-460px-Make-Arabic-Coffee-Step-5-Version-2.jpg", "vid": null}, "6": {"text": "Heat the water in the dallah.", "img": "https://www.wikihow.com/images/thumb/4/4f/Make-Arabic-Coffee-Step-6-Version-2.jpg/v4-460px-Make-Arabic-Coffee-Step-6-Version-2.jpg", "vid": null}, "7": {"text": "Remove the dallah from the stove for 30 seconds.", "img": null, "vid": "/4/42/Make Arabic Coffee Step 7.360p.mp4"}, "8": {"text": "Add the coffee to the water and return to the stove.", "img": null, "vid": "/5/56/Make Arabic Coffee Step 8.360p.mp4"}, "9": {"text": "Let the coffee brew on low heat.", "img": "https://www.wikihow.com/images/thumb/a/a8/Make-Arabic-Coffee-Step-9-Version-2.jpg/v4-460px-Make-Arabic-Coffee-Step-9-Version-2.jpg", "vid": null}, "10": {"text": "Turn the stove off and let the pot settle for a minute.", "img": "https://www.wikihow.com/images/thumb/2/29/Make-Arabic-Coffee-Step-10-Version-2.jpg/v4-460px-Make-Arabic-Coffee-Step-10-Version-2.jpg", "vid": null}, "11": {"text": "Remove the pot from the stove and let the foam settle.", "img": "https://www.wikihow.com/images/thumb/d/d6/Make-Arabic-Coffee-Step-11-Version-2.jpg/v4-460px-Make-Arabic-Coffee-Step-11-Version-2.jpg", "vid": null}, "12": {"text": "Return the coffee to the stove and bring it nearly to a boil again.", "img": "https://www.wikihow.com/images/thumb/0/0e/Make-Arabic-Coffee-Step-12-Version-2.jpg/v4-460px-Make-Arabic-Coffee-Step-12-Version-2.jpg", "vid": null}, "13": {"text": "Remove the coffee from the stove and let it stand for 5 minutes.", "img": null, "vid": "/7/79/Make Arabic Coffee Step 13.360p.mp4"}, "14": {"text": "Prepare your thermos.", "img": "https://www.wikihow.com/images/thumb/b/be/Make-Arabic-Coffee-Step-14.jpg/v4-460px-Make-Arabic-Coffee-Step-14.jpg", "vid": null}, "15": {"text": "Pour the coffee into the thermos until the grounds start coming out.", "img": "https://www.wikihow.com/images/thumb/b/b3/Make-Arabic-Coffee-Step-15.jpg/v4-460px-Make-Arabic-Coffee-Step-15.jpg", "vid": null}, "16": {"text": "Let the coffee steep for 5 to 10 minutes, then serve.", "img": "https://www.wikihow.com/images/thumb/3/3f/Make-Arabic-Coffee-Step-16.jpg/v4-460px-Make-Arabic-Coffee-Step-16.jpg", "vid": null}, "17": {"text": "Use your right hand to pour, receive and drink the coffee.", "img": "https://www.wikihow.com/images/thumb/6/6d/Make-Arabic-Coffee-Step-17.jpg/v4-460px-Make-Arabic-Coffee-Step-17.jpg", "vid": null}, "18": {"text": "Offer multiple servings.", "img": "https://www.wikihow.com/images/thumb/e/e2/Make-Arabic-Coffee-Step-18.jpg/v4-460px-Make-Arabic-Coffee-Step-18.jpg", "vid": null}, "19": {"text": "Swirl your cup to indicate that you've finished.", "img": null, "vid": "/5/55/Make Arabic Coffee Step 19.360p.mp4"}}