{"video_url": "https://www.youtube.com/embed/IQIKuBFF6EM?showinfo=0", "1": {"text": "Heat 2 cups (473 ml) water in a microwave or a pot, bringing it to a boil.", "img": "https://www.wikihow.com/images/thumb/0/0d/Make-Rock-Candy-Step-1-Version-9.jpg/v4-460px-Make-Rock-Candy-Step-1-Version-9.jpg", "vid": null}, "2": {"text": "Stir in the 4 cups (946 g) of sugar in 1/2 cup (118 g) increments.", "img": null, "vid": "/d/dc/Make Rock Candy Step 2 Version 7.360p.mp4"}, "3": {"text": "Remove the solution from the heat and allow it to cool for 15-20 minutes.", "img": "https://www.wikihow.com/images/thumb/7/7f/Make-Rock-Candy-Step-3-Version-9.jpg/v4-460px-Make-Rock-Candy-Step-3-Version-9.jpg", "vid": null}, "4": {"text": "Add food coloring and/or flavoring if you don't want plain rock candy.", "img": null, "vid": "/a/ad/Make Rock Candy Step 4 Version 8.360p.mp4"}, "5": {"text": "Pour the solution into a large glass or jar where you plan to grow your rock candy crystals.", "img": null, "vid": "/9/9f/Make Rock Candy Step 5 Version 5.360p.mp4"}, "6": {"text": "Tie one end of a string around the middle of a pencil and tie a weight (such as a paperclip) to the other end.", "img": null, "vid": "/1/1f/Make Rock Candy Step 6 Version 4.360p.mp4"}, "7": {"text": "Dip the string in the glass of sugar/water solution, remove it, and lay on a piece of wax paper to dry.", "img": null, "vid": "/6/6c/Make Rock Candy Step 7 Version 5.360p.mp4"}, "8": {"text": "Lower the string into the glass of sugar/water solution, resting the pencil on the top of the glass.", "img": null, "vid": "/4/49/Make Rock Candy Step 8 Version 5.360p.mp4"}, "9": {"text": "Place the glass somewhere safe, where it will remain undisturbed.", "img": "https://www.wikihow.com/images/thumb/5/53/Make-Rock-Candy-Step-9-Version-6.jpg/v4-460px-Make-Rock-Candy-Step-9-Version-6.jpg", "vid": null}, "10": {"text": "Wait one week for crystals to form.", "img": "https://www.wikihow.com/images/thumb/5/59/Make-Rock-Candy-Step-10-Version-6.jpg/v4-460px-Make-Rock-Candy-Step-10-Version-6.jpg", "vid": null}, "11": {"text": "Carefully remove the string from the solution and lay it on wax paper to dry.", "img": "https://www.wikihow.com/images/thumb/d/df/Make-Rock-Candy-Step-11-Version-6.jpg/v4-460px-Make-Rock-Candy-Step-11-Version-6.jpg", "vid": null}, "12": {"text": "Wet a skewer or popsicle stick with water and roll it in granulated sugar.", "img": null, "vid": "/2/21/Make Rock Candy Step 12 Version 8.360p.mp4"}, "13": {"text": "Hold the skewer in the middle of the glass so that it is not touching the sides and the tip does not touch the bottom of the glass.", "img": "https://www.wikihow.com/images/thumb/b/b8/Make-Rock-Candy-Step-13-Version-8.jpg/v4-460px-Make-Rock-Candy-Step-13-Version-8.jpg", "vid": null}, "14": {"text": "Pinch the dry end of the skewer with the clothespin and rest the clothespin across the top of the glass.", "img": null, "vid": "/6/6e/Make Rock Candy Step 14 Version 8.360p.mp4"}, "15": {"text": "Place the glass somewhere safe, where it will remain undisturbed.", "img": "https://www.wikihow.com/images/thumb/3/3b/Make-Rock-Candy-Step-15-Version-8.jpg/v4-460px-Make-Rock-Candy-Step-15-Version-8.jpg", "vid": null}, "16": {"text": "Wait one to two weeks for your rock candy to be ready.", "img": "https://www.wikihow.com/images/thumb/1/13/Make-Rock-Candy-Step-16-Version-8.jpg/v4-460px-Make-Rock-Candy-Step-16-Version-8.jpg", "vid": null}, "17": {"text": "Finished.", "img": "https://www.wikihow.com/images/thumb/f/fe/Make-Rock-Candy-Step-17-Version-2.jpg/v4-460px-Make-Rock-Candy-Step-17-Version-2.jpg", "vid": null}}