{"video_url": "https://www.youtube.com/embed/t7O-PrgXCXE?showinfo=0", "1": {"text": "Design the stickers.", "img": "https://www.wikihow.com/images/thumb/f/f7/Make-Stickers-Step-1-Version-9.jpg/v4-460px-Make-Stickers-Step-1-Version-9.jpg", "vid": null}, "2": {"text": "Cut out the stickers.", "img": null, "vid": "/4/40/Make Stickers Step 2 Version 7.360p.mp4"}, "3": {"text": "Make the glue.", "img": "https://www.wikihow.com/images/thumb/3/34/Make-Stickers-Step-3-Version-10.jpg/v4-460px-Make-Stickers-Step-3-Version-10.jpg", "vid": null}, "4": {"text": "Paint the stickers.", "img": null, "vid": "/a/a3/Make Stickers Step 4 Version 7.360p.mp4"}, "5": {"text": "Lick the stickers.", "img": "https://www.wikihow.com/images/thumb/4/4c/Make-Stickers-Step-15-Version-6.jpg/v4-460px-Make-Stickers-Step-15-Version-6.jpg", "vid": null}, "6": {"text": "Cut stickers out of magazines or print your own designs.", "img": null, "vid": "/3/37/Make Stickers Step 6 Version 7.360p.mp4"}, "7": {"text": "Cover the sticker designs with packing tape.", "img": null, "vid": "/0/03/Make Stickers Step 7 Version 7.360p.mp4"}, "8": {"text": "Rub the front of the stickers.", "img": null, "vid": "/b/bc/Make Stickers Step 8 Version 7.360p.mp4"}, "9": {"text": "Run the stickers under warm water.", "img": null, "vid": "/b/b2/Make Stickers Step 9 Version 7.360p.mp4"}, "10": {"text": "Let the stickers dry.", "img": null, "vid": "/f/fe/Make Stickers Step 10 Version 7.360p.mp4"}, "11": {"text": "Buy sticker paper.", "img": "https://www.wikihow.com/images/thumb/e/e3/Make-Stickers-Step-11-Version-9.jpg/v4-460px-Make-Stickers-Step-11-Version-9.jpg", "vid": null}, "12": {"text": "Design your stickers.", "img": null, "vid": "/3/35/Make Stickers Step 12 Version 7.360p.mp4"}, "13": {"text": "Cut out the stickers.", "img": null, "vid": "/0/03/Make Stickers Step 13 Version 7.360p.mp4"}, "14": {"text": "Remove the paper backing.", "img": null, "vid": "/c/cc/Make Stickers Step 14 Version 7.360p.mp4"}, "15": {"text": "Make reusable stickers.", "img": "https://www.wikihow.com/images/thumb/a/ab/Make-Stickers-Step-15-Version-7.jpg/v4-460px-Make-Stickers-Step-15-Version-7.jpg", "vid": null}, "16": {"text": "Use mailing labels.", "img": null, "vid": "/a/a8/Make Stickers Step 16 Version 6.360p.mp4"}, "17": {"text": "Create stickers with double back tape.", "img": "https://www.wikihow.com/images/thumb/1/13/Make-Stickers-Step-17-Version-7.jpg/v4-460px-Make-Stickers-Step-17-Version-7.jpg", "vid": null}, "18": {"text": "Make stickers with contact paper.", "img": null, "vid": "/7/7c/Make Stickers Step 18 Version 6.360p.mp4"}, "19": {"text": "Use a sticker maker.", "img": "https://www.wikihow.com/images/thumb/0/0d/Make-Stickers-Step-19-Version-7.jpg/v4-460px-Make-Stickers-Step-19-Version-7.jpg", "vid": null}, "20": {"text": "Make another type of reusable sticker!", "img": null, "vid": null}, "21": {"text": "A really sticky sticker!", "img": null, "vid": null}}