{"video_url": "https://www.youtube.com/embed/cFAgUweNNoE?showinfo=0", "1": {"text": "Cut a 10 by 20\u00a0in (25 by 51\u00a0cm) rectangle out of fabric.", "img": "https://www.wikihow.com/images/thumb/1/1b/Make-a-Simple-Cloth-Bag-Step-9-Version-6.jpg/v4-460px-Make-a-Simple-Cloth-Bag-Step-9-Version-6.jpg", "vid": null}, "2": {"text": "Fold 1 of the long edges down by 4 inches (10\u00a0cm) and iron it.", "img": null, "vid": "/6/6e/Make a Simple Cloth Bag Step 10 Version 5.360p.mp4"}, "3": {"text": "Sew 2 lines across the folded edge to create a drawstring channel.", "img": null, "vid": "/d/d2/Make a Simple Cloth Bag Step 11 Version 5.360p.mp4"}, "4": {"text": "Fold your fabric in half, widthwise, with the wrong side facing out.", "img": null, "vid": "/d/d7/Make a Simple Cloth Bag Step 12 Version 5.360p.mp4"}, "5": {"text": "Sew along the bag together using a 1\u20442\u00a0in (1.3\u00a0cm) seam allowance.", "img": null, "vid": "/3/32/Make a Simple Cloth Bag Step 13 Version 5.360p.mp4"}, "6": {"text": "Turn the bag right-side-out.", "img": null, "vid": "/1/10/Make a Simple Cloth Bag Step 14 Version 5.360p.mp4"}, "7": {"text": "Cut a 20\u00a0in (51\u00a0cm) long piece of ribbon or string.", "img": "https://www.wikihow.com/images/thumb/4/45/Make-a-Simple-Cloth-Bag-Step-15-Version-6.jpg/v4-460px-Make-a-Simple-Cloth-Bag-Step-15-Version-6.jpg", "vid": null}, "8": {"text": "Use a safety pin to insert the drawstring.", "img": null, "vid": "/d/db/Make a Simple Cloth Bag Step 16 Version 5.360p.mp4"}, "9": {"text": "Close the bag by scrunching it along the drawstring.", "img": null, "vid": "/e/ec/Make a Simple Cloth Bag Step 17 Version 5.360p.mp4"}, "10": {"text": "Choose a t-shirt you won't mind cutting up, and turn it inside-out.", "img": "https://www.wikihow.com/images/thumb/a/a2/Make-a-Simple-Cloth-Bag-Step-1-Version-6.jpg/v4-460px-Make-a-Simple-Cloth-Bag-Step-1-Version-6.jpg", "vid": null}, "11": {"text": "Cut the sleeves off using the seams as a guide.", "img": null, "vid": "/6/65/Make a Simple Cloth Bag Step 2 Version 5.360p.mp4"}, "12": {"text": "Cut the collar off.", "img": null, "vid": "/c/cf/Make a Simple Cloth Bag Step 3 Version 5.360p.mp4"}, "13": {"text": "Decide on the length of your bag, then draw a line across the shirt.", "img": null, "vid": "/4/42/Make a Simple Cloth Bag Step 4 Version 5.360p.mp4"}, "14": {"text": "Cut 3\u20444 to 1\u00a0in (1.9 to 2.5\u00a0cm) wide slits into the hem, stopping at the line.", "img": null, "vid": "/1/11/Make a Simple Cloth Bag Step 5 Version 5.360p.mp4"}, "15": {"text": "Turn the shirt right-side-out, then tie the tassels together.", "img": null, "vid": "/6/65/Make a Simple Cloth Bag Step 6 Version 5.360p.mp4"}, "16": {"text": "Tie the adjacent tassels together to hide the gaps.", "img": null, "vid": "/4/49/Make a Simple Cloth Bag Step 7 Version 5.360p.mp4"}, "17": {"text": "Trim the tassels, if desired.", "img": "https://www.wikihow.com/images/thumb/f/f6/Make-a-Simple-Cloth-Bag-Step-8-Version-6.jpg/v4-460px-Make-a-Simple-Cloth-Bag-Step-8-Version-6.jpg", "vid": null}, "18": {"text": "Cut a piece of fabric twice the height you want your bag to be.", "img": "https://www.wikihow.com/images/thumb/2/20/Make-a-Simple-Cloth-Bag-Step-18-Version-6.jpg/v4-460px-Make-a-Simple-Cloth-Bag-Step-18-Version-6.jpg", "vid": null}, "19": {"text": "Fold the narrow edges down by 1\u20442 inch (1.3\u00a0cm) to make the hems.", "img": null, "vid": "/0/0b/Make a Simple Cloth Bag Step 19 Version 5.360p.mp4"}, "20": {"text": "Sew the hems as close to the raw edge as you can.", "img": null, "vid": "/4/44/Make a Simple Cloth Bag Step 20 Version 7.360p.mp4"}, "21": {"text": "Fold the fabric in half, with the right sides facing in.", "img": null, "vid": "/2/29/Make a Simple Cloth Bag Step 21 Version 5.360p.mp4"}, "22": {"text": "Sew the side hems using a 1\u20442\u00a0in (1.3\u00a0cm) seam allowance.", "img": null, "vid": "/3/3f/Make a Simple Cloth Bag Step 22 Version 7.360p.mp4"}, "23": {"text": "Cut a long strip of fabric for the handle or shoulder strap.", "img": "https://www.wikihow.com/images/thumb/f/f0/Make-a-Simple-Cloth-Bag-Step-23-Version-8.jpg/v4-460px-Make-a-Simple-Cloth-Bag-Step-23-Version-8.jpg", "vid": null}, "24": {"text": "Fold the strip in half, then sew it with a 1\u20442\u00a0in (1.3\u00a0cm) seam allowance.", "img": null, "vid": "/c/ca/Make a Simple Cloth Bag Step 24 Version 7.360p.mp4"}, "25": {"text": "Turn the strip inside-out, the press it with an iron.", "img": null, "vid": "/c/c6/Make a Simple Cloth Bag Step 25 Version 5.360p.mp4"}, "26": {"text": "Turn your bag right-side-out and attach the handles.", "img": null, "vid": "/6/65/Make a Simple Cloth Bag Step 26 Version 7.360p.mp4"}, "27": {"text": "Add a Velcro closure, if you want the bag to open and close.", "img": "https://www.wikihow.com/images/thumb/9/9a/Make-a-Simple-Cloth-Bag-Step-27-Version-8.jpg/v4-460px-Make-a-Simple-Cloth-Bag-Step-27-Version-8.jpg", "vid": null}, "28": {"text": "Finished!", "img": "https://www.wikihow.com/images/thumb/c/cd/Make-a-Simple-Cloth-Bag-Step-28-Version-8.jpg/v4-460px-Make-a-Simple-Cloth-Bag-Step-28-Version-8.jpg", "vid": null}}