{"video_url": "https://www.youtube.com/embed/VHZitT0-fCY?showinfo=0", "1": {"text": "Fill a 5-gallon (18.927 L) stainless steel pot about halfway full with tap water.", "img": "https://www.wikihow.com/images/thumb/6/60/Make-Distilled-Water-Step-1-Version-2.jpg/v4-460px-Make-Distilled-Water-Step-1-Version-2.jpg", "vid": null}, "2": {"text": "Place a glass bowl in the water.", "img": "https://www.wikihow.com/images/thumb/1/11/Make-Distilled-Water-Step-2-Version-2.jpg/v4-460px-Make-Distilled-Water-Step-2-Version-2.jpg", "vid": null}, "3": {"text": "The water in the pot must be boiling before going to the next step.", "img": "https://www.wikihow.com/images/thumb/5/57/Make-Distilled-Water-Step-3-Version-2.jpg/v4-460px-Make-Distilled-Water-Step-3-Version-2.jpg", "vid": null}, "4": {"text": "Create a condensation effect with a hot/cold barrier.", "img": "https://www.wikihow.com/images/thumb/c/c7/Make-Distilled-Water-Step-4-Version-2.jpg/v4-460px-Make-Distilled-Water-Step-4-Version-2.jpg", "vid": null}, "5": {"text": "Boil the water in your pot.", "img": "https://www.wikihow.com/images/thumb/8/80/Make-Distilled-Water-Step-5-Version-2.jpg/v4-460px-Make-Distilled-Water-Step-5-Version-2.jpg", "vid": null}, "6": {"text": "Watch the water collecting in the bowl.", "img": "https://www.wikihow.com/images/thumb/e/ec/Clean-a-Turkey-Step-10.jpg/v4-460px-Clean-a-Turkey-Step-10.jpg", "vid": null}, "7": {"text": "Remove your pot from the heat and take off the lid.", "img": "https://www.wikihow.com/images/thumb/e/e4/Make-Distilled-Water-Step-6-Version-2.jpg/v4-460px-Make-Distilled-Water-Step-6-Version-2.jpg", "vid": null}, "8": {"text": "Take the bowl of distilled water out of the pot of boiling water.", "img": "https://www.wikihow.com/images/thumb/1/1f/Make-Distilled-Water-Step-7-Version-2.jpg/v4-460px-Make-Distilled-Water-Step-7-Version-2.jpg", "vid": null}, "9": {"text": "Allow the distilled water to cool before storing it.", "img": "https://www.wikihow.com/images/thumb/d/d5/Make-Distilled-Water-Step-8-Version-2.jpg/v4-460px-Make-Distilled-Water-Step-8-Version-2.jpg", "vid": null}, "10": {"text": "Get 2 glass bottles for making distilled water.", "img": "https://www.wikihow.com/images/thumb/7/7f/Make-Distilled-Water-Step-9-Version-2.jpg/v4-460px-Make-Distilled-Water-Step-9-Version-2.jpg", "vid": null}, "11": {"text": "Fill 1 bottle with tap water.", "img": "https://www.wikihow.com/images/thumb/4/45/Make-Distilled-Water-Step-10-Version-2.jpg/v4-460px-Make-Distilled-Water-Step-10-Version-2.jpg", "vid": null}, "12": {"text": "Join the 2 bottles together at the neck and secure them tightly with duct tape.", "img": "https://www.wikihow.com/images/thumb/6/67/Make-Distilled-Water-Step-11-Version-2.jpg/v4-460px-Make-Distilled-Water-Step-11-Version-2.jpg", "vid": null}, "13": {"text": "Use a 5-gallon (18.927 L) stainless steel pot of boiling water to distill the water.", "img": "https://www.wikihow.com/images/thumb/5/5d/Make-Distilled-Water-Step-12-Version-2.jpg/v4-460px-Make-Distilled-Water-Step-12-Version-2.jpg", "vid": null}, "14": {"text": "Tilt the bottles at about a 30-degree angle, leaning the top, empty bottle on the inside of the pot's rim.", "img": "https://www.wikihow.com/images/thumb/9/95/Make-Distilled-Water-Step-13-Version-2.jpg/v4-460px-Make-Distilled-Water-Step-13-Version-2.jpg", "vid": null}, "15": {"text": "Rest an ice pack or a bag of ice on top of the bottle on top.", "img": "https://www.wikihow.com/images/thumb/3/3c/Make-Distilled-Water-Step-14-Version-2.jpg/v4-460px-Make-Distilled-Water-Step-14-Version-2.jpg", "vid": null}, "16": {"text": "Continue the distillation process until you collect enough distilled water in the bottle for your needs.", "img": "https://www.wikihow.com/images/thumb/5/51/Make-Distilled-Water-Step-15-Version-2.jpg/v4-460px-Make-Distilled-Water-Step-15-Version-2.jpg", "vid": null}, "17": {"text": "Put a large, clean container outside to catch the rainwater.", "img": "https://www.wikihow.com/images/thumb/e/e0/Make-Distilled-Water-Step-16-Version-2.jpg/v4-460px-Make-Distilled-Water-Step-16-Version-2.jpg", "vid": null}, "18": {"text": "Leave the container outside for 2 full days to allow the minerals to dissipate.", "img": "https://www.wikihow.com/images/thumb/5/5e/Make-Distilled-Water-Step-17-Version-2.jpg/v4-460px-Make-Distilled-Water-Step-17-Version-2.jpg", "vid": null}, "19": {"text": "Store the distilled water in clean jugs.", "img": "https://www.wikihow.com/images/thumb/9/98/Make-Distilled-Water-Step-18-Version-2.jpg/v4-460px-Make-Distilled-Water-Step-18-Version-2.jpg", "vid": null}}