{"video_url": "https://www.youtube.com/embed/iG-ub33fiD4?showinfo=0", "1": {"text": "Measure out your ingredients.", "img": "https://www.wikihow.com/images/thumb/e/e6/Make-Chocolate-Step-1-Version-5.jpg/v4-460px-Make-Chocolate-Step-1-Version-5.jpg", "vid": null}, "2": {"text": "Melt 1\u20442 cup (120\u00a0mL) of coconut oil in a small pot over low heat.", "img": null, "vid": "/2/28/Make Chocolate Step 2 Version 2.360p.mp4"}, "3": {"text": "Add 4 tbsp (59 mL) of honey and \u00bd tbsp (7.4 mL) of vanilla extract.", "img": null, "vid": "/6/6b/Make Chocolate Step 3 Version 2.360p.mp4"}, "4": {"text": "Sift in 1 cup (100 g) of cocoa powder gradually.", "img": null, "vid": "/4/4d/Make Chocolate Step 4 Version 2.360p.mp4"}, "5": {"text": "Take the chocolate off of the heat and continue stirring it as it thickens.", "img": null, "vid": "/3/37/Make Chocolate Step 5 Version 2.360p.mp4"}, "6": {"text": "Transfer the warm chocolate to a nonstick surface to cool.", "img": null, "vid": "/b/b4/Make Chocolate Step 6 Version 2.360p.mp4"}, "7": {"text": "Refrigerate your chocolate for 1 hour before enjoying it.", "img": "https://www.wikihow.com/images/thumb/2/24/Make-Chocolate-Step-7-Version-4.jpg/v4-460px-Make-Chocolate-Step-7-Version-4.jpg", "vid": null}, "8": {"text": "Create a makeshift double boiler using a pot of water and a mixing bowl.", "img": "https://www.wikihow.com/images/thumb/8/84/Make-Chocolate-Step-8-Version-4.jpg/v4-460px-Make-Chocolate-Step-8-Version-4.jpg", "vid": null}, "9": {"text": "Melt \u00be cup (140 g) of cocoa butter in the heated mixing bowl.", "img": null, "vid": "/a/a8/Make Chocolate Step 9 Version 2.360p.mp4"}, "10": {"text": "Sift \u00be cup (80 g) of cocoa powder into the melted cocoa butter.", "img": null, "vid": "/e/e6/Make Chocolate Step 10 Version 2.360p.mp4"}, "11": {"text": "Shake in \u00bc cup of milk powder and 1 cup (100 g) of confectioner\u2019s sugar.", "img": null, "vid": "/6/69/Make Chocolate Step 11 Version 2.360p.mp4"}, "12": {"text": "Remove the bowl from the heat and stir the chocolate until it thickens.", "img": null, "vid": "/e/e5/Make Chocolate Step 12 Version 2.360p.mp4"}, "13": {"text": "Pour the chocolate onto a nonstick surface or into a candy mold.", "img": null, "vid": "/7/73/Make Chocolate Step 13 Version 2.360p.mp4"}, "14": {"text": "Let your chocolate harden in the refrigerator for 1 hour.", "img": "https://www.wikihow.com/images/thumb/b/be/Make-Chocolate-Step-14-Version-5.jpg/v4-460px-Make-Chocolate-Step-14-Version-5.jpg", "vid": null}}