{"video_url": "https://www.youtube.com/embed/bISycdg7Pwo", "1": {"text": "Know that you cannot make red.", "img": "https://www.wikihow.com/images/thumb/1/10/Make-Red-Step-1-Version-4.jpg/v4-460px-Make-Red-Step-1-Version-4.jpg", "vid": null}, "2": {"text": "Change the hue by adding other colors.", "img": null, "vid": "/3/3d/Make Red Step 2 Version 3.360p.mp4"}, "3": {"text": "Alter the value by adding black or white.", "img": null, "vid": "/e/e1/Make Red Step 3 Version 3.360p.mp4"}, "4": {"text": "Prepare several paints.", "img": "https://www.wikihow.com/images/thumb/4/44/Make-Red-Step-4-Version-4.jpg/v4-460px-Make-Red-Step-4-Version-4.jpg", "vid": null}, "5": {"text": "Examine the pure red.", "img": null, "vid": "/b/bb/Make Red Step 5 Version 3.360p.mp4"}, "6": {"text": "Practice mixing red with other primary colors.", "img": null, "vid": "/1/10/Make Red Step 6 Version 3.360p.mp4"}, "7": {"text": "Mix red with orange and violet.", "img": null, "vid": "/b/bb/Make Red Step 7 Version 3.360p.mp4"}, "8": {"text": "Combine the red with green.", "img": null, "vid": "/1/14/Make Red Step 8 Version 3.360p.mp4"}, "9": {"text": "Change the tint.", "img": null, "vid": "/7/7b/Make Red Step 9 Version 3.360p.mp4"}, "10": {"text": "Make the frosting early.", "img": "https://www.wikihow.com/images/thumb/2/21/Make-Red-Step-10-Version-4.jpg/v4-460px-Make-Red-Step-10-Version-4.jpg", "vid": null}, "11": {"text": "Periodically taste the icing.", "img": "https://www.wikihow.com/images/thumb/1/13/Make-Red-Step-11-Version-4.jpg/v4-460px-Make-Red-Step-11-Version-4.jpg", "vid": null}, "12": {"text": "Add plenty of red dye to the white icing.", "img": null, "vid": "/7/7d/Make Red Step 12 Version 3.360p.mp4"}, "13": {"text": "Try mixing red with brown.", "img": null, "vid": "/b/b1/Make Red Step 13 Version 3.360p.mp4"}, "14": {"text": "Experiment with other variations.", "img": null, "vid": "/7/7a/Make Red Step 14 Version 3.360p.mp4"}, "15": {"text": "Create warmer reds.", "img": null, "vid": "/6/6c/Make Red Step 15 Version 3.360p.mp4"}, "16": {"text": "Make cooler reds.", "img": null, "vid": "/5/50/Make Red Step 16 Version 3.360p.mp4"}, "17": {"text": "Deepen the color.", "img": null, "vid": "/1/1c/Make Red Step 17 Version 3.360p.mp4"}, "18": {"text": "Lighten the red.", "img": null, "vid": "/c/cc/Make Red Step 18 Version 3.360p.mp4"}}