{"video_url": "https://www.youtube.com/embed/09FFbpmKw6M?showinfo=0", "1": {"text": "Melt the butter.", "img": "https://www.wikihow.com/images/thumb/c/cc/Make-Garlic-Butter-Sauce-Step-1-Version-2.jpg/v4-460px-Make-Garlic-Butter-Sauce-Step-1-Version-2.jpg", "vid": null}, "2": {"text": "Saute the garlic.", "img": null, "vid": "/0/07/Make Garlic Butter Sauce Step 2.360p.mp4"}, "3": {"text": "Stir in the herbs.", "img": null, "vid": "/4/4a/Make Garlic Butter Sauce Step 3.360p.mp4"}, "4": {"text": "Melt the butter in the garlic.", "img": "https://www.wikihow.com/images/thumb/a/a1/Make-Garlic-Butter-Sauce-Step-4-Version-2.jpg/v4-460px-Make-Garlic-Butter-Sauce-Step-4-Version-2.jpg", "vid": null}, "5": {"text": "Stir in the flour and cook the mixture.", "img": null, "vid": "/9/93/Make Garlic Butter Sauce Step 5.360p.mp4"}, "6": {"text": "Whisk in the liquids.", "img": null, "vid": "/f/f3/Make Garlic Butter Sauce Step 6.360p.mp4"}, "7": {"text": "Season and serve the creamy garlic butter sauce.", "img": null, "vid": "/c/c5/Make Garlic Butter Sauce Step 7.360p.mp4"}, "8": {"text": "Melt the butter in the garlic.", "img": null, "vid": "/2/22/Make Garlic Butter Sauce Step 8.360p.mp4"}, "9": {"text": "Stir and melt the rest of the butter.", "img": null, "vid": "/a/a8/Make Garlic Butter Sauce Step 9.360p.mp4"}, "10": {"text": "Squeeze the lemon juice and add the herbs.", "img": null, "vid": "/b/b1/Make Garlic Butter Sauce Step 10.360p.mp4"}, "11": {"text": "Finished.", "img": "https://www.wikihow.com/images/thumb/f/f1/Make-Garlic-Butter-Sauce-Step-11.jpg/v4-460px-Make-Garlic-Butter-Sauce-Step-11.jpg", "vid": null}}