{"video_url": "https://www.youtube.com/embed/crLDGfKNfLk?showinfo=0", "1": {"text": "Heat griddle or skillet over a medium-high heat.", "img": "https://www.wikihow.com/images/thumb/c/c7/Make-Bisquick-Mix-Pancakes-Step-1.jpg/v4-460px-Make-Bisquick-Mix-Pancakes-Step-1.jpg", "vid": null}, "2": {"text": "Grease with cooking spray or shortening.", "img": "https://www.wikihow.com/images/thumb/9/90/Make-Bisquick-Mix-Pancakes-Step-2.jpg/v4-460px-Make-Bisquick-Mix-Pancakes-Step-2.jpg", "vid": null}, "3": {"text": "Whisk the ingredients together.", "img": "https://www.wikihow.com/images/thumb/9/90/Make-Bisquick-Mix-Pancakes-Step-3.jpg/v4-460px-Make-Bisquick-Mix-Pancakes-Step-3.jpg", "vid": null}, "4": {"text": "Pour just under 1/4 cupfuls onto a hot griddle.", "img": "https://www.wikihow.com/images/thumb/1/1d/Make-Bisquick-Mix-Pancakes-Step-4.jpg/v4-460px-Make-Bisquick-Mix-Pancakes-Step-4.jpg", "vid": null}, "5": {"text": "Flip them over and cook until golden.", "img": "https://www.wikihow.com/images/thumb/5/53/Make-Bisquick-Mix-Pancakes-Step-5.jpg/v4-460px-Make-Bisquick-Mix-Pancakes-Step-5.jpg", "vid": null}, "6": {"text": "Finished.", "img": "https://www.wikihow.com/images/thumb/8/8f/Make-Bisquick-Mix-Pancakes-Intro.jpg/v4-460px-Make-Bisquick-Mix-Pancakes-Intro.jpg", "vid": null}}