{"video_url": "https://www.youtube.com/embed/Z1zrKv_Noj8?showinfo=0", "1": {"text": "Draw a circle on your paper.", "img": "https://www.wikihow.com/images/thumb/f/f3/Make-a-Paper-Rocket-Step-4-Version-6.jpg/v4-460px-Make-a-Paper-Rocket-Step-4-Version-6.jpg", "vid": null}, "2": {"text": "Cut out the entire circle.", "img": null, "vid": "/8/8f/Make a Paper Rocket Step 5 Version 4.360p.mp4"}, "3": {"text": "Make a cone out of the circle.", "img": null, "vid": "/5/54/Make a Paper Rocket Step 6 Version 4.360p.mp4"}, "4": {"text": "Attach your cone the body.", "img": null, "vid": "/c/cd/Make a Paper Rocket Step 7 Version 4.360p.mp4"}, "5": {"text": "Draw a 5x5 inch square.", "img": "https://www.wikihow.com/images/thumb/a/af/Enjoy-Drawing-Regardless-of-Any-Kind-of-Messup-Step-1.jpg/v4-460px-Enjoy-Drawing-Regardless-of-Any-Kind-of-Messup-Step-1.jpg", "vid": null}, "6": {"text": "Make a cylinder out of the square.", "img": null, "vid": "/b/bf/Make a Paper Rocket Step 3 Version 4.360p.mp4"}, "7": {"text": "Drawing a pair of 2x1 inch triangles.", "img": null, "vid": "/c/c7/Make a Paper Rocket Step 8 Version 3.360p.mp4"}, "8": {"text": "Cut out the triangles.", "img": "https://www.wikihow.com/images/thumb/e/e2/Make-a-Paper-Rocket-Step-9-Version-6.jpg/v4-460px-Make-a-Paper-Rocket-Step-9-Version-6.jpg", "vid": null}, "9": {"text": "Tape one your triangles to the cylinder body.", "img": null, "vid": "/c/ca/Make a Paper Rocket Step 10 Version 4.360p.mp4"}, "10": {"text": "Repeat for the second triangle.", "img": "https://www.wikihow.com/images/thumb/e/e6/Make-a-Paper-Rocket-Step-11-Version-6.jpg/v4-460px-Make-a-Paper-Rocket-Step-11-Version-6.jpg", "vid": null}, "11": {"text": "Insert the straw.", "img": null, "vid": "/f/fb/Make a Paper Rocket Step 12 Version 4.360p.mp4"}, "12": {"text": "Aim.", "img": "https://www.wikihow.com/images/thumb/7/75/Make-a-Paper-Rocket-Step-13-Version-6.jpg/v4-460px-Make-a-Paper-Rocket-Step-13-Version-6.jpg", "vid": null}, "13": {"text": "Blow.", "img": "https://www.wikihow.com/images/thumb/5/5e/Make-a-Paper-Rocket-Step-14-Version-6.jpg/v4-460px-Make-a-Paper-Rocket-Step-14-Version-6.jpg", "vid": null}, "14": {"text": "Blastoff!", "img": null, "vid": "/f/fc/Make a Paper Rocket Step 15 Version 4.360p.mp4"}}