{"video_url": "https://www.youtube.com/embed/KD61P5k8-l4?showinfo=0", "1": {"text": "Put a large pan on the stove and turn it to medium heat.", "img": "https://www.wikihow.com/images/thumb/d/d1/Make-a-TikTok-Breakfast-Sandwich-Step-1.jpg/v4-460px-Make-a-TikTok-Breakfast-Sandwich-Step-1.jpg", "vid": null}, "2": {"text": "Grease the warm pan with butter.", "img": null, "vid": "/9/91/Make a TikTok Breakfast Sandwich Step 2.360p.mp4"}, "3": {"text": "Whisk 2 eggs in a bowl.", "img": null, "vid": "/b/b5/Make a TikTok Breakfast Sandwich Step 3.360p.mp4"}, "4": {"text": "Pour the eggs into the pan.", "img": null, "vid": "/5/5b/Make a TikTok Breakfast Sandwich Step 4.360p.mp4"}, "5": {"text": "Add 2 slices of bread to the pan, coating them in the eggs.", "img": null, "vid": "/8/80/Make a TikTok Breakfast Sandwich Step 5.360p.mp4"}, "6": {"text": "Flip the eggs and bread when the eggs are hard enough.", "img": null, "vid": "/b/b0/Make a TikTok Breakfast Sandwich Step 6.360p.mp4"}, "7": {"text": "Sprinkle shredded cheese on top of the bread.", "img": null, "vid": "/4/49/Make a TikTok Breakfast Sandwich Step 7.360p.mp4"}, "8": {"text": "Fold the edges of the eggs onto the slices of bread.", "img": null, "vid": "/c/c8/Make a TikTok Breakfast Sandwich Step 8.360p.mp4"}, "9": {"text": "Flip one slice of bread on top of the other to make a sandwich.", "img": null, "vid": "/6/60/Make a TikTok Breakfast Sandwich Step 9.360p.mp4"}, "10": {"text": "Put the sandwich on a plate and cut it in half to eat.", "img": "https://www.wikihow.com/images/thumb/6/6b/Make-a-TikTok-Breakfast-Sandwich-Step-10.jpg/v4-460px-Make-a-TikTok-Breakfast-Sandwich-Step-10.jpg", "vid": null}}