{"video_url": "https://www.youtube.com/embed/dNzSzdV2aJY?showinfo=0", "1": {"text": "Fold a plain, white bed sheet in half lengthwise.", "img": "https://www.wikihow.com/images/thumb/8/8a/Make-a-Female-Toga-Step-1-Version-3.jpg/v4-460px-Make-a-Female-Toga-Step-1-Version-3.jpg", "vid": null}, "2": {"text": "Hold the sheet behind you, with 1 corner above your left shoulder.", "img": "https://www.wikihow.com/images/thumb/9/95/Make-a-Female-Toga-Step-2-Version-3.jpg/v4-460px-Make-a-Female-Toga-Step-2-Version-3.jpg", "vid": null}, "3": {"text": "Wrap the sheet around you, stopping in front of your right shoulder.", "img": null, "vid": "/5/56/Make a Female Toga Step 3 Version 2.360p.mp4"}, "4": {"text": "Pull the sheet taut, then tie the right corner to the left in a double-knot.", "img": null, "vid": "/2/22/Make a Female Toga Step 4 Version 2.360p.mp4"}, "5": {"text": "Tuck the tails of the knot under the shoulder for a nicer look.", "img": null, "vid": "/a/a5/Make a Female Toga Step 5 Version 2.360p.mp4"}, "6": {"text": "Wrap gold cording around your waist 2 to 3 times to make a belt.", "img": "https://www.wikihow.com/images/thumb/1/1a/Make-a-Female-Toga-Step-6-Version-3.jpg/v4-460px-Make-a-Female-Toga-Step-6-Version-3.jpg", "vid": null}, "7": {"text": "Adjust the front panel so that it covers your chest.", "img": "https://www.wikihow.com/images/thumb/e/e9/Make-a-Female-Toga-Step-7-Version-3.jpg/v4-460px-Make-a-Female-Toga-Step-7-Version-3.jpg", "vid": null}, "8": {"text": "Fold a solid-colored bed sheet in half widthwise.", "img": "https://www.wikihow.com/images/thumb/e/e1/Make-a-Female-Toga-Step-8-Version-3.jpg/v4-460px-Make-a-Female-Toga-Step-8-Version-3.jpg", "vid": null}, "9": {"text": "Hold the left corner of the bed sheet in front of your left shoulder.", "img": "https://www.wikihow.com/images/thumb/0/0a/Make-a-Female-Toga-Step-9-Version-3.jpg/v4-460px-Make-a-Female-Toga-Step-9-Version-3.jpg", "vid": null}, "10": {"text": "Wrap the sheet around you, finishing in front of your right shoulder.", "img": null, "vid": "/3/3f/Make a Female Toga Step 10 Version 2.360p.mp4"}, "11": {"text": "Twist the right corner into a rope.", "img": null, "vid": "/d/de/Make a Female Toga Step 11 Version 2.360p.mp4"}, "12": {"text": "Bring the rope behind your neck and tie it to the left corner.", "img": null, "vid": "/9/92/Make a Female Toga Step 12 Version 2.360p.mp4"}, "13": {"text": "Tuck the knot under the wrapped fabric.", "img": "https://www.wikihow.com/images/thumb/e/e5/Make-a-Female-Toga-Step-13-Version-2.jpg/v4-460px-Make-a-Female-Toga-Step-13-Version-2.jpg", "vid": null}, "14": {"text": "Tie a belt or cord around your waist to cinch and secure the toga.", "img": "https://www.wikihow.com/images/thumb/5/55/Make-a-Female-Toga-Step-14-Version-2.jpg/v4-460px-Make-a-Female-Toga-Step-14-Version-2.jpg", "vid": null}, "15": {"text": "Put on a white tube top and a pair of matching white shorts.", "img": "https://www.wikihow.com/images/thumb/9/92/Make-a-Female-Toga-Step-15-Version-2.jpg/v4-460px-Make-a-Female-Toga-Step-15-Version-2.jpg", "vid": null}, "16": {"text": "Fold a white, solid-colored bed sheet in half widthwise.", "img": "https://www.wikihow.com/images/thumb/5/5c/Make-a-Female-Toga-Step-16-Version-2.jpg/v4-460px-Make-a-Female-Toga-Step-16-Version-2.jpg", "vid": null}, "17": {"text": "Wrap the folded edge around your torso, just under the armpits.", "img": null, "vid": "/b/b3/Make a Female Toga Step 17 Version 2.360p.mp4"}, "18": {"text": "Tuck the left corner under the wrapped fabric.", "img": null, "vid": "/5/5c/Make a Female Toga Step 18 Version 2.360p.mp4"}, "19": {"text": "Tie a belt or cord around your waist to cinch and secure the toga.", "img": "https://www.wikihow.com/images/thumb/c/c4/Make-a-Female-Toga-Step-19-Version-2.jpg/v4-460px-Make-a-Female-Toga-Step-19-Version-2.jpg", "vid": null}}