{"video_url": "https://www.youtube.com/embed/7opPALiCqLs?showinfo=0", "1": {"text": "Cut an 8.5\u00a0in (22\u00a0cm) wide and 17\u00a0in (43\u00a0cm) long piece of cardboard.", "img": "https://www.wikihow.com/images/thumb/4/4b/Make-a-T-Shirt-Folder-Step-1-Version-2.jpg/v4-460px-Make-a-T-Shirt-Folder-Step-1-Version-2.jpg", "vid": null}, "2": {"text": "Cut out 2 more identical pieces of cardboard.", "img": "https://www.wikihow.com/images/thumb/6/64/Make-a-T-Shirt-Folder-Step-2-Version-3.jpg/v4-460px-Make-a-T-Shirt-Folder-Step-2-Version-3.jpg", "vid": null}, "3": {"text": "Lay all 3 panels side by side lengthwise.", "img": null, "vid": "/6/61/Make a T Shirt Folder Step 3 Version 3.360p.mp4"}, "4": {"text": "Tape the top half of the panels together.", "img": null, "vid": "/a/ac/Make a T Shirt Folder Step 4 Version 3.360p.mp4"}, "5": {"text": "Measure halfway up the middle panel and draw a line across it.", "img": null, "vid": "/9/90/Make a T Shirt Folder Step 5 Version 3.360p.mp4"}, "6": {"text": "Score a line across the center of the middle panel.", "img": null, "vid": "/a/ae/Make a T Shirt Folder Step 6 Version 3.360p.mp4"}, "7": {"text": "Place the T-shirt face-down on the center panel.", "img": null, "vid": "/a/a3/Make a T Shirt Folder Step 7 Version 3.360p.mp4"}, "8": {"text": "Flip the left flap over to fold the left arm.", "img": null, "vid": "/c/ca/Make a T Shirt Folder Step 8.360p.mp4"}, "9": {"text": "Flip the right flap over to fold the right arm.", "img": null, "vid": "/d/d2/Make a T Shirt Folder Step 9.360p.mp4"}, "10": {"text": "Fold the bottom panel up.", "img": null, "vid": "/9/9f/Make a T Shirt Folder Step 10.360p.mp4"}, "11": {"text": "Store your T-shirt with the design facing outwards.", "img": "https://www.wikihow.com/images/thumb/4/41/Make-a-T-Shirt-Folder-Step-11.jpg/v4-460px-Make-a-T-Shirt-Folder-Step-11.jpg", "vid": null}}