{"video_url": "https://www.youtube.com/embed/sNXjRcVCsDw?showinfo=0", "1": {"text": "Slide the pops into an upside-down colander for an easy-to-clean option.", "img": "https://www.wikihow.com/images/thumb/e/e5/Make-a-Cake-Pop-Holder-Step-6-Version-3.jpg/v4-460px-Make-a-Cake-Pop-Holder-Step-6-Version-3.jpg", "vid": null}, "2": {"text": "Pierce holes in an upside-down egg carton for an easy alternative.", "img": null, "vid": "/0/0c/Make a Cake Pop Holder Step 7 Version 2.360p.mp4"}, "3": {"text": "Fill a wide-mouth jar with candies or coffee beans.", "img": null, "vid": "/5/5e/Make a Cake Pop Holder Step 8 Version 2.360p.mp4"}, "4": {"text": "Make your own cake stand by drilling holes into a piece of wood.", "img": null, "vid": "/1/1c/Make a Cake Pop Holder Step 9 Version 2.360p.mp4"}, "5": {"text": "Decorate a box or a basket if you want to use one.", "img": "https://www.wikihow.com/images/thumb/e/e4/Make-a-Cake-Pop-Holder-Step-1-Version-3.jpg/v4-460px-Make-a-Cake-Pop-Holder-Step-1-Version-3.jpg", "vid": null}, "6": {"text": "Cut your styrofoam to fit snugly in the basket or box.", "img": null, "vid": "/2/24/Make a Cake Pop Holder Step 2 Version 2.360p.mp4"}, "7": {"text": "Wrap the styrofoam neatly in tissue paper.", "img": null, "vid": "/1/15/Make a Cake Pop Holder Step 3 Version 2.360p.mp4"}, "8": {"text": "Place the styrofoam inside the box or basket.", "img": null, "vid": "/1/19/Make a Cake Pop Holder Step 4 Version 2.360p.mp4"}, "9": {"text": "Push the cake pop sticks down through the foam block.", "img": "https://www.wikihow.com/images/thumb/d/db/Make-a-Cake-Pop-Holder-Step-5-Version-3.jpg/v4-460px-Make-a-Cake-Pop-Holder-Step-5-Version-3.jpg", "vid": null}}