{"video_url": "https://www.youtube.com/embed/LDQI2kgiHEI?showinfo=0", "1": {"text": "Clean 4 balloons with a damp paper towel.", "img": null, "vid": "/0/09/Make Chocolate Bowls Step 1.360p.mp4"}, "2": {"text": "Blow up the balloons as large as you'd like.", "img": "https://www.wikihow.com/images/thumb/b/bb/Make-Chocolate-Bowls-Step-2-Version-2.jpg/v4-460px-Make-Chocolate-Bowls-Step-2-Version-2.jpg", "vid": null}, "3": {"text": "Melt the chocolate", "img": null, "vid": "/8/83/Make Chocolate Bowls Step 3.360p.mp4"}, "4": {"text": "Spread small spoonfuls of melted chocolate on a baking sheet.", "img": null, "vid": "/1/1d/Make Chocolate Bowls Step 4.360p.mp4"}, "5": {"text": "Dip a balloon halfway with the chocolate and set it onto a circle.", "img": null, "vid": "/d/dc/Make Chocolate Bowls Step 5.360p.mp4"}, "6": {"text": "Refrigerate the chocolate balloons for 20 to 60 minutes.", "img": null, "vid": "/9/9e/Make Chocolate Bowls Step 6.360p.mp4"}, "7": {"text": "Pop each balloon and peel it away from the chocolate bowl.", "img": null, "vid": "/4/43/Make Chocolate Bowls Step 7.360p.mp4"}, "8": {"text": "Fill the chocolate bowls and serve them.", "img": "https://www.wikihow.com/images/thumb/5/57/Make-Chocolate-Bowls-Step-8.jpg/v4-460px-Make-Chocolate-Bowls-Step-8.jpg", "vid": null}, "9": {"text": "Heat the chocolate over low heat until it melts.", "img": null, "vid": "/2/2c/Make Chocolate Bowls Step 9.360p.mp4"}, "10": {"text": "Spoon 1 tablespoon (15\u00a0ml) of chocolate into each cavity of a mold.", "img": null, "vid": "/9/9f/Make Chocolate Bowls Step 10.360p.mp4"}, "11": {"text": "Spread the chocolate along the sides of each cavity.", "img": null, "vid": "/c/ce/Make Chocolate Bowls Step 11.360p.mp4"}, "12": {"text": "Refrigerate the silicone mold for 8 to 15 minutes.", "img": null, "vid": "/7/7b/Make Chocolate Bowls Step 12.360p.mp4"}, "13": {"text": "Turn the mold over and peel it away from the chocolate bowls.", "img": null, "vid": "/a/aa/Make Chocolate Bowls Step 13.360p.mp4"}, "14": {"text": "Fill the chocolate bowls with fruit or dessert.", "img": "https://www.wikihow.com/images/thumb/f/fb/Make-Chocolate-Bowls-Step-14.jpg/v4-460px-Make-Chocolate-Bowls-Step-14.jpg", "vid": null}}