{"video_url": "https://www.youtube.com/embed/n_pWh9_5uw8?showinfo=0", "1": {"text": "Prep your hair.", "img": "https://www.wikihow.com/images/thumb/e/e0/Make-a-Bun-Step-1-Version-11.jpg/v4-460px-Make-a-Bun-Step-1-Version-11.jpg", "vid": null}, "2": {"text": "Pull your hair back.", "img": null, "vid": "/3/39/Make a Bun Step 2 Version 5.360p.mp4"}, "3": {"text": "Wrap a hair tie around the hair.", "img": null, "vid": "/8/86/Make a Bun Step 3 Version 7.360p.mp4"}, "4": {"text": "Secure your hair with a hair bungee if you need to.", "img": null, "vid": "/3/38/Make a Bun Step 4 Version 7.360p.mp4"}, "5": {"text": "Create the messy bun.", "img": null, "vid": "/d/d5/Make a Bun Step 5 Version 5.360p.mp4"}, "6": {"text": "Finish the bun.", "img": null, "vid": "/5/52/Make a Bun Step 6 Version 3.360p.mp4"}, "7": {"text": "Prep your hair.", "img": "https://www.wikihow.com/images/thumb/9/97/Make-a-Bun-Step-7-Version-10.jpg/v4-460px-Make-a-Bun-Step-7-Version-10.jpg", "vid": null}, "8": {"text": "Pull your hair up high.", "img": "https://www.wikihow.com/images/thumb/1/17/Make-a-Bun-Step-8-Version-11.jpg/v4-460px-Make-a-Bun-Step-8-Version-11.jpg", "vid": null}, "9": {"text": "Twist your hair into a knot.", "img": null, "vid": "/c/ce/Make a Bun Step 9 Version 5.360p.mp4"}, "10": {"text": "Add a hair tie.", "img": null, "vid": "/c/c9/Make a Bun Step 10 Version 5.360p.mp4"}, "11": {"text": "Finish the look.", "img": null, "vid": "/3/34/Make a Bun Step 11 Version 4.360p.mp4"}, "12": {"text": "Prep your hair.", "img": "https://www.wikihow.com/images/thumb/d/db/Make-a-Bun-Step-12-Version-11.jpg/v4-460px-Make-a-Bun-Step-12-Version-11.jpg", "vid": null}, "13": {"text": "Brush your hair into a ponytail.", "img": null, "vid": "/6/6c/Make a Bun Step 13 Version 6.360p.mp4"}, "14": {"text": "Create the bun.", "img": null, "vid": "/a/a9/Make a Bun Step 14 Version 4.360p.mp4"}, "15": {"text": "Finish the look.", "img": null, "vid": "/a/a9/Make a Bun Step 15 Version 3.360p.mp4"}, "16": {"text": "Prep your hair.", "img": "https://www.wikihow.com/images/thumb/a/a2/Make-a-Bun-Step-16-Version-9.jpg/v4-460px-Make-a-Bun-Step-16-Version-9.jpg", "vid": null}, "17": {"text": "Pull your hair back.", "img": null, "vid": "/8/8e/Make a Bun Step 17 Version 7.360p.mp4"}, "18": {"text": "Braid your ponytail.", "img": null, "vid": "/7/73/Make a Bun Step 18 Version 7.360p.mp4"}, "19": {"text": "Create your bun.", "img": null, "vid": "/5/5a/Make a Bun Step 19 Version 4.360p.mp4"}, "20": {"text": "Finish the look.", "img": null, "vid": "/3/3a/Make a Bun Step 20 Version 3.360p.mp4"}, "21": {"text": "Prep your hair.", "img": "https://www.wikihow.com/images/thumb/4/42/Make-a-Bun-Step-21-Version-10.jpg/v4-460px-Make-a-Bun-Step-21-Version-10.jpg", "vid": null}, "22": {"text": "Pull your hair back.", "img": "https://www.wikihow.com/images/thumb/8/8c/Make-a-Bun-Step-22-Version-10.jpg/v4-460px-Make-a-Bun-Step-22-Version-10.jpg", "vid": null}, "23": {"text": "Ready your sock.", "img": null, "vid": "/7/7d/Make a Bun Step 23 Version 5.360p.mp4"}, "24": {"text": "Put your sock on the ponytail.", "img": null, "vid": "/3/3f/Make a Bun Step 24 Version 6.360p.mp4"}, "25": {"text": "Start the bun.", "img": null, "vid": "/4/47/Make a Bun Step 25 Version 6.360p.mp4"}, "26": {"text": "Roll the sock inwards towards the base of the ponytail.", "img": null, "vid": "/6/64/Make a Bun Step 26 Version 4.360p.mp4"}, "27": {"text": "When you get to the base, adjust your bun so that it appears how you want it.", "img": null, "vid": "/f/f9/Make a Bun Step 27 Version 3.360p.mp4"}, "28": {"text": "Finish the look.", "img": null, "vid": "/3/3e/Make a Bun Step 28 Version 5.360p.mp4"}, "29": {"text": "Brush out your hair.", "img": "https://www.wikihow.com/images/thumb/9/9d/Make-a-Bun-Step-29-Version-9.jpg/v4-460px-Make-a-Bun-Step-29-Version-9.jpg", "vid": null}, "30": {"text": "Pull your hair into a ponytail.", "img": "https://www.wikihow.com/images/thumb/0/02/Make-a-Bun-Step-30-Version-9.jpg/v4-460px-Make-a-Bun-Step-30-Version-9.jpg", "vid": null}, "31": {"text": "Twist your hair.", "img": null, "vid": "/a/a4/Make a Bun Step 31 Version 4.360p.mp4"}, "32": {"text": "Wrap your hair into a bun.", "img": null, "vid": "/1/16/Make a Bun Step 32 Version 3.360p.mp4"}, "33": {"text": "Secure the bun with bobby pins.", "img": null, "vid": "/7/7c/Make a Bun Step 33 Version 3.360p.mp4"}, "34": {"text": "Add a hair net.", "img": null, "vid": null}, "35": {"text": "Add some accessories to your bun.", "img": "https://www.wikihow.com/images/thumb/6/66/Make-a-Bun-Step-34-Version-3.jpg/v4-460px-Make-a-Bun-Step-34-Version-3.jpg", "vid": null}, "36": {"text": "Unroll your bun for easy waves.", "img": "https://www.wikihow.com/images/thumb/a/aa/Make-a-Bun-Step-35-Version-3.jpg/v4-460px-Make-a-Bun-Step-35-Version-3.jpg", "vid": null}}