{"video_url": "https://www.youtube.com/embed/qcH7YzQniPM?showinfo=0", "1": {"text": "Microwave chocolate chips at 30- and 15-second intervals until they\u2019re melted.", "img": "https://www.wikihow.com/images/thumb/c/cf/Make-Hot-Chocolate-Bombs-Step-1.jpg/v4-460px-Make-Hot-Chocolate-Bombs-Step-1.jpg", "vid": null}, "2": {"text": "Spread the melted chocolate in a silicone mold.", "img": null, "vid": "/0/07/Make Hot Chocolate Bombs Step 2.360p.mp4"}, "3": {"text": "Refrigerate the melted chocolate until it hardens.", "img": "https://www.wikihow.com/images/thumb/1/12/Make-Hot-Chocolate-Bombs-Step-3.jpg/v4-460px-Make-Hot-Chocolate-Bombs-Step-3.jpg", "vid": null}, "4": {"text": "Remove the hardened chocolate shells gently from the mold.", "img": null, "vid": "/3/3a/Make Hot Chocolate Bombs Step 4.360p.mp4"}, "5": {"text": "Spoon hot chocolate mix and toppings into one hardened chocolate shell.", "img": null, "vid": "/f/ff/Make Hot Chocolate Bombs Step 5.360p.mp4"}, "6": {"text": "Heat a plate in the microwave for around 1 minute.", "img": "https://www.wikihow.com/images/thumb/0/04/Make-Hot-Chocolate-Bombs-Step-6.jpg/v4-460px-Make-Hot-Chocolate-Bombs-Step-6.jpg", "vid": null}, "7": {"text": "Rub the edge of a new chocolate shell on the warm surface so it\u2019s slightly soft.", "img": null, "vid": "/9/9f/Make Hot Chocolate Bombs Step 7.360p.mp4"}, "8": {"text": "Place the softened chocolate shell on top of the filled shell.", "img": null, "vid": "/4/43/Make Hot Chocolate Bombs Step 8.360p.mp4"}, "9": {"text": "Drizzle melted chocolate over the bomb for decoration.", "img": null, "vid": "/9/9b/Make Hot Chocolate Bombs Step 9.360p.mp4"}, "10": {"text": "Store your hot chocolate bombs in a sealed container in a cool space.", "img": "https://www.wikihow.com/images/thumb/c/cc/Make-Hot-Chocolate-Bombs-Step-10.jpg/v4-460px-Make-Hot-Chocolate-Bombs-Step-10.jpg", "vid": null}, "11": {"text": "Place a hot chocolate bomb in an empty mug.", "img": "https://www.wikihow.com/images/thumb/7/76/Make-Hot-Chocolate-Bombs-Step-11.jpg/v4-460px-Make-Hot-Chocolate-Bombs-Step-11.jpg", "vid": null}, "12": {"text": "Microwave 8\u00a0\u00a0fl\u00a0oz (240\u00a0mL) of milk in 15-second intervals.", "img": "https://www.wikihow.com/images/thumb/2/20/Make-Hot-Chocolate-Bombs-Step-12.jpg/v4-460px-Make-Hot-Chocolate-Bombs-Step-12.jpg", "vid": null}, "13": {"text": "Pour the hot milk into the mug.", "img": null, "vid": "/4/4e/Make Hot Chocolate Bombs Step 13.360p.mp4"}, "14": {"text": "Stir the bomb until the chocolate and cocoa mix dissolves.", "img": null, "vid": "/6/6d/Make Hot Chocolate Bombs Step 14.360p.mp4"}}