{"video_url": "https://www.youtube.com/embed/0PNFFj4PnMs", "1": {"text": "Pour 1 cup (240\u00a0ml) of clear glue into a mixing bowl.", "img": "https://www.wikihow.com/images/thumb/8/8b/Make-Metallic-Slime-Step-1.jpg/v4-460px-Make-Metallic-Slime-Step-1.jpg", "vid": null}, "2": {"text": "Measure out 2\u00a0US\u00a0tbsp (30\u00a0ml) of metallic paint to put into the bowl.", "img": null, "vid": "/6/6e/Make Metallic Slime Step 2.360p.mp4"}, "3": {"text": "Stir the mixture until it\u2019s thoroughly combined.", "img": null, "vid": "/3/39/Make Metallic Slime Step 3.360p.mp4"}, "4": {"text": "Mix liquid starch in slowly until you\u2019re satisfied with the consistency.", "img": null, "vid": "/f/f8/Make Metallic Slime Step 4.360p.mp4"}, "5": {"text": "Take the slime out of the bowl and knead it with your hands.", "img": null, "vid": "/4/47/Make Metallic Slime Step 5.360p.mp4"}, "6": {"text": "Add 1 cup (240\u00a0ml) of white glue to a mixing bowl.", "img": "https://www.wikihow.com/images/thumb/7/7a/Make-Metallic-Slime-Step-6.jpg/v4-460px-Make-Metallic-Slime-Step-6.jpg", "vid": null}, "7": {"text": "Mix roughly 3 cups (710\u00a0ml) of shaving cream into the bowl.", "img": null, "vid": "/3/3d/Make Metallic Slime Step 7.360p.mp4"}, "8": {"text": "Pour metallic paint into the bowl until you reach your desired color.", "img": null, "vid": "/2/22/Make Metallic Slime Step 8.360p.mp4"}, "9": {"text": "Add contact lens solution in small amounts to firm up the slime.", "img": null, "vid": "/2/20/Make Metallic Slime Step 9.360p.mp4"}, "10": {"text": "Knead the slime using your hands when it\u2019s no longer sticky.", "img": null, "vid": "/5/53/Make Metallic Slime Step 10.360p.mp4"}, "11": {"text": "Pour 1 cup (240\u00a0ml) of clear glue into a bowl.", "img": "https://www.wikihow.com/images/thumb/1/1e/Make-Metallic-Slime-Step-11.jpg/v4-460px-Make-Metallic-Slime-Step-11.jpg", "vid": null}, "12": {"text": "Mix 1 tablespoon (15\u00a0ml) of baking soda into the glue.", "img": null, "vid": "/9/96/Make Metallic Slime Step 12.360p.mp4"}, "13": {"text": "Pour contact lens solution into the bowl slowly while mixing it.", "img": null, "vid": "/1/1d/Make Metallic Slime Step 13.360p.mp4"}, "14": {"text": "Knead the slime with your hands to continue mixing the ingredients.", "img": null, "vid": "/7/76/Make Metallic Slime Step 14.360p.mp4"}, "15": {"text": "Sprinkle metallic powder into the slime and twist it to spread the pigment.", "img": null, "vid": "/b/b1/Make Metallic Slime Step 15.360p.mp4"}}