{"video_url": "https://www.youtube.com/embed/4DyWAPUrxu0?showinfo=0", "1": {"text": "Find a small jar with a tight fitting lid.", "img": "https://www.wikihow.com/images/thumb/b/bf/Make-Cream-Eyeshadow-Step-1-Version-5.jpg/v4-460px-Make-Cream-Eyeshadow-Step-1-Version-5.jpg", "vid": null}, "2": {"text": "Make sure all of your tools and jars are clean.", "img": "https://www.wikihow.com/images/thumb/f/f3/Make-Cream-Eyeshadow-Step-2-Version-5.jpg/v4-460px-Make-Cream-Eyeshadow-Step-2-Version-5.jpg", "vid": null}, "3": {"text": "Scrape the eyeshadow into the jar with a spoon.", "img": null, "vid": "/a/ae/Make Cream Eyeshadow Step 3 Version 4.360p.mp4"}, "4": {"text": "Grind the eyeshadow into a fine powder.", "img": null, "vid": "/a/ae/Make Cream Eyeshadow Step 4 Version 4.360p.mp4"}, "5": {"text": "Add about \u00bc teaspoon of white, unscented lotion.", "img": null, "vid": "/d/db/Make Cream Eyeshadow Step 5 Version 3.360p.mp4"}, "6": {"text": "Stir the two together using a toothpick.", "img": null, "vid": "/5/59/Make Cream Eyeshadow Step 6 Version 4.360p.mp4"}, "7": {"text": "Adjust the consistency, if needed.", "img": "https://www.wikihow.com/images/thumb/8/8e/Make-Cream-Eyeshadow-Step-7-Version-4.jpg/v4-460px-Make-Cream-Eyeshadow-Step-7-Version-4.jpg", "vid": null}, "8": {"text": "Make sure all of your tools and jars are clean.", "img": "https://www.wikihow.com/images/thumb/4/49/Make-Cream-Eyeshadow-Step-8-Version-4.jpg/v4-460px-Make-Cream-Eyeshadow-Step-8-Version-4.jpg", "vid": null}, "9": {"text": "Add 8 beeswax pastilles and 1 teaspoon of shea butter into a glass measuring cup.", "img": null, "vid": "/7/7c/Make Cream Eyeshadow Step 9 Version 3.360p.mp4"}, "10": {"text": "Heat the beeswax and shea butter in the microwave until they are completely melted.", "img": null, "vid": "/f/f9/Make Cream Eyeshadow Step 10 Version 2.360p.mp4"}, "11": {"text": "Stir in 1 teaspoon of glycerin and \u00bc teaspoon of vitamin E oil.", "img": null, "vid": "/9/99/Make Cream Eyeshadow Step 11 Version 4.360p.mp4"}, "12": {"text": "Grind up 2 to 2\u00bc teaspoons of eyeshadow.", "img": "https://www.wikihow.com/images/thumb/e/e4/Make-Cream-Eyeshadow-Step-12-Version-4.jpg/v4-460px-Make-Cream-Eyeshadow-Step-12-Version-4.jpg", "vid": null}, "13": {"text": "Add the eyeshadow into the base mixture, and stir until everything is evenly blended.", "img": null, "vid": "/b/bf/Make Cream Eyeshadow Step 13 Version 4.360p.mp4"}, "14": {"text": "Pour the eyeshadow to a small jar with a tight-fitting lid.", "img": null, "vid": "/6/6d/Make Cream Eyeshadow Step 14 Version 4.360p.mp4"}, "15": {"text": "Let the eyeshadow to set.", "img": "https://www.wikihow.com/images/thumb/6/65/Make-Cream-Eyeshadow-Step-15-Version-4.jpg/v4-460px-Make-Cream-Eyeshadow-Step-15-Version-4.jpg", "vid": null}, "16": {"text": "Make sure all of your tools and jars are clean.", "img": null, "vid": "/4/4e/Make Cream Eyeshadow Step 16 Version 2.360p.mp4"}, "17": {"text": "Choose a small jar for your eyeshadow.", "img": "https://www.wikihow.com/images/thumb/4/47/Make-Cream-Eyeshadow-Step-17-Version-4.jpg/v4-460px-Make-Cream-Eyeshadow-Step-17-Version-4.jpg", "vid": null}, "18": {"text": "Scrape some eyeshadow into the jar.", "img": null, "vid": "/2/27/Make Cream Eyeshadow Step 18 Version 3.360p.mp4"}, "19": {"text": "Grind the eyeshadow into a fine powder.", "img": "https://www.wikihow.com/images/thumb/2/28/Make-Cream-Eyeshadow-Step-19-Version-4.jpg/v4-460px-Make-Cream-Eyeshadow-Step-19-Version-4.jpg", "vid": null}, "20": {"text": "Pour in some rubbing alcohol.", "img": null, "vid": "/9/9e/Make Cream Eyeshadow Step 20 Version 4.360p.mp4"}, "21": {"text": "Stir in the vitamin E oil.", "img": null, "vid": "/7/74/Make Cream Eyeshadow Step 21 Version 4.360p.mp4"}, "22": {"text": "Stir until the mixture until it begins to separate.", "img": "https://www.wikihow.com/images/thumb/7/79/Make-Cream-Eyeshadow-Step-22-Version-4.jpg/v4-460px-Make-Cream-Eyeshadow-Step-22-Version-4.jpg", "vid": null}, "23": {"text": "Let the mixture sit for a few minutes.", "img": "https://www.wikihow.com/images/thumb/4/40/Make-Cream-Eyeshadow-Step-23-Version-4.jpg/v4-460px-Make-Cream-Eyeshadow-Step-23-Version-4.jpg", "vid": null}, "24": {"text": "Use a tissue to soak up the excess alcohol.", "img": null, "vid": "/1/19/Make Cream Eyeshadow Step 24 Version 3.360p.mp4"}, "25": {"text": "Leave the eyeshadow uncovered for thee to four hours so that it can dry.", "img": "https://www.wikihow.com/images/thumb/0/0c/Make-Cream-Eyeshadow-Step-25-Version-4.jpg/v4-460px-Make-Cream-Eyeshadow-Step-25-Version-4.jpg", "vid": null}}