{"video_url": "https://www.youtube.com/embed/fpxv0bQk1Cs?showinfo=0", "1": {"text": "Whisk together the dry ingredients in a large mixing bowl.", "img": null, "vid": "/8/81/Make Keto Pancakes Step 1.360p.mp4"}, "2": {"text": "Mix together the wet ingredients in a separate mixing bowl.", "img": null, "vid": "/9/90/Make Keto Pancakes Step 2.360p.mp4"}, "3": {"text": "Combine the wet and dry ingredients in the larger mixing bowl.", "img": null, "vid": "/8/8d/Make Keto Pancakes Step 3.360p.mp4"}, "4": {"text": "Add coconut, nuts, and zest and let the batter rest for 10 minutes.", "img": null, "vid": "/d/dc/Make Keto Pancakes Step 4.360p.mp4"}, "5": {"text": "Grease a large nonstick skillet over medium heat.", "img": null, "vid": "/1/18/Make Keto Pancakes Step 5.360p.mp4"}, "6": {"text": "Scoop up 2 tablespoons (28.6 g) of batter and spread it in the skillet.", "img": null, "vid": "/d/d4/Make Keto Pancakes Step 6.360p.mp4"}, "7": {"text": "Cook the first side for about 3 minutes until the bottom is golden brown.", "img": "https://www.wikihow.com/images/thumb/7/7b/Make-Keto-Pancakes-Step-7.jpg/v4-460px-Make-Keto-Pancakes-Step-7.jpg", "vid": null}, "8": {"text": "Use a spatula to flip the pancake and cook it for another 2 minutes.", "img": null, "vid": "/5/50/Make Keto Pancakes Step 8.360p.mp4"}, "9": {"text": "Transfer the first pancake to a plate and repeat with the remaining batter.", "img": null, "vid": "/3/3a/Make Keto Pancakes Step 9.360p.mp4"}, "10": {"text": "Serve the pancakes warm with your choice of tasty toppings.", "img": "https://www.wikihow.com/images/thumb/b/b8/Make-Keto-Pancakes-Step-10.jpg/v4-460px-Make-Keto-Pancakes-Step-10.jpg", "vid": null}, "11": {"text": "Store leftovers in the fridge or freezer to enjoy another day.", "img": "https://www.wikihow.com/images/thumb/4/44/Make-Keto-Pancakes-Step-11.jpg/v4-460px-Make-Keto-Pancakes-Step-11.jpg", "vid": null}, "12": {"text": "Put all of the ingredients into your blender.", "img": null, "vid": "/5/59/Make Keto Pancakes Step 12.360p.mp4"}, "13": {"text": "Blend the ingredients together until the batter is smooth.", "img": null, "vid": "/2/2d/Make Keto Pancakes Step 13.360p.mp4"}, "14": {"text": "Grease a large nonstick frying pan over medium heat.", "img": "https://www.wikihow.com/images/thumb/e/e6/Make-Keto-Pancakes-Step-14.jpg/v4-460px-Make-Keto-Pancakes-Step-14.jpg", "vid": null}, "15": {"text": "Drop 2-3 tablespoons (28.6-42.4 g) of batter into the frying pan.", "img": null, "vid": "/2/27/Make Keto Pancakes Step 15.360p.mp4"}, "16": {"text": "Cook the first side for 3 minutes until the bottom is deep golden-brown.", "img": "https://www.wikihow.com/images/thumb/d/df/Make-Keto-Pancakes-Step-16.jpg/v4-460px-Make-Keto-Pancakes-Step-16.jpg", "vid": null}, "17": {"text": "Flip the pancake with a spatula and cook the other side for 2 minutes.", "img": null, "vid": "/7/76/Make Keto Pancakes Step 17.360p.mp4"}, "18": {"text": "Put the pancake on a plate and make the rest of your pancakes.", "img": null, "vid": "/c/c8/Make Keto Pancakes Step 18.360p.mp4"}, "19": {"text": "Serve the pancakes warm with your favorite keto-friendly toppings.", "img": null, "vid": "/6/64/Make Keto Pancakes Step 19.360p.mp4"}}