{"video_url": "https://www.youtube.com/embed/TmeIQinSQl0?showinfo=0", "1": {"text": "Place your candle in the fridge or freezer to harden the wax.", "img": "https://www.wikihow.com/images/thumb/5/5d/Make-Your-Candles-Last-Longer-Step-1-Version-2.jpg/v4-460px-Make-Your-Candles-Last-Longer-Step-1-Version-2.jpg", "vid": null}, "2": {"text": "Mix table salt into the wax to slow down the melting rate.", "img": null, "vid": "/d/d2/Make Your Candles Last Longer Step 2.360p.mp4"}, "3": {"text": "Trim the candle wick to help ensure a longer burn time.", "img": null, "vid": "/2/2e/Make Your Candles Last Longer Step 3.360p.mp4"}, "4": {"text": "Recenter the wick if it moves out of place.", "img": null, "vid": "/7/7c/Make Your Candles Last Longer Step 4.360p.mp4"}, "5": {"text": "Avoid placing the candle in a drafty area so it burns evenly.", "img": null, "vid": "/f/fd/Make Your Candles Last Longer Step 5.360p.mp4"}, "6": {"text": "Melt the top layer of wax when the candle is first lit to prevent tunneling.", "img": "https://www.wikihow.com/images/thumb/2/24/Make-Your-Candles-Last-Longer-Step-6-Version-2.jpg/v4-460px-Make-Your-Candles-Last-Longer-Step-6-Version-2.jpg", "vid": null}, "7": {"text": "Burn a candle for no more than 4 hours at a time.", "img": null, "vid": "/5/59/Make Your Candles Last Longer Step 7.360p.mp4"}, "8": {"text": "Allow the candle to cool completely before lighting it again.", "img": null, "vid": "/4/4a/Make Your Candles Last Longer Step 8.360p.mp4"}, "9": {"text": "Blow out the candle gently to avoid spraying melted wax.", "img": null, "vid": "/1/1f/Make Your Candles Last Longer Step 9.360p.mp4"}, "10": {"text": "Let the candle cool before putting it away.", "img": "https://www.wikihow.com/images/thumb/d/d3/Make-Your-Candles-Last-Longer-Step-10-Version-2.jpg/v4-460px-Make-Your-Candles-Last-Longer-Step-10-Version-2.jpg", "vid": null}, "11": {"text": "Store your candle", "img": null, "vid": "/3/3b/Make Your Candles Last Longer Step 11.360p.mp4"}, "12": {"text": "Wipe away any burn spots from the candle holder, if necessary.", "img": null, "vid": "/8/87/Make Your Candles Last Longer Step 12.360p.mp4"}}