{"video_url": "https://www.youtube.com/embed/405XQSpgwAE?showinfo=0", "1": {"text": "Mix the yeast and the warm water together in a small bowl.", "img": "https://www.wikihow.com/images/thumb/1/1b/Make-Doughnuts-Step-1-Version-4.jpg/v4-460px-Make-Doughnuts-Step-1-Version-4.jpg", "vid": null}, "2": {"text": "Mix yeast mixture, milk, sugar, salt, eggs, shortening, and 2 cups of the flour in a mixer on a low speed.", "img": null, "vid": "/a/a7/Make Doughnuts Step 2 Version 2.360p.mp4"}, "3": {"text": "Beat in remaining flour, \u00bd cup at a time, at a low speed.", "img": null, "vid": "/6/60/Make Doughnuts Step 3 Version 2.360p.mp4"}, "4": {"text": "Knead the dough with your hands and knuckles for 5 minutes until the dough is smooth but elastic.", "img": "https://www.wikihow.com/images/thumb/a/a4/Make-Doughnuts-Step-4-Version-4.jpg/v4-460px-Make-Doughnuts-Step-4-Version-4.jpg", "vid": null}, "5": {"text": "Set the dough into a greased bowl to rise.", "img": "https://www.wikihow.com/images/thumb/c/c7/Make-Doughnuts-Step-5-Version-4.jpg/v4-460px-Make-Doughnuts-Step-5-Version-4.jpg", "vid": null}, "6": {"text": "On a floured surface, roll the dough out until it's about 0.5 inch (1.3\u00a0cm) thick.", "img": null, "vid": "/2/26/Make Doughnuts Step 6 Version 2.360p.mp4"}, "7": {"text": "Let the doughnuts rise again until double their size (about 30-60 minutes).", "img": "https://www.wikihow.com/images/thumb/2/2e/Make-Doughnuts-Step-7-Version-4.jpg/v4-460px-Make-Doughnuts-Step-7-Version-4.jpg", "vid": null}, "8": {"text": "Prepare the glaze while doughnuts are rising.", "img": null, "vid": "/7/76/Make Doughnuts Step 8 Version 2.360p.mp4"}, "9": {"text": "Heat the oil in a deep fryer or skillet until oil reaches a temperature of 350\u2109 (175\u2103).", "img": "https://www.wikihow.com/images/thumb/8/81/Make-Doughnuts-Step-9-Version-4.jpg/v4-460px-Make-Doughnuts-Step-9-Version-4.jpg", "vid": null}, "10": {"text": "Slide the donuts into the oil carefully, with metal tongs or a spatula.", "img": "https://www.wikihow.com/images/thumb/3/38/Make-Doughnuts-Step-10-Version-4.jpg/v4-460px-Make-Doughnuts-Step-10-Version-4.jpg", "vid": null}, "11": {"text": "Remove doughnuts from oil and let drain on a wire rack.", "img": "https://www.wikihow.com/images/thumb/9/9b/Make-Doughnuts-Step-11-Version-4.jpg/v4-460px-Make-Doughnuts-Step-11-Version-4.jpg", "vid": null}, "12": {"text": "While doughnuts are still warm, dip doughnuts into the glaze, coating evenly.", "img": "https://www.wikihow.com/images/thumb/a/a4/Make-Doughnuts-Step-12-Version-4.jpg/v4-460px-Make-Doughnuts-Step-12-Version-4.jpg", "vid": null}, "13": {"text": "Preheat your oven to 325\u2109 (165\u2103).", "img": "https://www.wikihow.com/images/thumb/0/0d/Make-Doughnuts-Step-13-Version-4.jpg/v4-460px-Make-Doughnuts-Step-13-Version-4.jpg", "vid": null}, "14": {"text": "Into a large bowl, sift together flour, sugar, baking powder, nutmeg, cinnamon and salt.", "img": null, "vid": "/5/5c/Make Doughnuts Step 14 Version 2.360p.mp4"}, "15": {"text": "Stir milk, eggs, vanilla, and shortening together before incorporating into dry mix.", "img": null, "vid": "/f/f3/Make Doughnuts Step 15 Version 2.360p.mp4"}, "16": {"text": "Fill the doughnut pan so each cup is \u00be full.", "img": "https://www.wikihow.com/images/thumb/d/d0/Make-Doughnuts-Step-16-Version-4.jpg/v4-460px-Make-Doughnuts-Step-16-Version-4.jpg", "vid": null}, "17": {"text": "Bake the doughnuts for 8-10 minutes, until they are springy when touched.", "img": "https://www.wikihow.com/images/thumb/4/4b/Make-Doughnuts-Step-17-Version-4.jpg/v4-460px-Make-Doughnuts-Step-17-Version-4.jpg", "vid": null}, "18": {"text": "Make and apply the glaze.", "img": "https://www.wikihow.com/images/thumb/e/e7/Make-Doughnuts-Step-18-Version-3.jpg/v4-460px-Make-Doughnuts-Step-18-Version-3.jpg", "vid": null}, "19": {"text": "In a large bowl, mix yeast, warm water, and pinch of sugar until foam begins to show (about 5 minutes).", "img": null, "vid": "/a/a8/Make Doughnuts Step 19 Version 2.360p.mp4"}, "20": {"text": "Into the yeast mixture, stir in milk, \u2153 cup sugar, salt, vanilla extract, eggs, and \u2153 cup vegetable oil.", "img": null, "vid": "/0/00/Make Doughnuts Step 20 Version 2.360p.mp4"}, "21": {"text": "Mix in about 2\u00bd cups of the whole-wheat flour.", "img": null, "vid": "/f/f0/Make Doughnuts Step 21 Version 2.360p.mp4"}, "22": {"text": "Form the dough into one big ball, place into a greased bowl, and cover.", "img": null, "vid": "/3/34/Make Doughnuts Step 22 Version 2.360p.mp4"}, "23": {"text": "Place the dough back on a well-floured surface and knead again to reshape it.", "img": null, "vid": "/3/3b/Make Doughnuts Step 23 Version 2.360p.mp4"}, "24": {"text": "Shape the heaping tablespoon of dough into a thin strip or an oval shape.", "img": null, "vid": "/9/96/Make Doughnuts Step 24 Version 2.360p.mp4"}, "25": {"text": "Place rolled bits of dough under a cloth to rise while you shape the remainder of the dough.", "img": "https://www.wikihow.com/images/thumb/5/51/Make-Doughnuts-Step-25-Version-3.jpg/v4-460px-Make-Doughnuts-Step-25-Version-3.jpg", "vid": null}, "26": {"text": "Heat oil in a deep fryer or large skillet to 375\u2109 (190\u2103).", "img": null, "vid": "/b/bf/Make Doughnuts Step 26 Version 2.360p.mp4"}, "27": {"text": "While oil is heating, combine 2 cups of sugar with cinnamon and set aside for dusting.", "img": null, "vid": "/e/ed/Make Doughnuts Step 27 Version 2.360p.mp4"}, "28": {"text": "Gently introduce pastries into the frying oil, one at a time, cooking for 1-2 minutes per side, until golden brown.", "img": "https://www.wikihow.com/images/thumb/0/0e/Make-Doughnuts-Step-28-Version-4.jpg/v4-460px-Make-Doughnuts-Step-28-Version-4.jpg", "vid": null}, "29": {"text": "Remove excess oil from fried pastries with paper towels.", "img": "https://www.wikihow.com/images/thumb/5/59/Make-Doughnuts-Step-29-Version-4.jpg/v4-460px-Make-Doughnuts-Step-29-Version-4.jpg", "vid": null}, "30": {"text": "Enjoy.", "img": "https://www.wikihow.com/images/thumb/d/df/Make-Doughnuts-Step-30-Version-4.jpg/v4-460px-Make-Doughnuts-Step-30-Version-4.jpg", "vid": null}}