{"video_url": "https://www.youtube.com/embed/xm__6nQOAnw", "1": {"text": "Start with the correct potato.", "img": "https://www.wikihow.com/images/thumb/e/e3/Make-Curly-Fries-Step-1-Version-5.jpg/v4-460px-Make-Curly-Fries-Step-1-Version-5.jpg", "vid": null}, "2": {"text": "Peel the fries.", "img": null, "vid": "/8/87/Make Curly Fries Step 2 Version 2.360p.mp4"}, "3": {"text": "Put the fries through your cutter.", "img": null, "vid": "/c/c9/Make Curly Fries Step 3 Version 2.360p.mp4"}, "4": {"text": "Soak your fries in a bowl of cold water.", "img": "https://www.wikihow.com/images/thumb/4/4a/Make-Curly-Fries-Step-4-Version-5.jpg/v4-460px-Make-Curly-Fries-Step-4-Version-5.jpg", "vid": null}, "5": {"text": "Wash and rinse your cut fries in advance.", "img": null, "vid": "/2/22/Make Curly Fries Step 5 Version 2.360p.mp4"}, "6": {"text": "Blanch the fries in oil.", "img": null, "vid": "/0/01/Make Curly Fries Step 6 Version 2.360p.mp4"}, "7": {"text": "Allow the fries to rest.", "img": "https://www.wikihow.com/images/thumb/5/56/Make-Curly-Fries-Step-7-Version-5.jpg/v4-460px-Make-Curly-Fries-Step-7-Version-5.jpg", "vid": null}, "8": {"text": "Quick-fry the blanched fries.", "img": null, "vid": "/3/31/Make Curly Fries Step 8 Version 2.360p.mp4"}, "9": {"text": "Toss in olive oil.", "img": null, "vid": "/4/4a/Make Curly Fries Step 9 Version 2.360p.mp4"}, "10": {"text": "Heat the oven to 450 Fahrenheit (230 Celsius).", "img": "https://www.wikihow.com/images/thumb/d/de/Make-Curly-Fries-Step-10-Version-3.jpg/v4-460px-Make-Curly-Fries-Step-10-Version-3.jpg", "vid": null}, "11": {"text": "Bake for 15 minutes and flip.", "img": null, "vid": "/7/7a/Make Curly Fries Step 11.360p.mp4"}, "12": {"text": "Bake to preferred crispiness.", "img": "https://www.wikihow.com/images/thumb/c/c3/Make-Curly-Fries-Step-12-Version-3.jpg/v4-460px-Make-Curly-Fries-Step-12-Version-3.jpg", "vid": null}, "13": {"text": "Finished.", "img": "https://www.wikihow.com/images/thumb/a/a1/Make-Curly-Fries-Step-13-Version-2.jpg/v4-460px-Make-Curly-Fries-Step-13-Version-2.jpg", "vid": null}, "14": {"text": "Take a medium-sized potato and thread it onto a skewer.", "img": "https://www.wikihow.com/images/thumb/6/61/Make-Curly-Fries-Step-14-Version-2.jpg/v4-460px-Make-Curly-Fries-Step-14-Version-2.jpg", "vid": null}, "15": {"text": "Slice the potato into small spirals by carefully rotating the potato.", "img": null, "vid": "/f/f9/Make Curly Fries Step 15.360p.mp4"}, "16": {"text": "Spread it out.", "img": null, "vid": "/2/22/Make Curly Fries Step 16.360p.mp4"}, "17": {"text": "Place them on an oven tray and drizzle some oil over it.", "img": null, "vid": "/e/e7/Make Curly Fries Step 17.360p.mp4"}, "18": {"text": "Place them on the oven and let them sit in the oven until they're golden brown.", "img": "https://www.wikihow.com/images/thumb/0/0e/Make-Curly-Fries-Step-18-Version-2.jpg/v4-460px-Make-Curly-Fries-Step-18-Version-2.jpg", "vid": null}, "19": {"text": "Ready to eat.", "img": "https://www.wikihow.com/images/thumb/5/54/Make-Curly-Fries-Step-19-Version-2.jpg/v4-460px-Make-Curly-Fries-Step-19-Version-2.jpg", "vid": null}}