{"video_url": "https://www.youtube.com/embed/Oy2s7yqy1XQ?showinfo=0", "1": {"text": "Pour \u2154 cup (158 mL) of school glue into a bowl.", "img": "https://www.wikihow.com/images/thumb/c/c9/Make-Fluffy-Slime-Step-1-Version-5.jpg/v4-460px-Make-Fluffy-Slime-Step-1-Version-5.jpg", "vid": null}, "2": {"text": "Stir \u00bd tsp (5 g) of baking soda and \u00bc cup (60 mL) of water with the glue.", "img": null, "vid": "/f/fd/Make Fluffy Slime Step 2 Version 5.360p.mp4"}, "3": {"text": "Mix 2 to 3 cups (470 to 710\u00a0mL) of shaving cream into the bowl.", "img": null, "vid": "/c/c9/Make Fluffy Slime Step 3 Version 5.360p.mp4"}, "4": {"text": "Squeeze in a few drops of food coloring until you achieve your desired color.", "img": "https://www.wikihow.com/images/thumb/7/7a/Make-Fluffy-Slime-Step-4-Version-5.jpg/v4-460px-Make-Fluffy-Slime-Step-4-Version-5.jpg", "vid": null}, "5": {"text": "Start by gradually adding 1 tablespoon (15\u00a0mL) of contact solution into the mixture.", "img": null, "vid": "/3/3d/Make Fluffy Slime Step 5 Version 5.360p.mp4"}, "6": {"text": "Mix 1 tsp (9 g) of Borax powder into 1 cup (240 mL) of hot water.", "img": null, "vid": "/3/3c/Make Fluffy Slime Step 6 Version 5.360p.mp4"}, "7": {"text": "Pour \u00bd cup (120 mL) of school glue into a separate bowl.", "img": null, "vid": "/0/05/Make Fluffy Slime Step 7 Version 5.360p.mp4"}, "8": {"text": "Add \u00bd cup (120 mL) of shaving cream into the same bowl as the glue.", "img": null, "vid": "/7/78/Make Fluffy Slime Step 8 Version 5.360p.mp4"}, "9": {"text": "Mix the slime until all of the lumps are gone.", "img": null, "vid": "/a/ad/Make Fluffy Slime Step 9 Version 5.360p.mp4"}, "10": {"text": "Mix in slightly more than 1 tablespoon (7.5 g) of cornstarch.", "img": null, "vid": "/b/b6/Make Fluffy Slime Step 10 Version 5.360p.mp4"}, "11": {"text": "Add in food coloring.", "img": "https://www.wikihow.com/images/thumb/3/3c/Make-Fluffy-Slime-Step-11-Version-5.jpg/v4-460px-Make-Fluffy-Slime-Step-11-Version-5.jpg", "vid": null}, "12": {"text": "Add 3 teaspoons (15\u00a0mL) of the liquid Borax mixture to your slime.", "img": null, "vid": "/f/fc/Make Fluffy Slime Step 12 Version 5.360p.mp4"}, "13": {"text": "Knead the slime.", "img": null, "vid": "/3/3f/Make Fluffy Slime Step 13 Version 5.360p.mp4"}, "14": {"text": "Stir 1\u20442 cup (120\u00a0mL) of shampoo and \u00bc cup (30 g) cornstarch together in a large bowl.", "img": null, "vid": "/f/fc/Make Fluffy Slime Step 14.360p.mp4"}, "15": {"text": "Squirt 3 drops of food coloring into the mixture.", "img": null, "vid": "/7/70/Make Fluffy Slime Step 15.360p.mp4"}, "16": {"text": "Pour and stir 6\u00a0US\u00a0tbsp (89\u00a0mL) of water into the mixture.", "img": null, "vid": "/0/00/Make Fluffy Slime Step 16.360p.mp4"}, "17": {"text": "Fold and squish the slime for at least 5 minutes.", "img": null, "vid": "/e/ec/Make Fluffy Slime Step 17.360p.mp4"}}