{"video_url": "https://www.youtube.com/embed/Cenlu9FxHpw?showinfo=0", "1": {"text": "Cut the lemons lengthwise in half with a sharp knife.", "img": "https://www.wikihow.com/images/thumb/0/0a/Make-Lemon-Juice-Step-1-Version-5.jpg/v4-460px-Make-Lemon-Juice-Step-1-Version-5.jpg", "vid": null}, "2": {"text": "Squeeze the juice out into a bowl if you\u2019re doing it by hand.", "img": null, "vid": "/4/44/Make Lemon Juice Step 2 Version 4.360p.mp4"}, "3": {"text": "Crush the lemon in a citrus press as an alternative.", "img": null, "vid": "/4/4e/Make Lemon Juice Step 3 Version 4.360p.mp4"}, "4": {"text": "Put the lemon in an electric juicer if you don\u2019t mind pulp.", "img": "https://www.wikihow.com/images/thumb/2/2d/Make-Lemon-Juice-Step-4-Version-5.jpg/v4-460px-Make-Lemon-Juice-Step-4-Version-5.jpg", "vid": null}, "5": {"text": "Mix water or sugar into the juice if it tastes too sour.", "img": null, "vid": "/2/2c/Make Lemon Juice Step 5 Version 4.360p.mp4"}, "6": {"text": "Store the juice in the refrigerator for up to 3 days.", "img": null, "vid": "/c/c0/Make Lemon Juice Step 6 Version 4.360p.mp4"}, "7": {"text": "Juice 6 lemons into a small glass or bowl.", "img": null, "vid": "/f/f8/Make Lemon Juice Step 7 Version 2.360p.mp4"}, "8": {"text": "Grate", "img": null, "vid": "/9/9b/Make Lemon Juice Step 8 Version 2.360p.mp4"}, "9": {"text": "Combine water and sugar with the lemon zest.", "img": null, "vid": "/b/bc/Make Lemon Juice Step 9 Version 2.360p.mp4"}, "10": {"text": "Heat the pot over medium heat until the water starts to simmer.", "img": "https://www.wikihow.com/images/thumb/4/45/Make-Lemon-Juice-Step-10-Version-2.jpg/v4-460px-Make-Lemon-Juice-Step-10-Version-2.jpg", "vid": null}, "11": {"text": "Cook and stir the water for 4 minutes until the sugar dissolves.", "img": "https://www.wikihow.com/images/thumb/e/ee/Make-Lemon-Juice-Step-11-Version-2.jpg/v4-460px-Make-Lemon-Juice-Step-11-Version-2.jpg", "vid": null}, "12": {"text": "Pour the lemon juice into the pot.", "img": "https://www.wikihow.com/images/thumb/0/05/Make-Lemon-Juice-Step-12-Version-2.jpg/v4-460px-Make-Lemon-Juice-Step-12-Version-2.jpg", "vid": null}, "13": {"text": "Put the juice into the refrigerator or freezer until it is cold.", "img": "https://www.wikihow.com/images/thumb/8/8b/Make-Lemon-Juice-Step-13-Version-2.jpg/v4-460px-Make-Lemon-Juice-Step-13-Version-2.jpg", "vid": null}, "14": {"text": "Drink or use the juice after it has had a chance to chill.", "img": "https://www.wikihow.com/images/thumb/3/3d/Make-Lemon-Juice-Step-14-Version-2.jpg/v4-460px-Make-Lemon-Juice-Step-14-Version-2.jpg", "vid": null}, "15": {"text": "Choose heavy varieties of lemons to get more juice out of them.", "img": "https://www.wikihow.com/images/thumb/7/70/Make-Lemon-Juice-Step-15-Version-2.jpg/v4-460px-Make-Lemon-Juice-Step-15-Version-2.jpg", "vid": null}, "16": {"text": "Pick lemons that feel soft but not mushy.", "img": "https://www.wikihow.com/images/thumb/5/54/Make-Lemon-Juice-Step-16-Version-2.jpg/v4-460px-Make-Lemon-Juice-Step-16-Version-2.jpg", "vid": null}, "17": {"text": "Freeze the lemons until you\u2019re ready to juice them.", "img": "https://www.wikihow.com/images/thumb/1/1c/Make-Lemon-Juice-Step-17-Version-2.jpg/v4-460px-Make-Lemon-Juice-Step-17-Version-2.jpg", "vid": null}, "18": {"text": "Thaw the lemons by microwaving them for about 30 seconds.", "img": "https://www.wikihow.com/images/thumb/9/9b/Make-Lemon-Juice-Step-18-Version-2.jpg/v4-460px-Make-Lemon-Juice-Step-18-Version-2.jpg", "vid": null}, "19": {"text": "Press and roll the lemons on a cutting board to free more of the juice.", "img": null, "vid": "/1/13/Make Lemon Juice Step 19 Version 2.360p.mp4"}}