{"video_url": "https://www.youtube.com/embed/pPYmcaPwwVU?showinfo=0", "1": {"text": "Combine the clear glue and room-temperature water in a large bowl.", "img": "https://www.wikihow.com/images/thumb/7/78/Make-Clear-Slime-Step-1-Version-7.jpg/v4-460px-Make-Clear-Slime-Step-1-Version-7.jpg", "vid": null}, "2": {"text": "Mix the Borax powder and warm water together in a separate bowl.", "img": null, "vid": "/9/9d/Make Clear Slime Step 2 Version 5.360p.mp4"}, "3": {"text": "Combine the glue mixture and the Borax solution.", "img": "https://www.wikihow.com/images/thumb/4/47/Make-Clear-Slime-Step-3-Version-6.jpg/v4-460px-Make-Clear-Slime-Step-3-Version-6.jpg", "vid": null}, "4": {"text": "Keep stirring the mixture until all of the liquid is absorbed.", "img": null, "vid": "/4/4f/Make Clear Slime Step 4 Version 5.360p.mp4"}, "5": {"text": "Knead the slime until it reaches your preferred consistency.", "img": null, "vid": "/1/1e/Make Clear Slime Step 5 Version 5.360p.mp4"}, "6": {"text": "Play with your slime or store it in an airtight container until it gets clear.", "img": null, "vid": "/e/e7/Make Clear Slime Step 6 Version 5.360p.mp4"}, "7": {"text": "Put the clear glue into a large bowl.", "img": null, "vid": "/8/85/Make Clear Slime Step 7 Version 5.360p.mp4"}, "8": {"text": "Combine the water and baking soda in a separate bowl.", "img": null, "vid": "/1/15/Make Clear Slime Step 8 Version 5.360p.mp4"}, "9": {"text": "Pour the baking soda solution into the bowl with the glue.", "img": null, "vid": "/0/05/Make Clear Slime Step 9 Version 5.360p.mp4"}, "10": {"text": "Stir 2 tablespoons (30\u00a0ml) of saline solution into the mixture.", "img": null, "vid": "/4/4f/Make Clear Slime Step 10 Version 5.360p.mp4"}, "11": {"text": "Knead the slime with your hands until the liquid is absorbed.", "img": null, "vid": "/d/de/Make Clear Slime Step 11 Version 5.360p.mp4"}, "12": {"text": "Play with the slime or store it in an airtight container.", "img": "https://www.wikihow.com/images/thumb/8/8c/Make-Clear-Slime-Step-12-Version-6.jpg/v4-460px-Make-Clear-Slime-Step-12-Version-6.jpg", "vid": null}}