{"video_url": "https://www.youtube.com/embed/NO43znXYDW4?showinfo=0", "1": {"text": "Combine all-purpose flour, salt, and cream of tartar in a large pot.", "img": "https://www.wikihow.com/images/thumb/9/90/Make-Clay-Step-1-Version-4.jpg/v4-460px-Make-Clay-Step-1-Version-4.jpg", "vid": null}, "2": {"text": "Add 2 cups (470\u00a0mL) of water and 2\u00a0US\u00a0tbsp (30\u00a0mL) of vegetable oil.", "img": null, "vid": "/e/ed/Make Clay Step 2 Version 4.360p.mp4"}, "3": {"text": "Heat the ingredients over medium heat while stirring with a wooden spoon.", "img": null, "vid": "/0/07/Make Clay Step 3 Version 4.360p.mp4"}, "4": {"text": "Stop stirring and turn off the burner when the clay is a thick ball.", "img": "https://www.wikihow.com/images/thumb/7/74/Make-Clay-Step-4-Version-4.jpg/v4-460px-Make-Clay-Step-4-Version-4.jpg", "vid": null}, "5": {"text": "Place the clay on wax paper so it can cool for 1-2 minutes.", "img": "https://www.wikihow.com/images/thumb/b/bd/Make-Clay-Step-5-Version-4.jpg/v4-460px-Make-Clay-Step-5-Version-4.jpg", "vid": null}, "6": {"text": "Knead the room temperature clay until it's soft and smooth.", "img": null, "vid": "/e/e3/Make Clay Step 6 Version 4.360p.mp4"}, "7": {"text": "Dye your clay using 5-6 drops of food coloring if you like.", "img": null, "vid": "/2/2b/Make Clay Step 7 Version 4.360p.mp4"}, "8": {"text": "Store your clay in a resealable plastic bag for up to 3 months.", "img": "https://www.wikihow.com/images/thumb/1/1e/Make-Clay-Step-8-Version-4.jpg/v4-460px-Make-Clay-Step-8-Version-4.jpg", "vid": null}, "9": {"text": "Allow your clay to air dry if you want to create a sculpture or keepsake.", "img": "https://www.wikihow.com/images/thumb/b/b8/Make-Clay-Step-9-Version-4.jpg/v4-460px-Make-Clay-Step-9-Version-4.jpg", "vid": null}, "10": {"text": "Mix 4 c (480 g) of flour and 1.5 c (417 g) of salt in a large bowl.", "img": null, "vid": "/3/38/Make Clay Step 10 Version 4.360p.mp4"}, "11": {"text": "Add 1.5\u00a0\u00a0c (350\u00a0mL) of water gradually as you stir the mixture.", "img": null, "vid": "/8/84/Make Clay Step 11 Version 4.360p.mp4"}, "12": {"text": "Knead the clay until it reaches an even consistency.", "img": null, "vid": "/e/ec/Make Clay Step 12 Version 3.360p.mp4"}, "13": {"text": "Sculpt the clay as you desire.", "img": null, "vid": "/d/d5/Make Clay Step 13 Version 3.360p.mp4"}, "14": {"text": "Allow the clay to air dry for 2 days to preserve your model.", "img": "https://www.wikihow.com/images/thumb/1/1a/Make-Clay-Step-14-Version-4.jpg/v4-460px-Make-Clay-Step-14-Version-4.jpg", "vid": null}, "15": {"text": "Store unused clay in an airtight container.", "img": "https://www.wikihow.com/images/thumb/5/57/Make-Clay-Step-15-Version-4.jpg/v4-460px-Make-Clay-Step-15-Version-4.jpg", "vid": null}, "16": {"text": "Heat 2\u20443\u00a0\u00a0c (160\u00a0mL) of water and 2 c (550 g) of salt for 4 minutes.", "img": null, "vid": "/a/ac/Make Clay Step 16 Version 4.360p.mp4"}, "17": {"text": "Move the pot to a cool surface and add 1 c (120 g) of cornstarch and .5\u00a0\u00a0c (120\u00a0mL) of cold water.", "img": null, "vid": "/2/20/Make Clay Step 17 Version 4.360p.mp4"}, "18": {"text": "Knead the mixture until it feels smooth.", "img": null, "vid": "/d/d4/Make Clay Step 18 Version 3.360p.mp4"}, "19": {"text": "Add a few drops of food coloring if you\u2019d like colored clay.", "img": "https://www.wikihow.com/images/thumb/5/57/Make-Clay-Step-19-Version-4.jpg/v4-460px-Make-Clay-Step-19-Version-4.jpg", "vid": null}, "20": {"text": "Heat the mixture until it starts to feel thick, if necessary.", "img": "https://www.wikihow.com/images/thumb/b/b9/Make-Clay-Step-20-Version-4.jpg/v4-460px-Make-Clay-Step-20-Version-4.jpg", "vid": null}, "21": {"text": "Let the clay cool to room temperature before you play with it.", "img": "https://www.wikihow.com/images/thumb/4/41/Make-Clay-Step-21-Version-6.jpg/v4-460px-Make-Clay-Step-21-Version-6.jpg", "vid": null}, "22": {"text": "Allow your clay to air dry for 2 days if you want to preserve it.", "img": "https://www.wikihow.com/images/thumb/b/ba/Make-Clay-Step-22-Version-6.jpg/v4-460px-Make-Clay-Step-22-Version-6.jpg", "vid": null}, "23": {"text": "Store your clay in an airtight container when you\u2019re not using it.", "img": "https://www.wikihow.com/images/thumb/0/09/Make-Clay-Step-23-Version-6.jpg/v4-460px-Make-Clay-Step-23-Version-6.jpg", "vid": null}, "24": {"text": "Collect soil that contains clay into a bucket.", "img": null, "vid": "/4/43/Make Clay Step 24 Version 5.360p.mp4"}, "25": {"text": "Remove any sticks and debris from the soil.", "img": null, "vid": "/d/df/Make Clay Step 25 Version 4.360p.mp4"}, "26": {"text": "Stir enough water into the soil to cover it.", "img": null, "vid": "/3/3e/Make Clay Step 26 Version 2.360p.mp4"}, "27": {"text": "Let the water settle for 2 minutes so debris will come out.", "img": "https://www.wikihow.com/images/thumb/f/f7/Make-Clay-Step-27-Version-5.jpg/v4-460px-Make-Clay-Step-27-Version-5.jpg", "vid": null}, "28": {"text": "Pour the muddy water into a second bucket, but leave the debris in the first.", "img": null, "vid": "/4/43/Make Clay Step 28 Version 2.360p.mp4"}, "29": {"text": "Dump the debris and rinse out the bucket.", "img": "https://www.wikihow.com/images/thumb/d/d6/Make-Clay-Step-29-Version-3.jpg/v4-460px-Make-Clay-Step-29-Version-3.jpg", "vid": null}, "30": {"text": "Repeat the process until there\u2019s no more debris in your muddy water.", "img": null, "vid": "/6/6f/Make Clay Step 30 Version 2.360p.mp4"}, "31": {"text": "Leave the bucket of clay-water to dry overnight.", "img": "https://www.wikihow.com/images/thumb/7/7c/Make-Clay-Step-31-Version-3.jpg/v4-460px-Make-Clay-Step-31-Version-3.jpg", "vid": null}, "32": {"text": "Pour off the excess water on top of the clay.", "img": null, "vid": "/7/7a/Make Clay Step 32 Version 2.360p.mp4"}, "33": {"text": "Put the lumpy clay mixture into a piece of fabric to dry for 2 days.", "img": null, "vid": "/0/04/Make Clay Step 33 Version 2.360p.mp4"}, "34": {"text": "Leave your clay in the sun until it reaches your desired consistency.", "img": "https://www.wikihow.com/images/thumb/e/ec/Make-Clay-Step-34-Version-3.jpg/v4-460px-Make-Clay-Step-34-Version-3.jpg", "vid": null}}