{"video_url": "https://www.youtube.com/embed/Zm0wEvkavoY?showinfo=0", "1": {"text": "Mark a glider body shape in cardboard.", "img": "https://www.wikihow.com/images/thumb/1/14/Make-a-Paper-Glider-Step-1-Version-4.jpg/v4-460px-Make-a-Paper-Glider-Step-1-Version-4.jpg", "vid": null}, "2": {"text": "Cut out the body of your glider from a piece of cardboard.", "img": null, "vid": "/b/b2/Make a Paper Glider Step 2 Version 2.360p.mp4"}, "3": {"text": "Cut out the wings.", "img": null, "vid": "/9/92/Make a Paper Glider Step 3 Version 2.360p.mp4"}, "4": {"text": "Cut out slits for the wings.", "img": null, "vid": "/1/1f/Make a Paper Glider Step 4 Version 2.360p.mp4"}, "5": {"text": "Glue the wings in place.", "img": null, "vid": "/4/48/Make a Paper Glider Step 5 Version 2.360p.mp4"}, "6": {"text": "Attach a paper clip or two onto the nose of the plane.", "img": null, "vid": "/8/8b/Make a Paper Glider Step 6 Version 2.360p.mp4"}, "7": {"text": "Add modeling clay to the nose optionally.", "img": null, "vid": "/d/d0/Make a Paper Glider Step 7 Version 2.360p.mp4"}, "8": {"text": "Get a square of paper.", "img": "https://www.wikihow.com/images/thumb/2/21/Make-a-Paper-Glider-Step-8-Version-3.jpg/v4-460px-Make-a-Paper-Glider-Step-8-Version-3.jpg", "vid": null}, "9": {"text": "Make a valley fold.", "img": null, "vid": "/4/42/Make a Paper Glider Step 9 Version 2.360p.mp4"}, "10": {"text": "Fold the creased edge up.", "img": null, "vid": "/1/11/Make a Paper Glider Step 10 Version 2.360p.mp4"}, "11": {"text": "Bend the paper into a partial circle.", "img": null, "vid": "/7/71/Make a Paper Glider Step 11 Version 2.360p.mp4"}, "12": {"text": "Complete the circle.", "img": null, "vid": "/d/dc/Make a Paper Glider Step 12 Version 2.360p.mp4"}, "13": {"text": "Work out the creases.", "img": null, "vid": "/7/7b/Make a Paper Glider Step 13 Version 2.360p.mp4"}, "14": {"text": "Secure the shape.", "img": null, "vid": "/1/13/Make a Paper Glider Step 14 Version 2.360p.mp4"}, "15": {"text": "Throw your glider.", "img": "https://www.wikihow.com/images/thumb/c/ca/Make-a-Paper-Glider-Step-15-Version-3.jpg/v4-460px-Make-a-Paper-Glider-Step-15-Version-3.jpg", "vid": null}, "16": {"text": "Gather your materials.", "img": "https://www.wikihow.com/images/thumb/1/1d/Make-a-Paper-Glider-Step-16-Version-3.jpg/v4-460px-Make-a-Paper-Glider-Step-16-Version-3.jpg", "vid": null}, "17": {"text": "Cut three strips of paper.", "img": null, "vid": "/7/73/Make a Paper Glider Step 17 Version 2.360p.mp4"}, "18": {"text": "Tape one of the strips into a loop.", "img": null, "vid": "/5/55/Make a Paper Glider Step 18 Version 2.360p.mp4"}, "19": {"text": "Tape the other strips into a loop.", "img": null, "vid": "/3/3e/Make a Paper Glider Step 19 Version 2.360p.mp4"}, "20": {"text": "Attach the loops to the straw.", "img": null, "vid": "/3/30/Make a Paper Glider Step 20 Version 2.360p.mp4"}, "21": {"text": "Throw your glider.", "img": "https://www.wikihow.com/images/thumb/5/59/Make-a-Paper-Glider-Step-21-Version-3.jpg/v4-460px-Make-a-Paper-Glider-Step-21-Version-3.jpg", "vid": null}}