{"video_url": "https://www.youtube.com/embed/01LFEpc0X-U?showinfo=0", "1": {"text": "Prepare your lollipop molds.", "img": "https://www.wikihow.com/images/thumb/c/ca/Make-Sugar-Candy-Step-1-Version-5.jpg/v4-460px-Make-Sugar-Candy-Step-1-Version-5.jpg", "vid": null}, "2": {"text": "Add the ingredients in a saucepan.", "img": null, "vid": "/b/bf/Make Sugar Candy Step 2 Version 3.360p.mp4"}, "3": {"text": "Stir the mixture until the sugar dissolves.", "img": null, "vid": "/f/f0/Make Sugar Candy Step 3 Version 3.360p.mp4"}, "4": {"text": "Bring the mixture to a full boil.", "img": null, "vid": "/d/de/Make Sugar Candy Step 4 Version 3.360p.mp4"}, "5": {"text": "Stir in the extract and food coloring.", "img": null, "vid": "/c/cc/Make Sugar Candy Step 5 Version 3.360p.mp4"}, "6": {"text": "Spoon the candy mixture into the lollipop molds.", "img": "https://www.wikihow.com/images/thumb/4/48/Make-Sugar-Candy-Step-6-Version-5.jpg/v4-460px-Make-Sugar-Candy-Step-6-Version-5.jpg", "vid": null}, "7": {"text": "Let the lollipops harden before popping them out.", "img": "https://www.wikihow.com/images/thumb/4/41/Make-Sugar-Candy-Step-7-Version-5.jpg/v4-460px-Make-Sugar-Candy-Step-7-Version-5.jpg", "vid": null}, "8": {"text": "Mix the sugar and water in a large jar.", "img": null, "vid": "/9/99/Make Sugar Candy Step 8 Version 3.360p.mp4"}, "9": {"text": "Stir the mixture well.", "img": null, "vid": "/9/90/Make Sugar Candy Step 9 Version 3.360p.mp4"}, "10": {"text": "Add the food coloring and flavor.", "img": null, "vid": "/9/93/Make Sugar Candy Step 10 Version 3.360p.mp4"}, "11": {"text": "Suspend the wooden skewers in the solution.", "img": null, "vid": "/c/cc/Make Sugar Candy Step 11 Version 3.360p.mp4"}, "12": {"text": "Wait for the sugar to form into rocks.", "img": null, "vid": "/4/43/Make Sugar Candy Step 12 Version 2.360p.mp4"}, "13": {"text": "Dry the rock candy.", "img": null, "vid": "/2/2b/Make Sugar Candy Step 13 Version 3.360p.mp4"}, "14": {"text": "Butter a 15 x 10 x 1 pan.", "img": "https://www.wikihow.com/images/thumb/1/1a/Make-Sugar-Candy-Step-14-Version-4.jpg/v4-460px-Make-Sugar-Candy-Step-14-Version-4.jpg", "vid": null}, "15": {"text": "Combine the sugar, water and corn syrup in a pan.", "img": null, "vid": "/1/12/Make Sugar Candy Step 15 Version 3.360p.mp4"}, "16": {"text": "Bring the mixture to a boil.", "img": null, "vid": "/c/c3/Make Sugar Candy Step 16 Version 3.360p.mp4"}, "17": {"text": "Add the butter, honey, salt and rum extract.", "img": null, "vid": "/b/b0/Make Sugar Candy Step 17 Version 3.360p.mp4"}, "18": {"text": "Stir the mixture until it reaches 300 degrees.", "img": null, "vid": "/8/8f/Make Sugar Candy Step 18 Version 3.360p.mp4"}, "19": {"text": "Remove the mixture from heat.", "img": "https://www.wikihow.com/images/thumb/4/4d/Make-Sugar-Candy-Step-19-Version-4.jpg/v4-460px-Make-Sugar-Candy-Step-19-Version-4.jpg", "vid": null}, "20": {"text": "Pour it into the buttered pan.", "img": "https://www.wikihow.com/images/thumb/b/b6/Make-Sugar-Candy-Step-20-Version-4.jpg/v4-460px-Make-Sugar-Candy-Step-20-Version-4.jpg", "vid": null}, "21": {"text": "Cool the candy for 5 minutes.", "img": "https://www.wikihow.com/images/thumb/5/54/Make-Sugar-Candy-Step-21-Version-4.jpg/v4-460px-Make-Sugar-Candy-Step-21-Version-4.jpg", "vid": null}, "22": {"text": "Score the candy with a knife.", "img": null, "vid": "/a/a3/Make Sugar Candy Step 22 Version 3.360p.mp4"}, "23": {"text": "Cool the candy completely.", "img": "https://www.wikihow.com/images/thumb/7/72/Make-Sugar-Candy-Step-23-Version-4.jpg/v4-460px-Make-Sugar-Candy-Step-23-Version-4.jpg", "vid": null}, "24": {"text": "Break the candy along the score marks.", "img": null, "vid": "/1/1e/Make Sugar Candy Step 24 Version 3.360p.mp4"}}