{"video_url": "https://www.youtube.com/embed/bICJeaDelTY", "1": {"text": "Fold an 8.5 by 11 inch (22 by 28\u00a0cm) piece paper in half lengthwise and then unfold it.", "img": "https://www.wikihow.com/images/thumb/d/dc/Make-a-Paper-Football-Step-2-Version-6.jpg/v4-460px-Make-a-Paper-Football-Step-2-Version-6.jpg", "vid": null}, "2": {"text": "Cut or tear the sheet along the vertical crease.", "img": null, "vid": "/f/f4/Make a Paper Football Step 3 Version 6.360p.mp4"}, "3": {"text": "Fold 1 of the strips in half lengthwise.", "img": null, "vid": "/d/da/Make a Paper Football Step 4 Version 6.360p.mp4"}, "4": {"text": "Fold the lower right corner toward the opposite edge of the paper.", "img": "https://www.wikihow.com/images/thumb/5/5d/Make-a-Paper-Football-Step-5-Version-6.jpg/v4-460px-Make-a-Paper-Football-Step-5-Version-6.jpg", "vid": null}, "5": {"text": "Flip the triangle toward the left side of the paper.", "img": null, "vid": "/d/d6/Make a Paper Football Step 6 Version 6.360p.mp4"}, "6": {"text": "Continue folding triangles along the paper until you've reached the end.", "img": null, "vid": "/e/e9/Make a Paper Football Step 7 Version 6.360p.mp4"}, "7": {"text": "Undo the last 2 folds of the paper.", "img": null, "vid": "/c/c0/Make a Paper Football Step 8 Version 6.360p.mp4"}, "8": {"text": "Fold the right-angled triangle downward.", "img": null, "vid": "/6/6c/Make a Paper Football Step 9 Version 6.360p.mp4"}, "9": {"text": "Trim about 1 inch (2.5\u00a0cm) off the outer point of the righthand triangle.", "img": null, "vid": "/7/74/Make a Paper Football Step 10 Version 6.360p.mp4"}, "10": {"text": "Tuck the right side of the new triangle into the pocket on the left.", "img": null, "vid": "/9/96/Make a Paper Football Step 11 Version 6.360p.mp4"}, "11": {"text": "Flatten the paper football with your fingers.", "img": null, "vid": "/7/79/Make a Paper Football Step 12 Version 6.360p.mp4"}, "12": {"text": "Decorate the paper football if you want to get creative.", "img": "https://www.wikihow.com/images/thumb/e/e3/Make-a-Paper-Football-Step-13-Version-5.jpg/v4-460px-Make-a-Paper-Football-Step-13-Version-5.jpg", "vid": null}}