{"video_url": "https://www.youtube.com/embed/wOry_U0qL50?showinfo=0", "1": {"text": "Put the butter in the microwave for about 30 seconds.", "img": "https://www.wikihow.com/images/thumb/1/1b/Make-a-Cinnamon-Bun-in-a-Mug-Step-1.jpg/v4-460px-Make-a-Cinnamon-Bun-in-a-Mug-Step-1.jpg", "vid": null}, "2": {"text": "Pick out a microwave-safe mug.", "img": null, "vid": "/2/20/Make a Cinnamon Bun in a Mug Step 2.360p.mp4"}, "3": {"text": "This is optional, but it can make your cinnamon bun a little sweeter.", "img": null, "vid": "/8/8d/Make a Cinnamon Bun in a Mug Step 3.360p.mp4"}, "4": {"text": "You can use a spoon or a knife.", "img": null, "vid": "/1/11/Make a Cinnamon Bun in a Mug Step 4.360p.mp4"}, "5": {"text": "Grab a small bowl and your spices.", "img": null, "vid": "/4/48/Make a Cinnamon Bun in a Mug Step 5.360p.mp4"}, "6": {"text": "This will give your cinnamon bun its signature taste.", "img": null, "vid": "/a/a9/Make a Cinnamon Bun in a Mug Step 6.360p.mp4"}, "7": {"text": "Aim for that classic cinnamon bun swirl.", "img": null, "vid": "/7/70/Make a Cinnamon Bun in a Mug Step 7.360p.mp4"}, "8": {"text": "This will be enough to cook the batter.", "img": "https://www.wikihow.com/images/thumb/7/7a/Make-a-Cinnamon-Bun-in-a-Mug-Step-8.jpg/v4-460px-Make-a-Cinnamon-Bun-in-a-Mug-Step-8.jpg", "vid": null}}