{"video_url": "https://www.youtube.com/embed/hY8-I8uVdfg?showinfo=0", "1": {"text": "Purchase black tea.", "img": "https://www.wikihow.com/images/thumb/3/3c/Make-a-Juicy-Lemon-Iced-Tea-Step-1-Version-2.jpg/v4-460px-Make-a-Juicy-Lemon-Iced-Tea-Step-1-Version-2.jpg", "vid": null}, "2": {"text": "Choose green tea.", "img": "https://www.wikihow.com/images/thumb/f/f5/Make-a-Juicy-Lemon-Iced-Tea-Step-2-Version-2.jpg/v4-460px-Make-a-Juicy-Lemon-Iced-Tea-Step-2-Version-2.jpg", "vid": null}, "3": {"text": "Drink white tea.", "img": "https://www.wikihow.com/images/thumb/b/b0/Make-a-Juicy-Lemon-Iced-Tea-Step-3-Version-2.jpg/v4-460px-Make-a-Juicy-Lemon-Iced-Tea-Step-3-Version-2.jpg", "vid": null}, "4": {"text": "Purchase oolong tea.", "img": "https://www.wikihow.com/images/thumb/f/fc/Make-a-Juicy-Lemon-Iced-Tea-Step-4-Version-2.jpg/v4-460px-Make-a-Juicy-Lemon-Iced-Tea-Step-4-Version-2.jpg", "vid": null}, "5": {"text": "Drink herbal teas.", "img": "https://www.wikihow.com/images/thumb/4/48/Make-a-Juicy-Lemon-Iced-Tea-Step-5-Version-2.jpg/v4-460px-Make-a-Juicy-Lemon-Iced-Tea-Step-5-Version-2.jpg", "vid": null}, "6": {"text": "Choose loose leaf or bagged tea.", "img": "https://www.wikihow.com/images/thumb/7/7b/Make-a-Juicy-Lemon-Iced-Tea-Step-6-Version-2.jpg/v4-460px-Make-a-Juicy-Lemon-Iced-Tea-Step-6-Version-2.jpg", "vid": null}, "7": {"text": "Bring some water to a boil.", "img": null, "vid": "/3/3f/Make a Juicy Lemon Iced Tea Step 7.360p.mp4"}, "8": {"text": "Add the tea.", "img": null, "vid": "/1/1e/Make a Juicy Lemon Iced Tea Step 8.360p.mp4"}, "9": {"text": "Steep the tea.", "img": null, "vid": "/0/0d/Make a Juicy Lemon Iced Tea Step 9.360p.mp4"}, "10": {"text": "Add the sugar.", "img": null, "vid": "/4/4b/Make a Juicy Lemon Iced Tea Step 10.360p.mp4"}, "11": {"text": "Mix in some lemon juice.", "img": null, "vid": "/9/95/Make a Juicy Lemon Iced Tea Step 11.360p.mp4"}, "12": {"text": "Let the syrup cool.", "img": "https://www.wikihow.com/images/thumb/5/59/Make-a-Juicy-Lemon-Iced-Tea-Step-12-Version-2.jpg/v4-460px-Make-a-Juicy-Lemon-Iced-Tea-Step-12-Version-2.jpg", "vid": null}, "13": {"text": "Pour the syrup into a serving container.", "img": null, "vid": "/1/14/Make a Juicy Lemon Iced Tea Step 13.360p.mp4"}, "14": {"text": "Dilute the mixture with water.", "img": null, "vid": "/5/50/Make a Juicy Lemon Iced Tea Step 14.360p.mp4"}, "15": {"text": "Serve a glass of tea.", "img": null, "vid": "/7/77/Make a Juicy Lemon Iced Tea Step 15.360p.mp4"}, "16": {"text": "Refrigerate any leftovers.", "img": "https://www.wikihow.com/images/thumb/6/66/Make-a-Juicy-Lemon-Iced-Tea-Step-16-Version-2.jpg/v4-460px-Make-a-Juicy-Lemon-Iced-Tea-Step-16-Version-2.jpg", "vid": null}}