{"video_url": "https://www.youtube.com/embed/PRrz14s3Hgg?showinfo=0", "1": {"text": "Grind the marijuana buds.", "img": "https://www.wikihow.com/images/thumb/8/88/Make-Marijuana-Tea-Step-1-Version-2.jpg/v4-460px-Make-Marijuana-Tea-Step-1-Version-2.jpg", "vid": null}, "2": {"text": "Mix the buds with butter.", "img": "https://www.wikihow.com/images/thumb/8/89/Make-Marijuana-Tea-Step-2-Version-2.jpg/v4-460px-Make-Marijuana-Tea-Step-2-Version-2.jpg", "vid": null}, "3": {"text": "Empty a tea bag and fill it with the marijuana butter mixture.", "img": "https://www.wikihow.com/images/thumb/d/d4/Make-Marijuana-Tea-Step-3-Version-2.jpg/v4-460px-Make-Marijuana-Tea-Step-3-Version-2.jpg", "vid": null}, "4": {"text": "Bring the water to a simmer on the stove.", "img": "https://www.wikihow.com/images/thumb/9/96/Make-Marijuana-Tea-Step-4-Version-2.jpg/v4-460px-Make-Marijuana-Tea-Step-4-Version-2.jpg", "vid": null}, "5": {"text": "Simmer the teabag in the water for 30 minutes.", "img": "https://www.wikihow.com/images/thumb/a/a9/Make-Marijuana-Tea-Step-5-Version-2.jpg/v4-460px-Make-Marijuana-Tea-Step-5-Version-2.jpg", "vid": null}, "6": {"text": "Take it off the heat and remove the teabag.", "img": "https://www.wikihow.com/images/thumb/2/2e/Make-Marijuana-Tea-Step-6-Version-2.jpg/v4-460px-Make-Marijuana-Tea-Step-6-Version-2.jpg", "vid": null}, "7": {"text": "Stir in sugar or honey to taste, then enjoy.", "img": "https://www.wikihow.com/images/thumb/b/bd/Make-Marijuana-Tea-Step-7-Version-2.jpg/v4-460px-Make-Marijuana-Tea-Step-7-Version-2.jpg", "vid": null}, "8": {"text": "Grind the marijuana buds.", "img": "https://www.wikihow.com/images/thumb/7/79/Make-Marijuana-Tea-Step-8-Version-2.jpg/v4-460px-Make-Marijuana-Tea-Step-8-Version-2.jpg", "vid": null}, "9": {"text": "Blend the marijuana, milk, butter, and vanilla.", "img": "https://www.wikihow.com/images/thumb/d/d4/Make-Marijuana-Tea-Step-9-Version-2.jpg/v4-460px-Make-Marijuana-Tea-Step-9-Version-2.jpg", "vid": null}, "10": {"text": "Let the mixture rest for an hour.", "img": "https://www.wikihow.com/images/thumb/9/9b/Make-Marijuana-Tea-Step-10-Version-2.jpg/v4-460px-Make-Marijuana-Tea-Step-10-Version-2.jpg", "vid": null}, "11": {"text": "Add the water and simmer the mixture for 30 minutes.", "img": "https://www.wikihow.com/images/thumb/8/8a/Make-Marijuana-Tea-Step-11-Version-2.jpg/v4-460px-Make-Marijuana-Tea-Step-11-Version-2.jpg", "vid": null}, "12": {"text": "Remove it from heat and add the chai teabag.", "img": "https://www.wikihow.com/images/thumb/e/e1/Make-Marijuana-Tea-Step-12.jpg/v4-460px-Make-Marijuana-Tea-Step-12.jpg", "vid": null}, "13": {"text": "Strain the mixture through a fine-mesh sieve.", "img": "https://www.wikihow.com/images/thumb/d/d8/Make-Marijuana-Tea-Step-13.jpg/v4-460px-Make-Marijuana-Tea-Step-13.jpg", "vid": null}, "14": {"text": "Pour the tea into a mug and enjoy.", "img": "https://www.wikihow.com/images/thumb/c/c6/Make-Marijuana-Tea-Step-14.jpg/v4-460px-Make-Marijuana-Tea-Step-14.jpg", "vid": null}, "15": {"text": "Grind the marijuana buds.", "img": "https://www.wikihow.com/images/thumb/1/1a/Make-Marijuana-Tea-Step-15.jpg/v4-460px-Make-Marijuana-Tea-Step-15.jpg", "vid": null}, "16": {"text": "Empty a tea bag and fill it with the marijuana.", "img": "https://www.wikihow.com/images/thumb/d/d8/Make-Marijuana-Tea-Step-16.jpg/v4-460px-Make-Marijuana-Tea-Step-16.jpg", "vid": null}, "17": {"text": "Put the tea bag in a coffee mug.", "img": "https://www.wikihow.com/images/thumb/6/66/Make-Marijuana-Tea-Step-17.jpg/v4-460px-Make-Marijuana-Tea-Step-17.jpg", "vid": null}, "18": {"text": "Boil a cup of hot water.", "img": "https://www.wikihow.com/images/thumb/8/81/Make-Marijuana-Tea-Step-18.jpg/v4-460px-Make-Marijuana-Tea-Step-18.jpg", "vid": null}, "19": {"text": "Pour the water into the mug and let the tea steep for three to five minutes.", "img": "https://www.wikihow.com/images/thumb/9/9e/Make-Marijuana-Tea-Step-19.jpg/v4-460px-Make-Marijuana-Tea-Step-19.jpg", "vid": null}, "20": {"text": "Remove the tea bags and drink the tea.", "img": "https://www.wikihow.com/images/thumb/4/4b/Make-Marijuana-Tea-Step-20.jpg/v4-460px-Make-Marijuana-Tea-Step-20.jpg", "vid": null}}