{"video_url": "https://www.youtube.com/embed/z3PWVwcKnKQ?showinfo=0", "1": {"text": "Choose a large flower for the middle of your boutonniere.", "img": "https://www.wikihow.com/images/thumb/0/05/Make-a-Boutonniere-Step-1.jpg/v4-460px-Make-a-Boutonniere-Step-1.jpg", "vid": null}, "2": {"text": "Remove any deformed petals around the outside of the flower.", "img": null, "vid": "/a/a9/Make a Boutonniere Step 2.360p.mp4"}, "3": {"text": "Snip the stem 1 inch (2.5\u00a0cm) below the bud.", "img": null, "vid": "/f/f7/Make a Boutonniere Step 3.360p.mp4"}, "4": {"text": "Stick an 8\u00a0in (20\u00a0cm) piece of floral wire through the base of the flower.", "img": null, "vid": "/6/60/Make a Boutonniere Step 4.360p.mp4"}, "5": {"text": "Fold the wire in half to create a fake stem.", "img": null, "vid": "/e/ef/Make a Boutonniere Step 5.360p.mp4"}, "6": {"text": "Wrap the wire tightly in floral tape.", "img": null, "vid": "/a/ae/Make a Boutonniere Step 6.360p.mp4"}, "7": {"text": "Group leafy filler plants around the base of the flower and tape them in place.", "img": null, "vid": "/9/90/Make a Boutonniere Step 7.360p.mp4"}, "8": {"text": "Tie ribbons around the stem to add more color to your boutonniere.", "img": null, "vid": "/5/55/Make a Boutonniere Step 8.360p.mp4"}, "9": {"text": "Trim the wire down to 2\u20133\u00a0in (5.1\u20137.6\u00a0cm).", "img": "https://www.wikihow.com/images/thumb/1/1c/Make-a-Boutonniere-Step-9.jpg/v4-460px-Make-a-Boutonniere-Step-9.jpg", "vid": null}}