{"video_url": "https://www.youtube.com/embed/NH4mvcD6DpE?showinfo=0", "1": {"text": "Boil the water.", "img": "https://www.wikihow.com/images/thumb/7/70/Make-Milk-Tea-Step-1-Version-3.jpg/v4-460px-Make-Milk-Tea-Step-1-Version-3.jpg", "vid": null}, "2": {"text": "Place the tea leaves (or tea bags) and water in a teapot.", "img": null, "vid": "/d/d3/Make Milk Tea Step 2 Version 2.360p.mp4"}, "3": {"text": "Let steep.", "img": null, "vid": "/5/5e/Make Milk Tea Step 3.360p.mp4"}, "4": {"text": "Gradually add the milk.", "img": null, "vid": "/3/3d/Make Milk Tea Step 4 Version 2.360p.mp4"}, "5": {"text": "Strain the tea into a teacup or mug.", "img": null, "vid": "/0/0d/Make Milk Tea Step 5 Version 2.360p.mp4"}, "6": {"text": "Add sugar or honey and enjoy.", "img": null, "vid": "/e/ee/Make Milk Tea Step 6 Version 2.360p.mp4"}, "7": {"text": "Boil the water.", "img": "https://www.wikihow.com/images/thumb/3/38/Make-Milk-Tea-Step-7-Version-3.jpg/v4-460px-Make-Milk-Tea-Step-7-Version-3.jpg", "vid": null}, "8": {"text": "Place the tea bags in a large mug.", "img": null, "vid": "/2/2a/Make Milk Tea Step 8 Version 2.360p.mp4"}, "9": {"text": "Let the tea steep.", "img": "https://www.wikihow.com/images/thumb/d/dc/Make-Milk-Tea-Step-9-Version-3.jpg/v4-460px-Make-Milk-Tea-Step-9-Version-3.jpg", "vid": null}, "10": {"text": "Add the condensed milk.", "img": null, "vid": "/3/3f/Make Milk Tea Step 10 Version 2.360p.mp4"}, "11": {"text": "Fill a glass with ice.", "img": "https://www.wikihow.com/images/thumb/1/1b/Make-Milk-Tea-Step-11-Version-3.jpg/v4-460px-Make-Milk-Tea-Step-11-Version-3.jpg", "vid": null}, "12": {"text": "Pour the tea over the ice and enjoy.", "img": null, "vid": "/d/de/Make Milk Tea Step 12 Version 2.360p.mp4"}, "13": {"text": ".", "img": "https://www.wikihow.com/images/thumb/6/69/Make-Milk-Tea-Step-13-Version-2.jpg/v4-460px-Make-Milk-Tea-Step-13-Version-2.jpg", "vid": null}, "14": {"text": ".", "img": "https://www.wikihow.com/images/thumb/2/2e/Make-Milk-Tea-Step-14-Version-2.jpg/v4-460px-Make-Milk-Tea-Step-14-Version-2.jpg", "vid": null}, "15": {"text": ".", "img": "https://www.wikihow.com/images/thumb/6/6b/Make-Milk-Tea-Step-15-Version-2.jpg/v4-460px-Make-Milk-Tea-Step-15-Version-2.jpg", "vid": null}, "16": {"text": "Prepare bubble tea", "img": "https://www.wikihow.com/images/thumb/3/3e/Make-Milk-Tea-Step-16-Version-2.jpg/v4-460px-Make-Milk-Tea-Step-16-Version-2.jpg", "vid": null}, "17": {"text": "Try making spicy, rich chai", "img": "https://www.wikihow.com/images/thumb/e/ea/Make-Milk-Tea-Step-17-Version-2.jpg/v4-460px-Make-Milk-Tea-Step-17-Version-2.jpg", "vid": null}, "18": {"text": "Make a standard cup of English tea", "img": "https://www.wikihow.com/images/thumb/0/0f/Make-Milk-Tea-Step-18-Version-2.jpg/v4-460px-Make-Milk-Tea-Step-18-Version-2.jpg", "vid": null}}