{"video_url": "https://www.youtube.com/embed/i8tfQ5kMWwI?showinfo=0", "1": {"text": "Gather your ingredients.", "img": "https://www.wikihow.com/images/thumb/4/42/Make-Hand-Sanitizer-Step-1-Version-3.jpg/v4-460px-Make-Hand-Sanitizer-Step-1-Version-3.jpg", "vid": null}, "2": {"text": "Mix the alcohol and aloe vera gel in the bowl.", "img": null, "vid": "/f/fd/Make Hand Sanitizer Step 2 Version 2.360p.mp4"}, "3": {"text": "Add the essential oil.", "img": null, "vid": "/b/bb/Make Hand Sanitizer Step 3 Version 2.360p.mp4"}, "4": {"text": "Funnel the mixture into the container.", "img": null, "vid": "/6/69/Make Hand Sanitizer Step 4 Version 2.360p.mp4"}, "5": {"text": "Gather your ingredients.", "img": "https://www.wikihow.com/images/thumb/5/58/Make-Hand-Sanitizer-Step-5-Version-3.jpg/v4-460px-Make-Hand-Sanitizer-Step-5-Version-3.jpg", "vid": null}, "6": {"text": "Stir together the aloe vera gel, tea tree oil and witch hazel.", "img": null, "vid": "/a/af/Make Hand Sanitizer Step 6 Version 2.360p.mp4"}, "7": {"text": "Stir in the essential oil.", "img": "https://www.wikihow.com/images/thumb/3/3f/Make-Hand-Sanitizer-Step-7-Version-3.jpg/v4-460px-Make-Hand-Sanitizer-Step-7-Version-3.jpg", "vid": null}, "8": {"text": "Funnel the mixture into the container.", "img": null, "vid": "/e/e5/Make Hand Sanitizer Step 8 Version 2.360p.mp4"}}