{"video_url": "https://www.youtube.com/embed/IEccovX3qMs?showinfo=0", "1": {"text": "Crease a piece of letter-sized paper in half lengthwise.", "img": null, "vid": "/1/11/Make a Paper Airplane Step 2 Version 6.360p.mp4"}, "2": {"text": "Bring the top corners toward the center crease.", "img": null, "vid": "/2/29/Make a Paper Airplane Step 3 Version 6.360p.mp4"}, "3": {"text": "Fold the angled top edges toward the crease again.", "img": null, "vid": "/5/52/Make a Paper Airplane Step 4 Version 6.360p.mp4"}, "4": {"text": "Fold the paper along the centerline.", "img": null, "vid": "/c/c3/Make a Paper Airplane Step 5 Version 6.360p.mp4"}, "5": {"text": "Crease the angled side toward the center fold to create the wings.", "img": null, "vid": "/3/31/Make a Paper Airplane Step 6 Version 6.360p.mp4"}, "6": {"text": "Crease an 8\u00a01\u20442\u00a0in \u00d7\u00a011\u00a0in (22\u00a0cm \u00d7\u00a028\u00a0cm) piece of paper in half lengthwise.", "img": null, "vid": "/5/55/Make a Paper Airplane Step 7 Version 6.360p.mp4"}, "7": {"text": "Bring the top corners toward the crease in the middle.", "img": null, "vid": "/0/07/Make a Paper Airplane Step 8 Version 6.360p.mp4"}, "8": {"text": "Fold the top point down so there\u2019s 1\u20442\u00a0in (1.3\u00a0cm) left on the bottom.", "img": null, "vid": "/7/78/Make a Paper Airplane Step 9 Version 6.360p.mp4"}, "9": {"text": "Bring the top corners toward the center.", "img": null, "vid": "/2/2b/Make a Paper Airplane Step 10 Version 5.360p.mp4"}, "10": {"text": "Hold your folds in place by folding the bottom point over them.", "img": null, "vid": "/4/40/Make a Paper Airplane Step 11 Version 5.360p.mp4"}, "11": {"text": "Fold the paper in half along the center crease.", "img": null, "vid": "/2/2c/Make a Paper Airplane Step 12 Version 5.360p.mp4"}, "12": {"text": "Crease the wings down so they line up on the bottom edge.", "img": null, "vid": "/3/38/Make a Paper Airplane Step 13 Version 5.360p.mp4"}}