{"video_url": "https://www.youtube.com/embed/sLG_WXyJ9YA?showinfo=0", "1": {"text": "Sketch a swinging boat design in your notebook.", "img": "https://www.wikihow.com/images/thumb/4/41/Make-a-Rocking-Boat-Step-1-Version-4.jpg/v4-460px-Make-a-Rocking-Boat-Step-1-Version-4.jpg", "vid": null}, "2": {"text": "Build a boat using index cards.", "img": null, "vid": "/d/d8/Make a Rocking Boat Step 2 Version 4.360p.mp4"}, "3": {"text": "Attach the boat to one of the binder clips.", "img": "https://www.wikihow.com/images/thumb/d/d3/Make-a-Rocking-Boat-Step-3-Version-4.jpg/v4-460px-Make-a-Rocking-Boat-Step-3-Version-4.jpg", "vid": null}, "4": {"text": "Look at your notebook design for ideas on how to make the swing.", "img": "https://www.wikihow.com/images/thumb/6/6d/Make-a-Rocking-Boat-Step-4-Version-4.jpg/v4-460px-Make-a-Rocking-Boat-Step-4-Version-4.jpg", "vid": null}, "5": {"text": "Use your remaining craft materials to build the swing support.", "img": null, "vid": "/4/4b/Make a Rocking Boat Step 5 Version 4.360p.mp4"}, "6": {"text": "Attach your boat to the swing support.", "img": null, "vid": "/3/38/Make a Rocking Boat Step 6 Version 4.360p.mp4"}, "7": {"text": "Test your boat swing by pushing it with your hand.", "img": null, "vid": "/2/21/Make a Rocking Boat Step 7 Version 4.360p.mp4"}, "8": {"text": "Place magnets around the swing structure.", "img": null, "vid": "/0/0e/Make a Rocking Boat Step 8 Version 4.360p.mp4"}, "9": {"text": "Add some magnets to your boat.", "img": null, "vid": "/5/52/Make a Rocking Boat Step 9 Version 4.360p.mp4"}, "10": {"text": "Test your boat swing to see if it swings for at least 15 seconds.", "img": null, "vid": "/7/74/Make a Rocking Boat Step 10 Version 4.360p.mp4"}, "11": {"text": "Experiment with putting your magnets in different places.", "img": null, "vid": "/a/a8/Make a Rocking Boat Step 11 Version 4.360p.mp4"}, "12": {"text": "Compare your boat swing with your original design.", "img": "https://www.wikihow.com/images/thumb/d/dd/Make-a-Rocking-Boat-Step-12-Version-4.jpg/v4-460px-Make-a-Rocking-Boat-Step-12-Version-4.jpg", "vid": null}, "13": {"text": "Project Completed!", "img": "https://www.wikihow.com/images/thumb/3/34/Make-a-Rocking-Boat-Step-10-Version-4.jpg/v4-460px-Make-a-Rocking-Boat-Step-10-Version-4.jpg", "vid": null}}