{"video_url": "https://www.youtube.com/embed/w1z2qUBBRJY?showinfo=0", "1": {"text": "Slice and soak the potatoes.", "img": "https://www.wikihow.com/images/thumb/d/d5/Make-Poutine-Step-1-Version-3.jpg/v4-460px-Make-Poutine-Step-1-Version-3.jpg", "vid": null}, "2": {"text": "Heat the butter.", "img": null, "vid": "/d/d9/Make Poutine Step 2.360p.mp4"}, "3": {"text": "Add the flour to the butter.", "img": null, "vid": "/2/21/Make Poutine Step 3.360p.mp4"}, "4": {"text": "Add the garlic and shallot.", "img": null, "vid": "/2/26/Make Poutine Step 4.360p.mp4"}, "5": {"text": "Add the stock, ketchup, Worcestershire sauce, peppercorns, salt, and pepper to the mixture.", "img": null, "vid": "/4/41/Make Poutine Step 5.360p.mp4"}, "6": {"text": "Remove the gravy from the heat and set aside.", "img": "https://www.wikihow.com/images/thumb/9/91/Make-Poutine-Step-6-Version-3.jpg/v4-460px-Make-Poutine-Step-6-Version-3.jpg", "vid": null}, "7": {"text": "Cook the potatoes.", "img": null, "vid": "/9/90/Make Poutine Step 7.360p.mp4"}, "8": {"text": "Drain the potatoes and let them cool.", "img": null, "vid": "/5/5f/Make Poutine Step 8.360p.mp4"}, "9": {"text": "Serve the potatoes with gravy and cheese curds.", "img": "https://www.wikihow.com/images/thumb/1/15/Make-Poutine-Step-9-Version-3.jpg/v4-460px-Make-Poutine-Step-9-Version-3.jpg", "vid": null}, "10": {"text": "Cook the white onion in butter until it is transparent.", "img": null, "vid": "/1/10/Make Poutine Step 10.360p.mp4"}, "11": {"text": "Add the garlic powder, onion powder, flour, and cornstarch.", "img": null, "vid": "/6/64/Make Poutine Step 11.360p.mp4"}, "12": {"text": "Add the soy sauce and vegetable broth to the mixture.", "img": null, "vid": "/9/9a/Make Poutine Step 12.360p.mp4"}, "13": {"text": "Set the mixture aside.", "img": "https://www.wikihow.com/images/thumb/a/aa/Make-Poutine-Step-13-Version-3.jpg/v4-460px-Make-Poutine-Step-13-Version-3.jpg", "vid": null}, "14": {"text": "Prepare the potatoes.", "img": "https://www.wikihow.com/images/thumb/7/73/Make-Poutine-Step-14-Version-3.jpg/v4-460px-Make-Poutine-Step-14-Version-3.jpg", "vid": null}, "15": {"text": "Heat the oil and fry the potatoes.", "img": null, "vid": "/6/60/Make Poutine Step 15.360p.mp4"}, "16": {"text": "Add the gravy to the potatoes.", "img": "https://www.wikihow.com/images/thumb/c/c6/Make-Poutine-Step-16-Version-3.jpg/v4-460px-Make-Poutine-Step-16-Version-3.jpg", "vid": null}, "17": {"text": "Serve the poutine right away.", "img": "https://www.wikihow.com/images/thumb/a/a1/Make-Poutine-Step-17-Version-3.jpg/v4-460px-Make-Poutine-Step-17-Version-3.jpg", "vid": null}}