{"video_url": "https://www.youtube.com/embed/Z5OD-wFLUkk?showinfo=0", "1": {"text": "Soften the orange.", "img": "https://www.wikihow.com/images/thumb/1/1a/Make-Orange-Juice-Step-1-Version-5.jpg/v4-460px-Make-Orange-Juice-Step-1-Version-5.jpg", "vid": null}, "2": {"text": "Cut the orange.", "img": null, "vid": "/5/55/Make Orange Juice Step 2 Version 4.360p.mp4"}, "3": {"text": "Juice the orange.", "img": null, "vid": "/b/bd/Make Orange Juice Step 3 Version 4.360p.mp4"}, "4": {"text": "Add pulp.", "img": null, "vid": "/c/cb/Make Orange Juice Step 4 Version 4.360p.mp4"}, "5": {"text": "Drink up!", "img": "https://www.wikihow.com/images/thumb/1/19/Make-Orange-Juice-Step-5-Version-6.jpg/v4-460px-Make-Orange-Juice-Step-5-Version-6.jpg", "vid": null}, "6": {"text": "Prepare the oranges.", "img": null, "vid": "/b/b3/Make Orange Juice Step 6.360p.mp4"}, "7": {"text": "Process the oranges through the feed tube.", "img": "https://www.wikihow.com/images/thumb/b/b5/Make-Orange-Juice-Step-7-Version-2.jpg/v4-460px-Make-Orange-Juice-Step-7-Version-2.jpg", "vid": null}, "8": {"text": "Prepare your oranges for blending.", "img": null, "vid": "/0/02/Make Orange Juice Step 8 Version 4.360p.mp4"}, "9": {"text": "Pulse a few times to break up the oranges.", "img": null, "vid": "/2/24/Make Orange Juice Step 9 Version 4.360p.mp4"}, "10": {"text": "Taste test the juice.", "img": null, "vid": "/e/eb/Make Orange Juice Step 10 Version 4.360p.mp4"}, "11": {"text": "Run the blender again.", "img": null, "vid": "/e/e0/Make Orange Juice Step 11 Version 4.360p.mp4"}, "12": {"text": "Let sit for a few minutes to settle, then serve!", "img": null, "vid": "/7/77/Make Orange Juice Step 12.360p.mp4"}}