{"video_url": "https://www.youtube.com/embed/_9xXPbijzug?showinfo=0", "1": {"text": "Pour the filtered water into an open container.", "img": "https://www.wikihow.com/images/thumb/b/b3/Make-Mineral-Water-Step-1-Version-2.jpg/v4-460px-Make-Mineral-Water-Step-1-Version-2.jpg", "vid": null}, "2": {"text": "Mix the baking soda into the water.", "img": null, "vid": "/3/35/Make Mineral Water Step 2.360p.mp4"}, "3": {"text": "Add the epsom salt to the water.", "img": null, "vid": "/0/0b/Make Mineral Water Step 3.360p.mp4"}, "4": {"text": "Stir the potassium bicarbonate into the water.", "img": null, "vid": "/4/47/Make Mineral Water Step 4.360p.mp4"}, "5": {"text": "Transfer the mixture to a seltzer bottle and enjoy.", "img": "https://www.wikihow.com/images/thumb/2/20/Make-Mineral-Water-Step-5-Version-2.jpg/v4-460px-Make-Mineral-Water-Step-5-Version-2.jpg", "vid": null}, "6": {"text": "Add the filtered water to a container.", "img": null, "vid": "/2/24/Make Mineral Water Step 6.360p.mp4"}, "7": {"text": "Stir in the epsom salts.", "img": null, "vid": "/6/62/Make Mineral Water Step 7.360p.mp4"}, "8": {"text": "Mix in the calcium chloride.", "img": null, "vid": "/c/cf/Make Mineral Water Step 8.360p.mp4"}, "9": {"text": "Use a seltzer bottle to carbonate the water or enjoy as is.", "img": "https://www.wikihow.com/images/thumb/8/8b/Make-Mineral-Water-Step-9-Version-2.jpg/v4-460px-Make-Mineral-Water-Step-9-Version-2.jpg", "vid": null}}