{"video_url": "https://www.youtube.com/embed/LMeA20yOD3A?showinfo=0", "1": {"text": "Cut a 12-inch (30.48-centimeter) piece of yarn, and set it aside.", "img": "https://www.wikihow.com/images/thumb/4/47/Make-a-Yarn-Pompom-Step-1-Version-5.jpg/v4-460px-Make-a-Yarn-Pompom-Step-1-Version-5.jpg", "vid": null}, "2": {"text": "Drape your yarn around your fingers.", "img": null, "vid": "/a/a9/Make a Yarn Pompom Step 2 Version 3.360p.mp4"}, "3": {"text": "Wrap the yarn around your fingers.", "img": null, "vid": "/9/91/Make a Yarn Pompom Step 3 Version 3.360p.mp4"}, "4": {"text": "Carefully pull the yarn off your fingers and set it down on top of your short piece of yarn.", "img": null, "vid": "/9/94/Make a Yarn Pompom Step 4 Version 3.360p.mp4"}, "5": {"text": "Tie the yarn tightly around your bundle.", "img": null, "vid": "/5/54/Make a Yarn Pompom Step 5 Version 3.360p.mp4"}, "6": {"text": "Turn the bundle over, and tie the yarn into a double knot.", "img": null, "vid": "/1/1d/Make a Yarn Pompom Step 6 Version 3.360p.mp4"}, "7": {"text": "Trim off the excess yarn, then cut through the loops to either side of the bundle.", "img": null, "vid": "/4/40/Make a Yarn Pompom Step 7 Version 2.360p.mp4"}, "8": {"text": "Fluff the pompom up.", "img": null, "vid": "/6/67/Make a Yarn Pompom Step 8 Version 2.360p.mp4"}, "9": {"text": "Shape and neaten the pompom.", "img": null, "vid": "/a/a6/Make a Yarn Pompom Step 9 Version 2.360p.mp4"}, "10": {"text": "Use a cup to trace a circle onto a piece of cardboard.", "img": null, "vid": "/e/ee/Make a Yarn Pompom Step 10 Version 2.360p.mp4"}, "11": {"text": "Trace a smaller circle inside the first one.", "img": null, "vid": "/f/ff/Make a Yarn Pompom Step 11 Version 2.360p.mp4"}, "12": {"text": "Cut the circles out using a craft blade.", "img": null, "vid": "/b/b9/Make a Yarn Pompom Step 12 Version 2.360p.mp4"}, "13": {"text": "Cut a \u00bd-inch (1.27-centimeter) wide slit into the doughnut.", "img": null, "vid": "/5/5a/Make a Yarn Pompom Step 13 Version 2.360p.mp4"}, "14": {"text": "Use your doughnut to trace and cut a second one just like it.", "img": null, "vid": "/2/23/Make a Yarn Pompom Step 14 Version 2.360p.mp4"}, "15": {"text": "Start wrapping the yarn around your doughnut.", "img": null, "vid": "/6/6d/Make a Yarn Pompom Step 15 Version 2.360p.mp4"}, "16": {"text": "Keep wrapping the yarn, back and forth, across your doughnut until the center hole is full.", "img": null, "vid": "/1/10/Make a Yarn Pompom Step 16 Version 2.360p.mp4"}, "17": {"text": "Cut the yarn.", "img": null, "vid": "/c/c3/Make a Yarn Pompom Step 17 Version 2.360p.mp4"}, "18": {"text": "Cut a long piece of yarn, and tie it around the middle of your yarn bundle.", "img": null, "vid": "/b/b7/Make a Yarn Pompom Step 18 Version 2.360p.mp4"}, "19": {"text": "Carefully pull the cardboard doughnuts off of your pompom.", "img": null, "vid": "/a/a4/Make a Yarn Pompom Step 19 Version 2.360p.mp4"}, "20": {"text": "Fluff up the pompom.", "img": null, "vid": "/5/5c/Make a Yarn Pompom Step 20 Version 2.360p.mp4"}, "21": {"text": "Neaten and even your pompom out.", "img": null, "vid": "/b/bf/Make a Yarn Pompom Step 21 Version 2.360p.mp4"}, "22": {"text": "Place the end of your yarn horizontally across the prongs of a fork.", "img": null, "vid": "/4/47/Make a Yarn Pompom Step 22 Version 2.360p.mp4"}, "23": {"text": "Wrap the yarn around 90 times, then trim the rest off.", "img": null, "vid": "/4/4e/Make a Yarn Pompom Step 23 Version 2.360p.mp4"}, "24": {"text": "Cut a 12-inch (30.48-centimeter) piece of yarn.", "img": null, "vid": "/9/9c/Make a Yarn Pompom Step 24 Version 2.360p.mp4"}, "25": {"text": "Wrap the short piece of yarn tightly around the wrapped yarn on your fork.", "img": null, "vid": "/c/c0/Make a Yarn Pompom Step 25 Version 2.360p.mp4"}, "26": {"text": "Tie the short piece of yarn into a tight, double knot.", "img": null, "vid": "/9/9c/Make a Yarn Pompom Step 26 Version 2.360p.mp4"}, "27": {"text": "Slide the wrapped yarn off of the fork, then snip through the loops on either side.", "img": null, "vid": "/2/21/Make a Yarn Pompom Step 27 Version 2.360p.mp4"}, "28": {"text": "Even out the pompom.", "img": null, "vid": "/7/7a/Make a Yarn Pompom Step 28.360p.mp4"}}