{"video_url": "https://www.youtube.com/embed/inC4SG2J9mo", "1": {"text": "Gather supplies.", "img": "https://www.wikihow.com/images/thumb/d/de/Make-Homemade-Wine-Step-1-Version-2.jpg/v4-460px-Make-Homemade-Wine-Step-1-Version-2.jpg", "vid": null}, "2": {"text": "Pick out your fruit.", "img": "https://www.wikihow.com/images/thumb/9/98/Make-Homemade-Wine-Step-2-Version-2.jpg/v4-460px-Make-Homemade-Wine-Step-2-Version-2.jpg", "vid": null}, "3": {"text": "Clean the fruit.", "img": "https://www.wikihow.com/images/thumb/e/ec/Make-Homemade-Wine-Step-3-Version-2.jpg/v4-460px-Make-Homemade-Wine-Step-3-Version-2.jpg", "vid": null}, "4": {"text": "Crush the fruit.", "img": "https://www.wikihow.com/images/thumb/4/4c/Make-Homemade-Wine-Step-4-Version-2.jpg/v4-460px-Make-Homemade-Wine-Step-4-Version-2.jpg", "vid": null}, "5": {"text": "Stir in the honey.", "img": "https://www.wikihow.com/images/thumb/f/f8/Make-Homemade-Wine-Step-5-Version-2.jpg/v4-460px-Make-Homemade-Wine-Step-5-Version-2.jpg", "vid": null}, "6": {"text": "Add the yeast.", "img": "https://www.wikihow.com/images/thumb/7/7a/Make-Homemade-Wine-Step-6-Version-2.jpg/v4-460px-Make-Homemade-Wine-Step-6-Version-2.jpg", "vid": null}, "7": {"text": "Cover the crock and store overnight.", "img": "https://www.wikihow.com/images/thumb/7/7c/Make-Homemade-Wine-Step-7-Version-2.jpg/v4-460px-Make-Homemade-Wine-Step-7-Version-2.jpg", "vid": null}, "8": {"text": "Stir the must few times per day.", "img": "https://www.wikihow.com/images/thumb/8/87/Make-Homemade-Wine-Step-8-Version-2.jpg/v4-460px-Make-Homemade-Wine-Step-8-Version-2.jpg", "vid": null}, "9": {"text": "Strain and siphon the liquid.", "img": "https://www.wikihow.com/images/thumb/b/bb/Make-Homemade-Wine-Step-9-Version-2.jpg/v4-460px-Make-Homemade-Wine-Step-9-Version-2.jpg", "vid": null}, "10": {"text": "Let the wine age for at least one month.", "img": "https://www.wikihow.com/images/thumb/8/85/Make-Homemade-Wine-Step-10-Version-2.jpg/v4-460px-Make-Homemade-Wine-Step-10-Version-2.jpg", "vid": null}, "11": {"text": "Bottle the wine.", "img": "https://www.wikihow.com/images/thumb/f/fd/Make-Homemade-Wine-Step-11-Version-2.jpg/v4-460px-Make-Homemade-Wine-Step-11-Version-2.jpg", "vid": null}, "12": {"text": "Learn the tricks that lead to successful wine-making.", "img": "https://www.wikihow.com/images/thumb/5/54/Make-Homemade-Wine-Step-12.jpg/v4-460px-Make-Homemade-Wine-Step-12.jpg", "vid": null}, "13": {"text": "Know what to avoid with home wine-making.", "img": "https://www.wikihow.com/images/thumb/6/6e/Make-Homemade-Wine-Step-13.jpg/v4-460px-Make-Homemade-Wine-Step-13.jpg", "vid": null}}