{"video_url": "https://www.youtube.com/embed/rE4WgtQI3BE?showinfo=0", "1": {"text": "Preheat your oven to 375\u00a0\u00b0F (191\u00a0\u00b0C).", "img": "https://www.wikihow.com/images/thumb/f/fe/Make-Hardtack-Step-1-Version-5.jpg/v4-460px-Make-Hardtack-Step-1-Version-5.jpg", "vid": null}, "2": {"text": "Pour 2 cups (256 g) of white flour into a mixing bowl.", "img": null, "vid": "/b/bc/Make Hardtack Step 2 Version 2.360p.mp4"}, "3": {"text": "Mix in 1 cup (240\u00a0ml) of water into the flour.", "img": null, "vid": "/b/b9/Make Hardtack Step 3 Version 2.360p.mp4"}, "4": {"text": "Knead the dough into a ball.", "img": null, "vid": "/5/51/Make Hardtack Step 4 Version 2.360p.mp4"}, "5": {"text": "Roll the dough until it\u2019s 1\u20444 inch (0.64\u00a0cm) thick.", "img": null, "vid": "/3/30/Make Hardtack Step 5 Version 2.360p.mp4"}, "6": {"text": "Cut the dough into 3\u00a0in (7.6\u00a0cm) x 3\u00a0in (7.6\u00a0cm) squares.", "img": null, "vid": "/b/b8/Make Hardtack Step 6 Version 2.360p.mp4"}, "7": {"text": "Poke evenly-spaced holes in straight lines in each cracker.", "img": null, "vid": "/f/f7/Make Hardtack Step 7 Version 2.360p.mp4"}, "8": {"text": "Lay the crackers out on a baking sheet.", "img": "https://www.wikihow.com/images/thumb/a/a0/Make-Hardtack-Step-8-Version-5.jpg/v4-460px-Make-Hardtack-Step-8-Version-5.jpg", "vid": null}, "9": {"text": "Bake the hardtack for 30 minutes on each side.", "img": "https://www.wikihow.com/images/thumb/e/e2/Make-Hardtack-Step-9-Version-5.jpg/v4-460px-Make-Hardtack-Step-9-Version-5.jpg", "vid": null}, "10": {"text": "Transfer the crackers into an airtight container after they've cooled.", "img": "https://www.wikihow.com/images/thumb/d/db/Make-Hardtack-Step-10-Version-5.jpg/v4-460px-Make-Hardtack-Step-10-Version-5.jpg", "vid": null}, "11": {"text": "Store the crackers in a cool area away from direct sunlight.", "img": "https://www.wikihow.com/images/thumb/a/a0/Make-Hardtack-Step-11-Version-5.jpg/v4-460px-Make-Hardtack-Step-11-Version-5.jpg", "vid": null}, "12": {"text": "Mix in some spices for extra flavor.", "img": "https://www.wikihow.com/images/thumb/4/48/Make-Hardtack-Step-12-Version-5.jpg/v4-460px-Make-Hardtack-Step-12-Version-5.jpg", "vid": null}, "13": {"text": "Include \u00bc cup (85 g) of coconut oil in your recipe for more sweetness.", "img": null, "vid": "/5/51/Make Hardtack Step 13 Version 2.360p.mp4"}, "14": {"text": "Pour 1 tbsp (21.5 g) of honey into the dough.", "img": null, "vid": "/f/ff/Make Hardtack Step 14 Version 2.360p.mp4"}, "15": {"text": "Substitute white flour with sorghum flour for a sweeter flavor.", "img": "https://www.wikihow.com/images/thumb/7/76/Make-Hardtack-Step-15-Version-5.jpg/v4-460px-Make-Hardtack-Step-15-Version-5.jpg", "vid": null}}