{"video_url": "https://www.youtube.com/embed/60JrYuHvX7Q?showinfo=0", "1": {"text": "Put \u00bc teaspoon (1.5 g) of baking soda in a plastic container.", "img": "https://www.wikihow.com/images/thumb/c/ca/Bleach-Your-Teeth-with-Baking-Soda-Step-2.jpg/v4-460px-Bleach-Your-Teeth-with-Baking-Soda-Step-2.jpg", "vid": null}, "2": {"text": "Add 2 teaspoons (9.9\u00a0mL) of water to your baking soda and mix well.", "img": null, "vid": "/e/e9/Make a Bouncy Ball (Without Borax) Step 2.360p.mp4"}, "3": {"text": "Squeeze about 3 tablespoons (28 g) of school glue in a plastic container.", "img": null, "vid": "/4/48/Make a Bouncy Ball (Without Borax) Step 3.360p.mp4"}, "4": {"text": "Add 1 drop of food coloring to your glue.", "img": "https://www.wikihow.com/images/thumb/7/7c/Make-a-Bouncy-Ball-%28Without-Borax%29-Step-4-Version-2.jpg/v4-460px-Make-a-Bouncy-Ball-%28Without-Borax%29-Step-4-Version-2.jpg", "vid": null}, "5": {"text": "Stir your water and baking soda mix into the glue.", "img": null, "vid": "/0/04/Make a Bouncy Ball (Without Borax) Step 5.360p.mp4"}, "6": {"text": "Mold your mixture into a ball shape.", "img": "https://www.wikihow.com/images/thumb/1/11/Make-a-Bouncy-Ball-%28Without-Borax%29-Step-6-Version-2.jpg/v4-460px-Make-a-Bouncy-Ball-%28Without-Borax%29-Step-6-Version-2.jpg", "vid": null}, "7": {"text": "Let your bouncy ball dry for 24 hours.", "img": "https://www.wikihow.com/images/thumb/e/ee/Make-a-Bouncy-Ball-%28Without-Borax%29-Step-7.jpg/v4-460px-Make-a-Bouncy-Ball-%28Without-Borax%29-Step-7.jpg", "vid": null}, "8": {"text": "Put 2 tablespoons (15 g) of cornstarch into a plastic container.", "img": null, "vid": "/5/58/Make a Bouncy Ball (Without Borax) Step 8.360p.mp4"}, "9": {"text": "Add 1\u20448 cup (30\u00a0mL) of water to the cornstarch and mix well.", "img": null, "vid": "/7/75/Make a Bouncy Ball (Without Borax) Step 9.360p.mp4"}, "10": {"text": "Mix in 1 drop of food coloring.", "img": "https://www.wikihow.com/images/thumb/6/67/Make-a-Bouncy-Ball-%28Without-Borax%29-Step-10.jpg/v4-460px-Make-a-Bouncy-Ball-%28Without-Borax%29-Step-10.jpg", "vid": null}, "11": {"text": "Microwave your mixture for 30 seconds and let it cool.", "img": "https://www.wikihow.com/images/thumb/0/0c/Make-a-Bouncy-Ball-%28Without-Borax%29-Step-11.jpg/v4-460px-Make-a-Bouncy-Ball-%28Without-Borax%29-Step-11.jpg", "vid": null}, "12": {"text": "Form your mixture into a ball.", "img": null, "vid": "/c/c1/Make a Bouncy Ball (Without Borax) Step 12.360p.mp4"}, "13": {"text": "Let your bouncy ball dry for at least 10 hours.", "img": "https://www.wikihow.com/images/thumb/f/f2/Make-a-Bouncy-Ball-%28Without-Borax%29-Step-13.jpg/v4-460px-Make-a-Bouncy-Ball-%28Without-Borax%29-Step-13.jpg", "vid": null}}