{"video_url": "https://www.youtube.com/embed/y6A50c_AMtk?showinfo=0", "1": {"text": "Rinse 18 apples.", "img": "https://www.wikihow.com/images/thumb/b/b3/Make-Apple-Juice-Step-1-Version-2.jpg/v4-460px-Make-Apple-Juice-Step-1-Version-2.jpg", "vid": null}, "2": {"text": ".", "img": null, "vid": "/9/9c/Make Apple Juice Step 2 Version 2.360p.mp4"}, "3": {"text": "Put the apples in a pot and cover them with 2 inches (5.1\u00a0cm) of water.", "img": null, "vid": "/a/a7/Make Apple Juice Step 3 Version 2.360p.mp4"}, "4": {"text": "Cover and simmer the apples for 20 to 25 minutes.", "img": "https://www.wikihow.com/images/thumb/6/6e/Make-Apple-Juice-Step-4-Version-2.jpg/v4-460px-Make-Apple-Juice-Step-4-Version-2.jpg", "vid": null}, "5": {"text": "Place a fine-mesh strainer over a bowl or pitcher.", "img": "https://www.wikihow.com/images/thumb/e/eb/Make-Apple-Juice-Step-5-Version-2.jpg/v4-460px-Make-Apple-Juice-Step-5-Version-2.jpg", "vid": null}, "6": {"text": "Drain the apple juice through the strainer.", "img": "https://www.wikihow.com/images/thumb/3/33/Make-Apple-Juice-Step-6-Version-2.jpg/v4-460px-Make-Apple-Juice-Step-6-Version-2.jpg", "vid": null}, "7": {"text": "Cool and taste the apple juice.", "img": null, "vid": "/0/0d/Make Apple Juice Step 7 Version 2.360p.mp4"}, "8": {"text": "Refrigerate the apple juice for up to 1 week.", "img": "https://www.wikihow.com/images/thumb/c/c2/Make-Apple-Juice-Step-8-Version-2.jpg/v4-460px-Make-Apple-Juice-Step-8-Version-2.jpg", "vid": null}, "9": {"text": "Rinse and cut 4 apples into quarters.", "img": "https://www.wikihow.com/images/thumb/3/3f/Apple-step-1.jpg/v4-460px-Apple-step-1.jpg", "vid": null}, "10": {"text": "Put the apples and 1\u20444 cup (59\u00a0ml) of cold water into a blender.", "img": null, "vid": "/7/79/Make Apple Juice Step 10 Version 2.360p.mp4"}, "11": {"text": "Blend the apples for 45 seconds on high speed.", "img": "https://www.wikihow.com/images/thumb/1/18/Make-Apple-Juice-Step-12-Version-2.jpg/v4-460px-Make-Apple-Juice-Step-12-Version-2.jpg", "vid": null}, "12": {"text": "Drain the apple juice through a fine-mesh strainer.", "img": null, "vid": "/9/9c/Make Apple Juice Step 13 Version 2.360p.mp4"}, "13": {"text": "Serve the apple juice immediately.", "img": "https://www.wikihow.com/images/thumb/f/f4/Make-Apple-Juice-Step-14-Version-2.jpg/v4-460px-Make-Apple-Juice-Step-14-Version-2.jpg", "vid": null}, "14": {"text": "Turn the blender to low speed before increasing to high.", "img": "https://www.wikihow.com/images/thumb/0/02/Make-Apple-Juice-Step-11-Version-2.jpg/v4-460px-Make-Apple-Juice-Step-11-Version-2.jpg", "vid": null}}