{"video_url": "https://www.youtube.com/embed/SAVJXFHTnEw?showinfo=0", "1": {"text": "Pour 2 cups (256 g) of granulated sugar into a bowl.", "img": "https://www.wikihow.com/images/thumb/6/69/Make-Peppermint-Sugar-Scrub-Step-1-Version-4.jpg/v4-460px-Make-Peppermint-Sugar-Scrub-Step-1-Version-4.jpg", "vid": null}, "2": {"text": "Mix in 1\u20442\u00a0\u00a0c (120\u00a0mL) of melted coconut oil.", "img": null, "vid": "/1/13/Make Peppermint Sugar Scrub Step 2.360p.mp4"}, "3": {"text": "Drop 15 to 20 drops of peppermint essential oil into the mixture.", "img": null, "vid": "/c/c3/Make Peppermint Sugar Scrub Step 3.360p.mp4"}, "4": {"text": "Divide the scrub into 2 equal parts.", "img": null, "vid": "/a/a8/Make Peppermint Sugar Scrub Step 4.360p.mp4"}, "5": {"text": "Mix in 2 drops of red food coloring into 1 part of the sugar mix.", "img": null, "vid": "/b/bd/Make Peppermint Sugar Scrub Step 5.360p.mp4"}, "6": {"text": "Add alternating layers of white and red scrub to a glass jar.", "img": null, "vid": "/f/f9/Make Peppermint Sugar Scrub Step 6.360p.mp4"}, "7": {"text": "Press down on the sugar scrub with a spoon to compact it.", "img": null, "vid": "/7/7e/Make Peppermint Sugar Scrub Step 7.360p.mp4"}, "8": {"text": "Seal the jar with a lid to keep it airtight.", "img": null, "vid": "/f/f1/Make Peppermint Sugar Scrub Step 8.360p.mp4"}, "9": {"text": "Stick a label onto the front of the jar for a cute gift.", "img": "https://www.wikihow.com/images/thumb/a/aa/Make-Peppermint-Sugar-Scrub-Step-9.jpg/v4-460px-Make-Peppermint-Sugar-Scrub-Step-9.jpg", "vid": null}}