{"video_url": "https://www.youtube.com/embed/BMfNdlm3kWg", "1": {"text": "Select a workspace.", "img": "https://www.wikihow.com/images/thumb/1/16/Make-a-Medical-Marijuana-Oil-Step-1-Version-3.jpg/v4-460px-Make-a-Medical-Marijuana-Oil-Step-1-Version-3.jpg", "vid": null}, "2": {"text": "Retrieve the materials.", "img": "https://www.wikihow.com/images/thumb/a/ac/Make-a-Medical-Marijuana-Oil-Step-2-Version-3.jpg/v4-460px-Make-a-Medical-Marijuana-Oil-Step-2-Version-3.jpg", "vid": null}, "3": {"text": "Gather your tools.", "img": "https://www.wikihow.com/images/thumb/e/e3/Make-a-Medical-Marijuana-Oil-Step-3-Version-2.jpg/v4-460px-Make-a-Medical-Marijuana-Oil-Step-3-Version-2.jpg", "vid": null}, "4": {"text": "Consider wearing protective gear.", "img": "https://www.wikihow.com/images/thumb/5/58/Make-a-Medical-Marijuana-Oil-Step-4-Version-3.jpg/v4-460px-Make-a-Medical-Marijuana-Oil-Step-4-Version-3.jpg", "vid": null}, "5": {"text": "Soak the medical cannabis buds in the solvent.", "img": "https://www.wikihow.com/images/thumb/3/3f/Make-a-Medical-Marijuana-Oil-Step-5-Version-3.jpg/v4-460px-Make-a-Medical-Marijuana-Oil-Step-5-Version-3.jpg", "vid": null}, "6": {"text": "Stir the mixture.", "img": "https://www.wikihow.com/images/thumb/d/d4/Make-a-Medical-Marijuana-Oil-Step-6-Version-3.jpg/v4-460px-Make-a-Medical-Marijuana-Oil-Step-6-Version-3.jpg", "vid": null}, "7": {"text": "Strain the solvent-medical cannabis mixture into another container.", "img": "https://www.wikihow.com/images/thumb/a/a6/Make-a-Medical-Marijuana-Oil-Step-7-Version-3.jpg/v4-460px-Make-a-Medical-Marijuana-Oil-Step-7-Version-3.jpg", "vid": null}, "8": {"text": "Soak, mix, and strain the mixture a second time.", "img": "https://www.wikihow.com/images/thumb/d/dd/Make-a-Medical-Marijuana-Oil-Step-8-Version-3.jpg/v4-460px-Make-a-Medical-Marijuana-Oil-Step-8-Version-3.jpg", "vid": null}, "9": {"text": "Boil off the solvent in a double boiler.", "img": "https://www.wikihow.com/images/thumb/b/b3/Make-a-Medical-Marijuana-Oil-Step-9-Version-3.jpg/v4-460px-Make-a-Medical-Marijuana-Oil-Step-9-Version-3.jpg", "vid": null}, "10": {"text": "Boil off the solvent in a rice cooker.", "img": "https://www.wikihow.com/images/thumb/0/0f/Make-a-Medical-Marijuana-Oil-Step-10-Version-3.jpg/v4-460px-Make-a-Medical-Marijuana-Oil-Step-10-Version-3.jpg", "vid": null}, "11": {"text": "Fill syringes with the medical marijuana oil.", "img": "https://www.wikihow.com/images/thumb/8/81/Feed-a-Hamster-Medicine-Step-2-Version-2.jpg/v4-460px-Feed-a-Hamster-Medicine-Step-2-Version-2.jpg", "vid": null}}