{"video_url": "https://www.youtube.com/embed/FJmojYM2I94?showinfo=0", "1": {"text": "Choose apples.", "img": "https://www.wikihow.com/images/thumb/c/c0/Make-Apple-Cider-Vinegar-Step-1-Version-2.jpg/v4-460px-Make-Apple-Cider-Vinegar-Step-1-Version-2.jpg", "vid": null}, "2": {"text": "Wash your apples in cold water.", "img": "https://www.wikihow.com/images/thumb/a/a6/Make-Apple-Cider-Vinegar-Step-2-Version-2.jpg/v4-460px-Make-Apple-Cider-Vinegar-Step-2-Version-2.jpg", "vid": null}, "3": {"text": "Cut the apples into small cubes.", "img": null, "vid": "/e/e1/Make Apple Cider Vinegar Step 3.360p.mp4"}, "4": {"text": "Cover the apples with water.", "img": null, "vid": "/7/77/Make Apple Cider Vinegar Step 5.360p.mp4"}, "5": {"text": "Add 1 teaspoon (4 grams) of raw sugar for each apple.", "img": null, "vid": "/f/f6/Make Apple Cider Vinegar Step 6.360p.mp4"}, "6": {"text": "Cover the jar with a cheesecloth.", "img": null, "vid": "/b/b6/Make Apple Cider Vinegar Step 7.360p.mp4"}, "7": {"text": "Keep the jar in a warm, dark place.", "img": null, "vid": "/1/15/Make Apple Cider Vinegar Step 8.360p.mp4"}, "8": {"text": "Stir the mixture once or twice a day.", "img": null, "vid": "/4/44/Make Apple Cider Vinegar Step 9.360p.mp4"}, "9": {"text": "Wait for the apples to sink to the bottom of the jar.", "img": null, "vid": "/4/4f/Make Apple Cider Vinegar Step 10.360p.mp4"}, "10": {"text": "Strain the apples from the cider and pour the cider back into the jar.", "img": null, "vid": "/f/f9/Make Apple Cider Vinegar Step 11.360p.mp4"}, "11": {"text": "Leave the cider to ferment for 3 to 6 weeks, stirring every few days.", "img": null, "vid": "/d/d9/Make Apple Cider Vinegar Step 12.360p.mp4"}, "12": {"text": "Transfer the fermented vinegar to a lidded glass jar and store.", "img": null, "vid": "/0/01/Make Apple Cider Vinegar Step 13.360p.mp4"}}