{"video_url": "https://www.youtube.com/embed/ZnSmGDNOFpI?showinfo=0", "1": {"text": "Pour the water into a steamer", "img": "https://www.wikihow.com/images/thumb/4/45/Make-Couscous-Step-1-Version-3.jpg/v4-460px-Make-Couscous-Step-1-Version-3.jpg", "vid": null}, "2": {"text": "Put the semolina into a bowl", "img": null, "vid": "/a/ac/Make Couscous Step 2.360p.mp4"}, "3": {"text": "When the ingredients are mixed thoroughly, pass the mixture through a sieve.", "img": null, "vid": "/4/44/Make Couscous Step 3.360p.mp4"}, "4": {"text": "Cook the semolina mixture in the steamer for 15 minutes.", "img": null, "vid": "/f/f1/Make Couscous Step 4.360p.mp4"}, "5": {"text": "Remove the steamed semolina", "img": null, "vid": "/a/a1/Make Couscous Step 5.360p.mp4"}, "6": {"text": "Add the oil and the remaining water", "img": null, "vid": "/e/e2/Make Couscous Step 6.360p.mp4"}, "7": {"text": "Cook the semolina in the steamer for another 15 minutes.", "img": "https://www.wikihow.com/images/thumb/3/31/Make-Couscous-Step-7-Version-3.jpg/v4-460px-Make-Couscous-Step-7-Version-3.jpg", "vid": null}, "8": {"text": "Steam the couscous for a third time, approximately 15 minutes.", "img": "https://www.wikihow.com/images/thumb/3/38/Make-Couscous-Step-8-Version-3.jpg/v4-460px-Make-Couscous-Step-8-Version-3.jpg", "vid": null}, "9": {"text": "Serve hot", "img": "https://www.wikihow.com/images/thumb/a/aa/Make-Couscous-Step-9-Version-2.jpg/v4-460px-Make-Couscous-Step-9-Version-2.jpg", "vid": null}, "10": {"text": "Finished.", "img": "https://www.wikihow.com/images/thumb/9/93/Make-Couscous-Step-10-Version-2.jpg/v4-460px-Make-Couscous-Step-10-Version-2.jpg", "vid": null}, "11": {"text": "Use this simple trick for easier, fluffier couscous preparation.", "img": "https://www.wikihow.com/images/thumb/2/22/Make-Couscous-Step-11-Version-2.jpg/v4-460px-Make-Couscous-Step-11-Version-2.jpg", "vid": null}, "12": {"text": "Line the bottom of a casserole dish with 3 cups of couscous.", "img": null, "vid": "/6/67/Make Couscous Step 12.360p.mp4"}, "13": {"text": "Bring 4 1/2 cups of water to a rolling boil.", "img": null, "vid": "/4/4a/Make Couscous Step 13.360p.mp4"}, "14": {"text": "Add salt and oil to the boiling water.", "img": null, "vid": "/c/c0/Make Couscous Step 14.360p.mp4"}, "15": {"text": "Carefully pour the boiling water into the casserole dish.", "img": "https://www.wikihow.com/images/thumb/c/c1/Make-Couscous-Step-15-Version-2.jpg/v4-460px-Make-Couscous-Step-15-Version-2.jpg", "vid": null}, "16": {"text": "Cover the casserole dish with plastic wrap and wait 15 minutes.", "img": null, "vid": "/3/3c/Make Couscous Step 16.360p.mp4"}, "17": {"text": "After 15 minutes, uncover the plastic wrap and fluff the couscous with a fork.", "img": null, "vid": "/5/52/Make Couscous Step 17.360p.mp4"}, "18": {"text": "Finished.", "img": "https://www.wikihow.com/images/thumb/d/d0/Make-Couscous-Step-18-Version-2.jpg/v4-460px-Make-Couscous-Step-18-Version-2.jpg", "vid": null}}