{"video_url": "https://www.youtube.com/embed/YwQdpHeEAaQ", "1": {"text": "Cut a single piece of duct tape to 9 inches (23\u00a0cm).", "img": null, "vid": "/a/a7/Make a Duct Tape Wallet Step 1 Version 4.360p.mp4"}, "2": {"text": "Place a second piece of duct tape on top of the first one lengthwise.", "img": null, "vid": "/5/55/Make a Duct Tape Wallet Step 2 Version 5.360p.mp4"}, "3": {"text": "Fold the sticky part of the first strip up over the second piece.", "img": null, "vid": "/8/8b/Make a Duct Tape Wallet Step 3 Version 5.360p.mp4"}, "4": {"text": "Peel the duct tape up and add another strip.", "img": null, "vid": "/4/4f/Make a Duct Tape Wallet Step 4 Version 5.360p.mp4"}, "5": {"text": "Continue flipping the duct tape and adding strips to extend the length.", "img": null, "vid": "/c/c6/Make a Duct Tape Wallet Step 5 Version 5.360p.mp4"}, "6": {"text": "Fold the final piece of tape over the end to make a clean edge.", "img": null, "vid": "/5/5d/Make a Duct Tape Wallet Step 6 Version 5.360p.mp4"}, "7": {"text": "Trim the edges of the duct tape.", "img": "https://www.wikihow.com/images/thumb/b/ba/Make-a-Duct-Tape-Wallet-Step-7-Version-6.jpg/v4-460px-Make-a-Duct-Tape-Wallet-Step-7-Version-6.jpg", "vid": null}, "8": {"text": "Fold the rectangle in half lengthwise.", "img": null, "vid": "/8/8a/Make a Duct Tape Wallet Step 7 Version 5.360p.mp4"}, "9": {"text": "Tape the edges closed.", "img": "https://www.wikihow.com/images/thumb/e/e5/Make-a-Duct-Tape-Wallet-Step-9-Version-6.jpg/v4-460px-Make-a-Duct-Tape-Wallet-Step-9-Version-6.jpg", "vid": null}, "10": {"text": "Fold your wallet in half the other direction.", "img": null, "vid": "/6/65/Make a Duct Tape Wallet Step 8 Version 5.360p.mp4"}, "11": {"text": "Make singular strips of duct tape without sticky sides.", "img": "https://www.wikihow.com/images/thumb/c/c3/Make-a-Duct-Tape-Wallet-Step-11-Version-6.jpg/v4-460px-Make-a-Duct-Tape-Wallet-Step-11-Version-6.jpg", "vid": null}, "12": {"text": "Peel the tape up and fold the sticky sides down on either end.", "img": "https://www.wikihow.com/images/thumb/6/63/Make-a-Duct-Tape-Wallet-Step-12-Version-6.jpg/v4-460px-Make-a-Duct-Tape-Wallet-Step-12-Version-6.jpg", "vid": null}, "13": {"text": "Tape 1 pocket in place.", "img": "https://www.wikihow.com/images/thumb/8/86/Make-a-Duct-Tape-Wallet-Step-13-Version-6.jpg/v4-460px-Make-a-Duct-Tape-Wallet-Step-13-Version-6.jpg", "vid": null}, "14": {"text": "Layer your other pockets below the first one.", "img": "https://www.wikihow.com/images/thumb/9/96/Make-a-Duct-Tape-Wallet-Step-14-Version-6.jpg/v4-460px-Make-a-Duct-Tape-Wallet-Step-14-Version-6.jpg", "vid": null}, "15": {"text": "Add pockets on the other side if you want.", "img": "https://www.wikihow.com/images/thumb/b/b0/Make-a-Duct-Tape-Wallet-Step-15-Version-6.jpg/v4-460px-Make-a-Duct-Tape-Wallet-Step-15-Version-6.jpg", "vid": null}, "16": {"text": "Make a rectangle of duct tape slightly smaller than one side of your wallet.", "img": null, "vid": "/a/a6/Make a Duct Tape Wallet Step 9 Version 5.360p.mp4"}, "17": {"text": "Cut a piece of clear plastic that's slightly bigger than an ID card.", "img": "https://www.wikihow.com/images/thumb/6/68/Make-a-Duct-Tape-Wallet-Step-17-Version-6.jpg/v4-460px-Make-a-Duct-Tape-Wallet-Step-17-Version-6.jpg", "vid": null}, "18": {"text": "Set the pocket in place.", "img": "https://www.wikihow.com/images/thumb/c/cb/Make-a-Duct-Tape-Wallet-Step-18-Version-5.jpg/v4-460px-Make-a-Duct-Tape-Wallet-Step-18-Version-5.jpg", "vid": null}, "19": {"text": "Tape the side pocket in place.", "img": "https://www.wikihow.com/images/thumb/1/1e/Make-a-Duct-Tape-Wallet-Step-19-Version-2.jpg/v4-460px-Make-a-Duct-Tape-Wallet-Step-19-Version-2.jpg", "vid": null}, "20": {"text": "Add a strip of duct tape along either end to seal everything into place.", "img": null, "vid": null}}