{"video_url": "https://www.youtube.com/embed/3ff8ca3eqjM?showinfo=0", "1": {"text": "Combine milk, sugar, and vanilla in a medium bowl.", "img": "https://www.wikihow.com/images/thumb/3/3b/Make-Ice-Cream-with-Milk-Step-1-Version-2.jpg/v4-460px-Make-Ice-Cream-with-Milk-Step-1-Version-2.jpg", "vid": null}, "2": {"text": "Add the mixture to an ice cream maker.", "img": "https://www.wikihow.com/images/thumb/f/fa/Make-Ice-Cream-with-Milk-Step-2-Version-2.jpg/v4-460px-Make-Ice-Cream-with-Milk-Step-2-Version-2.jpg", "vid": null}, "3": {"text": "Pour it in a shallow dish if you don\u2019t have an ice cream maker.", "img": null, "vid": "/6/67/Make Ice Cream with Milk Step 3.360p.mp4"}, "4": {"text": "Stir the mixture every 2 to 4 hours.", "img": null, "vid": "/9/97/Make Ice Cream with Milk Step 4.360p.mp4"}, "5": {"text": "Freeze the mixture for 8 hours or overnight.", "img": "https://www.wikihow.com/images/thumb/5/5a/Make-Ice-Cream-with-Milk-Step-5-Version-2.jpg/v4-460px-Make-Ice-Cream-with-Milk-Step-5-Version-2.jpg", "vid": null}, "6": {"text": "Top with your favorite toppings and serve.", "img": "https://www.wikihow.com/images/thumb/5/53/Make-Ice-Cream-with-Milk-Step-6-Version-2.jpg/v4-460px-Make-Ice-Cream-with-Milk-Step-6-Version-2.jpg", "vid": null}, "7": {"text": "Put the sweetened condensed milk in the refrigerator.", "img": "https://www.wikihow.com/images/thumb/9/9b/Make-Ice-Cream-with-Milk-Step-7-Version-2.jpg/v4-460px-Make-Ice-Cream-with-Milk-Step-7-Version-2.jpg", "vid": null}, "8": {"text": "Use a stand mixer to beat the heavy cream.", "img": null, "vid": "/1/14/Make Ice Cream with Milk Step 8.360p.mp4"}, "9": {"text": "Turn the speed to low and add the condensed milk and vanilla.", "img": null, "vid": "/2/26/Make Ice Cream with Milk Step 9.360p.mp4"}, "10": {"text": "Turn the speed back up to medium.", "img": null, "vid": "/5/51/Make Ice Cream with Milk Step 10.360p.mp4"}, "11": {"text": "Customize your ice cream with your favorite add-ins (optional).", "img": null, "vid": "/7/7c/Make Ice Cream with Milk Step 11.360p.mp4"}, "12": {"text": "Scoop the mixture into a container and freeze it for 6 hours.", "img": "https://www.wikihow.com/images/thumb/6/63/Make-Ice-Cream-with-Milk-Step-12-Version-2.jpg/v4-460px-Make-Ice-Cream-with-Milk-Step-12-Version-2.jpg", "vid": null}, "13": {"text": "Pour coconut milk into a saucepan.", "img": null, "vid": "/3/35/Make Ice Cream with Milk Step 13.360p.mp4"}, "14": {"text": "Add the sweetener of your choice and salt.", "img": null, "vid": "/6/63/Make Ice Cream with Milk Step 14.360p.mp4"}, "15": {"text": "Stir the coconut milk over medium-low heat for 1-2 minutes.", "img": "https://www.wikihow.com/images/thumb/0/06/Make-Ice-Cream-with-Milk-Step-15-Version-2.jpg/v4-460px-Make-Ice-Cream-with-Milk-Step-15-Version-2.jpg", "vid": null}, "16": {"text": "Combine cornstarch and the reserved coconut milk.", "img": null, "vid": "/3/3d/Make Ice Cream with Milk Step 16.360p.mp4"}, "17": {"text": "Pour the cornstarch mixture into the warm coconut milk.", "img": null, "vid": "/2/21/Make Ice Cream with Milk Step 17.360p.mp4"}, "18": {"text": "Turn the heat up to medium and cook for 6-8 minutes.", "img": null, "vid": "/f/f2/Make Ice Cream with Milk Step 18.360p.mp4"}, "19": {"text": "Remove from heat and add vanilla.", "img": null, "vid": "/8/84/Make Ice Cream with Milk Step 19.360p.mp4"}, "20": {"text": "Pour the base into a container and refrigerate it.", "img": null, "vid": "/2/20/Make Ice Cream with Milk Step 20.360p.mp4"}, "21": {"text": "Churn the chilled base for 10-20 minutes.", "img": "https://www.wikihow.com/images/thumb/1/1a/Make-Ice-Cream-with-Milk-Step-21-Version-2.jpg/v4-460px-Make-Ice-Cream-with-Milk-Step-21-Version-2.jpg", "vid": null}, "22": {"text": "Transfer your ice cream to a container and freeze for 4 hours.", "img": "https://www.wikihow.com/images/thumb/e/e4/Make-Ice-Cream-with-Milk-Step-22-Version-2.jpg/v4-460px-Make-Ice-Cream-with-Milk-Step-22-Version-2.jpg", "vid": null}}