{"video_url": "https://www.youtube.com/embed/NPUsEWnttBA?showinfo=0", "1": {"text": "Boil some water.", "img": "https://www.wikihow.com/images/thumb/4/4e/Descale-a-Kettle-Step-4Bullet1.jpg/v4-460px-Descale-a-Kettle-Step-4Bullet1.jpg", "vid": null}, "2": {"text": "Prepare your ramen.", "img": null, "vid": "/f/fc/Make Instant Noodles Step 2 Version 4.360p.mp4"}, "3": {"text": "Pour in boiling water.", "img": null, "vid": "/3/39/Make Instant Noodles Step 3 Version 4.360p.mp4"}, "4": {"text": "Let it sit and cook.", "img": "https://www.wikihow.com/images/thumb/d/d3/Make-Instant-Noodles-Step-4-Version-5.jpg/v4-460px-Make-Instant-Noodles-Step-4-Version-5.jpg", "vid": null}, "5": {"text": "Stir and enjoy.", "img": null, "vid": "/3/38/Make Instant Noodles Step 5 Version 4.360p.mp4"}, "6": {"text": "Boil some water in a saucepan.", "img": "https://www.wikihow.com/images/thumb/4/4f/Make-Instant-Noodles-Step-6-Version-5.jpg/v4-460px-Make-Instant-Noodles-Step-6-Version-5.jpg", "vid": null}, "7": {"text": "Pour in the seasoning.", "img": null, "vid": "/f/f9/Make Instant Noodles Step 7 Version 4.360p.mp4"}, "8": {"text": "Add the instant noodles.", "img": null, "vid": "/7/79/Make Instant Noodles Step 8 Version 4.360p.mp4"}, "9": {"text": "Cook the noodles.", "img": null, "vid": "/8/83/Make Instant Noodles Step 9 Version 4.360p.mp4"}, "10": {"text": "Serve the noodles.", "img": "https://www.wikihow.com/images/thumb/e/eb/Make-Instant-Noodles-Step-10-Version-5.jpg/v4-460px-Make-Instant-Noodles-Step-10-Version-5.jpg", "vid": null}, "11": {"text": "Add an egg to your soup.", "img": null, "vid": "/b/b9/Make Instant Noodles Step 11 Version 2.360p.mp4"}, "12": {"text": "Add condiments to enhance the flavor.", "img": "https://www.wikihow.com/images/thumb/f/f3/Make-Instant-Noodles-Step-12-Version-5.jpg/v4-460px-Make-Instant-Noodles-Step-12-Version-5.jpg", "vid": null}, "13": {"text": "Add healthy vegetables.", "img": "https://www.wikihow.com/images/thumb/9/9b/Make-Instant-Noodles-Step-13-Version-5.jpg/v4-460px-Make-Instant-Noodles-Step-13-Version-5.jpg", "vid": null}, "14": {"text": "Add a slice of American cheese.", "img": null, "vid": "/3/31/Make Instant Noodles Step 14 Version 2.360p.mp4"}, "15": {"text": "Replace the seasoning packet with broth.", "img": "https://www.wikihow.com/images/thumb/9/98/Make-Instant-Noodles-Step-15-Version-4.jpg/v4-460px-Make-Instant-Noodles-Step-15-Version-4.jpg", "vid": null}}