{"video_url": "https://www.youtube.com/embed/td8MU3azKG8", "1": {"text": "Mix glue, water, and coloring together.", "img": "https://www.wikihow.com/images/thumb/7/75/Make-Flarp-Step-1-Version-2.jpg/v4-460px-Make-Flarp-Step-1-Version-2.jpg", "vid": null}, "2": {"text": "Mix warm water and borax separately.", "img": "https://www.wikihow.com/images/thumb/5/57/Make-Flarp-Step-2-Version-2.jpg/v4-460px-Make-Flarp-Step-2-Version-2.jpg", "vid": null}, "3": {"text": "Combine the two mixtures.", "img": "https://www.wikihow.com/images/thumb/9/9d/Make-Flarp-Step-3-Version-2.jpg/v4-460px-Make-Flarp-Step-3-Version-2.jpg", "vid": null}, "4": {"text": "Knead the mixture.", "img": "https://www.wikihow.com/images/thumb/c/ca/Make-Flarp-Step-4-Version-2.jpg/v4-460px-Make-Flarp-Step-4-Version-2.jpg", "vid": null}, "5": {"text": "Mix glue and coloring.", "img": "https://www.wikihow.com/images/thumb/3/39/Make-Flarp-Step-5-Version-2.jpg/v4-460px-Make-Flarp-Step-5-Version-2.jpg", "vid": null}, "6": {"text": "Add liquid starch.", "img": "https://www.wikihow.com/images/thumb/f/ff/Make-Flarp-Step-6-Version-2.jpg/v4-460px-Make-Flarp-Step-6-Version-2.jpg", "vid": null}, "7": {"text": "Knead the mixture.", "img": "https://www.wikihow.com/images/thumb/f/ff/Make-Flarp-Step-7-Version-2.jpg/v4-460px-Make-Flarp-Step-7-Version-2.jpg", "vid": null}, "8": {"text": "Mix dish soap and corn starch.", "img": "https://www.wikihow.com/images/thumb/1/1b/Make-Flarp-Step-8-Version-2.jpg/v4-460px-Make-Flarp-Step-8-Version-2.jpg", "vid": null}, "9": {"text": "Knead the mixture.", "img": "https://www.wikihow.com/images/thumb/8/81/Make-Flarp-Step-9-Version-2.jpg/v4-460px-Make-Flarp-Step-9-Version-2.jpg", "vid": null}, "10": {"text": "Improve the texture.", "img": "https://www.wikihow.com/images/thumb/4/45/Make-Flarp-Step-10-Version-2.jpg/v4-460px-Make-Flarp-Step-10-Version-2.jpg", "vid": null}}