{"video_url": "https://www.youtube.com/embed/LIYmB3dDnyI?showinfo=0", "1": {"text": "Obtain your ingredients.", "img": "https://www.wikihow.com/images/thumb/c/c8/Make-Gel-Alcohol-Hand-Sanitizer-Step-1-Version-2.jpg/v4-460px-Make-Gel-Alcohol-Hand-Sanitizer-Step-1-Version-2.jpg", "vid": null}, "2": {"text": "Gather your tools.", "img": "https://www.wikihow.com/images/thumb/2/23/Make-Gel-Alcohol-Hand-Sanitizer-Step-2-Version-2.jpg/v4-460px-Make-Gel-Alcohol-Hand-Sanitizer-Step-2-Version-2.jpg", "vid": null}, "3": {"text": "Combine the ingredients.", "img": null, "vid": null}, "4": {"text": "Bottle your product.", "img": "https://www.wikihow.com/images/thumb/6/63/Make-Gel-Alcohol-Hand-Sanitizer-Step-4-Upload-V2.jpg/460px-Make-Gel-Alcohol-Hand-Sanitizer-Step-4-Upload-V2.jpg", "vid": null}, "5": {"text": "Use the sanitizer correctly.", "img": "https://www.wikihow.com/images/thumb/4/4d/Make-Gel-Alcohol-Hand-Sanitizer-Step-5.jpg/v4-460px-Make-Gel-Alcohol-Hand-Sanitizer-Step-5.jpg", "vid": null}, "6": {"text": "Determine your goal(s) for adding essential oils.", "img": "https://www.wikihow.com/images/thumb/5/54/Make-Gel-Alcohol-Hand-Sanitizer-Step-6.jpg/v4-460px-Make-Gel-Alcohol-Hand-Sanitizer-Step-6.jpg", "vid": null}, "7": {"text": "Choose essential oils for aromatherapy.", "img": "https://www.wikihow.com/images/thumb/9/93/Make-Gel-Alcohol-Hand-Sanitizer-Step-7.jpg/v4-460px-Make-Gel-Alcohol-Hand-Sanitizer-Step-7.jpg", "vid": null}, "8": {"text": "Use caution.", "img": "https://www.wikihow.com/images/thumb/2/20/Make-Gel-Alcohol-Hand-Sanitizer-Step-9.jpg/v4-460px-Make-Gel-Alcohol-Hand-Sanitizer-Step-9.jpg", "vid": null}, "9": {"text": "Add your chosen oils to your sanitizer.", "img": "https://www.wikihow.com/images/thumb/a/ac/Make-Gel-Alcohol-Hand-Sanitizer-Step-10.jpg/v4-460px-Make-Gel-Alcohol-Hand-Sanitizer-Step-10.jpg", "vid": null}, "10": {"text": "Obtain your ingredients.", "img": "https://www.wikihow.com/images/thumb/1/11/Make-Gel-Alcohol-Hand-Sanitizer-Step-11.jpg/v4-460px-Make-Gel-Alcohol-Hand-Sanitizer-Step-11.jpg", "vid": null}, "11": {"text": "Gather your tools.", "img": "https://www.wikihow.com/images/thumb/9/96/Make-Gel-Alcohol-Hand-Sanitizer-Step-12.jpg/v4-460px-Make-Gel-Alcohol-Hand-Sanitizer-Step-12.jpg", "vid": null}, "12": {"text": "Combine the ingredients.", "img": "https://www.wikihow.com/images/thumb/9/91/Make-Gel-Alcohol-Hand-Sanitizer-Step-13-Version-4.jpg/v4-460px-Make-Gel-Alcohol-Hand-Sanitizer-Step-13-Version-4.jpg", "vid": null}, "13": {"text": "Bottle your product.", "img": "https://www.wikihow.com/images/thumb/5/5a/Make-Gel-Alcohol-Hand-Sanitizer-Step-14.jpg/v4-460px-Make-Gel-Alcohol-Hand-Sanitizer-Step-14.jpg", "vid": null}}