{"video_url": "https://www.youtube.com/embed/bMactSaZWfU", "1": {"text": "Cut the leaves off the lettuce.", "img": "https://www.wikihow.com/images/thumb/d/d1/Make-a-Garden-Salad-Step-1-Version-3.jpg/v4-460px-Make-a-Garden-Salad-Step-1-Version-3.jpg", "vid": null}, "2": {"text": "Cut the lettuce into smaller pieces.", "img": "https://www.wikihow.com/images/thumb/7/75/Make-a-Garden-Salad-Step-2-Version-3.jpg/v4-460px-Make-a-Garden-Salad-Step-2-Version-3.jpg", "vid": null}, "3": {"text": "Wash and dry the lettuce.", "img": "https://www.wikihow.com/images/thumb/6/61/Make-a-Garden-Salad-Step-3-Version-3.jpg/v4-460px-Make-a-Garden-Salad-Step-3-Version-3.jpg", "vid": null}, "4": {"text": "Cut the tomato into wedges.", "img": "https://www.wikihow.com/images/thumb/1/12/Make-a-Garden-Salad-Step-4-Version-3.jpg/v4-460px-Make-a-Garden-Salad-Step-4-Version-3.jpg", "vid": null}, "5": {"text": "Slice an onion.", "img": "https://www.wikihow.com/images/thumb/c/c2/Make-a-Garden-Salad-Step-5-Version-2.jpg/v4-460px-Make-a-Garden-Salad-Step-5-Version-2.jpg", "vid": null}, "6": {"text": "Slice a cucumber.", "img": "https://www.wikihow.com/images/thumb/b/bf/Make-a-Garden-Salad-Step-6-Version-2.jpg/v4-460px-Make-a-Garden-Salad-Step-6-Version-2.jpg", "vid": null}, "7": {"text": "Chop up a carrot.", "img": "https://www.wikihow.com/images/thumb/0/01/Make-a-Garden-Salad-Step-7-Version-2.jpg/v4-460px-Make-a-Garden-Salad-Step-7-Version-2.jpg", "vid": null}, "8": {"text": "Place all the vegetables into a bowl and toss them together.", "img": "https://www.wikihow.com/images/thumb/9/9d/Make-a-Garden-Salad-Step-8-Version-2.jpg/v4-460px-Make-a-Garden-Salad-Step-8-Version-2.jpg", "vid": null}, "9": {"text": "Add a salad dressing of your choice.", "img": "https://www.wikihow.com/images/thumb/0/04/Make-a-Garden-Salad-Step-9.jpg/v4-460px-Make-a-Garden-Salad-Step-9.jpg", "vid": null}, "10": {"text": "Find a glass jar with a tight-fitting lid.", "img": "https://www.wikihow.com/images/thumb/2/27/Make-a-Garden-Salad-Step-10.jpg/v4-460px-Make-a-Garden-Salad-Step-10.jpg", "vid": null}, "11": {"text": "Pour all the ingredients into the jar.", "img": "https://www.wikihow.com/images/thumb/2/2e/Make-a-Garden-Salad-Step-11.jpg/v4-460px-Make-a-Garden-Salad-Step-11.jpg", "vid": null}, "12": {"text": "Consider adding in some extra flavor.", "img": "https://www.wikihow.com/images/thumb/4/42/Make-a-Garden-Salad-Step-12.jpg/v4-460px-Make-a-Garden-Salad-Step-12.jpg", "vid": null}, "13": {"text": "Shake the jar.", "img": "https://www.wikihow.com/images/thumb/6/61/Make-a-Garden-Salad-Step-13.jpg/v4-460px-Make-a-Garden-Salad-Step-13.jpg", "vid": null}, "14": {"text": "Store the dressing properly.", "img": "https://www.wikihow.com/images/thumb/0/07/Make-a-Garden-Salad-Step-14.jpg/v4-460px-Make-a-Garden-Salad-Step-14.jpg", "vid": null}, "15": {"text": "Consider customizing your salad.", "img": "https://www.wikihow.com/images/thumb/5/58/Make-a-Garden-Salad-Step-15.jpg/v4-460px-Make-a-Garden-Salad-Step-15.jpg", "vid": null}, "16": {"text": "Use different vegetables.", "img": "https://www.wikihow.com/images/thumb/0/06/Make-a-Garden-Salad-Step-16.jpg/v4-460px-Make-a-Garden-Salad-Step-16.jpg", "vid": null}, "17": {"text": "Use a different salad dressing.", "img": "https://www.wikihow.com/images/thumb/4/4c/Make-a-Garden-Salad-Step-17.jpg/v4-460px-Make-a-Garden-Salad-Step-17.jpg", "vid": null}, "18": {"text": "Add some toppings.", "img": "https://www.wikihow.com/images/thumb/c/c0/Make-a-Garden-Salad-Step-18.jpg/v4-460px-Make-a-Garden-Salad-Step-18.jpg", "vid": null}, "19": {"text": "Add a Greek spin to your salad.", "img": "https://www.wikihow.com/images/thumb/e/e7/Make-a-Garden-Salad-Step-19.jpg/v4-460px-Make-a-Garden-Salad-Step-19.jpg", "vid": null}, "20": {"text": "Make an East Asian salad.", "img": "https://www.wikihow.com/images/thumb/4/44/Make-a-Garden-Salad-Step-20.jpg/v4-460px-Make-a-Garden-Salad-Step-20.jpg", "vid": null}}