{"video_url": "https://www.youtube.com/embed/nsptNuBEbrc?showinfo=0", "1": {"text": "Scoop out a piece of clay about the size of an egg.", "img": "https://www.wikihow.com/images/thumb/0/0e/Make-a-Clay-Bird-Step-1-Version-3.jpg/v4-460px-Make-a-Clay-Bird-Step-1-Version-3.jpg", "vid": null}, "2": {"text": "Roll the clay into a ball between your palms.", "img": "https://www.wikihow.com/images/thumb/e/e9/Make-a-Clay-Bird-Step-2-Version-3.jpg/v4-460px-Make-a-Clay-Bird-Step-2-Version-3.jpg", "vid": null}, "3": {"text": "Mold the clay into a teardrop shape.", "img": null, "vid": "/4/41/Make a Clay Bird Step 3 Version 2.360p.mp4"}, "4": {"text": "Bend the tip of the teardrop up to make a little tail.", "img": null, "vid": "/4/4f/Make a Clay Bird Step 4 Version 2.360p.mp4"}, "5": {"text": "Roll another clay ball about 1/3 the size of the bird's body for its head.", "img": "https://www.wikihow.com/images/thumb/0/0c/Make-a-Clay-Bird-Step-5-Version-3.jpg/v4-460px-Make-a-Clay-Bird-Step-5-Version-3.jpg", "vid": null}, "6": {"text": "Press the head firmly onto the thick end of the body.", "img": null, "vid": "/5/52/Make a Clay Bird Step 6 Version 2.360p.mp4"}, "7": {"text": "Poke 2 holes in the head for the bird\u2019s eye sockets.", "img": null, "vid": "/5/58/Make a Clay Bird Step 7 Version 2.360p.mp4"}, "8": {"text": "Add 2 small clay balls for the bird\u2019s eyes.", "img": null, "vid": "/d/df/Make a Clay Bird Step 8 Version 2.360p.mp4"}, "9": {"text": "Mold a little cone for the bird\u2019s beak.", "img": null, "vid": "/f/fc/Make a Clay Bird Step 9 Version 2.360p.mp4"}, "10": {"text": "Make 2 flat teardrop shapes for the bird\u2019s wings.", "img": "https://www.wikihow.com/images/thumb/8/88/Make-a-Clay-Bird-Step-10-Version-3.jpg/v4-460px-Make-a-Clay-Bird-Step-10-Version-3.jpg", "vid": null}, "11": {"text": "Flatten an egg-sized piece of clay onto a table.", "img": "https://www.wikihow.com/images/thumb/0/02/Make-a-Clay-Bird-Step-11.jpg/v4-460px-Make-a-Clay-Bird-Step-11.jpg", "vid": null}, "12": {"text": "Press a bird-shaped cookie cutter into the clay.", "img": "https://www.wikihow.com/images/thumb/a/af/Make-a-Clay-Bird-Step-12.jpg/v4-460px-Make-a-Clay-Bird-Step-12.jpg", "vid": null}, "13": {"text": "Peel away the excess clay around the cookie cutter.", "img": null, "vid": "/d/d4/Make a Clay Bird Step 13.360p.mp4"}, "14": {"text": "Draw an eye and a wing onto the bird with a pen or toothpick.", "img": null, "vid": "/3/38/Make a Clay Bird Step 14.360p.mp4"}, "15": {"text": "Flip the bird over to decorate the other side.", "img": null, "vid": "/e/ed/Make a Clay Bird Step 15.360p.mp4"}, "16": {"text": "Leave the clay to dry for 24 hours.", "img": "https://www.wikihow.com/images/thumb/e/ed/Make-a-Clay-Bird-Step-16.jpg/v4-460px-Make-a-Clay-Bird-Step-16.jpg", "vid": null}}