{"video_url": "https://www.youtube.com/embed/w8aGmcGE8fk?showinfo=0", "1": {"text": "Mix all the ingredients into a bowl.", "img": null, "vid": "/2/20/Make Butter Slime Step 1 Version 3.360p.mp4"}, "2": {"text": "Place the clay and food colouring on top of the ball of slime.", "img": null, "vid": "/f/f5/Make Butter Slime Step 2 Version 3.360p.mp4"}, "3": {"text": "Knead the ingredients together with your hands.", "img": null, "vid": "/b/be/Make Butter Slime Step 3 Version 3.360p.mp4"}, "4": {"text": "Stir the PVA glue and borax in a bowl.", "img": null, "vid": "/b/b7/Make Butter Slime Step 4 Version 3.360p.mp4"}, "5": {"text": "Add the modelling clay to the bowl.", "img": null, "vid": "/6/60/Make Butter Slime Step 5 Version 3.360p.mp4"}, "6": {"text": "Mix the ingredients with your hands until they form a ball.", "img": null, "vid": "/e/e3/Make Butter Slime Step 6 Version 3.360p.mp4"}, "7": {"text": "Measure the cornstarch and shampoo into a bowl.", "img": null, "vid": "/3/3f/Make Butter Slime Step 7 Version 3.360p.mp4"}, "8": {"text": "Stir the ingredients until they reach a paste consistency.", "img": null, "vid": "/4/4b/Make Butter Slime Step 8 Version 3.360p.mp4"}, "9": {"text": "Mix baby oil and yellow food colouring into the slime.", "img": null, "vid": "/c/cb/Make Butter Slime Step 9 Version 3.360p.mp4"}}