{"video_url": "https://www.youtube.com/embed/ltD5Pq52gac?showinfo=0", "1": {"text": "Decide on a color theme.", "img": "https://www.wikihow.com/images/thumb/e/e5/Make-a-Wrist-Corsage-Step-1-Version-4.jpg/v4-460px-Make-a-Wrist-Corsage-Step-1-Version-4.jpg", "vid": null}, "2": {"text": "Choose your flowers.", "img": "https://www.wikihow.com/images/thumb/2/2c/Make-a-Wrist-Corsage-Step-2-Version-4.jpg/v4-460px-Make-a-Wrist-Corsage-Step-2-Version-4.jpg", "vid": null}, "3": {"text": "Choose a filler flower.", "img": "https://www.wikihow.com/images/thumb/7/7c/Make-a-Wrist-Corsage-Step-3-Version-4.jpg/v4-460px-Make-a-Wrist-Corsage-Step-3-Version-4.jpg", "vid": null}, "4": {"text": "Choose your wristband.", "img": "https://www.wikihow.com/images/thumb/e/e7/Make-a-Wrist-Corsage-Step-4-Version-4.jpg/v4-460px-Make-a-Wrist-Corsage-Step-4-Version-4.jpg", "vid": null}, "5": {"text": "Choose any coordinating trinkets, if desired.", "img": "https://www.wikihow.com/images/thumb/6/66/Make-a-Wrist-Corsage-Step-5-Version-4.jpg/v4-460px-Make-a-Wrist-Corsage-Step-5-Version-4.jpg", "vid": null}, "6": {"text": "Cut the stems of the flowers short.", "img": null, "vid": "/1/13/Make a Wrist Corsage Step 6 Version 3.360p.mp4"}, "7": {"text": "Bind each of the flower stems with floral wire and tape.", "img": null, "vid": "/6/6d/Make a Wrist Corsage Step 7 Version 3.360p.mp4"}, "8": {"text": "Assemble the base of the corsage.", "img": null, "vid": "/3/38/Make a Wrist Corsage Step 8 Version 3.360p.mp4"}, "9": {"text": "Place the band in between the two sections.", "img": null, "vid": "/c/c4/Make a Wrist Corsage Step 9 Version 3.360p.mp4"}, "10": {"text": "Form a bow out of ribbon.", "img": "https://www.wikihow.com/images/thumb/5/50/Make-a-Wrist-Corsage-Step-10-Version-4.jpg/v4-460px-Make-a-Wrist-Corsage-Step-10-Version-4.jpg", "vid": null}, "11": {"text": "Attach the bow with the band and flowers.", "img": "https://www.wikihow.com/images/thumb/8/88/Make-a-Wrist-Corsage-Step-11-Version-4.jpg/v4-460px-Make-a-Wrist-Corsage-Step-11-Version-4.jpg", "vid": null}, "12": {"text": "Cut a length of velvet ribbon long enough to wrap around the wrist.", "img": "https://www.wikihow.com/images/thumb/e/e4/Make-a-Wrist-Corsage-Step-12-Version-3.jpg/v4-460px-Make-a-Wrist-Corsage-Step-12-Version-3.jpg", "vid": null}, "13": {"text": "Fold the ribbon in half.", "img": null, "vid": "/3/34/Make a Wrist Corsage Step 13 Version 2.360p.mp4"}, "14": {"text": "Choose a large, healthy blossom.", "img": "https://www.wikihow.com/images/thumb/2/29/Make-a-Wrist-Corsage-Step-14-Version-3.jpg/v4-460px-Make-a-Wrist-Corsage-Step-14-Version-3.jpg", "vid": null}, "15": {"text": "Cut the stem.", "img": null, "vid": "/7/7d/Make a Wrist Corsage Step 15 Version 2.360p.mp4"}, "16": {"text": "Tuck the blossom through the slit in the ribbon.", "img": null, "vid": "/9/9f/Make a Wrist Corsage Step 16 Version 2.360p.mp4"}}