{"video_url": "https://www.youtube.com/embed/62065uftrR0?showinfo=0", "1": {"text": "Add 1 green tea bag or 1 teaspoon (5 g) of loose green tea to a mug.", "img": "https://www.wikihow.com/images/thumb/6/68/Make-a-Green-Tea-Toner-Step-1-Version-4.jpg/v4-460px-Make-a-Green-Tea-Toner-Step-1-Version-4.jpg", "vid": null}, "2": {"text": "Pour 8\u00a0\u00a0fl\u00a0oz (240\u00a0mL) of boiling water over the tea.", "img": null, "vid": "/0/03/Make a Green Tea Toner Step 2.360p.mp4"}, "3": {"text": "Steep the tea for 3 to 5 minutes.", "img": "https://www.wikihow.com/images/thumb/2/2d/Make-a-Green-Tea-Toner-Step-3-Version-4.jpg/v4-460px-Make-a-Green-Tea-Toner-Step-3-Version-4.jpg", "vid": null}, "4": {"text": "Transfer the tea to an air-tight container that can hold 8\u00a0\u00a0fl\u00a0oz (240\u00a0mL).", "img": null, "vid": "/d/d4/Make a Green Tea Toner Step 4.360p.mp4"}, "5": {"text": "Add 1\u00a0US\u00a0tbsp (15\u00a0mL) of lemon juice for skin-brightening benefits.", "img": null, "vid": "/3/38/Make a Green Tea Toner Step 5.360p.mp4"}, "6": {"text": "Pour in 2\u00a0\u00a0fl\u00a0oz (59\u00a0mL) of apple cider vinegar for pH balancing effects.", "img": null, "vid": "/e/ea/Make a Green Tea Toner Step 6.360p.mp4"}, "7": {"text": "Stir in 2\u00a0US\u00a0tbsp (30\u00a0mL) of honey for anti-aging benefits.", "img": null, "vid": "/9/98/Make a Green Tea Toner Step 7.360p.mp4"}, "8": {"text": "Mix in 1\u00a0US\u00a0tbsp (15\u00a0mL) of witch hazel for a stronger astringent.", "img": "https://www.wikihow.com/images/thumb/c/ca/Make-a-Green-Tea-Toner-Step-8-Version-4.jpg/v4-460px-Make-a-Green-Tea-Toner-Step-8-Version-4.jpg", "vid": null}, "9": {"text": "Add 3-5 drops of vitamin E oil to soothe irritated skin.", "img": null, "vid": "/2/2c/Make a Green Tea Toner Step 9.360p.mp4"}, "10": {"text": "Include up to 30 drops of tea tree oil for a natural acne treatment.", "img": null, "vid": "/c/c3/Make a Green Tea Toner Step 10.360p.mp4"}, "11": {"text": "Mix in up to 30 drops of lavender oil for a relaxing scent.", "img": "https://www.wikihow.com/images/thumb/b/b3/Make-a-Green-Tea-Toner-Step-11-Version-3.jpg/v4-460px-Make-a-Green-Tea-Toner-Step-11-Version-3.jpg", "vid": null}, "12": {"text": "Allow the green tea to cool before using it.", "img": "https://www.wikihow.com/images/thumb/2/26/Make-a-Green-Tea-Toner-Step-12.jpg/v4-460px-Make-a-Green-Tea-Toner-Step-12.jpg", "vid": null}, "13": {"text": "Store your toner in the refrigerator for up to 2 weeks.", "img": "https://www.wikihow.com/images/thumb/9/9d/Make-a-Green-Tea-Toner-Step-16.jpg/v4-460px-Make-a-Green-Tea-Toner-Step-16.jpg", "vid": null}, "14": {"text": "Wash your face", "img": "https://www.wikihow.com/images/thumb/b/bf/Make-a-Green-Tea-Toner-Step-13.jpg/v4-460px-Make-a-Green-Tea-Toner-Step-13.jpg", "vid": null}, "15": {"text": "Apply your homemade green tea toner with a cotton ball or spray bottle.", "img": null, "vid": "/7/71/Make a Green Tea Toner Step 14.360p.mp4"}, "16": {"text": "Moisturize your skin as usual after applying the green tea toner.", "img": null, "vid": "/5/53/Make a Green Tea Toner Step 15.360p.mp4"}}