{"video_url": "https://www.youtube.com/embed/sgUtYiQR8J8?showinfo=0", "1": {"text": "Make an x-shaped slit in the lid of a cylindrical plastic food-storage tub.", "img": "https://www.wikihow.com/images/thumb/e/e1/Make-Disinfectant-Wipes-Step-1.jpg/v4-460px-Make-Disinfectant-Wipes-Step-1.jpg", "vid": null}, "2": {"text": "Cut a paper towel roll into sections that will fit in your plastic tub.", "img": null, "vid": "/f/fa/Make Disinfectant Wipes Step 2.360p.mp4"}, "3": {"text": "Place one of the paper towel sections inside the plastic container.", "img": null, "vid": "/b/b0/Make Disinfectant Wipes Step 3.360p.mp4"}, "4": {"text": "Pour 1 cup (240\u00a0mL) of an EPA-approved disinfecting solution over the paper towels.", "img": null, "vid": "/b/ba/Make Disinfectant Wipes Step 4.360p.mp4"}, "5": {"text": "Allow the paper towels to soak in the solution overnight.", "img": "https://www.wikihow.com/images/thumb/4/44/Make-Disinfectant-Wipes-Step-5.jpg/v4-460px-Make-Disinfectant-Wipes-Step-5.jpg", "vid": null}, "6": {"text": "Pull the cardboard tube out of the center of the roll.", "img": null, "vid": "/2/22/Make Disinfectant Wipes Step 6.360p.mp4"}, "7": {"text": "Thread the inner end of the paper towel roll through the slit in the lid.", "img": null, "vid": "/5/52/Make Disinfectant Wipes Step 7.360p.mp4"}, "8": {"text": "Use enough wipes so that the surface remains wet for 3-5 minutes.", "img": null, "vid": "/6/6d/Make Disinfectant Wipes Step 8.360p.mp4"}, "9": {"text": "Discard any wipes immediately after using them.", "img": "https://www.wikihow.com/images/thumb/8/8c/Make-Disinfectant-Wipes-Step-9.jpg/v4-460px-Make-Disinfectant-Wipes-Step-9.jpg", "vid": null}, "10": {"text": "Use soap and water or commercial hand sanitizer if you can.", "img": "https://www.wikihow.com/images/thumb/e/e8/Wash-Your-Hands-Step-11.jpg/v4-460px-Wash-Your-Hands-Step-11.jpg", "vid": null}, "11": {"text": "Combine 2\u20443 cup (160\u00a0mL) of 99% rubbing alcohol and 1\u20443 cup (79\u00a0mL) aloe vera gel.", "img": null, "vid": "/1/1d/Make Disinfectant Wipes Step 10.360p.mp4"}, "12": {"text": "Pour the mixture into a clean plastic container.", "img": null, "vid": "/0/04/Make Disinfectant Wipes Step 11.360p.mp4"}, "13": {"text": "Squeeze the mixture onto a paper towel or tissue.", "img": "https://www.wikihow.com/images/thumb/8/8c/Make-Disinfectant-Wipes-Step-12.jpg/v4-460px-Make-Disinfectant-Wipes-Step-12.jpg", "vid": null}, "14": {"text": "Wipe your hands thoroughly and discard the wipe.", "img": "https://www.wikihow.com/images/thumb/c/c7/Make-Disinfectant-Wipes-Step-13.jpg/v4-460px-Make-Disinfectant-Wipes-Step-13.jpg", "vid": null}}