{"video_url": "https://www.youtube.com/embed/w7dm8SFYxM0?showinfo=0", "1": {"text": "Bring 2 eggs to room temperature.", "img": "https://www.wikihow.com/images/thumb/f/f3/Make-Dippy-Eggs-Step-1-Version-2.jpg/v4-460px-Make-Dippy-Eggs-Step-1-Version-2.jpg", "vid": null}, "2": {"text": "Pour 3 inches (7.6\u00a0cm) of water into a pot and bring it to a boil.", "img": null, "vid": "/0/05/Make Dippy Eggs Step 2.360p.mp4"}, "3": {"text": "Turn the burner to medium and lower the eggs into the water.", "img": null, "vid": "/c/ce/Make Dippy Eggs Step 3.360p.mp4"}, "4": {"text": "Simmer the eggs for 4 to 5 minutes.", "img": null, "vid": "/c/ca/Make Dippy Eggs Step 4.360p.mp4"}, "5": {"text": "Transfer the eggs to egg cups.", "img": "https://www.wikihow.com/images/thumb/0/00/Make-Dippy-Eggs-Step-5-Version-2.jpg/v4-460px-Make-Dippy-Eggs-Step-5-Version-2.jpg", "vid": null}, "6": {"text": "Slice off the top quarter of the egg to access the yolk.", "img": "https://www.wikihow.com/images/thumb/7/72/Make-Dippy-Eggs-Step-6-Version-2.jpg/v4-460px-Make-Dippy-Eggs-Step-6-Version-2.jpg", "vid": null}, "7": {"text": "Put 2 slices of bread into the toaster.", "img": null, "vid": "/b/b9/Make Dippy Eggs Step 7.360p.mp4"}, "8": {"text": "Toast the bread slices until they're golden brown.", "img": null, "vid": "/e/e0/Make Dippy Eggs Step 8.360p.mp4"}, "9": {"text": "Spread butter over the slices and cut them into 1 inch (2.5\u00a0cm) strips.", "img": "https://www.wikihow.com/images/thumb/1/11/Make-Dippy-Eggs-Step-9-Version-2.jpg/v4-460px-Make-Dippy-Eggs-Step-9-Version-2.jpg", "vid": null}, "10": {"text": "Dip the toast strips into the dippy egg.", "img": null, "vid": "/c/c1/Make Dippy Eggs Step 10.360p.mp4"}}