{"video_url": "https://www.youtube.com/embed/LWt2LPFMuik", "1": {"text": "Use fresh, frozen, or canned peaches.", "img": "https://www.wikihow.com/images/thumb/d/df/Make-Peach-Puree-Step-1-Version-2.jpg/v4-460px-Make-Peach-Puree-Step-1-Version-2.jpg", "vid": null}, "2": {"text": "Bring a large pot of water to a boil on the stovetop.", "img": "https://www.wikihow.com/images/thumb/e/e2/Make-Peach-Puree-Step-2-Version-2.jpg/v4-460px-Make-Peach-Puree-Step-2-Version-2.jpg", "vid": null}, "3": {"text": "Cut a small X at the bottom of each peach.", "img": null, "vid": "/f/f0/Make Peach Puree Step 3.360p.mp4"}, "4": {"text": "Boil the peaches for 2 minutes.", "img": null, "vid": "/8/8f/Make Peach Puree Step 4.360p.mp4"}, "5": {"text": "Put the peaches into an ice bath for 1 minute.", "img": null, "vid": "/d/d2/Make Peach Puree Step 5.360p.mp4"}, "6": {"text": "Peel the peaches by hand or use a knife to loosen the skin.", "img": null, "vid": "/8/8b/Make Peach Puree Step 6.360p.mp4"}, "7": {"text": "Dice the peeled peaches into quarters and remove the pits.", "img": null, "vid": "/7/71/Make Peach Puree Step 7.360p.mp4"}, "8": {"text": "Put the peaches into a stockpot along with 3 tablespoons (44\u00a0mL) of liquid.", "img": null, "vid": "/7/77/Make Peach Puree Step 8.360p.mp4"}, "9": {"text": "Stir and cook the peaches over medium heat for 10 minutes.", "img": null, "vid": "/6/63/Make Peach Puree Step 9.360p.mp4"}, "10": {"text": "Transfer the hot peaches to a food processor or blender.", "img": "https://www.wikihow.com/images/thumb/9/98/Make-Peach-Puree-Step-10.jpg/v4-460px-Make-Peach-Puree-Step-10.jpg", "vid": null}, "11": {"text": "Blend the peaches for 2 minutes or until they are completely smooth.", "img": null, "vid": "/3/37/Make Peach Puree Step 11.360p.mp4"}, "12": {"text": "Let the puree cool for 10-15 minutes before transferring it to a container.", "img": "https://www.wikihow.com/images/thumb/d/d1/Make-Peach-Puree-Step-12.jpg/v4-460px-Make-Peach-Puree-Step-12.jpg", "vid": null}, "13": {"text": "Transfer the puree from the processor to an airtight glass container.", "img": "https://www.wikihow.com/images/thumb/1/15/Make-Peach-Puree-Step-13.jpg/v4-460px-Make-Peach-Puree-Step-13.jpg", "vid": null}, "14": {"text": "Store peach puree in the fridge for 3-5 days.", "img": "https://www.wikihow.com/images/thumb/3/31/Make-Peach-Puree-Step-14.jpg/v4-460px-Make-Peach-Puree-Step-14.jpg", "vid": null}, "15": {"text": "Label the container with the date it was prepared.", "img": "https://www.wikihow.com/images/thumb/8/86/Make-Peach-Puree-Step-15.jpg/v4-460px-Make-Peach-Puree-Step-15.jpg", "vid": null}, "16": {"text": "Pour the puree into ice cube trays to freeze baby-sized portions.", "img": "https://www.wikihow.com/images/thumb/3/39/Make-Peach-Puree-Step-16.jpg/v4-460px-Make-Peach-Puree-Step-16.jpg", "vid": null}, "17": {"text": "Cover the ice cube tray with a lid or plastic wrap.", "img": null, "vid": "/7/7c/Make Peach Puree Step 17.360p.mp4"}, "18": {"text": "Freeze the ice cube trays for several hours.", "img": "https://www.wikihow.com/images/thumb/3/3c/Make-Peach-Puree-Step-18.jpg/v4-460px-Make-Peach-Puree-Step-18.jpg", "vid": null}, "19": {"text": "Pop out the frozen chunks of puree and transfer them to a plastic bag.", "img": null, "vid": "/3/32/Make Peach Puree Step 19.360p.mp4"}, "20": {"text": "Use frozen puree within 3-6 months of freezing it for the best quality.", "img": "https://www.wikihow.com/images/thumb/9/93/Make-Peach-Puree-Step-20.jpg/v4-460px-Make-Peach-Puree-Step-20.jpg", "vid": null}}