{"video_url": "https://www.youtube.com/embed/fAmcBw97Rfk?showinfo=0", "1": {"text": "Place 6 eggs in a saucepan or other pot with cool water.", "img": null, "vid": "/5/57/Make Egg Salad Step 1 Version 3.360p.mp4"}, "2": {"text": "Bring the water to a boil with a lid on the pan.", "img": null, "vid": "/f/f4/Make Egg Salad Step 2 Version 4.360p.mp4"}, "3": {"text": "Turn the burner off and let the eggs sit in the pan for 7 minutes.", "img": "https://www.wikihow.com/images/thumb/4/48/Make-Egg-Salad-Step-3-Version-5.jpg/v4-460px-Make-Egg-Salad-Step-3-Version-5.jpg", "vid": null}, "4": {"text": "Cool the eggs in an ice bath for 3 to 5 minutes.", "img": null, "vid": "/b/b6/Make Egg Salad Step 4 Version 4.360p.mp4"}, "5": {"text": "Crack each of the hard-boiled eggs.", "img": null, "vid": "/6/68/Make Egg Salad Step 5 Version 3.360p.mp4"}, "6": {"text": "Put the eggs and mayo in a medium-sized bowl.", "img": null, "vid": "/6/6e/Make Egg Salad Step 6 Version 4.360p.mp4"}, "7": {"text": "Mash the eggs and mayonnaise with a fork.", "img": null, "vid": "/3/3b/Make Egg Salad Step 7 Version 4.360p.mp4"}, "8": {"text": "Add salad seasonings.", "img": null, "vid": "/0/00/Make Egg Salad Step 8 Version 3.360p.mp4"}, "9": {"text": "Serve the salad plain or as a sandwich.", "img": "https://www.wikihow.com/images/thumb/a/a4/Make-Egg-Salad-Step-9-Version-5.jpg/v4-460px-Make-Egg-Salad-Step-9-Version-5.jpg", "vid": null}, "10": {"text": "Hard-boil", "img": "https://www.wikihow.com/images/thumb/c/cb/Make-Egg-Salad-Step-10-Version-5.jpg/v4-460px-Make-Egg-Salad-Step-10-Version-5.jpg", "vid": null}, "11": {"text": "Peel and cut up the eggs.", "img": "https://www.wikihow.com/images/thumb/7/7a/Make-Egg-Salad-Step-11-Version-4.jpg/v4-460px-Make-Egg-Salad-Step-11-Version-4.jpg", "vid": null}, "12": {"text": "Mix the mayonnaise, yogurt, and red wine vinegar in a small bowl.", "img": null, "vid": "/c/c8/Make Egg Salad Step 12 Version 4.360p.mp4"}, "13": {"text": "Combine the eggs, bacon, blue cheese, avocado, and tomatoes in a large bowl.", "img": null, "vid": "/3/38/Make Egg Salad Step 13 Version 2.360p.mp4"}, "14": {"text": "Fold the dressing into the salad.", "img": null, "vid": "/b/b1/Make Egg Salad Step 14 Version 2.360p.mp4"}, "15": {"text": "Garnish the salad with chives and any other additional toppings.", "img": "https://www.wikihow.com/images/thumb/8/80/Make-Egg-Salad-Step-15-Version-3.jpg/v4-460px-Make-Egg-Salad-Step-15-Version-3.jpg", "vid": null}}