{"video_url": "https://www.youtube.com/embed/kDFpdEU--iM", "1": {"text": "Start by making a thick soda-syrup base.", "img": "https://www.wikihow.com/images/thumb/c/c8/Make-Soda-Step-1-Version-2.jpg/v4-460px-Make-Soda-Step-1-Version-2.jpg", "vid": null}, "2": {"text": "Bring the mixture to a boil in a heavy saucepan.", "img": "https://www.wikihow.com/images/thumb/7/70/Make-Soda-Step-2-Version-2.jpg/v4-460px-Make-Soda-Step-2-Version-2.jpg", "vid": null}, "3": {"text": "Reduce the syrup by half.", "img": "https://www.wikihow.com/images/thumb/d/d6/Make-Soda-Step-3-Version-2.jpg/v4-460px-Make-Soda-Step-3-Version-2.jpg", "vid": null}, "4": {"text": "Store in squeeze bottle and refrigerate.", "img": "https://www.wikihow.com/images/thumb/8/87/Make-Soda-Step-4-Version-2.jpg/v4-460px-Make-Soda-Step-4-Version-2.jpg", "vid": null}, "5": {"text": "Serve by mixing with ice and seltzer water.", "img": "https://www.wikihow.com/images/thumb/f/f9/Make-Soda-Step-5.jpg/v4-460px-Make-Soda-Step-5.jpg", "vid": null}, "6": {"text": "Assemble the necessary ingredients and equipment.", "img": "https://www.wikihow.com/images/thumb/b/b3/Make-Soda-Step-6.jpg/v4-460px-Make-Soda-Step-6.jpg", "vid": null}, "7": {"text": "Sterilize and wash your bottles.", "img": "https://www.wikihow.com/images/thumb/f/f4/Make-Soda-Step-7.jpg/v4-460px-Make-Soda-Step-7.jpg", "vid": null}, "8": {"text": "Cook up the flavored syrup.", "img": "https://www.wikihow.com/images/thumb/0/02/Make-Soda-Step-8.jpg/v4-460px-Make-Soda-Step-8.jpg", "vid": null}, "9": {"text": "Add the yeast.", "img": "https://www.wikihow.com/images/thumb/6/62/Make-Soda-Step-9.jpg/v4-460px-Make-Soda-Step-9.jpg", "vid": null}, "10": {"text": "Pour soda into the bottles.", "img": "https://www.wikihow.com/images/thumb/4/48/Make-Soda-Step-10.jpg/v4-460px-Make-Soda-Step-10.jpg", "vid": null}, "11": {"text": "Take your first taste outdoors.", "img": "https://www.wikihow.com/images/thumb/d/d1/Make-Soda-Step-11.jpg/v4-460px-Make-Soda-Step-11.jpg", "vid": null}, "12": {"text": "Try out an old-fashioned root beer.", "img": "https://www.wikihow.com/images/thumb/9/91/Make-Soda-Step-12.jpg/v4-460px-Make-Soda-Step-12.jpg", "vid": null}, "13": {"text": "Make fruit soda from fruit juices or extracts.", "img": "https://www.wikihow.com/images/thumb/e/e6/Make-Soda-Step-13.jpg/v4-460px-Make-Soda-Step-13.jpg", "vid": null}, "14": {"text": "Try cracking the Coke-code.", "img": "https://www.wikihow.com/images/thumb/0/01/Make-Soda-Step-14.jpg/v4-460px-Make-Soda-Step-14.jpg", "vid": null}, "15": {"text": "Brew up some sweet ginger ale.", "img": "https://www.wikihow.com/images/thumb/7/7d/Make-Soda-Step-15.jpg/v4-460px-Make-Soda-Step-15.jpg", "vid": null}}