{"video_url": "https://www.youtube.com/embed/caCfrb8AWdE?showinfo=0", "1": {"text": "Rinse off the olives in a bowl.", "img": "https://www.wikihow.com/images/thumb/c/cd/Make-Olive-Tapenade-Step-1.jpg/v4-460px-Make-Olive-Tapenade-Step-1.jpg", "vid": null}, "2": {"text": "Remove the olive pits.", "img": "https://www.wikihow.com/images/thumb/c/c3/Make-Olive-Tapenade-Step-2.jpg/v4-460px-Make-Olive-Tapenade-Step-2.jpg", "vid": null}, "3": {"text": "Mince up 1-3 cloves of garlic.", "img": null, "vid": "/a/a1/Make Olive Tapenade Step 3.360p.mp4"}, "4": {"text": "Throw the olives, garlic, capers, lemon juice, and oil into a processor.", "img": null, "vid": "/9/9a/Make Olive Tapenade Step 4.360p.mp4"}, "5": {"text": "Add 2 anchovy fillets for a salty, fishy taste.", "img": null, "vid": "/9/9d/Make Olive Tapenade Step 5.360p.mp4"}, "6": {"text": "Stir in some red pepper flakes if you want a spicy tapenade.", "img": null, "vid": "/3/39/Make Olive Tapenade Step 6.360p.mp4"}, "7": {"text": "Blend the mixture until everything makes a coarse paste.", "img": null, "vid": "/b/b1/Make Olive Tapenade Step 7.360p.mp4"}, "8": {"text": "Top crunchy bread with the tapenade.", "img": "https://www.wikihow.com/images/thumb/1/1d/Make-Olive-Tapenade-Step-8.jpg/v4-460px-Make-Olive-Tapenade-Step-8.jpg", "vid": null}, "9": {"text": "Dip crackers or cheese into the tapenade.", "img": "https://www.wikihow.com/images/thumb/7/70/Make-Olive-Tapenade-Step-9.jpg/v4-460px-Make-Olive-Tapenade-Step-9.jpg", "vid": null}, "10": {"text": "Put the tapenade on sliced vegetables.", "img": "https://www.wikihow.com/images/thumb/e/e9/Make-Olive-Tapenade-Step-10.jpg/v4-460px-Make-Olive-Tapenade-Step-10.jpg", "vid": null}, "11": {"text": "Flavor hummus with some tapenade.", "img": null, "vid": "/1/11/Make Olive Tapenade Step 11.360p.mp4"}, "12": {"text": "Use it as a sandwich spread.", "img": null, "vid": "/4/46/Make Olive Tapenade Step 12.360p.mp4"}, "13": {"text": "Add tapenade to pasta sauce for extra flavor.", "img": "https://www.wikihow.com/images/thumb/5/57/Make-Olive-Tapenade-Step-13.jpg/v4-460px-Make-Olive-Tapenade-Step-13.jpg", "vid": null}}