{"video_url": "https://www.youtube.com/embed/e-WHvJb7mg0?showinfo=0", "1": {"text": "Cut an avocado in half.", "img": "https://www.wikihow.com/images/thumb/7/7f/Make-a-TikTok-Avocado-Rose-Step-1.jpg/v4-460px-Make-a-TikTok-Avocado-Rose-Step-1.jpg", "vid": null}, "2": {"text": "Remove the pit and throw it away.", "img": "https://www.wikihow.com/images/thumb/a/ac/Make-a-TikTok-Avocado-Rose-Step-2.jpg/v4-460px-Make-a-TikTok-Avocado-Rose-Step-2.jpg", "vid": null}, "3": {"text": "Scoop out one half of the avocado and place it on a cutting board.", "img": null, "vid": "/f/f4/Make a TikTok Avocado Rose Step 3.360p.mp4"}, "4": {"text": "Slice the avocado into 1\u20444\u00a0in (0.64\u00a0cm) thin slices.", "img": null, "vid": "/9/92/Make a TikTok Avocado Rose Step 4.360p.mp4"}, "5": {"text": "Spread the slices out so they form a line.", "img": null, "vid": "/b/bc/Make a TikTok Avocado Rose Step 5.360p.mp4"}, "6": {"text": "Wrap the slices into a spiral starting from the bottom.", "img": null, "vid": "/5/57/Make a TikTok Avocado Rose Step 6.360p.mp4"}, "7": {"text": "Set the avocado rose on a plate.", "img": "https://www.wikihow.com/images/thumb/5/53/Make-a-TikTok-Avocado-Rose-Step-7.jpg/v4-460px-Make-a-TikTok-Avocado-Rose-Step-7.jpg", "vid": null}, "8": {"text": "Drizzle olive oil over the rose and add salt and pepper to season it.", "img": null, "vid": "/5/51/Make a TikTok Avocado Rose Step 8.360p.mp4"}}