{"video_url": "https://www.youtube.com/embed/S8Bbm5OHUOA?showinfo=0", "1": {"text": "Choose which fruits to use in the bouquet.", "img": "https://www.wikihow.com/images/thumb/a/ac/Make-an-Edible-Bouquet-Step-1.jpg/v4-460px-Make-an-Edible-Bouquet-Step-1.jpg", "vid": null}, "2": {"text": "Clean and trim your fruit so it\u2019s ready to eat.", "img": null, "vid": "/1/19/Make an Edible Bouquet Step 2.360p.mp4"}, "3": {"text": "Cut your larger fruit into small, decorative pieces.", "img": null, "vid": "/d/db/Make an Edible Bouquet Step 3.360p.mp4"}, "4": {"text": "Skewer each piece of fruit through the center.", "img": null, "vid": "/6/62/Make an Edible Bouquet Step 4.360p.mp4"}, "5": {"text": "Dip some of your fruit pieces in chocolate.", "img": null, "vid": "/6/69/Make an Edible Bouquet Step 5.360p.mp4"}, "6": {"text": "Place the fruit skewers in a flipped colander.", "img": "https://www.wikihow.com/images/thumb/e/e8/Make-an-Edible-Bouquet-Step-6.jpg/v4-460px-Make-an-Edible-Bouquet-Step-6.jpg", "vid": null}, "7": {"text": "Fill a vase with large cubes of floral foam.", "img": "https://www.wikihow.com/images/thumb/d/d4/Make-an-Edible-Bouquet-Step-7.jpg/v4-460px-Make-an-Edible-Bouquet-Step-7.jpg", "vid": null}, "8": {"text": "Cover the floral foam with foil to protect the fruit.", "img": null, "vid": "/c/ca/Make an Edible Bouquet Step 8.360p.mp4"}, "9": {"text": "Stick the skewers of fruit into the floral foam.", "img": null, "vid": "/3/33/Make an Edible Bouquet Step 9.360p.mp4"}, "10": {"text": "Arrange pieces of lettuce on the vase\u2019s bottom.", "img": null, "vid": "/0/0d/Make an Edible Bouquet Step 10.360p.mp4"}, "11": {"text": "Pick nice-smelling herbs to use in the bouquet.", "img": "https://www.wikihow.com/images/thumb/d/dc/Make-an-Edible-Bouquet-Step-11.jpg/v4-460px-Make-an-Edible-Bouquet-Step-11.jpg", "vid": null}, "12": {"text": "Put herbs into a bouquet with your dominant hand.", "img": null, "vid": "/6/61/Make an Edible Bouquet Step 12.360p.mp4"}, "13": {"text": "Tie the stems together to keep them secure.", "img": null, "vid": "/c/c5/Make an Edible Bouquet Step 13.360p.mp4"}, "14": {"text": "Rip off the blossom portion from the fake roses.", "img": null, "vid": "/8/80/Make an Edible Bouquet Step 14.360p.mp4"}, "15": {"text": "Preheat the oven to 375\u00a0\u00b0F (191\u00a0\u00b0C).", "img": "https://www.wikihow.com/images/thumb/4/49/Make-an-Edible-Bouquet-Step-15.jpg/v4-460px-Make-an-Edible-Bouquet-Step-15.jpg", "vid": null}, "16": {"text": "Take a piece of bacon and roll it to form a rose.", "img": null, "vid": "/c/cc/Make an Edible Bouquet Step 16.360p.mp4"}, "17": {"text": "Stick two toothpicks in the bacon to hold it in place.", "img": null, "vid": "/f/f3/Make an Edible Bouquet Step 17.360p.mp4"}, "18": {"text": "Put a metal rack over a pan lined with foil.", "img": "https://www.wikihow.com/images/thumb/b/b8/Make-an-Edible-Bouquet-Step-18.jpg/v4-460px-Make-an-Edible-Bouquet-Step-18.jpg", "vid": null}, "19": {"text": "Place the bacon on the rack.", "img": null, "vid": "/8/8f/Make an Edible Bouquet Step 19.360p.mp4"}, "20": {"text": "Slide the bacon into the oven for 45 minutes.", "img": null, "vid": "/1/10/Make an Edible Bouquet Step 20.360p.mp4"}, "21": {"text": "Remove the toothpicks from the bacon.", "img": null, "vid": "/a/ad/Make an Edible Bouquet Step 21.360p.mp4"}, "22": {"text": "Stick the cooked bacon on top of the fake rose.", "img": "https://www.wikihow.com/images/thumb/8/8e/Make-an-Edible-Bouquet-Step-22.jpg/v4-460px-Make-an-Edible-Bouquet-Step-22.jpg", "vid": null}, "23": {"text": "Position the bacon roses nicely in a vase.", "img": "https://www.wikihow.com/images/thumb/2/20/Make-an-Edible-Bouquet-Step-23.jpg/v4-460px-Make-an-Edible-Bouquet-Step-23.jpg", "vid": null}}