{"video_url": "https://www.youtube.com/embed/XgnhLwrTSFo?showinfo=0", "1": {"text": "Clean the plastic bottle.", "img": null, "vid": "/2/27/Make a Toy Car Step 1 Version 3.360p.mp4"}, "2": {"text": "Drill the two holes into each side of the bottle.", "img": null, "vid": "/0/0f/Make a Toy Car Step 2 Version 3.360p.mp4"}, "3": {"text": "Find your axles.", "img": null, "vid": "/c/c9/Make a Toy Car Step 3 Version 3.360p.mp4"}, "4": {"text": "Gather four bottle caps.", "img": null, "vid": "/4/4b/Make a Toy Car Step 4 Version 3.360p.mp4"}, "5": {"text": "Paint the car and wheels.", "img": null, "vid": "/6/66/Make a Toy Car Step 5 Version 3.360p.mp4"}, "6": {"text": "Place the axles into the plastic bottle.", "img": null, "vid": "/c/c5/Make a Toy Car Step 6 Version 3.360p.mp4"}, "7": {"text": "Drill a hole into the lid.", "img": null, "vid": "/1/12/Make a Toy Car Step 7 Version 3.360p.mp4"}, "8": {"text": "Cut the top of the bottle to make a windshield.", "img": null, "vid": "/6/6c/Make a Toy Car Step 8 Version 3.360p.mp4"}, "9": {"text": "Drill a hole through each of the four plastic lids.", "img": null, "vid": "/1/1d/Make a Toy Car Step 9 Version 3.360p.mp4"}, "10": {"text": "Place the bottle caps onto the axles of the car.", "img": null, "vid": "/c/c5/Make a Toy Car Step 10 Version 3.360p.mp4"}, "11": {"text": "Use the string to pull the car.", "img": null, "vid": "/8/85/Make a Toy Car Step 11.360p.mp4"}, "12": {"text": "Find four bottle caps.", "img": null, "vid": "/8/8f/Make a Toy Car Step 12.360p.mp4"}, "13": {"text": "Place two bamboo skewers on a milk carton.", "img": null, "vid": "/1/15/Make a Toy Car Step 13.360p.mp4"}, "14": {"text": "Push one end of the skewers through bottle caps.", "img": null, "vid": "/5/5b/Make a Toy Car Step 14.360p.mp4"}, "15": {"text": "Place straws on the skewers.", "img": null, "vid": "/e/e5/Make a Toy Car Step 15.360p.mp4"}, "16": {"text": "Push the skewers through the remaining bottle caps.", "img": null, "vid": "/c/cc/Make a Toy Car Step 16.360p.mp4"}, "17": {"text": "Tape the axles horizontally across the milk carton.", "img": null, "vid": "/0/0d/Make a Toy Car Step 17.360p.mp4"}, "18": {"text": "Customize the car.", "img": null, "vid": "/e/ea/Make a Toy Car Step 18.360p.mp4"}, "19": {"text": "Measure and cut a piece of cardboard.", "img": null, "vid": "/b/b8/Make a Toy Car Step 19.360p.mp4"}, "20": {"text": "Drill a hole into 4 plastic lids.", "img": null, "vid": "/2/21/Make a Toy Car Step 20.360p.mp4"}, "21": {"text": "Cut a straight straw in half.", "img": null, "vid": "/6/6f/Make a Toy Car Step 21.360p.mp4"}, "22": {"text": "Run a skewer through each of the straws.", "img": null, "vid": "/c/cd/Make a Toy Car Step 22.360p.mp4"}, "23": {"text": "Attach the lids to the skewers.", "img": null, "vid": "/5/5a/Make a Toy Car Step 23.360p.mp4"}, "24": {"text": "Cut the flexible drinking straw in half.", "img": null, "vid": "/6/6d/Make a Toy Car Step 24.360p.mp4"}, "25": {"text": "Stretch the balloon.", "img": null, "vid": "/9/9e/Make a Toy Car Step 25.360p.mp4"}, "26": {"text": "Secure the balloon to the flexible drinking straw with a rubber band.", "img": null, "vid": "/e/e5/Make a Toy Car Step 26.360p.mp4"}, "27": {"text": "Tape the balloon and straw to the cardboard piece.", "img": null, "vid": "/6/6d/Make a Toy Car Step 27.360p.mp4"}, "28": {"text": "Blow into the straw.", "img": null, "vid": "/7/7e/Make a Toy Car Step 28.360p.mp4"}}