{"video_url": "https://www.youtube.com/embed/t4IdWQ06qZY", "1": {"text": "Choose vegetables with consistent coloring.", "img": "https://www.wikihow.com/images/thumb/6/68/Make-Natural-Food-Coloring-Step-1.jpg/v4-460px-Make-Natural-Food-Coloring-Step-1.jpg", "vid": null}, "2": {"text": "Boil your vegetables.", "img": "https://www.wikihow.com/images/thumb/5/5a/Make-Natural-Food-Coloring-Step-2.jpg/v4-460px-Make-Natural-Food-Coloring-Step-2.jpg", "vid": null}, "3": {"text": "Dehydrate your vegetables or herbs.", "img": "https://www.wikihow.com/images/thumb/4/4e/Make-Natural-Food-Coloring-Step-3.jpg/v4-460px-Make-Natural-Food-Coloring-Step-3.jpg", "vid": null}, "4": {"text": "Grind the dried veggies into a powder.", "img": "https://www.wikihow.com/images/thumb/6/60/Make-Natural-Food-Coloring-Step-4.jpg/v4-460px-Make-Natural-Food-Coloring-Step-4.jpg", "vid": null}, "5": {"text": "Select foods that are already in powder form.", "img": "https://www.wikihow.com/images/thumb/0/09/Make-Natural-Food-Coloring-Step-5.jpg/v4-460px-Make-Natural-Food-Coloring-Step-5.jpg", "vid": null}, "6": {"text": "Choose fruits with opaque juices.", "img": "https://www.wikihow.com/images/thumb/b/b2/Make-Natural-Food-Coloring-Step-6.jpg/v4-460px-Make-Natural-Food-Coloring-Step-6.jpg", "vid": null}, "7": {"text": "Juice or blend the fruit.", "img": "https://www.wikihow.com/images/thumb/6/69/Make-Natural-Food-Coloring-Step-7.jpg/v4-460px-Make-Natural-Food-Coloring-Step-7.jpg", "vid": null}, "8": {"text": "Strain the juice.", "img": "https://www.wikihow.com/images/thumb/1/1a/Make-Natural-Food-Coloring-Step-8.jpg/v4-460px-Make-Natural-Food-Coloring-Step-8.jpg", "vid": null}, "9": {"text": "Reduce the juice.", "img": "https://www.wikihow.com/images/thumb/0/0a/Make-Natural-Food-Coloring-Step-9.jpg/v4-460px-Make-Natural-Food-Coloring-Step-9.jpg", "vid": null}, "10": {"text": "Pick compatible colors.", "img": "https://www.wikihow.com/images/thumb/1/1f/Make-Natural-Food-Coloring-Step-10.jpg/v4-460px-Make-Natural-Food-Coloring-Step-10.jpg", "vid": null}, "11": {"text": "Go for dye options with subtle flavors.", "img": "https://www.wikihow.com/images/thumb/4/4f/Make-Natural-Food-Coloring-Step-11.jpg/v4-460px-Make-Natural-Food-Coloring-Step-11.jpg", "vid": null}, "12": {"text": "Pay attention to consistency.", "img": "https://www.wikihow.com/images/thumb/d/de/Make-Natural-Food-Coloring-Step-12.jpg/v4-460px-Make-Natural-Food-Coloring-Step-12.jpg", "vid": null}, "13": {"text": "Mask unwanted flavors when necessary.", "img": "https://www.wikihow.com/images/thumb/1/10/Make-Natural-Food-Coloring-Step-13.jpg/v4-460px-Make-Natural-Food-Coloring-Step-13.jpg", "vid": null}}