{"video_url": "https://www.youtube.com/embed/A1hI2pmUZpY?showinfo=0", "1": {"text": "Crack 4 large eggs into a large bowl.", "img": "https://www.wikihow.com/images/thumb/b/b7/Make-French-Toast-Step-1-Version-7.jpg/v4-460px-Make-French-Toast-Step-1-Version-7.jpg", "vid": null}, "2": {"text": "Add milk, vanilla extract, and cinnamon to the bowl.", "img": null, "vid": "/e/e8/Make French Toast Step 2 Version 6.360p.mp4"}, "3": {"text": "Beat the mixture together with a fork or whisk.", "img": null, "vid": "/4/4f/Make French Toast Step 3 Version 6.360p.mp4"}, "4": {"text": "Add flour to thicken the batter and make fluffier toast, if desired.", "img": null, "vid": "/b/ba/Make French Toast Step 4 Version 6.360p.mp4"}, "5": {"text": "Place a cast-iron pan on the burner, if you are using a stove.", "img": "https://www.wikihow.com/images/thumb/3/35/Make-French-Toast-Step-5-Version-7.jpg/v4-460px-Make-French-Toast-Step-5-Version-7.jpg", "vid": null}, "6": {"text": "Add 1 tablespoon (15\u00a0mL) butter or spray the pan with nonstick spray.", "img": "https://www.wikihow.com/images/thumb/9/90/Make-French-Toast-Step-6-Version-7.jpg/v4-460px-Make-French-Toast-Step-6-Version-7.jpg", "vid": null}, "7": {"text": "Set the stove to medium high heat or heat your griddle to 350\u00a0\u00b0F (177\u00a0\u00b0C).", "img": "https://www.wikihow.com/images/thumb/8/84/Make-French-Toast-Step-7-Version-7.jpg/v4-460px-Make-French-Toast-Step-7-Version-7.jpg", "vid": null}, "8": {"text": "Turn the heat down to medium-low once the butter melts.", "img": "https://www.wikihow.com/images/thumb/f/f9/Make-French-Toast-Step-8-Version-7.jpg/v4-460px-Make-French-Toast-Step-8-Version-7.jpg", "vid": null}, "9": {"text": "Coat 2 slices of bread at a time with the egg mixture.", "img": null, "vid": "/9/95/Make French Toast Step 9 Version 6.360p.mp4"}, "10": {"text": "Place each coated slice of bread into the hot pan.", "img": null, "vid": "/d/da/Make French Toast Step 10.360p.mp4"}, "11": {"text": "Cook the toast for 1 to 4 minutes on each side, or until golden.", "img": null, "vid": "/0/01/Make French Toast Step 11 Version 3.360p.mp4"}, "12": {"text": "Place the French toast on a serving plate straight from the pan.", "img": "https://www.wikihow.com/images/thumb/6/61/Make-French-Toast-Step-12-Version-3.jpg/v4-460px-Make-French-Toast-Step-12-Version-3.jpg", "vid": null}, "13": {"text": "Try ricotta cheese for a more savory option.", "img": "https://www.wikihow.com/images/thumb/2/2b/Make-French-Toast-Step-17.jpg/v4-460px-Make-French-Toast-Step-17.jpg", "vid": null}, "14": {"text": "Add a fruity topping to add some flavor.", "img": null, "vid": "/e/e1/Make French Toast Step 14 Version 3.360p.mp4"}, "15": {"text": "Sprinkle on cinnamon or powdered sugar.", "img": "https://www.wikihow.com/images/thumb/e/ee/Make-French-Toast-Step-15-Version-3.jpg/v4-460px-Make-French-Toast-Step-15-Version-3.jpg", "vid": null}, "16": {"text": "Spread some chocolate on the toast.", "img": "https://www.wikihow.com/images/thumb/6/6e/Make-French-Toast-Step-16.jpg/v4-460px-Make-French-Toast-Step-16.jpg", "vid": null}, "17": {"text": "Drizzle syrup on the toast for a classic breakfast flavor.", "img": "https://www.wikihow.com/images/thumb/e/e1/Make-French-Toast-Step-13-Version-3.jpg/v4-460px-Make-French-Toast-Step-13-Version-3.jpg", "vid": null}}