{"video_url": "https://www.youtube.com/embed/TfycTZTb28g", "1": {"text": "Crush 4 cloves of garlic directly into a saucepan and pour in the olive oil.", "img": "https://www.wikihow.com/images/thumb/8/8d/Make-Garlic-Oil-Step-1-Version-3.jpg/v4-460px-Make-Garlic-Oil-Step-1-Version-3.jpg", "vid": null}, "2": {"text": "Heat the mixture over medium low heat for 3 to 5 minutes.", "img": null, "vid": "/0/0e/Make Garlic Oil Step 2 Version 3.360p.mp4"}, "3": {"text": "Remove the pan from the heat and pour the mixture into a container.", "img": null, "vid": "/0/08/Make Garlic Oil Step 3 Version 3.360p.mp4"}, "4": {"text": "Keep the oil in the refrigerator for up to 5 days.", "img": "https://www.wikihow.com/images/thumb/1/11/Make-Garlic-Oil-Step-4-Version-3.jpg/v4-460px-Make-Garlic-Oil-Step-4-Version-3.jpg", "vid": null}, "5": {"text": "Crush 8 cloves of garlic with the back of a knife.", "img": null, "vid": "/2/2d/Make Garlic Oil Step 5 Version 3.360p.mp4"}, "6": {"text": "Remove and discard the garlic peel.", "img": null, "vid": "/5/50/Make Garlic Oil Step 6 Version 3.360p.mp4"}, "7": {"text": "Combine the crushed garlic and 2 cups (470\u00a0ml) of olive oil in a jar.", "img": null, "vid": "/8/84/Make Garlic Oil Step 7 Version 3.360p.mp4"}, "8": {"text": "Store the jar in the refrigerator for 2 to 5 days.", "img": "https://www.wikihow.com/images/thumb/0/0f/Make-Garlic-Oil-Step-8-Version-3.jpg/v4-460px-Make-Garlic-Oil-Step-8-Version-3.jpg", "vid": null}}