{"video_url": "https://www.youtube.com/embed/Ng04tYPHHQ0?showinfo=0", "1": {"text": "Melt the unsalted butter in a saucepan over low-heat.", "img": "https://www.wikihow.com/images/thumb/d/df/Make-Cream-from-Milk-Step-1-Version-11.jpg/v4-460px-Make-Cream-from-Milk-Step-1-Version-11.jpg", "vid": null}, "2": {"text": "Stir 1 tablespoon (15 mL) of the melted butter into the cold milk.", "img": "https://www.wikihow.com/images/thumb/a/a0/Make-Cream-from-Milk-Step-2-Version-12.jpg/v4-460px-Make-Cream-from-Milk-Step-2-Version-12.jpg", "vid": null}, "3": {"text": "Pour the milk into the rest of the butter and cook it over low-heat.", "img": null, "vid": "/d/db/Make Cream from Milk Step 3 Version 12.360p.mp4"}, "4": {"text": "Mix the cream until it thickens.", "img": null, "vid": "/8/8d/Make Cream from Milk Step 4 Version 12.360p.mp4"}, "5": {"text": "Keep the cream in the fridge and use it within 1 week.", "img": "https://www.wikihow.com/images/thumb/d/d4/Make-Cream-from-Milk-Step-5-Version-11.jpg/v4-460px-Make-Cream-from-Milk-Step-5-Version-11.jpg", "vid": null}, "6": {"text": "Combine water and unflavored gelatin, then wait 5 minutes.", "img": null, "vid": "/2/2d/Make Cream from Milk Step 6 Version 11.360p.mp4"}, "7": {"text": "Cook the mixture over low-heat until it turns clear, stirring often.", "img": null, "vid": "/f/f1/Make Cream from Milk Step 7 Version 12.360p.mp4"}, "8": {"text": "Let the mixture cool, then whisk it into whole milk for a few seconds.", "img": null, "vid": "/1/19/Make Cream from Milk Step 8 Version 5.360p.mp4"}, "9": {"text": "Whisk in the powdered sugar and vanilla extract.", "img": null, "vid": "/e/e1/Make Cream from Milk Step 9 Version 5.360p.mp4"}, "10": {"text": "Refrigerate the mixture for about 90 minutes, stirring it every 15 minutes.", "img": "https://www.wikihow.com/images/thumb/a/a3/Make-Cream-from-Milk-Step-10-Version-8.jpg/v4-460px-Make-Cream-from-Milk-Step-10-Version-8.jpg", "vid": null}, "11": {"text": "Whip the mixture with a hand-held mixer until it turns creamy.", "img": null, "vid": "/4/4c/Make Cream from Milk Step 11 Version 5.360p.mp4"}, "12": {"text": "Store the whipped cream in the fridge for up to 2 days.", "img": null, "vid": "/f/fb/Make Cream from Milk Step 12 Version 3.360p.mp4"}, "13": {"text": "Pour the non-homogenized milk into a glass jar.", "img": "https://www.wikihow.com/images/thumb/c/cf/Make-Cream-from-Milk-Step-13-Version-3.jpg/v4-460px-Make-Cream-from-Milk-Step-13-Version-3.jpg", "vid": null}, "14": {"text": "Let fresh milk rest for 24 hours.", "img": "https://www.wikihow.com/images/thumb/7/70/Make-Cream-from-Milk-Step-14-Version-3.jpg/v4-460px-Make-Cream-from-Milk-Step-14-Version-3.jpg", "vid": null}, "15": {"text": "Find the line where the milk and cream separate.", "img": "https://www.wikihow.com/images/thumb/4/40/Make-Cream-from-Milk-Step-15-Version-3.jpg/v4-460px-Make-Cream-from-Milk-Step-15-Version-3.jpg", "vid": null}, "16": {"text": "Dip a ladle into the cream, above the cream line.", "img": null, "vid": "/6/6d/Make Cream from Milk Step 16 Version 3.360p.mp4"}, "17": {"text": "Scoop the cream out and transfer it into a separate container.", "img": null, "vid": "/b/b5/Make Cream from Milk Step 17 Version 3.360p.mp4"}, "18": {"text": "Repeat the process until you have about 1 inch (2.5\u00a0cm) of cream left.", "img": "https://www.wikihow.com/images/thumb/4/4d/Make-Cream-from-Milk-Step-18-Version-3.jpg/v4-460px-Make-Cream-from-Milk-Step-18-Version-3.jpg", "vid": null}, "19": {"text": "Use the separated milk and cream as desired.", "img": "https://www.wikihow.com/images/thumb/3/35/Make-Cream-from-Milk-Step-19-Version-2.jpg/v4-460px-Make-Cream-from-Milk-Step-19-Version-2.jpg", "vid": null}}