{"video_url": "https://www.youtube.com/embed/H8JSZVjKa7c?showinfo=0", "1": {"text": "Start with fresh, heavy cream.", "img": "https://www.wikihow.com/images/thumb/5/59/Make-Butter-Step-1-Version-2.jpg/v4-460px-Make-Butter-Step-1-Version-2.jpg", "vid": null}, "2": {"text": "If using an electric mixer, chill a large bowl and a container of water.", "img": "https://www.wikihow.com/images/thumb/5/5c/Make-Butter-Step-2-Version-2.jpg/v4-460px-Make-Butter-Step-2-Version-2.jpg", "vid": null}, "3": {"text": "Pour the cream into the bowl.", "img": "https://www.wikihow.com/images/thumb/2/2e/Make-Butter-Step-3-Version-2.jpg/v4-460px-Make-Butter-Step-3-Version-2.jpg", "vid": null}, "4": {"text": "Add cultures for a stronger flavor and easier churning (optional).", "img": "https://www.wikihow.com/images/thumb/8/89/Make-Butter-Step-4-Version-2.jpg/v4-460px-Make-Butter-Step-4-Version-2.jpg", "vid": null}, "5": {"text": "Let cultured cream stand at room temperature.", "img": "https://www.wikihow.com/images/thumb/0/09/Make-Butter-Step-5.jpg/v4-460px-Make-Butter-Step-5.jpg", "vid": null}, "6": {"text": "Churn or shake the cream.", "img": "https://www.wikihow.com/images/thumb/2/29/Make-Butter-Step-6-Version-2.jpg/v4-460px-Make-Butter-Step-6-Version-2.jpg", "vid": null}, "7": {"text": "Watch the cream change consistency.", "img": "https://www.wikihow.com/images/thumb/6/61/Make-Butter-Step-7-Version-2.jpg/v4-460px-Make-Butter-Step-7-Version-2.jpg", "vid": null}, "8": {"text": "Pour the buttermilk into a separate container, and save it for use in other recipes.", "img": "https://www.wikihow.com/images/thumb/d/d7/Make-Butter-Step-8-Version-2.jpg/v4-460px-Make-Butter-Step-8-Version-2.jpg", "vid": null}, "9": {"text": "Wash the butter in cold water.", "img": "https://www.wikihow.com/images/thumb/2/2c/Make-Butter-Step-9-Version-2.jpg/v4-460px-Make-Butter-Step-9-Version-2.jpg", "vid": null}, "10": {"text": "Press out the remaining liquid.", "img": "https://www.wikihow.com/images/thumb/0/02/Make-Butter-Step-10-Version-2.jpg/v4-460px-Make-Butter-Step-10-Version-2.jpg", "vid": null}, "11": {"text": "Mix in salt or other ingredients (optional).", "img": "https://www.wikihow.com/images/thumb/0/0c/Make-Butter-Step-11-Version-2.jpg/v4-460px-Make-Butter-Step-11-Version-2.jpg", "vid": null}, "12": {"text": "Store in the refrigerator or freezer.", "img": "https://www.wikihow.com/images/thumb/e/ee/Make-Butter-Step-12-Version-2.jpg/v4-460px-Make-Butter-Step-12-Version-2.jpg", "vid": null}}