{"video_url": "https://www.youtube.com/embed/qhNj3QZk6Rs?showinfo=0", "1": {"text": "Heat the milk.", "img": "https://www.wikihow.com/images/thumb/e/e7/Make-Cottage-Cheese-Step-1-Version-2.jpg/v4-460px-Make-Cottage-Cheese-Step-1-Version-2.jpg", "vid": null}, "2": {"text": "Add the rennet.", "img": null, "vid": "/9/94/Make Cottage Cheese Step 2.360p.mp4"}, "3": {"text": "Let the mixture stand.", "img": null, "vid": "/3/3c/Make Cottage Cheese Step 3.360p.mp4"}, "4": {"text": "Slice the mixture.", "img": "https://www.wikihow.com/images/thumb/d/d1/Make-Cottage-Cheese-Step-4-Version-2.jpg/v4-460px-Make-Cottage-Cheese-Step-4-Version-2.jpg", "vid": null}, "5": {"text": "Cook the mixture.", "img": null, "vid": "/7/7a/Make Cottage Cheese Step 5.360p.mp4"}, "6": {"text": "Strain the curds.", "img": "https://www.wikihow.com/images/thumb/1/15/Make-Cottage-Cheese-Step-6-Version-2.jpg/v4-460px-Make-Cottage-Cheese-Step-6-Version-2.jpg", "vid": null}, "7": {"text": "Serve the cottage cheese.", "img": "https://www.wikihow.com/images/thumb/1/1d/Make-Cottage-Cheese-Step-7-Version-2.jpg/v4-460px-Make-Cottage-Cheese-Step-7-Version-2.jpg", "vid": null}, "8": {"text": "Heat the milk.", "img": null, "vid": "/3/3a/Make Cottage Cheese Step 8.360p.mp4"}, "9": {"text": "Add the vinegar.", "img": null, "vid": "/7/78/Make Cottage Cheese Step 9.360p.mp4"}, "10": {"text": "Strain the curds from the whey.", "img": "https://www.wikihow.com/images/thumb/9/96/Make-Cottage-Cheese-Step-10-Version-2.jpg/v4-460px-Make-Cottage-Cheese-Step-10-Version-2.jpg", "vid": null}, "11": {"text": "Rinse the curds.", "img": null, "vid": "/7/79/Make Cottage Cheese Step 11.360p.mp4"}, "12": {"text": "Finish the cottage cheese.", "img": "https://www.wikihow.com/images/thumb/2/24/Make-Cottage-Cheese-Step-12-Version-2.jpg/v4-460px-Make-Cottage-Cheese-Step-12-Version-2.jpg", "vid": null}, "13": {"text": "Heat the milk.", "img": null, "vid": "/c/cb/Make Cottage Cheese Step 13.360p.mp4"}, "14": {"text": "Add the lemon juice.", "img": null, "vid": "/6/6e/Make Cottage Cheese Step 14.360p.mp4"}, "15": {"text": "Let the mixture rest.", "img": "https://www.wikihow.com/images/thumb/2/28/Make-Cottage-Cheese-Step-15-Version-2.jpg/v4-460px-Make-Cottage-Cheese-Step-15-Version-2.jpg", "vid": null}, "16": {"text": "Strain the curds from the whey.", "img": "https://www.wikihow.com/images/thumb/f/f9/Make-Cottage-Cheese-Step-16-Version-2.jpg/v4-460px-Make-Cottage-Cheese-Step-16-Version-2.jpg", "vid": null}, "17": {"text": "Rinse the curds.", "img": "https://www.wikihow.com/images/thumb/8/81/Make-Cottage-Cheese-Step-17-Version-2.jpg/v4-460px-Make-Cottage-Cheese-Step-17-Version-2.jpg", "vid": null}, "18": {"text": "Finish the cottage cheese.", "img": "https://www.wikihow.com/images/thumb/b/b7/Make-Cottage-Cheese-Step-18-Version-2.jpg/v4-460px-Make-Cottage-Cheese-Step-18-Version-2.jpg", "vid": null}}