{"video_url": "https://www.youtube.com/embed/4SW6nU-5QN8?showinfo=0", "1": {"text": "Combine the ingredients in a saucepan.", "img": "https://www.wikihow.com/images/thumb/f/fa/Make-Raspberry-Puree-Step-1-Version-3.jpg/v4-460px-Make-Raspberry-Puree-Step-1-Version-3.jpg", "vid": null}, "2": {"text": "Cook over medium heat.", "img": "https://www.wikihow.com/images/thumb/9/98/Make-Raspberry-Puree-Step-2-Version-3.jpg/v4-460px-Make-Raspberry-Puree-Step-2-Version-3.jpg", "vid": null}, "3": {"text": "Pour the mixture through a strainer to extract the seeds.", "img": null, "vid": "/d/d7/Make Raspberry Puree Step 3.360p.mp4"}, "4": {"text": "Refrigerate the puree.", "img": "https://www.wikihow.com/images/thumb/5/53/Make-Raspberry-Puree-Step-4-Version-3.jpg/v4-460px-Make-Raspberry-Puree-Step-4-Version-3.jpg", "vid": null}, "5": {"text": "Blend raspberries, sugar and lemon juice together.", "img": "https://www.wikihow.com/images/thumb/d/d0/Make-Raspberry-Puree-Step-5-Version-3.jpg/v4-460px-Make-Raspberry-Puree-Step-5-Version-3.jpg", "vid": null}, "6": {"text": "Strain the mixture through a sieve or chinois.", "img": null, "vid": "/0/06/Make Raspberry Puree Step 6.360p.mp4"}, "7": {"text": "Freeze or refrigerate until needed.", "img": "https://www.wikihow.com/images/thumb/9/99/Make-Raspberry-Puree-Step-7-Version-2.jpg/v4-460px-Make-Raspberry-Puree-Step-7-Version-2.jpg", "vid": null}, "8": {"text": "Change the proportions of ingredients.", "img": null, "vid": "/d/da/Make Raspberry Puree Step 8.360p.mp4"}, "9": {"text": "Make a sweeter puree.", "img": "https://www.wikihow.com/images/thumb/0/0d/Make-Raspberry-Puree-Step-9-Version-2.jpg/v4-460px-Make-Raspberry-Puree-Step-9-Version-2.jpg", "vid": null}, "10": {"text": "Thicken it up.", "img": null, "vid": "/4/49/Make Raspberry Puree Step 10.360p.mp4"}, "11": {"text": "Substitute another liquid.", "img": "https://www.wikihow.com/images/thumb/d/d9/Make-Raspberry-Puree-Step-11-Version-2.jpg/v4-460px-Make-Raspberry-Puree-Step-11-Version-2.jpg", "vid": null}}