{"video_url": "https://www.youtube.com/embed/MW7sjI0zX54?showinfo=0", "1": {"text": "Mix 3/4 cup of the water with 1 cup glue in a bowl.", "img": "https://www.wikihow.com/images/thumb/e/ef/Make-Flubber-Step-1-Version-10.jpg/v4-460px-Make-Flubber-Step-1-Version-10.jpg", "vid": null}, "2": {"text": "Mix 2 tablespoons of Borax with a 1/2 cup of water in a separate bowl.", "img": null, "vid": "/1/1e/Make Flubber Step 2 Version 7.360p.mp4"}, "3": {"text": "Combine the two mixtures.", "img": null, "vid": "/e/ec/Make Flubber Step 3 Version 7.360p.mp4"}, "4": {"text": "Put the mixture in a plastic bag with a good seal.", "img": null, "vid": "/3/3a/Make Flubber Step 4 Version 7.360p.mp4"}, "5": {"text": "Finished.", "img": null, "vid": "/7/75/Make Flubber Step 5 Version 6.360p.mp4"}, "6": {"text": "Pour 1 cup of white glue into a bowl.", "img": null, "vid": "/c/cf/Make Flubber Step 6 Version 7.360p.mp4"}, "7": {"text": "Pour 1 cup of liquid starch into the glue mixture.", "img": null, "vid": "/8/82/Make Flubber Step 7 Version 6.360p.mp4"}, "8": {"text": "Mix more starch in if it seems too sticky.", "img": null, "vid": "/e/e2/Make Flubber Step 8 Version 7.360p.mp4"}, "9": {"text": "Store Gak in a container with a good lid.", "img": null, "vid": "/b/b9/Make Flubber Step 9 Version 7.360p.mp4"}, "10": {"text": "Pour one can (14 oz.", "img": null, "vid": "/f/f6/Make Flubber Step 10 Version 7.360p.mp4"}, "11": {"text": "Add one tablespoon of cornstarch to the saucepan.", "img": null, "vid": "/5/52/Make Flubber Step 11 Version 7.360p.mp4"}, "12": {"text": "Remove the saucepan from the heat when the mixture starts to thicken.", "img": null, "vid": "/b/b5/Make Flubber Step 12 Version 7.360p.mp4"}, "13": {"text": "Allow the mixture to cool before you play (or eat) it.", "img": "https://www.wikihow.com/images/thumb/9/98/Make-Flubber-Step-13-Version-9.jpg/v4-460px-Make-Flubber-Step-13-Version-9.jpg", "vid": null}, "14": {"text": "Store edible flubber in a container or seal-able plastic bag.", "img": null, "vid": "/8/8e/Make Flubber Step 14 Version 7.360p.mp4"}}