{"video_url": "https://www.youtube.com/embed/Ziv5Aywtjo4?showinfo=0", "1": {"text": "Measure your milk.", "img": "https://www.wikihow.com/images/thumb/4/4d/Make-Evaporated-Milk-Step-1-Version-5.jpg/v4-460px-Make-Evaporated-Milk-Step-1-Version-5.jpg", "vid": null}, "2": {"text": "Pour the milk into a wide, heavy-bottomed saucepan.", "img": null, "vid": "/8/82/Make Evaporated Milk Step 2 Version 3.360p.mp4"}, "3": {"text": "Bring to a simmer, whisking frequently.", "img": "https://www.wikihow.com/images/thumb/8/80/Make-Evaporated-Milk-Step-3-Version-5.jpg/v4-460px-Make-Evaporated-Milk-Step-3-Version-5.jpg", "vid": null}, "4": {"text": "Simmer at low heat.", "img": "https://www.wikihow.com/images/thumb/8/8e/Make-Evaporated-Milk-Step-4-Version-5.jpg/v4-460px-Make-Evaporated-Milk-Step-4-Version-5.jpg", "vid": null}, "5": {"text": "Whisk and scrape the pan frequently.", "img": null, "vid": "/3/37/Make Evaporated Milk Step 5 Version 3.360p.mp4"}, "6": {"text": "Stop once the milk is less than half its original volume.", "img": null, "vid": "/0/0a/Make Evaporated Milk Step 6.360p.mp4"}, "7": {"text": "Strain out the solids.", "img": null, "vid": "/c/c5/Make Evaporated Milk Step 7.360p.mp4"}, "8": {"text": "Refrigerate the milk.", "img": null, "vid": "/e/ea/Make Evaporated Milk Step 8.360p.mp4"}, "9": {"text": "Bring water to a simmer.", "img": null, "vid": "/7/7c/Make Evaporated Milk Step 9.360p.mp4"}, "10": {"text": "Stir in butter if desired.", "img": null, "vid": "/e/ef/Make Evaporated Milk Step 10.360p.mp4"}, "11": {"text": "Stir in the powdered milk.", "img": null, "vid": "/7/7d/Make Evaporated Milk Step 11.360p.mp4"}, "12": {"text": "Cook the milk until it reaches the desired color and consistency.", "img": null, "vid": "/1/19/Make Evaporated Milk Step 12.360p.mp4"}, "13": {"text": "Use these in recipes where the milk flavor is not important.", "img": "https://www.wikihow.com/images/thumb/c/c1/Make-Evaporated-Milk-Step-13-Version-2.jpg/v4-460px-Make-Evaporated-Milk-Step-13-Version-2.jpg", "vid": null}, "14": {"text": "Combine milk with half-and-half.", "img": "https://www.wikihow.com/images/thumb/1/1a/Make-Evaporated-Milk-Step-14-Version-2.jpg/v4-460px-Make-Evaporated-Milk-Step-14-Version-2.jpg", "vid": null}, "15": {"text": "Replace with other dairy products.", "img": "https://www.wikihow.com/images/thumb/d/d0/Make-Evaporated-Milk-Step-15-Version-2.jpg/v4-460px-Make-Evaporated-Milk-Step-15-Version-2.jpg", "vid": null}}