{"video_url": "https://www.youtube.com/embed/ai4kUAVVVtg", "1": {"text": "Find a large stock pot and a smaller metal bowl that will fit inside.", "img": "https://www.wikihow.com/images/thumb/f/ff/Melt-Beeswax-Step-1-Version-2.jpg/v4-460px-Melt-Beeswax-Step-1-Version-2.jpg", "vid": null}, "2": {"text": "Line the bottom of the large stock pot with water.", "img": "https://www.wikihow.com/images/thumb/8/84/Melt-Beeswax-Step-2-Version-2.jpg/v4-460px-Melt-Beeswax-Step-2-Version-2.jpg", "vid": null}, "3": {"text": "Heat the water on the stove until it boils.", "img": "https://www.wikihow.com/images/thumb/6/69/Melt-Beeswax-Step-3-Version-2.jpg/v4-460px-Melt-Beeswax-Step-3-Version-2.jpg", "vid": null}, "4": {"text": "Place solid pieces of beeswax into the smaller bowl.", "img": null, "vid": "/2/2c/Melt Beeswax Step 4.360p.mp4"}, "5": {"text": "Nest the smaller bowl inside the stock pot after reducing the heat.", "img": null, "vid": "/f/f1/Melt Beeswax Step 5.360p.mp4"}, "6": {"text": "Allow the solid beeswax to melt slowly over the simmering water.", "img": null, "vid": "/1/15/Melt Beeswax Step 6.360p.mp4"}, "7": {"text": "Pour the melted wax into a mold as soon as it completely liquifies.", "img": "https://www.wikihow.com/images/thumb/4/46/Melt-Beeswax-Step-7-Version-2.jpg/v4-460px-Melt-Beeswax-Step-7-Version-2.jpg", "vid": null}, "8": {"text": "Pour 2 to 3\u00a0in (5.1 to 7.6\u00a0cm) of water into the basin of your crock pot.", "img": "https://www.wikihow.com/images/thumb/7/7c/Melt-Beeswax-Step-8-Version-2.jpg/v4-460px-Melt-Beeswax-Step-8-Version-2.jpg", "vid": null}, "9": {"text": "Place a small metal bowl inside the crock pot.", "img": "https://www.wikihow.com/images/thumb/9/9f/Melt-Beeswax-Step-9-Version-2.jpg/v4-460px-Melt-Beeswax-Step-9-Version-2.jpg", "vid": null}, "10": {"text": "Set pieces of the solid beeswax into the small bowl.", "img": null, "vid": "/d/db/Melt Beeswax Step 10.360p.mp4"}, "11": {"text": "Cover the crock pot and allow the wax to melt completely.", "img": "https://www.wikihow.com/images/thumb/7/7f/Melt-Beeswax-Step-11-Version-2.jpg/v4-460px-Melt-Beeswax-Step-11-Version-2.jpg", "vid": null}, "12": {"text": "Pour the melted beeswax into molds once it\u2019s melted down.", "img": null, "vid": "/c/c3/Melt Beeswax Step 12.360p.mp4"}, "13": {"text": "Line a styrofoam cooler with aluminum foil.", "img": null, "vid": "/a/a5/Melt Beeswax Step 13.360p.mp4"}, "14": {"text": "Place the solid pieces of beeswax in a metal or glass bowl.", "img": null, "vid": "/d/d4/Melt Beeswax Step 14.360p.mp4"}, "15": {"text": "Insert the bowl into your solar oven and cover it with a sheet of glass.", "img": null, "vid": "/7/7a/Melt Beeswax Step 15.360p.mp4"}, "16": {"text": "Set the solar oven in the sun and allow the beeswax to melt.", "img": "https://www.wikihow.com/images/thumb/1/17/Melt-Beeswax-Step-16-Version-2.jpg/v4-460px-Melt-Beeswax-Step-16-Version-2.jpg", "vid": null}, "17": {"text": "Remove the melted wax from its solar oven and pour it into molds.", "img": "https://www.wikihow.com/images/thumb/4/43/Melt-Beeswax-Step-17.jpg/v4-460px-Melt-Beeswax-Step-17.jpg", "vid": null}}