{"video_url": "https://www.youtube.com/embed/-KdoY7lkAIU", "1": {"text": "Spoon the honey into a glass jar.", "img": "https://www.wikihow.com/images/thumb/d/d3/Melt-Honey-Step-1.jpg/v4-460px-Melt-Honey-Step-1.jpg", "vid": null}, "2": {"text": "Boil a saucepan of water.", "img": "https://www.wikihow.com/images/thumb/7/7c/Melt-Honey-Step-2.jpg/v4-460px-Melt-Honey-Step-2.jpg", "vid": null}, "3": {"text": "Remove the pan from the heat.", "img": "https://www.wikihow.com/images/thumb/a/a1/Melt-Honey-Step-3.jpg/v4-460px-Melt-Honey-Step-3.jpg", "vid": null}, "4": {"text": "Lower the honey into the water.", "img": "https://www.wikihow.com/images/thumb/7/7f/Melt-Honey-Step-4.jpg/v4-460px-Melt-Honey-Step-4.jpg", "vid": null}, "5": {"text": "Stir the honey.", "img": "https://www.wikihow.com/images/thumb/a/ad/Melt-Honey-Step-5.jpg/v4-460px-Melt-Honey-Step-5.jpg", "vid": null}, "6": {"text": "Store at room temperature.", "img": "https://www.wikihow.com/images/thumb/c/c7/Melt-Honey-Step-6.jpg/v4-460px-Melt-Honey-Step-6.jpg", "vid": null}, "7": {"text": "Place the honey in a microwave-safe container.", "img": "https://www.wikihow.com/images/thumb/a/a3/Melt-Honey-Step-7.jpg/v4-460px-Melt-Honey-Step-7.jpg", "vid": null}, "8": {"text": "Microwave on medium power.", "img": "https://www.wikihow.com/images/thumb/5/52/Melt-Honey-Step-8.jpg/v4-460px-Melt-Honey-Step-8.jpg", "vid": null}, "9": {"text": "Stir the honey.", "img": "https://www.wikihow.com/images/thumb/8/82/Melt-Honey-Step-9.jpg/v4-460px-Melt-Honey-Step-9.jpg", "vid": null}, "10": {"text": "Store melted honey at room temperature.", "img": "https://www.wikihow.com/images/thumb/8/81/Melt-Honey-Step-10.jpg/v4-460px-Melt-Honey-Step-10.jpg", "vid": null}, "11": {"text": "Mix a little water into the honey.", "img": "https://www.wikihow.com/images/thumb/4/41/Melt-Honey-Step-11.jpg/v4-460px-Melt-Honey-Step-11.jpg", "vid": null}, "12": {"text": "Store in the refrigerator.", "img": "https://www.wikihow.com/images/thumb/2/2d/Melt-Honey-Step-12.jpg/v4-460px-Melt-Honey-Step-12.jpg", "vid": null}, "13": {"text": "Finished.", "img": "https://www.wikihow.com/images/thumb/a/ae/Melt-Honey-Final.jpg/v4-460px-Melt-Honey-Final.jpg", "vid": null}}