{"video_url": "https://www.youtube.com/embed/k6nUCjQFD8U?showinfo=0", "1": {"text": "Learn that ASAP means \u201cAll, Subtract, Add, Prime.", "img": "https://www.wikihow.com/images/thumb/9/9e/Memorize-the-Unit-Circle-Step-10-Version-2.jpg/v4-460px-Memorize-the-Unit-Circle-Step-10-Version-2.jpg", "vid": null}, "2": {"text": "See that the x-axis is not a fraction.", "img": "https://www.wikihow.com/images/thumb/1/11/Memorize-the-Unit-Circle-Step-11-Version-2.jpg/v4-460px-Memorize-the-Unit-Circle-Step-11-Version-2.jpg", "vid": null}, "3": {"text": "Notice that the y-axis has a denominator of 2.", "img": "https://www.wikihow.com/images/thumb/f/f0/Memorize-the-Unit-Circle-Step-12-Version-2.jpg/v4-460px-Memorize-the-Unit-Circle-Step-12-Version-2.jpg", "vid": null}, "4": {"text": "Recognize each quadrant shares the denominators 6, 4, and 3.", "img": "https://www.wikihow.com/images/thumb/d/d4/Memorize-the-Unit-Circle-Step-13-Version-2.jpg/v4-460px-Memorize-the-Unit-Circle-Step-13-Version-2.jpg", "vid": null}, "5": {"text": "Learn all the radians for the first quadrant angles.", "img": "https://www.wikihow.com/images/thumb/9/93/Memorize-the-Unit-Circle-Step-14-Version-2.jpg/v4-460px-Memorize-the-Unit-Circle-Step-14-Version-2.jpg", "vid": null}, "6": {"text": "S", "img": "https://www.wikihow.com/images/thumb/1/13/Memorize-the-Unit-Circle-Step-15.jpg/v4-460px-Memorize-the-Unit-Circle-Step-15.jpg", "vid": null}, "7": {"text": "A", "img": "https://www.wikihow.com/images/thumb/4/49/Memorize-the-Unit-Circle-Step-16.jpg/v4-460px-Memorize-the-Unit-Circle-Step-16.jpg", "vid": null}, "8": {"text": "Use the prime numbers to get the numerators for the fourth quadrant.", "img": "https://www.wikihow.com/images/thumb/7/7f/Memorize-the-Unit-Circle-Step-17.jpg/v4-460px-Memorize-the-Unit-Circle-Step-17.jpg", "vid": null}, "9": {"text": "Spread your left palm so your thumb and pinky make a right angle.", "img": "https://www.wikihow.com/images/thumb/0/04/Memorize-the-Unit-Circle-Step-4-Version-3.jpg/v4-460px-Memorize-the-Unit-Circle-Step-4-Version-3.jpg", "vid": null}, "10": {"text": "Imagine that each finger represents an angle in the first quadrant.", "img": "https://www.wikihow.com/images/thumb/9/97/Memorize-the-Unit-Circle-Step-5-Version-2.jpg/v4-460px-Memorize-the-Unit-Circle-Step-5-Version-2.jpg", "vid": null}, "11": {"text": "Find the cosine coordinate of an angle by counting the fingers to the left.", "img": "https://www.wikihow.com/images/thumb/9/95/Memorize-the-Unit-Circle-Step-6-Version-3.jpg/v4-460px-Memorize-the-Unit-Circle-Step-6-Version-3.jpg", "vid": null}, "12": {"text": "Get the sine coordinate of an angle by counting the fingers to the right.", "img": "https://www.wikihow.com/images/thumb/0/06/Memorize-the-Unit-Circle-Step-7-Version-3.jpg/v4-460px-Memorize-the-Unit-Circle-Step-7-Version-3.jpg", "vid": null}, "13": {"text": "Switch the charge on your coordinates to represent other quadrants.", "img": "https://www.wikihow.com/images/thumb/1/1a/Memorize-the-Unit-Circle-Step-8-Version-2.jpg/v4-460px-Memorize-the-Unit-Circle-Step-8-Version-2.jpg", "vid": null}, "14": {"text": "Fill in your unit circle using your hand trick.", "img": "https://www.wikihow.com/images/thumb/f/fc/Memorize-the-Unit-Circle-Step-9-Version-3.jpg/v4-460px-Memorize-the-Unit-Circle-Step-9-Version-3.jpg", "vid": null}, "15": {"text": "Sing a unit circle song.", "img": "https://www.wikihow.com/images/thumb/6/61/Memorize-the-Unit-Circle-Step-1-Version-2.jpg/v4-460px-Memorize-the-Unit-Circle-Step-1-Version-2.jpg", "vid": null}, "16": {"text": "Play a unit circle game online.", "img": "https://www.wikihow.com/images/thumb/3/3a/Memorize-the-Unit-Circle-Step-2-Version-3.jpg/v4-460px-Memorize-the-Unit-Circle-Step-2-Version-3.jpg", "vid": null}, "17": {"text": "Use flash cards if you prefer to memorize facts.", "img": "https://www.wikihow.com/images/thumb/4/48/Memorize-the-Unit-Circle-Step-3-Version-2.jpg/v4-460px-Memorize-the-Unit-Circle-Step-3-Version-2.jpg", "vid": null}}