{"video_url": "https://www.youtube.com/embed/RznoMSJjW-I?showinfo=0", "1": {"text": "Gather your supplies.", "img": "https://www.wikihow.com/images/thumb/8/87/Mix-Green-Paint-Step-1-Version-3.jpg/v4-460px-Mix-Green-Paint-Step-1-Version-3.jpg", "vid": null}, "2": {"text": "Put a coin-sized drop of yellow paint onto a palette.", "img": "https://www.wikihow.com/images/thumb/d/df/Mix-Green-Paint-Step-2-Version-6.jpg/v4-460px-Mix-Green-Paint-Step-2-Version-6.jpg", "vid": null}, "3": {"text": "Add a drop of blue paint.", "img": "https://www.wikihow.com/images/thumb/6/64/Mix-Green-Paint-Step-3-Version-6.jpg/v4-460px-Mix-Green-Paint-Step-3-Version-6.jpg", "vid": null}, "4": {"text": "Mix the two colors together.", "img": null, "vid": "/9/9d/Mix Green Paint Step 4 Version 4.360p.mp4"}, "5": {"text": "Use the paint.", "img": null, "vid": "/2/29/Mix Green Paint Step 5 Version 3.360p.mp4"}, "6": {"text": "Add more yellow if you want a lighter, brighter green.", "img": null, "vid": "/1/11/Mix Green Paint Step 6 Version 3.360p.mp4"}, "7": {"text": "Add some white if you want a lighter, pastel green.", "img": null, "vid": "/2/2a/Mix Green Paint Step 7 Version 3.360p.mp4"}, "8": {"text": "Darken your paint with some more blue.", "img": null, "vid": "/1/11/Mix Green Paint Step 8 Version 3.360p.mp4"}, "9": {"text": "Add black if you want a darker, duller shade of green.", "img": null, "vid": "/3/32/Mix Green Paint Step 9 Version 3.360p.mp4"}, "10": {"text": "Add red to dull the green down.", "img": null, "vid": "/9/9e/Mix Green Paint Step 10 Version 3.360p.mp4"}, "11": {"text": "Know that artist-grade blue and yellow paint come in different shades.", "img": "https://www.wikihow.com/images/thumb/9/91/Mix-Green-Paint-Step-11-Version-4.jpg/v4-460px-Mix-Green-Paint-Step-11-Version-4.jpg", "vid": null}, "12": {"text": "Purchase the right shade of blue and yellow.", "img": null, "vid": "/0/07/Mix Green Paint Step 12 Version 3.360p.mp4"}, "13": {"text": "Know what shades to use when mixing a muted green.", "img": null, "vid": "/a/a9/Mix Green Paint Step 13 Version 3.360p.mp4"}, "14": {"text": "Use red to tone down green.", "img": null, "vid": "/2/26/Mix Green Paint Step 14 Version 3.360p.mp4"}, "15": {"text": "Lighten or darken your green with some yellow or blue paint.", "img": null, "vid": "/b/b3/Mix Green Paint Step 15 Version 3.360p.mp4"}, "16": {"text": "Know when to add black or white paint to your green.", "img": null, "vid": "/a/a6/Mix Green Paint Step 16 Version 3.360p.mp4"}}