{"video_url": "https://www.youtube.com/embed/DqzwyYh4LX8", "1": {"text": "Make simple adjustments to maximize fuel economy and power.", "img": "https://www.wikihow.com/images/thumb/7/7c/Modify-Your-Car-for-Better-Performance-Step-1-Version-2.jpg/v4-460px-Modify-Your-Car-for-Better-Performance-Step-1-Version-2.jpg", "vid": null}, "2": {"text": "Install a cold air intake.", "img": "https://www.wikihow.com/images/thumb/5/5f/Modify-Your-Car-for-Better-Performance-Step-2-Version-2.jpg/v4-460px-Modify-Your-Car-for-Better-Performance-Step-2-Version-2.jpg", "vid": null}, "3": {"text": "Purchase a higher flowing exhaust.", "img": "https://www.wikihow.com/images/thumb/f/f7/Modify-Your-Car-for-Better-Performance-Step-3-Version-2.jpg/v4-460px-Modify-Your-Car-for-Better-Performance-Step-3-Version-2.jpg", "vid": null}, "4": {"text": "Reprogram your engine control unit.", "img": "https://www.wikihow.com/images/thumb/6/62/Modify-Your-Car-for-Better-Performance-Step-4-Version-2.jpg/v4-460px-Modify-Your-Car-for-Better-Performance-Step-4-Version-2.jpg", "vid": null}, "5": {"text": "Swap your tires for high performance alternatives.", "img": "https://www.wikihow.com/images/thumb/c/c2/Modify-Your-Car-for-Better-Performance-Step-5-Version-2.jpg/v4-460px-Modify-Your-Car-for-Better-Performance-Step-5-Version-2.jpg", "vid": null}, "6": {"text": "Replace your spark plugs.", "img": "https://www.wikihow.com/images/thumb/2/27/Modify-Your-Car-for-Better-Performance-Step-6-Version-2.jpg/v4-460px-Modify-Your-Car-for-Better-Performance-Step-6-Version-2.jpg", "vid": null}, "7": {"text": "Replace your shocks and springs with higher performance alternatives.", "img": "https://www.wikihow.com/images/thumb/5/56/Modify-Your-Car-for-Better-Performance-Step-7-Version-2.jpg/v4-460px-Modify-Your-Car-for-Better-Performance-Step-7-Version-2.jpg", "vid": null}, "8": {"text": "Install larger anti-roll bars.", "img": "https://www.wikihow.com/images/thumb/5/53/Modify-Your-Car-for-Better-Performance-Step-8-Version-2.jpg/v4-460px-Modify-Your-Car-for-Better-Performance-Step-8-Version-2.jpg", "vid": null}, "9": {"text": "Swap rubber bushings with polyurethane.", "img": "https://www.wikihow.com/images/thumb/b/b0/Modify-Your-Car-for-Better-Performance-Step-9-Version-2.jpg/v4-460px-Modify-Your-Car-for-Better-Performance-Step-9-Version-2.jpg", "vid": null}, "10": {"text": "Install a strut tower bar.", "img": "https://www.wikihow.com/images/thumb/a/ae/Modify-Your-Car-for-Better-Performance-Step-10.jpg/v4-460px-Modify-Your-Car-for-Better-Performance-Step-10.jpg", "vid": null}, "11": {"text": "Upgrade your brakes.", "img": "https://www.wikihow.com/images/thumb/7/71/Modify-Your-Car-for-Better-Performance-Step-11.jpg/v4-460px-Modify-Your-Car-for-Better-Performance-Step-11.jpg", "vid": null}, "12": {"text": "Install a turbocharger kit.", "img": "https://www.wikihow.com/images/thumb/e/ed/Modify-Your-Car-for-Better-Performance-Step-12.jpg/v4-460px-Modify-Your-Car-for-Better-Performance-Step-12.jpg", "vid": null}, "13": {"text": "Supercharge your car.", "img": "https://www.wikihow.com/images/thumb/4/44/Modify-Your-Car-for-Better-Performance-Step-13.jpg/v4-460px-Modify-Your-Car-for-Better-Performance-Step-13.jpg", "vid": null}, "14": {"text": "Add a \u201cdry\u201d nitrous kit to your car.", "img": "https://www.wikihow.com/images/thumb/4/4b/Modify-Your-Car-for-Better-Performance-Step-14.jpg/v4-460px-Modify-Your-Car-for-Better-Performance-Step-14.jpg", "vid": null}, "15": {"text": "Install a wet nitrous kit in your car.", "img": "https://www.wikihow.com/images/thumb/8/8c/Increase-the-Horsepower-of-Your-4-Cylinder-Car-Step-13.jpg/v4-460px-Increase-the-Horsepower-of-Your-4-Cylinder-Car-Step-13.jpg", "vid": null}}