{"video_url": "https://www.youtube.com/embed/6FCgGcU64oc?showinfo=0", "1": {"text": "Get rid of the stuff you don't need.", "img": "https://www.wikihow.com/images/thumb/6/68/Move-Step-1-Version-2.jpg/v4-460px-Move-Step-1-Version-2.jpg", "vid": null}, "2": {"text": ".", "img": "https://www.wikihow.com/images/thumb/c/cc/Move-Step-2-Version-2.jpg/v4-460px-Move-Step-2-Version-2.jpg", "vid": null}, "3": {"text": "Ask some trusted friends for help in advance.", "img": "https://www.wikihow.com/images/thumb/f/fb/Move-Step-3-Version-3.jpg/v4-460px-Move-Step-3-Version-3.jpg", "vid": null}, "4": {"text": "Set up the utilities in your new home and coordinate services and places ahead of your move.", "img": "https://www.wikihow.com/images/thumb/c/cc/Move-Step-4-Version-2.jpg/v4-460px-Move-Step-4-Version-2.jpg", "vid": null}, "5": {"text": "Hire a removals van.", "img": "https://www.wikihow.com/images/thumb/a/a2/Move-Step-5-Version-2.jpg/v4-460px-Move-Step-5-Version-2.jpg", "vid": null}, "6": {"text": "Pick up your vehicle on the morning of the move.", "img": "https://www.wikihow.com/images/thumb/7/7c/Move-Step-6-Version-2.jpg/v4-460px-Move-Step-6-Version-2.jpg", "vid": null}, "7": {"text": "Pack your moving truck.", "img": "https://www.wikihow.com/images/thumb/5/56/Move-Step-7-Version-2.jpg/v4-460px-Move-Step-7-Version-2.jpg", "vid": null}, "8": {"text": "Drive your truck to your new location.", "img": "https://www.wikihow.com/images/thumb/6/61/Move-Step-8-Version-2.jpg/v4-460px-Move-Step-8-Version-2.jpg", "vid": null}, "9": {"text": "Unload your stuff.", "img": "https://www.wikihow.com/images/thumb/9/91/Move-Step-9-Version-2.jpg/v4-460px-Move-Step-9-Version-2.jpg", "vid": null}, "10": {"text": "Return your moving truck.", "img": "https://www.wikihow.com/images/thumb/a/a8/Move-Step-10-Version-2.jpg/v4-460px-Move-Step-10-Version-2.jpg", "vid": null}, "11": {"text": "Research to find the best company.", "img": "https://www.wikihow.com/images/thumb/f/f2/Move-Step-11-Version-2.jpg/v4-460px-Move-Step-11-Version-2.jpg", "vid": null}, "12": {"text": "Once you've narrowed your search to two or three companies, go online to find out if they are legitimate.", "img": "https://www.wikihow.com/images/thumb/4/4d/Move-Step-12-Version-2.jpg/v4-460px-Move-Step-12-Version-2.jpg", "vid": null}, "13": {"text": "Have the company come to make an assessment.", "img": "https://www.wikihow.com/images/thumb/f/f0/Move-Step-13-Version-2.jpg/v4-460px-Move-Step-13-Version-2.jpg", "vid": null}, "14": {"text": "Make a deal with the moving company.", "img": "https://www.wikihow.com/images/thumb/2/22/Move-Step-14-Version-2.jpg/v4-460px-Move-Step-14-Version-2.jpg", "vid": null}, "15": {"text": "Move with the movers.", "img": "https://www.wikihow.com/images/thumb/8/82/Move-Step-15-Version-2.jpg/v4-460px-Move-Step-15-Version-2.jpg", "vid": null}, "16": {"text": "Unpack your stuff.", "img": "https://www.wikihow.com/images/thumb/f/fb/Move-Step-16-Version-2.jpg/v4-460px-Move-Step-16-Version-2.jpg", "vid": null}, "17": {"text": "Go shopping.", "img": "https://www.wikihow.com/images/thumb/4/48/Move-Step-17-Version-2.jpg/v4-460px-Move-Step-17-Version-2.jpg", "vid": null}, "18": {"text": "Get to know your new neighborhood.", "img": "https://www.wikihow.com/images/thumb/f/fa/Move-Step-18-Version-2.jpg/v4-460px-Move-Step-18-Version-2.jpg", "vid": null}}