{"video_url": "https://www.youtube.com/embed/seBvaQF42Oo?showinfo=0", "1": {"text": "Submerge the glue bottle in 8\u00a0\u00a0fl\u00a0oz (240\u00a0mL) of hot water for 5 minutes.", "img": "https://www.wikihow.com/images/thumb/9/98/Open-Nail-Glue-Step-1.jpg/v4-460px-Open-Nail-Glue-Step-1.jpg", "vid": null}, "2": {"text": "Swab the edges of the lid with white vinegar.", "img": null, "vid": "/8/8a/Open Nail Glue Step 2.360p.mp4"}, "3": {"text": "Wipe the lid with acetone nail polish remover.", "img": null, "vid": "/c/c6/Open Nail Glue Step 3.360p.mp4"}, "4": {"text": "Dip the nail glue lid into acetone nail polish remover if it\u2019s very stuck.", "img": null, "vid": "/7/73/Open Nail Glue Step 4.360p.mp4"}, "5": {"text": "Read the instructions on the nail glue\u2019s label.", "img": "https://www.wikihow.com/images/thumb/5/56/Open-Nail-Glue-Step-5.jpg/v4-460px-Open-Nail-Glue-Step-5.jpg", "vid": null}, "6": {"text": "Insert a pin into the center of the nail glue tip or where indicated.", "img": null, "vid": "/4/40/Open Nail Glue Step 6.360p.mp4"}, "7": {"text": "Replace the lid when you\u2019re not using the nail glue.", "img": "https://www.wikihow.com/images/thumb/5/52/Open-Nail-Glue-Step-7.jpg/v4-460px-Open-Nail-Glue-Step-7.jpg", "vid": null}, "8": {"text": "Cut the tip off of your nail glue if you cannot puncture it.", "img": "https://www.wikihow.com/images/thumb/f/f6/Open-Nail-Glue-Step-8.jpg/v4-460px-Open-Nail-Glue-Step-8.jpg", "vid": null}}