{"video_url": "https://www.youtube.com/embed/x2OEELDFpA0?showinfo=0", "1": {"text": "Score the cork foil with a knife and peel it away.", "img": "https://www.wikihow.com/images/thumb/1/1c/Open-a-Bottle-of-Wine-Step-1-Version-5.jpg/v4-460px-Open-a-Bottle-of-Wine-Step-1-Version-5.jpg", "vid": null}, "2": {"text": "Set the corkscrew in place on top of the cork.", "img": null, "vid": "/7/79/Open a Bottle of Wine Step 2 Version 3.360p.mp4"}, "3": {"text": "Twist the handle clockwise to drill the screw into the cork.", "img": null, "vid": "/8/80/Open a Bottle of Wine Step 3 Version 3.360p.mp4"}, "4": {"text": "Push down on the wings to pull the cork upward.", "img": null, "vid": "/a/ab/Open a Bottle of Wine Step 4 Version 3.360p.mp4"}, "5": {"text": "Cut off the cork foil with the folded knife.", "img": null, "vid": "/4/47/Open a Bottle of Wine Step 5 Version 3.360p.mp4"}, "6": {"text": "Unfold the corkscrew and insert it in the cork.", "img": null, "vid": "/6/6b/Open a Bottle of Wine Step 6 Version 2.360p.mp4"}, "7": {"text": "Dislodge the cork slightly by using the lever arm\u2019s ridges for leverage.", "img": null, "vid": "/2/2a/Open a Bottle of Wine Step 7 Version 3.360p.mp4"}, "8": {"text": "Pull up on the handle to remove the cork.", "img": null, "vid": "/e/ec/Open a Bottle of Wine Step 8 Version 3.360p.mp4"}, "9": {"text": "Cut off the foil that covers the cork.", "img": null, "vid": "/c/c7/Open a Bottle of Wine Step 9 Version 3.360p.mp4"}, "10": {"text": "Grab a clean 2\u00a0in (5.1\u00a0cm) screw and a set of pliers.", "img": "https://www.wikihow.com/images/thumb/7/74/Open-a-Bottle-of-Wine-Step-10-Version-4.jpg/v4-460px-Open-a-Bottle-of-Wine-Step-10-Version-4.jpg", "vid": null}, "11": {"text": "Twist the screw clockwise into the cork with a screwdriver.", "img": null, "vid": "/9/96/Open a Bottle of Wine Step 11 Version 3.360p.mp4"}, "12": {"text": "Grip the neck of the screw with the pliers and pull upward.", "img": null, "vid": "/3/3b/Open a Bottle of Wine Step 12 Version 3.360p.mp4"}, "13": {"text": "Use a clean screw-in hook instead of a traditional screw.", "img": "https://www.wikihow.com/images/thumb/9/97/Open-a-Bottle-of-Wine-Step-13-Version-4.jpg/v4-460px-Open-a-Bottle-of-Wine-Step-13-Version-4.jpg", "vid": null}, "14": {"text": "Cut the cork foil with a knife tip and peel it away.", "img": "https://www.wikihow.com/images/thumb/7/7a/Open-a-Bottle-of-Wine-Step-14-Version-4.jpg/v4-460px-Open-a-Bottle-of-Wine-Step-14-Version-4.jpg", "vid": null}, "15": {"text": "Place the wine bottle upside down between your thighs.", "img": "https://www.wikihow.com/images/thumb/0/08/Open-a-Bottle-of-Wine-Step-15-Version-4.jpg/v4-460px-Open-a-Bottle-of-Wine-Step-15-Version-4.jpg", "vid": null}, "16": {"text": "Rap the bottle firmly but carefully with the sole of a shoe.", "img": null, "vid": "/8/82/Open a Bottle of Wine Step 16 Version 3.360p.mp4"}, "17": {"text": "Check the cork and pull it out by hand when you can firmly grasp it.", "img": null, "vid": "/1/17/Open a Bottle of Wine Step 17.360p.mp4"}, "18": {"text": "Twist the bottom of the bottle and the cap in opposite directions.", "img": null, "vid": "/e/ee/Open a Bottle of Wine Step 18.360p.mp4"}, "19": {"text": "Twist the bottle\u2019s sleeve (or skirt) instead of the cap if it will rotate.", "img": null, "vid": "/5/5d/Open a Bottle of Wine Step 19.360p.mp4"}, "20": {"text": "Try a dish towel, pliers, or various bottle-opener gadgets.", "img": "https://www.wikihow.com/images/thumb/9/96/Open-a-Bottle-of-Wine-Step-20.jpg/v4-460px-Open-a-Bottle-of-Wine-Step-20.jpg", "vid": null}}