{"video_url": "https://www.youtube.com/embed/EQN-8Jtp6vM?showinfo=0", "1": {"text": "Remove the foil and the metal cage.", "img": "https://www.wikihow.com/images/thumb/6/64/Open-a-Champagne-Bottle-Step-1-Version-2.jpg/v4-460px-Open-a-Champagne-Bottle-Step-1-Version-2.jpg", "vid": null}, "2": {"text": "Hold the bottle properly.", "img": "https://www.wikihow.com/images/thumb/5/5e/Open-a-Champagne-Bottle-Step-2-Version-2.jpg/v4-460px-Open-a-Champagne-Bottle-Step-2-Version-2.jpg", "vid": null}, "3": {"text": "Twist the bottle and hold the cork.", "img": null, "vid": "/5/50/Open a Champagne Bottle Step 3 Version 2.360p.mp4"}, "4": {"text": "Pop the bottle.", "img": null, "vid": "/8/83/Open a Champagne Bottle Step 4 Version 2.360p.mp4"}, "5": {"text": "Chill the bottle before opening.", "img": "https://www.wikihow.com/images/thumb/5/58/Open-a-Champagne-Bottle-Step-5-Version-2.jpg/v4-460px-Open-a-Champagne-Bottle-Step-5-Version-2.jpg", "vid": null}, "6": {"text": "Open carefully in formal settings.", "img": null, "vid": "/b/bd/Open a Champagne Bottle Step 6 Version 2.360p.mp4"}, "7": {"text": "Avoid shaking the bottle.", "img": null, "vid": "/7/72/Open a Champagne Bottle Step 7.360p.mp4"}, "8": {"text": "Pour slowly.", "img": null, "vid": "/7/7e/Open a Champagne Bottle Step 8.360p.mp4"}}