{"video_url": "https://www.youtube.com/embed/zEl0ainPX3w?showinfo=0", "1": {"text": "Make your bed.", "img": "https://www.wikihow.com/images/thumb/f/f1/Organize-Your-Small%2C-Heavily-Cluttered-Room-Step-1-Version-4.jpg/v4-460px-Organize-Your-Small%2C-Heavily-Cluttered-Room-Step-1-Version-4.jpg", "vid": null}, "2": {"text": "Get rid of things you haven't used in the last six months.", "img": "https://www.wikihow.com/images/thumb/4/4c/Organize-Your-Small%2C-Heavily-Cluttered-Room-Step-2-Version-4.jpg/v4-460px-Organize-Your-Small%2C-Heavily-Cluttered-Room-Step-2-Version-4.jpg", "vid": null}, "3": {"text": "Put anything you don\u2019t use every day away.", "img": "https://www.wikihow.com/images/thumb/0/01/Organize-Your-Small%2C-Heavily-Cluttered-Room-Step-3-Version-4.jpg/v4-460px-Organize-Your-Small%2C-Heavily-Cluttered-Room-Step-3-Version-4.jpg", "vid": null}, "4": {"text": "Wash dirty clothes.", "img": "https://www.wikihow.com/images/thumb/1/1e/Organize-Your-Small%2C-Heavily-Cluttered-Room-Step-4-Version-4.jpg/v4-460px-Organize-Your-Small%2C-Heavily-Cluttered-Room-Step-4-Version-4.jpg", "vid": null}, "5": {"text": "Hang and put away clean clothes.", "img": "https://www.wikihow.com/images/thumb/7/7c/Organize-Your-Small%2C-Heavily-Cluttered-Room-Step-5-Version-4.jpg/v4-460px-Organize-Your-Small%2C-Heavily-Cluttered-Room-Step-5-Version-4.jpg", "vid": null}, "6": {"text": "Pack away all out-of-season clothing.", "img": "https://www.wikihow.com/images/thumb/5/57/Organize-Your-Small%2C-Heavily-Cluttered-Room-Step-6-Version-3.jpg/v4-460px-Organize-Your-Small%2C-Heavily-Cluttered-Room-Step-6-Version-3.jpg", "vid": null}, "7": {"text": "Use stackable storage containers.", "img": "https://www.wikihow.com/images/thumb/c/ce/Organize-Your-Small%2C-Heavily-Cluttered-Room-Step-7-Version-3.jpg/v4-460px-Organize-Your-Small%2C-Heavily-Cluttered-Room-Step-7-Version-3.jpg", "vid": null}, "8": {"text": "Hang shelves.", "img": "https://www.wikihow.com/images/thumb/d/d5/Organize-Your-Small%2C-Heavily-Cluttered-Room-Step-8-Version-3.jpg/v4-460px-Organize-Your-Small%2C-Heavily-Cluttered-Room-Step-8-Version-3.jpg", "vid": null}, "9": {"text": "Use under-bed storage.", "img": "https://www.wikihow.com/images/thumb/3/3b/Organize-Your-Small%2C-Heavily-Cluttered-Room-Step-9-Version-3.jpg/v4-460px-Organize-Your-Small%2C-Heavily-Cluttered-Room-Step-9-Version-3.jpg", "vid": null}, "10": {"text": "Purchase over-the-door hanging organizers.", "img": "https://www.wikihow.com/images/thumb/0/06/Organize-Your-Small%2C-Heavily-Cluttered-Room-Step-10-Version-3.jpg/v4-460px-Organize-Your-Small%2C-Heavily-Cluttered-Room-Step-10-Version-3.jpg", "vid": null}, "11": {"text": "Use a wardrobe app.", "img": "https://www.wikihow.com/images/thumb/4/48/Organize-Your-Small%2C-Heavily-Cluttered-Room-Step-11-Version-3.jpg/v4-460px-Organize-Your-Small%2C-Heavily-Cluttered-Room-Step-11-Version-3.jpg", "vid": null}, "12": {"text": "Move furniture around.", "img": "https://www.wikihow.com/images/thumb/b/bb/Organize-Your-Small%2C-Heavily-Cluttered-Room-Step-12-Version-3.jpg/v4-460px-Organize-Your-Small%2C-Heavily-Cluttered-Room-Step-12-Version-3.jpg", "vid": null}, "13": {"text": "Bring more light into the room.", "img": "https://www.wikihow.com/images/thumb/3/33/Organize-Your-Small%2C-Heavily-Cluttered-Room-Step-13.jpg/v4-460px-Organize-Your-Small%2C-Heavily-Cluttered-Room-Step-13.jpg", "vid": null}, "14": {"text": "Paint the walls light colors.", "img": "https://www.wikihow.com/images/thumb/c/c8/Organize-Your-Small%2C-Heavily-Cluttered-Room-Step-14.jpg/v4-460px-Organize-Your-Small%2C-Heavily-Cluttered-Room-Step-14.jpg", "vid": null}, "15": {"text": "Keep drawers and doors closed.", "img": "https://www.wikihow.com/images/thumb/d/d4/Organize-Your-Small%2C-Heavily-Cluttered-Room-Step-15.jpg/v4-460px-Organize-Your-Small%2C-Heavily-Cluttered-Room-Step-15.jpg", "vid": null}, "16": {"text": "Hang the TV on the wall.", "img": "https://www.wikihow.com/images/thumb/3/3d/Organize-Your-Small%2C-Heavily-Cluttered-Room-Step-16.jpg/v4-460px-Organize-Your-Small%2C-Heavily-Cluttered-Room-Step-16.jpg", "vid": null}}