{"video_url": "https://www.youtube.com/embed/ofuMsjy4VcQ?showinfo=0", "1": {"text": "Keep meat and dairy on the bottom shelves.", "img": "https://www.wikihow.com/images/thumb/3/39/Organize-Your-Fridge-Step-1-Version-2.jpg/v4-460px-Organize-Your-Fridge-Step-1-Version-2.jpg", "vid": null}, "2": {"text": "Use the side drawer for condiments.", "img": "https://www.wikihow.com/images/thumb/c/c8/Organize-Your-Fridge-Step-2-Version-2.jpg/v4-460px-Organize-Your-Fridge-Step-2-Version-2.jpg", "vid": null}, "3": {"text": "Put produce in the crisper drawer.", "img": "https://www.wikihow.com/images/thumb/c/c9/Organize-Your-Fridge-Step-3-Version-2.jpg/v4-460px-Organize-Your-Fridge-Step-3-Version-2.jpg", "vid": null}, "4": {"text": "Use your upper shelf for items that don't spoil easily.", "img": "https://www.wikihow.com/images/thumb/0/0f/Organize-Your-Fridge-Step-4-Version-2.jpg/v4-460px-Organize-Your-Fridge-Step-4-Version-2.jpg", "vid": null}, "5": {"text": "Keep certain food items out of the fridge.", "img": "https://www.wikihow.com/images/thumb/b/ba/Organize-Your-Fridge-Step-5-Version-2.jpg/v4-460px-Organize-Your-Fridge-Step-5-Version-2.jpg", "vid": null}, "6": {"text": "Store food for the long term in your freezer.", "img": "https://www.wikihow.com/images/thumb/3/3f/Organize-Your-Fridge-Step-6-Version-2.jpg/v4-460px-Organize-Your-Fridge-Step-6-Version-2.jpg", "vid": null}, "7": {"text": "Use and label baskets.", "img": "https://www.wikihow.com/images/thumb/b/bb/Organize-Your-Fridge-Step-7-Version-2.jpg/v4-460px-Organize-Your-Fridge-Step-7-Version-2.jpg", "vid": null}, "8": {"text": "Place labels on your drawers.", "img": "https://www.wikihow.com/images/thumb/8/83/Organize-Your-Fridge-Step-8-Version-2.jpg/v4-460px-Organize-Your-Fridge-Step-8-Version-2.jpg", "vid": null}, "9": {"text": "Line shelves with plastic wrap.", "img": "https://www.wikihow.com/images/thumb/1/16/Organize-Your-Fridge-Step-9-Version-2.jpg/v4-460px-Organize-Your-Fridge-Step-9-Version-2.jpg", "vid": null}, "10": {"text": "Use stackable containers.", "img": "https://www.wikihow.com/images/thumb/0/0c/Organize-Your-Fridge-Step-10.jpg/v4-460px-Organize-Your-Fridge-Step-10.jpg", "vid": null}, "11": {"text": "Make use of removable shelves.", "img": "https://www.wikihow.com/images/thumb/7/7b/Organize-Your-Fridge-Step-11.jpg/v4-460px-Organize-Your-Fridge-Step-11.jpg", "vid": null}, "12": {"text": "Line bins with paper towels.", "img": "https://www.wikihow.com/images/thumb/b/b2/Organize-Your-Fridge-Step-12.jpg/v4-460px-Organize-Your-Fridge-Step-12.jpg", "vid": null}, "13": {"text": "Take precautions storing sticky items.", "img": "https://www.wikihow.com/images/thumb/c/c1/Organize-Your-Fridge-Step-13.jpg/v4-460px-Organize-Your-Fridge-Step-13.jpg", "vid": null}, "14": {"text": "Maximize your shelf space.", "img": "https://www.wikihow.com/images/thumb/2/24/Organize-Your-Fridge-Step-14.jpg/v4-460px-Organize-Your-Fridge-Step-14.jpg", "vid": null}, "15": {"text": "Clean your fridge regularly.", "img": "https://www.wikihow.com/images/thumb/9/9a/Organize-Your-Fridge-Step-15.jpg/v4-460px-Organize-Your-Fridge-Step-15.jpg", "vid": null}, "16": {"text": "Deep clean your fridge properly.", "img": "https://www.wikihow.com/images/thumb/8/86/Organize-Your-Fridge-Step-16.jpg/v4-460px-Organize-Your-Fridge-Step-16.jpg", "vid": null}}