{"video_url": "https://www.youtube.com/embed/OFNu_5jxLu0", "1": {"text": "Heat your pan.", "img": "https://www.wikihow.com/images/thumb/d/d3/Pan-Fry-Salmon-Step-1-Version-5.jpg/v4-460px-Pan-Fry-Salmon-Step-1-Version-5.jpg", "vid": null}, "2": {"text": "Cut your salmon, if needed.", "img": "https://www.wikihow.com/images/thumb/3/38/Pan-Fry-Salmon-Step-2-Version-5.jpg/v4-460px-Pan-Fry-Salmon-Step-2-Version-5.jpg", "vid": null}, "3": {"text": "Oil and season your salmon.", "img": null, "vid": "/7/7f/Pan Fry Salmon Step 3.360p.mp4"}, "4": {"text": "Try a different seasoning.", "img": "https://www.wikihow.com/images/thumb/3/36/Pan-Fry-Salmon-Step-4-Version-5.jpg/v4-460px-Pan-Fry-Salmon-Step-4-Version-5.jpg", "vid": null}, "5": {"text": "Place your salmon in the pan.", "img": null, "vid": "/6/6a/Pan Fry Salmon Step 5.360p.mp4"}, "6": {"text": "Flatten the salmon with a fish spatula.", "img": null, "vid": "/1/14/Pan Fry Salmon Step 6.360p.mp4"}, "7": {"text": "Pan fry your salmon.", "img": null, "vid": "/0/06/Pan Fry Salmon Step 7.360p.mp4"}, "8": {"text": "Let the salmon rest.", "img": "https://www.wikihow.com/images/thumb/e/e5/Pan-Fry-Salmon-Step-8-Version-5.jpg/v4-460px-Pan-Fry-Salmon-Step-8-Version-5.jpg", "vid": null}}