{"video_url": "https://www.youtube.com/embed/L8M6vAhUHFA?showinfo=0", "1": {"text": "Clean the potatoes.", "img": "https://www.wikihow.com/images/thumb/0/07/Parboil-Potatoes-Step-2-Version-3.jpg/v4-460px-Parboil-Potatoes-Step-2-Version-3.jpg", "vid": null}, "2": {"text": "If necessary, cut them to matching sizes.", "img": "https://www.wikihow.com/images/thumb/1/14/Parboil-Potatoes-Step-3-Version-3.jpg/v4-460px-Parboil-Potatoes-Step-3-Version-3.jpg", "vid": null}, "3": {"text": "Fill a saucepan with room temperature water and your potatoes.", "img": "https://www.wikihow.com/images/thumb/c/c2/Parboil-Potatoes-Step-4-Version-3.jpg/v4-460px-Parboil-Potatoes-Step-4-Version-3.jpg", "vid": null}, "4": {"text": "Bring to a light boil.", "img": "https://www.wikihow.com/images/thumb/a/a4/Parboil-Potatoes-Step-5-Version-3.jpg/v4-460px-Parboil-Potatoes-Step-5-Version-3.jpg", "vid": null}, "5": {"text": "Remove the potatoes from the heat once this time has elapsed.", "img": "https://www.wikihow.com/images/thumb/b/b1/Parboil-Potatoes-Step-6-Version-3.jpg/v4-460px-Parboil-Potatoes-Step-6-Version-3.jpg", "vid": null}, "6": {"text": "Dip the potatoes straight into cold water.", "img": null, "vid": "/4/46/Parboil Potatoes Step 7.360p.mp4"}, "7": {"text": "Roast baby potatoes", "img": "https://www.wikihow.com/images/thumb/f/f9/Parboil-Potatoes-Step-8-Version-2.jpg/v4-460px-Parboil-Potatoes-Step-8-Version-2.jpg", "vid": null}, "8": {"text": ".", "img": "https://www.wikihow.com/images/thumb/5/56/Parboil-Potatoes-Step-9-Version-2.jpg/v4-460px-Parboil-Potatoes-Step-9-Version-2.jpg", "vid": null}, "9": {"text": ".", "img": "https://www.wikihow.com/images/thumb/e/e7/Parboil-Potatoes-Step-10-Version-2.jpg/v4-460px-Parboil-Potatoes-Step-10-Version-2.jpg", "vid": null}, "10": {"text": "Roast sweet potatoes", "img": "https://www.wikihow.com/images/thumb/1/1e/Parboil-Potatoes-Step-11-Version-2.jpg/v4-460px-Parboil-Potatoes-Step-11-Version-2.jpg", "vid": null}}