{"video_url": "https://www.youtube.com/embed/aOGk7KnFpAg?showinfo=0", "1": {"text": "Get a garlic bulb and separate a clove.", "img": null, "vid": "/1/10/Peel a Garlic Clove Step 1 Version 4.360p.mp4"}, "2": {"text": "Cut away the brown top of the garlic.", "img": null, "vid": "/4/43/Peel a Garlic Clove Step 2 Version 5.360p.mp4"}, "3": {"text": "Place the clove on a chopping board.", "img": "https://www.wikihow.com/images/thumb/4/44/Peel-a-Garlic-Clove-Step-3-Version-8.jpg/v4-460px-Peel-a-Garlic-Clove-Step-3-Version-8.jpg", "vid": null}, "4": {"text": "Place the flat side of the knife on the clove and push down firmly.", "img": null, "vid": "/a/a8/Peel a Garlic Clove Step 4 Version 7.360p.mp4"}, "5": {"text": "Peel away the skin and waste with your hands.", "img": null, "vid": "/e/e3/Peel a Garlic Clove Step 5 Version 6.360p.mp4"}, "6": {"text": "Use the peeled clove, either chopped or full.", "img": null, "vid": "/1/10/Peel a Garlic Clove Step 6 Version 3.360p.mp4"}, "7": {"text": "Remove as many cloves as you need from the head.", "img": "https://www.wikihow.com/images/thumb/2/2f/Peel-a-Garlic-Clove-Step-7-Version-5.jpg/v4-460px-Peel-a-Garlic-Clove-Step-7-Version-5.jpg", "vid": null}, "8": {"text": "Soak the cloves in cold water for five minutes, making sure they are fully submerged.", "img": null, "vid": "/8/8a/Peel a Garlic Clove Step 8 Version 3.360p.mp4"}, "9": {"text": "Remove from water.", "img": null, "vid": "/9/98/Peel a Garlic Clove Step 9 Version 5.360p.mp4"}, "10": {"text": "Remove the cloves you need from the head.", "img": null, "vid": "/3/33/Peel a Garlic Clove Step 10 Version 3.360p.mp4"}, "11": {"text": "Put the garlic clove/s in the microwave for 5-10 seconds.", "img": "https://www.wikihow.com/images/thumb/4/42/Peel-a-Garlic-Clove-Step-11-Version-8.jpg/v4-460px-Peel-a-Garlic-Clove-Step-11-Version-8.jpg", "vid": null}, "12": {"text": "Cut away the loose remaining skin.", "img": null, "vid": "/f/f8/Peel a Garlic Clove Step 12 Version 6.360p.mp4"}, "13": {"text": "Place the entire garlic head inside one stainless steel bowl.", "img": "https://www.wikihow.com/images/thumb/8/85/Peel-a-Garlic-Clove-Step-13-Version-4.jpg/v4-460px-Peel-a-Garlic-Clove-Step-13-Version-4.jpg", "vid": null}, "14": {"text": "Cover the bowl with another identical stainless steel bowl.", "img": "https://www.wikihow.com/images/thumb/d/d1/Peel-a-Garlic-Clove-Step-14-Version-4.jpg/v4-460px-Peel-a-Garlic-Clove-Step-14-Version-4.jpg", "vid": null}, "15": {"text": "Hold the edges of the two bowls together and shake.", "img": null, "vid": "/c/cd/Peel a Garlic Clove Step 15 Version 3.360p.mp4"}, "16": {"text": "Open the bowls and remove any waste.", "img": null, "vid": "/8/8b/Peel a Garlic Clove Step 16 Version 2.360p.mp4"}, "17": {"text": "Keep shaking until all of the skins are removed.", "img": null, "vid": "/a/af/Peel a Garlic Clove Step 17.360p.mp4"}, "18": {"text": "Separate the cloves.", "img": "https://www.wikihow.com/images/thumb/4/4f/Peel-a-Garlic-Clove-Step-18-Version-4.jpg/v4-460px-Peel-a-Garlic-Clove-Step-18-Version-4.jpg", "vid": null}, "19": {"text": "Place the cloves evenly under a dry cloth.", "img": null, "vid": "/7/75/Peel a Garlic Clove Step 19.360p.mp4"}, "20": {"text": "Pound the garlic cloves once or twice with a mallet.", "img": null, "vid": "/9/9e/Peel a Garlic Clove Step 20 Version 3.360p.mp4"}, "21": {"text": "Remove the cloves from the cracked outer shell.", "img": null, "vid": "/7/7b/Peel a Garlic Clove Step 21 Version 3.360p.mp4"}}