{"video_url": "https://www.youtube.com/embed/onR3mhFJYfM?showinfo=0", "1": {"text": "Use a vegetable peeler to remove the apple skin.", "img": null, "vid": "/1/14/Peel and Core Apples Step 1 Version 2.360p.mp4"}, "2": {"text": "Choose to either use an apple corer to remove the core or to manually slice the apple removing the pulp from its core.", "img": null, "vid": "/6/6f/Peel and Core Apples Step 2 Version 2.360p.mp4"}, "3": {"text": "Cut your apple as directed by your recipe.", "img": null, "vid": "/c/ca/Peel and Core Apples Step 3 Version 2.360p.mp4"}, "4": {"text": "Finished.", "img": "https://www.wikihow.com/images/thumb/4/4b/Peel-and-Core-Apples-Step-4-Version-2.jpg/v4-460px-Peel-and-Core-Apples-Step-4-Version-2.jpg", "vid": null}, "5": {"text": "Use a swivel peeler to remove the apple skin.", "img": null, "vid": "/a/ab/Peel and Core Apples Step 5 Version 2.360p.mp4"}, "6": {"text": "Cut the apple in half.", "img": null, "vid": "/c/c9/Peel and Core Apples Step 6 Version 2.360p.mp4"}, "7": {"text": "Make apple quarters.", "img": null, "vid": "/6/6f/Peel and Core Apples Step 7 Version 2.360p.mp4"}, "8": {"text": "Remove the core of the apple.", "img": null, "vid": "/8/8c/Peel and Core Apples Step 8 Version 2.360p.mp4"}, "9": {"text": "Pull the core away from the apple slice if it doesn't fall out on its own.", "img": null, "vid": "/d/d2/Peel and Core Apples Step 9 Version 2.360p.mp4"}, "10": {"text": "Cut your apple as directed by your recipe.", "img": null, "vid": "/a/a9/Peel and Core Apples Step 10 Version 2.360p.mp4"}, "11": {"text": "Finished.", "img": "https://www.wikihow.com/images/thumb/b/b2/Peel-and-Core-Apples-Step-11.jpg/v4-460px-Peel-and-Core-Apples-Step-11.jpg", "vid": null}}