{"video_url": "https://www.youtube.com/embed/E3sSRE2iNiE?showinfo=0", "1": {"text": "Start with a soft chin-scratch.", "img": "https://www.wikihow.com/images/thumb/0/00/Pet-a-Cat-Step-1-Version-9.jpg/v4-460px-Pet-a-Cat-Step-1-Version-9.jpg", "vid": null}, "2": {"text": "Focus on the area between or behind the ears.", "img": "https://www.wikihow.com/images/thumb/d/d9/Pet-a-Cat-Step-2-Version-8.jpg/v4-460px-Pet-a-Cat-Step-2-Version-8.jpg", "vid": null}, "3": {"text": "Pet the cat's cheeks just behind the whiskers.", "img": "https://www.wikihow.com/images/thumb/3/3e/Pet-a-Cat-Step-3-Version-8.jpg/v4-460px-Pet-a-Cat-Step-3-Version-8.jpg", "vid": null}, "4": {"text": "Run the back of your hand gently along the side of the face.", "img": "https://www.wikihow.com/images/thumb/4/45/Pet-a-Cat-Step-4-Version-8.jpg/v4-460px-Pet-a-Cat-Step-4-Version-8.jpg", "vid": null}, "5": {"text": "Stroke the cat from forehead to tail.", "img": "https://www.wikihow.com/images/thumb/f/f4/Pet-a-Cat-Step-5-Version-8.jpg/v4-460px-Pet-a-Cat-Step-5-Version-8.jpg", "vid": null}, "6": {"text": "Let the cat sniff you before you pet it so it can become comfortable with you.", "img": "https://www.wikihow.com/images/thumb/c/ca/Pet-a-Cat-Step-6-Version-7.jpg/v4-460px-Pet-a-Cat-Step-6-Version-7.jpg", "vid": null}, "7": {"text": "Wait for the cat to bump his/her head against you.", "img": "https://www.wikihow.com/images/thumb/1/16/Pet-a-Cat-Step-7-Version-7.jpg/v4-460px-Pet-a-Cat-Step-7-Version-7.jpg", "vid": null}, "8": {"text": "Pet the cat once if s/he jumps into your lap and lies down.", "img": "https://www.wikihow.com/images/thumb/3/3d/Pet-a-Cat-Step-8-Version-6.jpg/v4-460px-Pet-a-Cat-Step-8-Version-6.jpg", "vid": null}, "9": {"text": "Stroke a cat when s/he's on her side.", "img": "https://www.wikihow.com/images/thumb/f/f2/Pet-a-Cat-Step-9-Version-5.jpg/v4-460px-Pet-a-Cat-Step-9-Version-5.jpg", "vid": null}, "10": {"text": "Understand how your cat communicates.", "img": "https://www.wikihow.com/images/thumb/d/d8/Pet-a-Cat-Step-5-Version-9.jpg/v4-460px-Pet-a-Cat-Step-5-Version-9.jpg", "vid": null}, "11": {"text": "Watch for signs that the cat does not want to be petted anymore.", "img": "https://www.wikihow.com/images/thumb/d/d5/Pet-a-Cat-Step-11-Version-5.jpg/v4-460px-Pet-a-Cat-Step-11-Version-5.jpg", "vid": null}, "12": {"text": "Keep your petting from the head to the tail and don't switch directions.", "img": "https://www.wikihow.com/images/thumb/4/43/Pet-a-Cat-Step-12-Version-5.jpg/v4-460px-Pet-a-Cat-Step-12-Version-5.jpg", "vid": null}, "13": {"text": "Don't pat the cat.", "img": "https://www.wikihow.com/images/thumb/b/b3/Pet-a-Cat-Step-13-Version-5.jpg/v4-460px-Pet-a-Cat-Step-13-Version-5.jpg", "vid": null}, "14": {"text": "Stay away from the belly.", "img": "https://www.wikihow.com/images/thumb/7/76/Pet-a-Cat-Step-14-Version-5.jpg/v4-460px-Pet-a-Cat-Step-14-Version-5.jpg", "vid": null}, "15": {"text": "Approach the feet with caution.", "img": "https://www.wikihow.com/images/thumb/b/bc/Pet-a-Cat-Step-15-Version-5.jpg/v4-460px-Pet-a-Cat-Step-15-Version-5.jpg", "vid": null}}