{"video_url": "https://www.youtube.com/embed/cfONGghNosk?showinfo=0", "1": {"text": "Give your date options.", "img": "https://www.wikihow.com/images/thumb/5/51/Plan-a-Perfect-Date-Step-1-Version-2.jpg/v4-460px-Plan-a-Perfect-Date-Step-1-Version-2.jpg", "vid": null}, "2": {"text": "Get a feel for your date's interests.", "img": "https://www.wikihow.com/images/thumb/c/c5/Plan-a-Perfect-Date-Step-2-Version-3.jpg/v4-460px-Plan-a-Perfect-Date-Step-2-Version-3.jpg", "vid": null}, "3": {"text": "Make reservations.", "img": "https://www.wikihow.com/images/thumb/0/04/Plan-a-Perfect-Date-Step-3-Version-3.jpg/v4-460px-Plan-a-Perfect-Date-Step-3-Version-3.jpg", "vid": null}, "4": {"text": "Have a backup plan.", "img": "https://www.wikihow.com/images/thumb/a/a7/Plan-a-Perfect-Date-Step-4-Version-3.jpg/v4-460px-Plan-a-Perfect-Date-Step-4-Version-3.jpg", "vid": null}, "5": {"text": "Inform your date of your plans in advance.", "img": "https://www.wikihow.com/images/thumb/5/52/Plan-a-Perfect-Date-Step-5-Version-3.jpg/v4-460px-Plan-a-Perfect-Date-Step-5-Version-3.jpg", "vid": null}, "6": {"text": "Choose a secondary location.", "img": "https://www.wikihow.com/images/thumb/5/5a/Plan-a-Perfect-Date-Step-6-Version-3.jpg/v4-460px-Plan-a-Perfect-Date-Step-6-Version-3.jpg", "vid": null}, "7": {"text": "Avoid going to the movies.", "img": "https://www.wikihow.com/images/thumb/e/e3/Plan-a-Perfect-Date-Step-7-Version-3.jpg/v4-460px-Plan-a-Perfect-Date-Step-7-Version-3.jpg", "vid": null}, "8": {"text": "Take dinner from ordinary to extraordinary.", "img": "https://www.wikihow.com/images/thumb/2/23/Plan-a-Perfect-Date-Step-8-Version-2.jpg/v4-460px-Plan-a-Perfect-Date-Step-8-Version-2.jpg", "vid": null}, "9": {"text": "Explore your wild side.", "img": "https://www.wikihow.com/images/thumb/d/de/Plan-a-Perfect-Date-Step-9-Version-2.jpg/v4-460px-Plan-a-Perfect-Date-Step-9-Version-2.jpg", "vid": null}, "10": {"text": "Get artsy.", "img": "https://www.wikihow.com/images/thumb/9/9f/Plan-a-Perfect-Date-Step-10-Version-2.jpg/v4-460px-Plan-a-Perfect-Date-Step-10-Version-2.jpg", "vid": null}, "11": {"text": "Keep it relaxed.", "img": "https://www.wikihow.com/images/thumb/3/3e/Plan-a-Perfect-Date-Step-11-Version-2.jpg/v4-460px-Plan-a-Perfect-Date-Step-11-Version-2.jpg", "vid": null}, "12": {"text": "Look your best.", "img": "https://www.wikihow.com/images/thumb/7/7b/Plan-a-Perfect-Date-Step-12-Version-2.jpg/v4-460px-Plan-a-Perfect-Date-Step-12-Version-2.jpg", "vid": null}, "13": {"text": "Be on time.", "img": "https://www.wikihow.com/images/thumb/7/74/Plan-a-Perfect-Date-Step-13-Version-2.jpg/v4-460px-Plan-a-Perfect-Date-Step-13-Version-2.jpg", "vid": null}, "14": {"text": "Pay attention to your date.", "img": "https://www.wikihow.com/images/thumb/f/fa/Plan-a-Perfect-Date-Step-14.jpg/v4-460px-Plan-a-Perfect-Date-Step-14.jpg", "vid": null}, "15": {"text": "Pay for the date.", "img": "https://www.wikihow.com/images/thumb/a/a9/Plan-a-Perfect-Date-Step-15-Version-2.jpg/v4-460px-Plan-a-Perfect-Date-Step-15-Version-2.jpg", "vid": null}, "16": {"text": "Plan another date.", "img": "https://www.wikihow.com/images/thumb/2/28/Plan-a-Perfect-Date-Step-16.jpg/v4-460px-Plan-a-Perfect-Date-Step-16.jpg", "vid": null}, "17": {"text": "End your date appropriately.", "img": "https://www.wikihow.com/images/thumb/e/ed/Plan-a-Perfect-Date-Step-17.jpg/v4-460px-Plan-a-Perfect-Date-Step-17.jpg", "vid": null}}