{"video_url": "https://www.youtube.com/embed/1ABy5w7GR5k?showinfo=0", "1": {"text": "Prepare your potting soil in a separate bucket.", "img": "https://www.wikihow.com/images/thumb/c/c2/Plant-a-Lemon-Seed-Step-1-Version-3.jpg/v4-460px-Plant-a-Lemon-Seed-Step-1-Version-3.jpg", "vid": null}, "2": {"text": "Choose a small pot with drainage holes.", "img": "https://www.wikihow.com/images/thumb/d/da/Plant-a-Lemon-Seed-Step-2-Version-3.jpg/v4-460px-Plant-a-Lemon-Seed-Step-2-Version-3.jpg", "vid": null}, "3": {"text": "Fill the pot with soil.", "img": "https://www.wikihow.com/images/thumb/b/b0/Plant-a-Lemon-Seed-Step-3-Version-3.jpg/v4-460px-Plant-a-Lemon-Seed-Step-3-Version-3.jpg", "vid": null}, "4": {"text": "Make a \u00bd inch (1.27 centimeter) deep hole in the soil.", "img": "https://www.wikihow.com/images/thumb/9/91/Plant-a-Lemon-Seed-Step-4-Version-3.jpg/v4-460px-Plant-a-Lemon-Seed-Step-4-Version-3.jpg", "vid": null}, "5": {"text": "Choose a plump-looking seed from a lemon.", "img": "https://www.wikihow.com/images/thumb/a/a1/Plant-a-Lemon-Seed-Step-5-Version-3.jpg/v4-460px-Plant-a-Lemon-Seed-Step-5-Version-3.jpg", "vid": null}, "6": {"text": "Wash the seed to get rid of the slimy coating.", "img": "https://www.wikihow.com/images/thumb/f/f3/Plant-a-Lemon-Seed-Step-6-Version-3.jpg/v4-460px-Plant-a-Lemon-Seed-Step-6-Version-3.jpg", "vid": null}, "7": {"text": "Drop the seed into the hole and cover it up.", "img": "https://www.wikihow.com/images/thumb/c/c2/Plant-a-Lemon-Seed-Step-7-Version-3.jpg/v4-460px-Plant-a-Lemon-Seed-Step-7-Version-3.jpg", "vid": null}, "8": {"text": "Cover the pot with a piece of breathable plastic to trap warmth and moisture.", "img": "https://www.wikihow.com/images/thumb/4/4f/Plant-a-Lemon-Seed-Step-8-Version-3.jpg/v4-460px-Plant-a-Lemon-Seed-Step-8-Version-3.jpg", "vid": null}, "9": {"text": "Place the pot in a warm location.", "img": "https://www.wikihow.com/images/thumb/3/3c/Plant-a-Lemon-Seed-Step-9-Version-3.jpg/v4-460px-Plant-a-Lemon-Seed-Step-9-Version-3.jpg", "vid": null}, "10": {"text": "Water the soil when you see it become dry.", "img": "https://www.wikihow.com/images/thumb/b/ba/Plant-a-Lemon-Seed-Step-10-Version-3.jpg/v4-460px-Plant-a-Lemon-Seed-Step-10-Version-3.jpg", "vid": null}, "11": {"text": "Remove the plastic covering once the sprout appears and transfer the pot to a warm, sunny location.", "img": "https://www.wikihow.com/images/thumb/e/e5/Plant-a-Lemon-Seed-Step-11-Version-3.jpg/v4-460px-Plant-a-Lemon-Seed-Step-11-Version-3.jpg", "vid": null}, "12": {"text": "Dampen a paper towel and smooth it out on a flat surface.", "img": "https://www.wikihow.com/images/thumb/9/98/Plant-a-Lemon-Seed-Step-12.jpg/v4-460px-Plant-a-Lemon-Seed-Step-12.jpg", "vid": null}, "13": {"text": "Pick out 5 to 10 plump seeds from an organic lemon.", "img": "https://www.wikihow.com/images/thumb/7/73/Plant-a-Lemon-Seed-Step-13.jpg/v4-460px-Plant-a-Lemon-Seed-Step-13.jpg", "vid": null}, "14": {"text": "Consider keeping the seeds in a cup of water overnight.", "img": "https://www.wikihow.com/images/thumb/c/c6/Plant-a-Lemon-Seed-Step-14.jpg/v4-460px-Plant-a-Lemon-Seed-Step-14.jpg", "vid": null}, "15": {"text": "Clean the gel-like coating off of each seed.", "img": "https://www.wikihow.com/images/thumb/8/8a/Plant-a-Lemon-Seed-Step-15.jpg/v4-460px-Plant-a-Lemon-Seed-Step-15.jpg", "vid": null}, "16": {"text": "You can also peel the other white layer off to reveal a brown-colored seed.", "img": "https://www.wikihow.com/images/thumb/0/06/Plant-a-Lemon-Seed-Step-16.jpg/v4-460px-Plant-a-Lemon-Seed-Step-16.jpg", "vid": null}, "17": {"text": "Peel the brown seed cover off as well.", "img": "https://www.wikihow.com/images/thumb/9/91/Plant-a-Lemon-Seed-Step-17.jpg/v4-460px-Plant-a-Lemon-Seed-Step-17.jpg", "vid": null}, "18": {"text": "Place the seeds onto the damp paper towel.", "img": "https://www.wikihow.com/images/thumb/8/84/Plant-a-Lemon-Seed-Step-18.jpg/v4-460px-Plant-a-Lemon-Seed-Step-18.jpg", "vid": null}, "19": {"text": "Repeat the peeling process for the rest of the seeds and place them down onto the towel.", "img": "https://www.wikihow.com/images/thumb/b/bb/Plant-a-Lemon-Seed-Step-19.jpg/v4-460px-Plant-a-Lemon-Seed-Step-19.jpg", "vid": null}, "20": {"text": "Slip the paper towel into a plastic zippered or resealable bag, and close the bag tightly.", "img": "https://www.wikihow.com/images/thumb/6/65/Plant-a-Lemon-Seed-Step-20.jpg/v4-460px-Plant-a-Lemon-Seed-Step-20.jpg", "vid": null}, "21": {"text": "Keep the plastic bag in a dark, warm location until the seeds sprout.", "img": "https://www.wikihow.com/images/thumb/1/15/Plant-a-Lemon-Seed-Step-21.jpg/v4-460px-Plant-a-Lemon-Seed-Step-21.jpg", "vid": null}, "22": {"text": "Transplant the seedlings when the tails are about 3.15 inches (8 centimeters) long.", "img": "https://www.wikihow.com/images/thumb/5/5e/Plant-a-Lemon-Seed-Step-22.jpg/v4-460px-Plant-a-Lemon-Seed-Step-22.jpg", "vid": null}, "23": {"text": "Move the pot to a warm, sunny location.", "img": "https://www.wikihow.com/images/thumb/5/54/Plant-a-Lemon-Seed-Step-23.jpg/v4-460px-Plant-a-Lemon-Seed-Step-23.jpg", "vid": null}, "24": {"text": "Water your plant regularly, about 2 or 3 times per week.", "img": "https://www.wikihow.com/images/thumb/d/d2/Plant-a-Lemon-Seed-Step-24.jpg/v4-460px-Plant-a-Lemon-Seed-Step-24.jpg", "vid": null}, "25": {"text": "Make sure that it gets enough sunlight.", "img": "https://www.wikihow.com/images/thumb/5/5f/Plant-a-Lemon-Seed-Step-25.jpg/v4-460px-Plant-a-Lemon-Seed-Step-25.jpg", "vid": null}, "26": {"text": "Know when to transplant your seedling.", "img": "https://www.wikihow.com/images/thumb/c/c4/Plant-a-Lemon-Seed-Step-26.jpg/v4-460px-Plant-a-Lemon-Seed-Step-26.jpg", "vid": null}, "27": {"text": "Maintain the soil pH level.", "img": "https://www.wikihow.com/images/thumb/6/60/Plant-a-Lemon-Seed-Step-27.jpg/v4-460px-Plant-a-Lemon-Seed-Step-27.jpg", "vid": null}, "28": {"text": "Remember to provide your tree with proper nutrients so that it grows healthy and strong.", "img": "https://www.wikihow.com/images/thumb/9/9a/Plant-a-Lemon-Seed-Step-28.jpg/v4-460px-Plant-a-Lemon-Seed-Step-28.jpg", "vid": null}, "29": {"text": "Understand that it will take some time before your tree can bear fruit.", "img": "https://www.wikihow.com/images/thumb/f/f2/Plant-a-Lemon-Seed-Step-29.jpg/v4-460px-Plant-a-Lemon-Seed-Step-29.jpg", "vid": null}}