{"video_url": "https://www.youtube.com/embed/xYXj9DwKHr4?showinfo=0", "1": {"text": "Place all of your pieces onto the corresponding color pocket.", "img": "https://www.wikihow.com/images/thumb/b/b6/Play-Ludo-Step-4-Version-3.jpg/v4-460px-Play-Ludo-Step-4-Version-3.jpg", "vid": null}, "2": {"text": "Decide who goes first by rolling the die.", "img": null, "vid": "/b/b6/Play Ludo Step 5.360p.mp4"}, "3": {"text": "Roll a 6 to bring your first pawn onto the board.", "img": null, "vid": "/c/cc/Play Ludo Step 6.360p.mp4"}, "4": {"text": "Roll again to determine how many spaces to move your first pawn.", "img": "https://www.wikihow.com/images/thumb/5/54/Play-Ludo-Step-4-Version-4.jpg/v4-460px-Play-Ludo-Step-4-Version-4.jpg", "vid": null}, "5": {"text": "End your turn and pass the die to the next player after you move a pawn.", "img": "https://www.wikihow.com/images/thumb/0/0d/Play-Ludo-Step-5-Version-4.jpg/v4-460px-Play-Ludo-Step-5-Version-4.jpg", "vid": null}, "6": {"text": "Place another pawn on the board if you roll another 6.", "img": null, "vid": "/2/22/Play Ludo Step 7.360p.mp4"}, "7": {"text": "Continue to roll at the beginning of each turn and move your pawns.", "img": "https://www.wikihow.com/images/thumb/7/7b/Play-Ludo-Step-7-Version-3.jpg/v4-460px-Play-Ludo-Step-7-Version-3.jpg", "vid": null}, "8": {"text": "Capture an opponent\u2019s pawn by landing on the same space.", "img": null, "vid": "/b/b7/Play Ludo Step 9.360p.mp4"}, "9": {"text": "Get more than 1 of your pieces on the same space to make a block.", "img": "https://www.wikihow.com/images/thumb/c/cc/Play-Ludo-Step-9-Version-3.jpg/v4-460px-Play-Ludo-Step-9-Version-3.jpg", "vid": null}, "10": {"text": "Land on the same space as an opponent\u2019s pawn to move past it.", "img": "https://www.wikihow.com/images/thumb/c/ca/Play-Ludo-Step-10-Version-3.jpg/v4-460px-Play-Ludo-Step-10-Version-3.jpg", "vid": null}, "11": {"text": "Move your pawns around the board going towards your home stretch.", "img": null, "vid": "/a/ac/Play Ludo Step 12.360p.mp4"}, "12": {"text": "Avoid spaces with special markings on them.", "img": "https://www.wikihow.com/images/thumb/6/68/Play-Ludo-Step-12-Version-3.jpg/v4-460px-Play-Ludo-Step-12-Version-3.jpg", "vid": null}, "13": {"text": "Roll the exact number needed to get each pawn onto the home base.", "img": "https://www.wikihow.com/images/thumb/9/95/Play-Ludo-Step-13-Version-3.jpg/v4-460px-Play-Ludo-Step-13-Version-3.jpg", "vid": null}, "14": {"text": "Reach the home space with all 4 of your pawns first to win the game.", "img": "https://www.wikihow.com/images/thumb/c/c5/Play-Ludo-Step-14.jpg/v4-460px-Play-Ludo-Step-14.jpg", "vid": null}}