{"video_url": "https://www.youtube.com/embed/6Pqd7UFWr7M?showinfo=0", "1": {"text": "Position the board so each player has a black space in their left corner.", "img": "https://www.wikihow.com/images/thumb/6/63/Play-Chess-Step-1-Version-3.jpg/v4-460px-Play-Chess-Step-1-Version-3.jpg", "vid": null}, "2": {"text": "Learn the rank and file system", "img": "https://www.wikihow.com/images/thumb/c/c7/Play-Chess-Step-8-Version-3.jpg/v4-460px-Play-Chess-Step-8-Version-3.jpg", "vid": null}, "3": {"text": "Place the rooks in the corners of the board.", "img": "https://www.wikihow.com/images/thumb/b/b0/Play-Chess-Step-2-Version-3.jpg/v4-460px-Play-Chess-Step-2-Version-3.jpg", "vid": null}, "4": {"text": "Set the knights next to your rooks.", "img": "https://www.wikihow.com/images/thumb/9/9e/Play-Chess-Step-3-Version-3.jpg/v4-460px-Play-Chess-Step-3-Version-3.jpg", "vid": null}, "5": {"text": "Put the bishops next to your knights.", "img": "https://www.wikihow.com/images/thumb/5/5a/Play-Chess-Step-4-Version-3.jpg/v4-460px-Play-Chess-Step-4-Version-3.jpg", "vid": null}, "6": {"text": "Place the queens on their matching colors in the back rows.", "img": "https://www.wikihow.com/images/thumb/4/49/Play-Chess-Step-5-Version-3.jpg/v4-460px-Play-Chess-Step-5-Version-3.jpg", "vid": null}, "7": {"text": "Set the kings next to the queens.", "img": "https://www.wikihow.com/images/thumb/7/76/Play-Chess-Step-6-Version-3.jpg/v4-460px-Play-Chess-Step-6-Version-3.jpg", "vid": null}, "8": {"text": "Place your pawns in the row in front of your other pieces.", "img": "https://www.wikihow.com/images/thumb/7/74/Play-Chess-Step-7-Version-3.jpg/v4-460px-Play-Chess-Step-7-Version-3.jpg", "vid": null}, "9": {"text": "Start the game with the player who has the white pieces.", "img": "https://www.wikihow.com/images/thumb/b/bc/Play-Chess-Step-13-Version-2.jpg/v4-460px-Play-Chess-Step-13-Version-2.jpg", "vid": null}, "10": {"text": "Capture your opponent\u2019s pieces by moving onto the same square as them.", "img": "https://www.wikihow.com/images/thumb/b/be/Play-Chess-Step-14-Version-2.jpg/v4-460px-Play-Chess-Step-14-Version-2.jpg", "vid": null}, "11": {"text": "Put your opponent\u2019s king in check.", "img": "https://www.wikihow.com/images/thumb/f/f5/Play-Chess-Step-10-Version-3.jpg/v4-460px-Play-Chess-Step-10-Version-3.jpg", "vid": null}, "12": {"text": "End the game by putting your opponent\u2019s king in checkmate.", "img": "https://www.wikihow.com/images/thumb/c/c9/Play-Chess-Step-16-Version-2.jpg/v4-460px-Play-Chess-Step-16-Version-2.jpg", "vid": null}, "13": {"text": "Capture with pawns using the \"en passant\" rule.", "img": "https://www.wikihow.com/images/thumb/f/f4/Play-Chess-Step-26-Version-2.jpg/v4-460px-Play-Chess-Step-26-Version-2.jpg", "vid": null}, "14": {"text": "Promote a pawn by getting it across the board.", "img": "https://www.wikihow.com/images/thumb/9/9f/Play-Chess-Step-27-Version-2.jpg/v4-460px-Play-Chess-Step-27-Version-2.jpg", "vid": null}, "15": {"text": "Protect your king by castling.", "img": "https://www.wikihow.com/images/thumb/0/09/Play-Chess-Step-14-Version-3.jpg/v4-460px-Play-Chess-Step-14-Version-3.jpg", "vid": null}, "16": {"text": "Learn the relative value of each piece.", "img": "https://www.wikihow.com/images/thumb/d/d7/Play-Chess-Step-16-Version-3.jpg/v4-460px-Play-Chess-Step-16-Version-3.jpg", "vid": null}, "17": {"text": "Protect your pieces.", "img": "https://www.wikihow.com/images/thumb/3/32/Play-Chess-Step-24-Version-2.jpg/v4-460px-Play-Chess-Step-24-Version-2.jpg", "vid": null}, "18": {"text": "Aim to control the center of the board.", "img": "https://www.wikihow.com/images/thumb/b/b4/Play-Chess-Step-19-Version-2.jpg/v4-460px-Play-Chess-Step-19-Version-2.jpg", "vid": null}}