{"video_url": "https://www.youtube.com/embed/FQU5kpmoJyY?showinfo=0", "1": {"text": "Learn the object of the game.", "img": "https://www.wikihow.com/images/thumb/b/bb/Play-Golf-Step-1-Version-3.jpg/v4-460px-Play-Golf-Step-1-Version-3.jpg", "vid": null}, "2": {"text": "Play the course by the order of holes.", "img": "https://www.wikihow.com/images/thumb/7/7f/Play-Golf-Step-2-Version-3.jpg/v4-460px-Play-Golf-Step-2-Version-3.jpg", "vid": null}, "3": {"text": "Take your turn in your group.", "img": "https://www.wikihow.com/images/thumb/4/46/Play-Golf-Step-3-Version-2.jpg/v4-460px-Play-Golf-Step-3-Version-2.jpg", "vid": null}, "4": {"text": "Don\u2019t move your ball on the course.", "img": "https://www.wikihow.com/images/thumb/4/47/Play-Golf-Step-4-Version-2.jpg/v4-460px-Play-Golf-Step-4-Version-2.jpg", "vid": null}, "5": {"text": "Keep score for each hole.", "img": "https://www.wikihow.com/images/thumb/9/90/Play-Golf-Step-5-Version-2.jpg/v4-460px-Play-Golf-Step-5-Version-2.jpg", "vid": null}, "6": {"text": "Win by having the lowest score at the end.", "img": "https://www.wikihow.com/images/thumb/c/c3/Play-Golf-Step-6-Version-2.jpg/v4-460px-Play-Golf-Step-6-Version-2.jpg", "vid": null}, "7": {"text": "Try a Par 3 course when you\u2019re starting out.", "img": "https://www.wikihow.com/images/thumb/8/81/Play-Golf-Step-7-Version-3.jpg/v4-460px-Play-Golf-Step-7-Version-3.jpg", "vid": null}, "8": {"text": "Stand with your knees and hips slightly bent.", "img": "https://www.wikihow.com/images/thumb/e/ee/Play-Golf-Step-8-Version-2.jpg/v4-460px-Play-Golf-Step-8-Version-2.jpg", "vid": null}, "9": {"text": "Bring your club back and parallel to the ground first.", "img": "https://www.wikihow.com/images/thumb/8/8b/Play-Golf-Step-9-Version-2.jpg/v4-460px-Play-Golf-Step-9-Version-2.jpg", "vid": null}, "10": {"text": "Bring the club up at a 90 degree angle.", "img": "https://www.wikihow.com/images/thumb/e/ec/Play-Golf-Step-10-Version-2.jpg/v4-460px-Play-Golf-Step-10-Version-2.jpg", "vid": null}, "11": {"text": "Turn your shoulders to bring the club all the way up.", "img": "https://www.wikihow.com/images/thumb/1/1a/Play-Golf-Step-11-Version-2.jpg/v4-460px-Play-Golf-Step-11-Version-2.jpg", "vid": null}, "12": {"text": "Shift your weight slightly to the other side as you swing the club down.", "img": "https://www.wikihow.com/images/thumb/d/d5/Play-Golf-Step-12.jpg/v4-460px-Play-Golf-Step-12.jpg", "vid": null}, "13": {"text": "Straighten your side facing the target as you make contact with the ball.", "img": "https://www.wikihow.com/images/thumb/1/19/Play-Golf-Step-13.jpg/v4-460px-Play-Golf-Step-13.jpg", "vid": null}, "14": {"text": "Extend both your arms fully for the follow-through.", "img": "https://www.wikihow.com/images/thumb/3/3e/Play-Golf-Step-14-Version-2.jpg/v4-460px-Play-Golf-Step-14-Version-2.jpg", "vid": null}, "15": {"text": "Get the minimum number of clubs you need.", "img": "https://www.wikihow.com/images/thumb/7/73/Play-Golf-Step-15.jpg/v4-460px-Play-Golf-Step-15.jpg", "vid": null}, "16": {"text": "Obtain tees and balls.", "img": "https://www.wikihow.com/images/thumb/0/0e/Play-Golf-Step-16.jpg/v4-460px-Play-Golf-Step-16.jpg", "vid": null}, "17": {"text": "Invest in some golf gloves and a bag.", "img": "https://www.wikihow.com/images/thumb/7/77/Play-Golf-Step-17.jpg/v4-460px-Play-Golf-Step-17.jpg", "vid": null}, "18": {"text": "Keep up with your group.", "img": "https://www.wikihow.com/images/thumb/9/99/Play-Golf-Step-18-Version-2.jpg/v4-460px-Play-Golf-Step-18-Version-2.jpg", "vid": null}, "19": {"text": "Yell \u201cFore!", "img": "https://www.wikihow.com/images/thumb/8/82/Play-Golf-Step-19.jpg/v4-460px-Play-Golf-Step-19.jpg", "vid": null}, "20": {"text": "Stay out of the way of shots.", "img": "https://www.wikihow.com/images/thumb/4/4f/Play-Golf-Step-20-Version-2.jpg/v4-460px-Play-Golf-Step-20-Version-2.jpg", "vid": null}, "21": {"text": "Look for a lost ball for only 3 minutes.", "img": "https://www.wikihow.com/images/thumb/1/18/Play-Golf-Step-21-Version-2.jpg/v4-460px-Play-Golf-Step-21-Version-2.jpg", "vid": null}}