{"video_url": "https://www.youtube.com/embed/9d1PR4ujpvc", "1": {"text": "Play the game with at least 1 person.", "img": "https://www.wikihow.com/images/thumb/b/bd/Play-SET-Step-1.jpg/v4-460px-Play-SET-Step-1.jpg", "vid": null}, "2": {"text": "Assign 1 player to be the dealer.", "img": "https://www.wikihow.com/images/thumb/7/71/Play-SET-Step-2.jpg/v4-460px-Play-SET-Step-2.jpg", "vid": null}, "3": {"text": "Arrange 12 cards face-up on a flat surface in a 4-by-3 grid.", "img": "https://www.wikihow.com/images/thumb/c/cd/Play-SET-Step-3.jpg/v4-460px-Play-SET-Step-3.jpg", "vid": null}, "4": {"text": "Memorize the different types of SET cards.", "img": "https://www.wikihow.com/images/thumb/a/aa/Play-SET-Step-4.jpg/v4-460px-Play-SET-Step-4.jpg", "vid": null}, "5": {"text": "Search for a set in the card grid.", "img": "https://www.wikihow.com/images/thumb/7/72/Play-SET-Step-5.jpg/v4-460px-Play-SET-Step-5.jpg", "vid": null}, "6": {"text": "Say \u201cset\u201d before the other players and point out the cards.", "img": "https://www.wikihow.com/images/thumb/b/bc/Play-SET-Step-6.jpg/v4-460px-Play-SET-Step-6.jpg", "vid": null}, "7": {"text": "Pause gameplay and let the other players confirm your set.", "img": "https://www.wikihow.com/images/thumb/9/91/Play-SET-Step-7.jpg/v4-460px-Play-SET-Step-7.jpg", "vid": null}, "8": {"text": "Collect the 3 winning cards and gain 1 point for the set.", "img": "https://www.wikihow.com/images/thumb/c/c4/Play-SET-Step-8.jpg/v4-460px-Play-SET-Step-8.jpg", "vid": null}, "9": {"text": "Replace the missing cards in the grid with 3 new ones.", "img": "https://www.wikihow.com/images/thumb/a/aa/Play-SET-Step-9.jpg/v4-460px-Play-SET-Step-9.jpg", "vid": null}, "10": {"text": "Add 3 extra cards to the grid if you can\u2019t find a set in a game.", "img": "https://www.wikihow.com/images/thumb/7/78/Play-SET-Step-10.jpg/v4-460px-Play-SET-Step-10.jpg", "vid": null}, "11": {"text": "Identify and collect sets of 3 cards as you spot them.", "img": "https://www.wikihow.com/images/thumb/e/e5/Play-SET-Step-11.jpg/v4-460px-Play-SET-Step-11.jpg", "vid": null}, "12": {"text": "Continue gameplay until there are no cards or sets left in the deck.", "img": "https://www.wikihow.com/images/thumb/e/e0/Play-SET-Step-12.jpg/v4-460px-Play-SET-Step-12.jpg", "vid": null}, "13": {"text": "Count the number of sets each player has to declare a winner.", "img": "https://www.wikihow.com/images/thumb/6/68/Play-SET-Step-13.jpg/v4-460px-Play-SET-Step-13.jpg", "vid": null}}