{"video_url": "https://www.youtube.com/embed/ElI45xxLiOc?showinfo=0", "1": {"text": "Find 2 to 8 players.", "img": "https://www.wikihow.com/images/thumb/f/f5/Have-a-Casual-Monopoly-Tournament-Step-7.jpg/v4-460px-Have-a-Casual-Monopoly-Tournament-Step-7.jpg", "vid": null}, "2": {"text": "Choose a banker.", "img": null, "vid": "/1/13/Play Monopoly Step 1.360p.mp4"}, "3": {"text": "Set up the board.", "img": "https://www.wikihow.com/images/thumb/1/16/Have-a-Casual-Monopoly-Tournament-Step-3-Version-3.jpg/v4-460px-Have-a-Casual-Monopoly-Tournament-Step-3-Version-3.jpg", "vid": null}, "4": {"text": "Pick a game piece.", "img": null, "vid": "/e/e3/Play Monopoly Step 2.360p.mp4"}, "5": {"text": "Give each player $1500.", "img": "https://www.wikihow.com/images/thumb/2/28/Make-Your-Own-Version-of-Monopoly-Step-5-Version-2.jpg/v4-460px-Make-Your-Own-Version-of-Monopoly-Step-5-Version-2.jpg", "vid": null}, "6": {"text": "Roll the dice to pick the first player.", "img": null, "vid": "/5/54/Play Monopoly Step 4.360p.mp4"}, "7": {"text": "Roll the dice and move your game piece.", "img": "https://www.wikihow.com/images/thumb/e/ed/Play-Risk-Step-5-Version-2.jpg/v4-460px-Play-Risk-Step-5-Version-2.jpg", "vid": null}, "8": {"text": "Look at the space you landed on.", "img": "https://www.wikihow.com/images/thumb/0/03/Win-at-Monopoly-Step-14-Version-2.jpg/v4-460px-Win-at-Monopoly-Step-14-Version-2.jpg", "vid": null}, "9": {"text": "Buy an unowned property when you land on it.", "img": null, "vid": "/8/8b/Play Monopoly Step 5.360p.mp4"}, "10": {"text": "Auction any unsold property.", "img": "https://www.wikihow.com/images/thumb/f/f8/Auction-in-Monopoly-Step-9.jpg/v4-460px-Auction-in-Monopoly-Step-9.jpg", "vid": null}, "11": {"text": "Collect rent.", "img": null, "vid": "/7/72/Play Monopoly Step 6.360p.mp4"}, "12": {"text": "Buy all the properties in a colored group to get a monopoly.", "img": "https://www.wikihow.com/images/thumb/e/e4/Win-at-Monopoly-Step-5-Version-3.jpg/v4-460px-Win-at-Monopoly-Step-5-Version-3.jpg", "vid": null}, "13": {"text": "Build houses on your monopoly.", "img": "https://www.wikihow.com/images/thumb/e/e8/Play-Monopoly-With-Electronic-Banking-Step-22.jpg/v4-460px-Play-Monopoly-With-Electronic-Banking-Step-22.jpg", "vid": null}, "14": {"text": "Build a hotel after you've built four houses.", "img": "https://www.wikihow.com/images/thumb/2/29/Play-Monopoly-With-Electronic-Banking-Step-23.jpg/v4-460px-Play-Monopoly-With-Electronic-Banking-Step-23.jpg", "vid": null}, "15": {"text": "Collect $200 when you pass GO.", "img": null, "vid": "/0/0d/Play Monopoly Step 7.360p.mp4"}, "16": {"text": "Take a Chance or Community Chest card.", "img": null, "vid": "/c/c8/Play Monopoly Step 8.360p.mp4"}, "17": {"text": "Go to jail.", "img": null, "vid": "/d/dc/Play Monopoly Step 9.360p.mp4"}, "18": {"text": "Make deals with other players.", "img": null, "vid": "/c/c0/Play Monopoly Step 11.360p.mp4"}, "19": {"text": "Set a time limit to determine the winner (optional).", "img": "https://www.wikihow.com/images/thumb/5/53/Play-Boggle-Step-4-Version-2.jpg/v4-460px-Play-Boggle-Step-4-Version-2.jpg", "vid": null}, "20": {"text": "Do NOT award money for landing on Free Parking.", "img": "https://www.wikihow.com/images/thumb/4/42/Win-at-Monopoly-Step-4-Version-3.jpg/v4-460px-Win-at-Monopoly-Step-4-Version-3.jpg", "vid": null}, "21": {"text": "Mortgage property.", "img": null, "vid": "/0/05/Play Monopoly Step 12.360p.mp4"}, "22": {"text": "Go bankrupt.", "img": null, "vid": "/a/a9/Play Monopoly Step 13.360p.mp4"}}