{"video_url": "https://www.youtube.com/embed/Pr91QWjPAGw", "1": {"text": "Know the basics of capture the flag to get playing quickly.", "img": "https://www.wikihow.com/images/thumb/f/f6/Play-Capture-the-Flag-Step-1-Version-2.jpg/v4-460px-Play-Capture-the-Flag-Step-1-Version-2.jpg", "vid": null}, "2": {"text": "Find a large, open area to play.", "img": "https://www.wikihow.com/images/thumb/e/ef/Play-Capture-the-Flag-Step-2-Version-2.jpg/v4-460px-Play-Capture-the-Flag-Step-2-Version-2.jpg", "vid": null}, "3": {"text": "Find an even number of people to play with.", "img": "https://www.wikihow.com/images/thumb/6/6b/Play-Capture-the-Flag-Step-3-Version-2.jpg/v4-460px-Play-Capture-the-Flag-Step-3-Version-2.jpg", "vid": null}, "4": {"text": "Choose two similar objects to be flags.", "img": "https://www.wikihow.com/images/thumb/b/b0/Play-Capture-the-Flag-Step-4-Version-2.jpg/v4-460px-Play-Capture-the-Flag-Step-4-Version-2.jpg", "vid": null}, "5": {"text": "Mark all of the boundaries of the playing field together.", "img": "https://www.wikihow.com/images/thumb/b/b7/Play-Capture-the-Flag-Step-5-Version-2.jpg/v4-460px-Play-Capture-the-Flag-Step-5-Version-2.jpg", "vid": null}, "6": {"text": "Hide your team's flag secretly.", "img": "https://www.wikihow.com/images/thumb/2/26/Play-Capture-the-Flag-Step-6-Version-2.jpg/v4-460px-Play-Capture-the-Flag-Step-6-Version-2.jpg", "vid": null}, "7": {"text": "Pick \"jails\" for each team.", "img": "https://www.wikihow.com/images/thumb/f/f6/Play-Capture-the-Flag-Step-7-Version-2.jpg/v4-460px-Play-Capture-the-Flag-Step-7-Version-2.jpg", "vid": null}, "8": {"text": "Talk about any \"specialty\" rules before starting the game.", "img": "https://www.wikihow.com/images/thumb/a/a6/Play-Capture-the-Flag-Step-8-Version-2.jpg/v4-460px-Play-Capture-the-Flag-Step-8-Version-2.jpg", "vid": null}, "9": {"text": "Break your team up into \"guards\" and \"attackers.", "img": "https://www.wikihow.com/images/thumb/b/bd/Play-Capture-the-Flag-Step-9-Version-2.jpg/v4-460px-Play-Capture-the-Flag-Step-9-Version-2.jpg", "vid": null}, "10": {"text": "Plan your modes of attack.", "img": "https://www.wikihow.com/images/thumb/b/b4/Play-Capture-the-Flag-Step-10-Version-2.jpg/v4-460px-Play-Capture-the-Flag-Step-10-Version-2.jpg", "vid": null}, "11": {"text": "Hide your flag cleverly.", "img": "https://www.wikihow.com/images/thumb/6/67/Play-Capture-the-Flag-Step-11-Version-2.jpg/v4-460px-Play-Capture-the-Flag-Step-11-Version-2.jpg", "vid": null}, "12": {"text": "Switch sides after every game.", "img": "https://www.wikihow.com/images/thumb/d/db/Play-Capture-the-Flag-Step-12-Version-2.jpg/v4-460px-Play-Capture-the-Flag-Step-12-Version-2.jpg", "vid": null}, "13": {"text": "Freeze people on tags instead of sending them to jail.", "img": "https://www.wikihow.com/images/thumb/c/c8/Play-Capture-the-Flag-Step-13-Version-2.jpg/v4-460px-Play-Capture-the-Flag-Step-13-Version-2.jpg", "vid": null}, "14": {"text": "Play with a frisbee or ball for your flag that you can pass to teammates.", "img": "https://www.wikihow.com/images/thumb/1/12/Play-Capture-the-Flag-Step-14-Version-2.jpg/v4-460px-Play-Capture-the-Flag-Step-14-Version-2.jpg", "vid": null}, "15": {"text": "Hide multiple flags per team.", "img": "https://www.wikihow.com/images/thumb/b/b3/Play-Capture-the-Flag-Step-15-Version-2.jpg/v4-460px-Play-Capture-the-Flag-Step-15-Version-2.jpg", "vid": null}, "16": {"text": "Try out Capture the Flag at night.", "img": "https://www.wikihow.com/images/thumb/6/66/Play-Capture-the-Flag-Step-16-Version-2.jpg/v4-460px-Play-Capture-the-Flag-Step-16-Version-2.jpg", "vid": null}, "17": {"text": "Tag people with water balloons or \"flour bombs\" instead of your hands.", "img": "https://www.wikihow.com/images/thumb/0/0d/Play-Capture-the-Flag-Step-17-Version-2.jpg/v4-460px-Play-Capture-the-Flag-Step-17-Version-2.jpg", "vid": null}, "18": {"text": "Set up a neutral zone where no one can be tagged.", "img": "https://www.wikihow.com/images/thumb/c/c5/Play-Capture-the-Flag-Step-18-Version-2.jpg/v4-460px-Play-Capture-the-Flag-Step-18-Version-2.jpg", "vid": null}}