{"video_url": "https://www.youtube.com/embed/fAaRpgAsokA?showinfo=0", "1": {"text": "Shuffle and deal a deck of 52 cards.", "img": "https://www.wikihow.com/images/thumb/c/c0/Play-Bullshit-Step-1-Version-3.jpg/v4-460px-Play-Bullshit-Step-1-Version-3.jpg", "vid": null}, "2": {"text": "Determine who should go first.", "img": "https://www.wikihow.com/images/thumb/8/8f/Play-Bullshit-Step-2-Version-3.jpg/v4-460px-Play-Bullshit-Step-2-Version-3.jpg", "vid": null}, "3": {"text": "Continue putting down the cards clockwise in consecutive ascending order.", "img": "https://www.wikihow.com/images/thumb/c/c8/Play-Bullshit-Step-3-Version-3.jpg/v4-460px-Play-Bullshit-Step-3-Version-3.jpg", "vid": null}, "4": {"text": "Call \"bullshit\" on anyone who you think is lying.", "img": "https://www.wikihow.com/images/thumb/9/9c/Play-Bullshit-Step-4-Version-3.jpg/v4-460px-Play-Bullshit-Step-4-Version-3.jpg", "vid": null}, "5": {"text": "Continue play after \"bullshit\" has been called.", "img": "https://www.wikihow.com/images/thumb/3/38/Play-Bullshit-Step-5-Version-3.jpg/v4-460px-Play-Bullshit-Step-5-Version-3.jpg", "vid": null}, "6": {"text": "Win the game by playing all of the cards in your hand.", "img": "https://www.wikihow.com/images/thumb/1/18/Play-Bullshit-Step-6-Version-3.jpg/v4-460px-Play-Bullshit-Step-6-Version-3.jpg", "vid": null}, "7": {"text": "Play with two or more packs shuffled together.", "img": "https://www.wikihow.com/images/thumb/8/84/Play-Bullshit-Step-7-Version-2.jpg/v4-460px-Play-Bullshit-Step-7-Version-2.jpg", "vid": null}, "8": {"text": "Change the sequence of ranks.", "img": "https://www.wikihow.com/images/thumb/7/76/Play-Bullshit-Step-8-Version-2.jpg/v4-460px-Play-Bullshit-Step-8-Version-2.jpg", "vid": null}, "9": {"text": "Allow players to put down more cards than they said they had.", "img": "https://www.wikihow.com/images/thumb/9/97/Play-Bullshit-Step-9-Version-2.jpg/v4-460px-Play-Bullshit-Step-9-Version-2.jpg", "vid": null}, "10": {"text": "Allow players to put cards down when it is not their turns, but not the most recent player.", "img": "https://www.wikihow.com/images/thumb/8/89/Play-Bullshit-Step-10-Version-2.jpg/v4-460px-Play-Bullshit-Step-10-Version-2.jpg", "vid": null}, "11": {"text": "Allow people with all four cards of the same rank to discard them off to the side, when its their turn, face up, telling everyone what rank it is.", "img": "https://www.wikihow.com/images/thumb/d/db/Play-Bullshit-Step-11.jpg/v4-460px-Play-Bullshit-Step-11.jpg", "vid": null}}