{"video_url": "https://www.youtube.com/embed/XuVraDslIKU?showinfo=0", "1": {"text": "Remove the Jokers from the deck.", "img": "https://www.wikihow.com/images/thumb/6/6f/Play-Slap-Jack-Step-1-Version-2.jpg/v4-460px-Play-Slap-Jack-Step-1-Version-2.jpg", "vid": null}, "2": {"text": "Shuffle the cards", "img": "https://www.wikihow.com/images/thumb/f/fe/Play-Slap-Jack-Step-2-Version-2.jpg/v4-460px-Play-Slap-Jack-Step-2-Version-2.jpg", "vid": null}, "3": {"text": "Give each player 1 card at a time until all of the cards are dealt.", "img": "https://www.wikihow.com/images/thumb/b/b8/Play-Slap-Jack-Step-3-Version-2.jpg/v4-460px-Play-Slap-Jack-Step-3-Version-2.jpg", "vid": null}, "4": {"text": "Organize your hand into a neat pile without looking at the cards.", "img": "https://www.wikihow.com/images/thumb/6/60/Play-Slap-Jack-Step-4-Version-2.jpg/v4-460px-Play-Slap-Jack-Step-4-Version-2.jpg", "vid": null}, "5": {"text": "Have the player to the left of the dealer place 1 card face-up in the middle.", "img": "https://www.wikihow.com/images/thumb/f/fb/Play-Slap-Jack-Step-5.jpg/v4-460px-Play-Slap-Jack-Step-5.jpg", "vid": null}, "6": {"text": "Play 1 card per person working in a clockwise direction.", "img": "https://www.wikihow.com/images/thumb/3/37/Play-Slap-Jack-Step-6.jpg/v4-460px-Play-Slap-Jack-Step-6.jpg", "vid": null}, "7": {"text": "Slap the Jack card as soon as a player flips it over.", "img": "https://www.wikihow.com/images/thumb/d/d5/Play-Slap-Jack-Step-7.jpg/v4-460px-Play-Slap-Jack-Step-7.jpg", "vid": null}, "8": {"text": "Take the cards underneath the Jack and shuffle them into your pile.", "img": "https://www.wikihow.com/images/thumb/f/f2/Play-Slap-Jack-Step-8.jpg/v4-460px-Play-Slap-Jack-Step-8.jpg", "vid": null}, "9": {"text": "Start a new pile in the middle if you slapped the deck.", "img": "https://www.wikihow.com/images/thumb/c/c0/Play-Slap-Jack-Step-9.jpg/v4-460px-Play-Slap-Jack-Step-9.jpg", "vid": null}, "10": {"text": "Give 1 card to another player if you slap a card other than the Jack.", "img": "https://www.wikihow.com/images/thumb/0/0c/Play-Slap-Jack-Step-10.jpg/v4-460px-Play-Slap-Jack-Step-10.jpg", "vid": null}, "11": {"text": "Try to be the first player to slap the Jack.", "img": "https://www.wikihow.com/images/thumb/f/fc/Play-Slap-Jack-Step-11.jpg/v4-460px-Play-Slap-Jack-Step-11.jpg", "vid": null}, "12": {"text": "Slap the next Jack when you run out of cards to stay in the game.", "img": "https://www.wikihow.com/images/thumb/7/70/Play-Slap-Jack-Step-12.jpg/v4-460px-Play-Slap-Jack-Step-12.jpg", "vid": null}, "13": {"text": "Collect all of the cards to win the game.", "img": "https://www.wikihow.com/images/thumb/8/86/Play-Slap-Jack-Step-13.jpg/v4-460px-Play-Slap-Jack-Step-13.jpg", "vid": null}}