{"video_url": "https://www.youtube.com/embed/zCT-b7G9XZc?showinfo=0", "1": {"text": "Deal out an entire deck of cards.", "img": "https://www.wikihow.com/images/thumb/c/cc/Play-the-Card-Game-Called-Sevens-Step-1-Version-2.jpg/v4-460px-Play-the-Card-Game-Called-Sevens-Step-1-Version-2.jpg", "vid": null}, "2": {"text": "Arrange your hand in order of suit and numerical order.", "img": "https://www.wikihow.com/images/thumb/5/51/Play-the-Card-Game-Called-Sevens-Step-2-Version-2.jpg/v4-460px-Play-the-Card-Game-Called-Sevens-Step-2-Version-2.jpg", "vid": null}, "3": {"text": "Start each round with the seven of diamonds.", "img": "https://www.wikihow.com/images/thumb/6/6a/Play-the-Card-Game-Called-Sevens-Step-3-Version-2.jpg/v4-460px-Play-the-Card-Game-Called-Sevens-Step-3-Version-2.jpg", "vid": null}, "4": {"text": "Organize the layouts on the table.", "img": "https://www.wikihow.com/images/thumb/d/de/Play-the-Card-Game-Called-Sevens-Step-4-Version-2.jpg/v4-460px-Play-the-Card-Game-Called-Sevens-Step-4-Version-2.jpg", "vid": null}, "5": {"text": "Take turns putting one card down at a time.", "img": "https://www.wikihow.com/images/thumb/f/f7/Play-the-Card-Game-Called-Sevens-Step-5-Version-2.jpg/v4-460px-Play-the-Card-Game-Called-Sevens-Step-5-Version-2.jpg", "vid": null}, "6": {"text": "\u201dKnock\u201d when you cannot play any cards.", "img": "https://www.wikihow.com/images/thumb/3/3b/Play-the-Card-Game-Called-Sevens-Step-6-Version-2.jpg/v4-460px-Play-the-Card-Game-Called-Sevens-Step-6-Version-2.jpg", "vid": null}, "7": {"text": "Continue playing until someone runs out of cards.", "img": "https://www.wikihow.com/images/thumb/3/30/Play-the-Card-Game-Called-Sevens-Step-7-Version-2.jpg/v4-460px-Play-the-Card-Game-Called-Sevens-Step-7-Version-2.jpg", "vid": null}, "8": {"text": "Hold on to your sevens, sixes, and eights as long as possible.", "img": "https://www.wikihow.com/images/thumb/a/a3/Play-the-Card-Game-Called-Sevens-Step-8.jpg/v4-460px-Play-the-Card-Game-Called-Sevens-Step-8.jpg", "vid": null}, "9": {"text": "Use poker chips to raise the stakes.", "img": "https://www.wikihow.com/images/thumb/3/35/Play-the-Card-Game-Called-Sevens-Step-9.jpg/v4-460px-Play-the-Card-Game-Called-Sevens-Step-9.jpg", "vid": null}, "10": {"text": "Allow people to play more than one card.", "img": "https://www.wikihow.com/images/thumb/3/34/Play-the-Card-Game-Called-Sevens-Step-10.jpg/v4-460px-Play-the-Card-Game-Called-Sevens-Step-10.jpg", "vid": null}, "11": {"text": "Keep track of how many cards you have left for scoring.", "img": "https://www.wikihow.com/images/thumb/a/aa/Play-the-Card-Game-Called-Sevens-Step-11.jpg/v4-460px-Play-the-Card-Game-Called-Sevens-Step-11.jpg", "vid": null}, "12": {"text": "Use the Ace as the lowest card instead of a two.", "img": "https://www.wikihow.com/images/thumb/4/4f/Play-the-Card-Game-Called-Sevens-Step-12.jpg/v4-460px-Play-the-Card-Game-Called-Sevens-Step-12.jpg", "vid": null}}