{"video_url": "https://www.youtube.com/embed/5RgH4TwHhMU?showinfo=0", "1": {"text": "Set up the board.", "img": "https://www.wikihow.com/images/thumb/1/1c/Play-Candy-Land-Step-1-Version-2.jpg/v4-460px-Play-Candy-Land-Step-1-Version-2.jpg", "vid": null}, "2": {"text": "Shuffle the cards and stack them together in a pile.", "img": "https://www.wikihow.com/images/thumb/9/98/Play-Candy-Land-Step-2-Version-2.jpg/v4-460px-Play-Candy-Land-Step-2-Version-2.jpg", "vid": null}, "3": {"text": "Place gingerbread pawns on the start square.", "img": "https://www.wikihow.com/images/thumb/b/bf/Play-Candy-Land-Step-3-Version-2.jpg/v4-460px-Play-Candy-Land-Step-3-Version-2.jpg", "vid": null}, "4": {"text": "Let the youngest player go first.", "img": "https://www.wikihow.com/images/thumb/a/af/Play-Candy-Land-Step-4-Version-2.jpg/v4-460px-Play-Candy-Land-Step-4-Version-2.jpg", "vid": null}, "5": {"text": "Draw a card and move to the closest corresponding color.", "img": "https://www.wikihow.com/images/thumb/4/4f/Play-Candy-Land-Step-5-Version-2.jpg/v4-460px-Play-Candy-Land-Step-5-Version-2.jpg", "vid": null}, "6": {"text": "Take shortcuts when possible.", "img": "https://www.wikihow.com/images/thumb/7/7d/Play-Candy-Land-Step-6.jpg/v4-460px-Play-Candy-Land-Step-6.jpg", "vid": null}, "7": {"text": "Lose a turn if you land on a licorice space.", "img": "https://www.wikihow.com/images/thumb/9/98/Play-Candy-Land-Step-7.jpg/v4-460px-Play-Candy-Land-Step-7.jpg", "vid": null}, "8": {"text": "Continue until you reach the end.", "img": "https://www.wikihow.com/images/thumb/5/52/Play-Candy-Land-Step-8.jpg/v4-460px-Play-Candy-Land-Step-8.jpg", "vid": null}, "9": {"text": "Make the game easier for younger players.", "img": "https://www.wikihow.com/images/thumb/1/18/Play-Candy-Land-Step-9.jpg/v4-460px-Play-Candy-Land-Step-9.jpg", "vid": null}, "10": {"text": "Add complexity for older players.", "img": "https://www.wikihow.com/images/thumb/5/5e/Play-Candy-Land-Step-10.jpg/v4-460px-Play-Candy-Land-Step-10.jpg", "vid": null}}