{"video_url": "https://www.youtube.com/embed/mhCCIkt4g-k?showinfo=0", "1": {"text": "Open up your pack of cards and tokens.", "img": "https://www.wikihow.com/images/thumb/8/81/Play-Splendor-Step-1.jpg/v4-460px-Play-Splendor-Step-1.jpg", "vid": null}, "2": {"text": "Divide the cards by color and arrange them in decks.", "img": "https://www.wikihow.com/images/thumb/6/65/Play-Splendor-Step-2.jpg/v4-460px-Play-Splendor-Step-2.jpg", "vid": null}, "3": {"text": "Deal 4 cards from each deck, leaving them face-up in rows.", "img": "https://www.wikihow.com/images/thumb/3/30/Play-Splendor-Step-3.jpg/v4-460px-Play-Splendor-Step-3.jpg", "vid": null}, "4": {"text": "Shuffle and deal the Noble Tiles.", "img": "https://www.wikihow.com/images/thumb/9/97/Play-Splendor-Step-4.jpg/v4-460px-Play-Splendor-Step-4.jpg", "vid": null}, "5": {"text": "Sort each token by color and put them at the bottom of the table.", "img": "https://www.wikihow.com/images/thumb/0/05/Play-Splendor-Step-5.jpg/v4-460px-Play-Splendor-Step-5.jpg", "vid": null}, "6": {"text": "Win the game by getting the most Prestige points.", "img": "https://www.wikihow.com/images/thumb/b/b5/Play-Splendor-Step-6.jpg/v4-460px-Play-Splendor-Step-6.jpg", "vid": null}, "7": {"text": "Start with the youngest player and go clockwise around the table.", "img": "https://www.wikihow.com/images/thumb/6/64/Play-Splendor-Step-7.jpg/v4-460px-Play-Splendor-Step-7.jpg", "vid": null}, "8": {"text": "Choose from 4 different actions during your turn.", "img": "https://www.wikihow.com/images/thumb/7/7d/Play-Splendor-Step-8.jpg/v4-460px-Play-Splendor-Step-8.jpg", "vid": null}, "9": {"text": "Take 3 different colored gems when you first start the game.", "img": "https://www.wikihow.com/images/thumb/2/21/Play-Splendor-Step-9.jpg/v4-460px-Play-Splendor-Step-9.jpg", "vid": null}, "10": {"text": "Take 2 gems of the same kind if there are more than 4 in the stack.", "img": "https://www.wikihow.com/images/thumb/9/9d/Play-Splendor-Step-10.jpg/v4-460px-Play-Splendor-Step-10.jpg", "vid": null}, "11": {"text": "Purchase a development card using your tokens.", "img": "https://www.wikihow.com/images/thumb/1/15/Play-Splendor-Step-11.jpg/v4-460px-Play-Splendor-Step-11.jpg", "vid": null}, "12": {"text": "Reserve a development card if you can\u2019t buy it yet.", "img": "https://www.wikihow.com/images/thumb/1/1b/Play-Splendor-Step-12.jpg/v4-460px-Play-Splendor-Step-12.jpg", "vid": null}, "13": {"text": "Trade in gold tokens for any gems you need.", "img": "https://www.wikihow.com/images/thumb/d/d3/Play-Splendor-Step-13.jpg/v4-460px-Play-Splendor-Step-13.jpg", "vid": null}, "14": {"text": "Collect a Noble card if you\u2019ve gotten their attention.", "img": "https://www.wikihow.com/images/thumb/b/b9/Play-Splendor-Step-14.jpg/v4-460px-Play-Splendor-Step-14.jpg", "vid": null}, "15": {"text": "Discard tokens if you have more than 10.", "img": "https://www.wikihow.com/images/thumb/6/6b/Play-Splendor-Step-15.jpg/v4-460px-Play-Splendor-Step-15.jpg", "vid": null}, "16": {"text": "Begin the final round when someone reaches 15 Prestige points.", "img": "https://www.wikihow.com/images/thumb/c/c1/Play-Splendor-Step-16.jpg/v4-460px-Play-Splendor-Step-16.jpg", "vid": null}, "17": {"text": "Tally up your Prestige points to find out who wins.", "img": "https://www.wikihow.com/images/thumb/a/a3/Play-Splendor-Step-17.jpg/v4-460px-Play-Splendor-Step-17.jpg", "vid": null}}