{"video_url": "https://www.youtube.com/embed/2xAm6R33iQ0", "1": {"text": "Find a suitable playing field.", "img": "https://www.wikihow.com/images/thumb/7/77/Play-Ultimate-Frisbee-Step-1-Version-2.jpg/v4-460px-Play-Ultimate-Frisbee-Step-1-Version-2.jpg", "vid": null}, "2": {"text": "Divide into two teams.", "img": "https://www.wikihow.com/images/thumb/2/2b/Play-Ultimate-Frisbee-Step-2-Version-2.jpg/v4-460px-Play-Ultimate-Frisbee-Step-2-Version-2.jpg", "vid": null}, "3": {"text": "Play with the correct kind of disc.", "img": "https://www.wikihow.com/images/thumb/c/c3/Play-Ultimate-Frisbee-Step-3-Version-2.jpg/v4-460px-Play-Ultimate-Frisbee-Step-3-Version-2.jpg", "vid": null}, "4": {"text": "Learn how play is advanced.", "img": "https://www.wikihow.com/images/thumb/1/11/Play-Ultimate-Frisbee-Step-4-Version-2.jpg/v4-460px-Play-Ultimate-Frisbee-Step-4-Version-2.jpg", "vid": null}, "5": {"text": "Find a league in your area to learn more.", "img": "https://www.wikihow.com/images/thumb/a/a9/Play-Ultimate-Frisbee-Step-5-Version-2.jpg/v4-460px-Play-Ultimate-Frisbee-Step-5-Version-2.jpg", "vid": null}, "6": {"text": "Launch the Frisbee to the winner of the coin toss.", "img": "https://www.wikihow.com/images/thumb/d/dc/Play-Ultimate-Frisbee-Step-6-Version-2.jpg/v4-460px-Play-Ultimate-Frisbee-Step-6-Version-2.jpg", "vid": null}, "7": {"text": "Score points with complete passes.", "img": "https://www.wikihow.com/images/thumb/a/a1/Play-Ultimate-Frisbee-Step-7-Version-2.jpg/v4-460px-Play-Ultimate-Frisbee-Step-7-Version-2.jpg", "vid": null}, "8": {"text": "Do not make contact with opposing players.", "img": "https://www.wikihow.com/images/thumb/3/36/Play-Ultimate-Frisbee-Step-8.jpg/v4-460px-Play-Ultimate-Frisbee-Step-8.jpg", "vid": null}, "9": {"text": "Play to 15 points.", "img": "https://www.wikihow.com/images/thumb/2/2c/Play-Ultimate-Frisbee-Step-9.jpg/v4-460px-Play-Ultimate-Frisbee-Step-9.jpg", "vid": null}, "10": {"text": "Police yourselves.", "img": "https://www.wikihow.com/images/thumb/3/35/Play-Ultimate-Frisbee-Step-10.jpg/v4-460px-Play-Ultimate-Frisbee-Step-10.jpg", "vid": null}, "11": {"text": "Practice making good throws before you try to play Ultimate.", "img": "https://www.wikihow.com/images/thumb/d/d4/Play-Ultimate-Frisbee-Step-11.jpg/v4-460px-Play-Ultimate-Frisbee-Step-11.jpg", "vid": null}, "12": {"text": "Learn more advanced throws as you improve your game.", "img": "https://www.wikihow.com/images/thumb/5/57/Play-Ultimate-Frisbee-Step-12.jpg/v4-460px-Play-Ultimate-Frisbee-Step-12.jpg", "vid": null}, "13": {"text": "Make quick passes.", "img": "https://www.wikihow.com/images/thumb/6/67/Play-Ultimate-Frisbee-Step-13.jpg/v4-460px-Play-Ultimate-Frisbee-Step-13.jpg", "vid": null}, "14": {"text": "Let your quick teammates run onto the passes.", "img": "https://www.wikihow.com/images/thumb/1/11/Play-Ultimate-Frisbee-Step-14.jpg/v4-460px-Play-Ultimate-Frisbee-Step-14.jpg", "vid": null}, "15": {"text": "Don't rush it.", "img": "https://www.wikihow.com/images/thumb/7/7f/Play-Ultimate-Frisbee-Step-15.jpg/v4-460px-Play-Ultimate-Frisbee-Step-15.jpg", "vid": null}, "16": {"text": "Move to open space.", "img": "https://www.wikihow.com/images/thumb/c/c5/Play-Ultimate-Frisbee-Step-16.jpg/v4-460px-Play-Ultimate-Frisbee-Step-16.jpg", "vid": null}, "17": {"text": "Practice pattern routes.", "img": "https://www.wikihow.com/images/thumb/1/1c/Play-Ultimate-Frisbee-Step-17.jpg/v4-460px-Play-Ultimate-Frisbee-Step-17.jpg", "vid": null}, "18": {"text": "Mark up player to player on defense.", "img": "https://www.wikihow.com/images/thumb/9/9d/Play-Ultimate-Frisbee-Step-18.jpg/v4-460px-Play-Ultimate-Frisbee-Step-18.jpg", "vid": null}}