{"video_url": "https://www.youtube.com/embed/QINtQ4pkpEk?showinfo=0", "1": {"text": "Shuffle each deck of cards, then put them into 2 piles.", "img": "https://www.wikihow.com/images/thumb/a/a2/Play-wikiHow-to-Meme-Step-1.jpg/v4-460px-Play-wikiHow-to-Meme-Step-1.jpg", "vid": null}, "2": {"text": "It can be any one of your friends!", "img": "https://www.wikihow.com/images/thumb/1/14/Play-wikiHow-to-Meme-Step-2.jpg/v4-460px-Play-wikiHow-to-Meme-Step-2.jpg", "vid": null}, "3": {"text": "Have the judge hand out the cards to everyone.", "img": "https://www.wikihow.com/images/thumb/a/ad/Play-wikiHow-to-Meme-Step-3.jpg/v4-460px-Play-wikiHow-to-Meme-Step-3.jpg", "vid": null}, "4": {"text": "Have the judge flip this card.", "img": "https://www.wikihow.com/images/thumb/0/03/Play-wikiHow-to-Meme-Step-4.jpg/v4-460px-Play-wikiHow-to-Meme-Step-4.jpg", "vid": null}, "5": {"text": "Players can choose any card from their hand to play.", "img": "https://www.wikihow.com/images/thumb/8/87/Play-wikiHow-to-Meme-Step-5.jpg/v4-460px-Play-wikiHow-to-Meme-Step-5.jpg", "vid": null}, "6": {"text": "It\u2019s time for the judge to judge!", "img": "https://www.wikihow.com/images/thumb/6/65/Play-wikiHow-to-Meme-Step-6.jpg/v4-460px-Play-wikiHow-to-Meme-Step-6.jpg", "vid": null}, "7": {"text": "The judge can choose a winner based on anything they want.", "img": "https://www.wikihow.com/images/thumb/8/8c/Play-wikiHow-to-Meme-Step-7.jpg/v4-460px-Play-wikiHow-to-Meme-Step-7.jpg", "vid": null}, "8": {"text": "All players should have 7 cards in their hands.", "img": "https://www.wikihow.com/images/thumb/e/e4/Play-wikiHow-to-Meme-Step-8.jpg/v4-460px-Play-wikiHow-to-Meme-Step-8.jpg", "vid": null}, "9": {"text": "Keep playing until someone collects 5 cards!", "img": "https://www.wikihow.com/images/thumb/b/b3/Play-wikiHow-to-Meme-Step-9.jpg/v4-460px-Play-wikiHow-to-Meme-Step-9.jpg", "vid": null}}