{"video_url": "https://www.youtube.com/embed/2x6r7DBdxhY?showinfo=0", "1": {"text": "Play the game with 2 to 4 players.", "img": "https://www.wikihow.com/images/thumb/9/9c/Play-Dominoes-Step-1-Version-9.jpg/v4-460px-Play-Dominoes-Step-1-Version-9.jpg", "vid": null}, "2": {"text": "Shuffle the dominoes face down and draw to see who plays first.", "img": "https://www.wikihow.com/images/thumb/d/db/Play-Dominoes-Step-2-Version-8.jpg/v4-460px-Play-Dominoes-Step-2-Version-8.jpg", "vid": null}, "3": {"text": "Have each player draw 7 dominoes for their hand.", "img": "https://www.wikihow.com/images/thumb/7/71/Play-Dominoes-Step-3-Version-8.jpg/v4-460px-Play-Dominoes-Step-3-Version-8.jpg", "vid": null}, "4": {"text": "Place the first tile in the center of the table to begin the round.", "img": "https://www.wikihow.com/images/thumb/a/ac/Play-Dominoes-Step-4-Version-8.jpg/v4-460px-Play-Dominoes-Step-4-Version-8.jpg", "vid": null}, "5": {"text": "Take turns building off the tiles on the board with the tiles in your hand.", "img": "https://www.wikihow.com/images/thumb/f/ff/Play-Dominoes-Step-5-Version-8.jpg/v4-460px-Play-Dominoes-Step-5-Version-8.jpg", "vid": null}, "6": {"text": "Pick up a tile from the draw pile if you can't play a tile in your hand.", "img": "https://www.wikihow.com/images/thumb/9/90/Play-Dominoes-Step-6-Version-8.jpg/v4-460px-Play-Dominoes-Step-6-Version-8.jpg", "vid": null}, "7": {"text": "Win the round by using all of the dominoes in your hand.", "img": "https://www.wikihow.com/images/thumb/2/22/Play-Dominoes-Step-7-Version-7.jpg/v4-460px-Play-Dominoes-Step-7-Version-7.jpg", "vid": null}, "8": {"text": "Tally the score by adding up the points left in each player's hand.", "img": "https://www.wikihow.com/images/thumb/a/a0/Play-Dominoes-Step-8-Version-7.jpg/v4-460px-Play-Dominoes-Step-8-Version-7.jpg", "vid": null}, "9": {"text": "Pull out the double-12 or double-9 domino from the set.", "img": "https://www.wikihow.com/images/thumb/0/0d/Play-Dominoes-Step-9.jpg/v4-460px-Play-Dominoes-Step-9.jpg", "vid": null}, "10": {"text": "Shuffle the remaining dominoes facedown on the table in front of you.", "img": "https://www.wikihow.com/images/thumb/5/5e/Play-Dominoes-Step-10.jpg/v4-460px-Play-Dominoes-Step-10.jpg", "vid": null}, "11": {"text": "Have each player draw their cards from the shuffled tiles.", "img": "https://www.wikihow.com/images/thumb/2/26/Play-Dominoes-Step-11.jpg/v4-460px-Play-Dominoes-Step-11.jpg", "vid": null}, "12": {"text": "Put the remaining tiles into the \u201ctrain yard\u201d to draw from on future turns.", "img": "https://www.wikihow.com/images/thumb/2/20/Play-Dominoes-Step-12.jpg/v4-460px-Play-Dominoes-Step-12.jpg", "vid": null}, "13": {"text": "Set the double domino in the center of the table to begin play.", "img": "https://www.wikihow.com/images/thumb/d/db/Play-Dominoes-Step-13.jpg/v4-460px-Play-Dominoes-Step-13.jpg", "vid": null}, "14": {"text": "Pick someone to start and take turns clockwise around the table.", "img": "https://www.wikihow.com/images/thumb/c/c4/Play-Dominoes-Step-14.jpg/v4-460px-Play-Dominoes-Step-14.jpg", "vid": null}, "15": {"text": "Win a hand by being the first to lay down all of your dominoes.", "img": "https://www.wikihow.com/images/thumb/1/1f/Play-Dominoes-Step-15.jpg/v4-460px-Play-Dominoes-Step-15.jpg", "vid": null}, "16": {"text": "Continue playing and keeping score until all the double tiles are used.", "img": "https://www.wikihow.com/images/thumb/2/26/Play-Dominoes-Step-16.jpg/v4-460px-Play-Dominoes-Step-16.jpg", "vid": null}}