{"video_url": "https://www.youtube.com/embed/MOW9k_C4vFU?showinfo=0", "1": {"text": "Determine who will have the first turn.", "img": "https://www.wikihow.com/images/thumb/6/68/Play-Checkers-Step-1-Version-8.jpg/v4-460px-Play-Checkers-Step-1-Version-8.jpg", "vid": null}, "2": {"text": "Set up the board.", "img": "https://www.wikihow.com/images/thumb/2/27/Play-Checkers-Step-2-Version-8.jpg/v4-460px-Play-Checkers-Step-2-Version-8.jpg", "vid": null}, "3": {"text": "Place the checkers on the board.", "img": "https://www.wikihow.com/images/thumb/3/3b/Play-Checkers-Step-3-Version-8.jpg/v4-460px-Play-Checkers-Step-3-Version-8.jpg", "vid": null}, "4": {"text": "Decide if you are going to time each other\u2019s moves.", "img": "https://www.wikihow.com/images/thumb/4/4c/Play-Checkers-Step-4-Version-8.jpg/v4-460px-Play-Checkers-Step-4-Version-8.jpg", "vid": null}, "5": {"text": "Start the game.", "img": null, "vid": "/d/db/Play Checkers Step 5 Version 6.360p.mp4"}, "6": {"text": "Jump and capture your opponent's checkers.", "img": null, "vid": "/9/98/Play Checkers Step 6 Version 6.360p.mp4"}, "7": {"text": "King your checkers when they reach the end of your opponent's board.", "img": null, "vid": "/e/e2/Play Checkers Step 7 Version 6.360p.mp4"}, "8": {"text": "Keep jumping and capturing.", "img": null, "vid": "/5/5c/Play Checkers Step 8 Version 6.360p.mp4"}, "9": {"text": "Play an offense game, not a defense game.", "img": null, "vid": "/4/4c/Play Checkers Step 9 Version 3.360p.mp4"}, "10": {"text": "Move your pieces together.", "img": null, "vid": "/7/73/Play Checkers Step 10 Version 3.360p.mp4"}, "11": {"text": "Keep a full back row for as long as you can.", "img": "https://www.wikihow.com/images/thumb/1/15/Play-Checkers-Step-11-Version-7.jpg/v4-460px-Play-Checkers-Step-11-Version-7.jpg", "vid": null}, "12": {"text": "Know when to sacrifice your pieces.", "img": null, "vid": "/a/a8/Play Checkers Step 12 Version 6.360p.mp4"}, "13": {"text": "Focus on the kings.", "img": null, "vid": "/f/f9/Play Checkers Step 13 Version 3.360p.mp4"}, "14": {"text": "Block your opponent.", "img": null, "vid": "/8/8d/Play Checkers Step 14 Version 6.360p.mp4"}, "15": {"text": "Keep practicing.", "img": "https://www.wikihow.com/images/thumb/4/4e/Play-Checkers-Step-15-Version-5.jpg/v4-460px-Play-Checkers-Step-15-Version-5.jpg", "vid": null}, "16": {"text": "Watch an expert.", "img": "https://www.wikihow.com/images/thumb/0/09/Play-Checkers-Step-16-Version-5.jpg/v4-460px-Play-Checkers-Step-16-Version-5.jpg", "vid": null}}