{"video_url": "https://www.youtube.com/embed/W8gEKBayxFI?showinfo=0", "1": {"text": "Have the players sit in a circle and shuffle a deck.", "img": "https://www.wikihow.com/images/thumb/9/9f/449075-1.jpg/v4-460px-449075-1.jpg", "vid": null}, "2": {"text": "Deal out six cards to each player face down.", "img": "https://www.wikihow.com/images/thumb/4/4c/449075-2.jpg/v4-460px-449075-2.jpg", "vid": null}, "3": {"text": "Make a draw and discard pile.", "img": "https://www.wikihow.com/images/thumb/9/98/449075-3.jpg/v4-460px-449075-3.jpg", "vid": null}, "4": {"text": "Each player arranges their cards in a 3x2 grid in front of them.", "img": "https://www.wikihow.com/images/thumb/1/1a/449075-4.jpg/v4-460px-449075-4.jpg", "vid": null}, "5": {"text": "Each player turns any two cards in their grid face up.", "img": "https://www.wikihow.com/images/thumb/5/5a/449075-5.jpg/v4-460px-449075-5.jpg", "vid": null}, "6": {"text": "Explain the scoring system.", "img": "https://www.wikihow.com/images/thumb/f/ff/449075-6.jpg/v4-460px-449075-6.jpg", "vid": null}, "7": {"text": "The player to the dealer's left takes the first turn.", "img": "https://www.wikihow.com/images/thumb/3/37/449075-7.jpg/v4-460px-449075-7.jpg", "vid": null}, "8": {"text": "At the start of your turn, draw a card.", "img": "https://www.wikihow.com/images/thumb/1/19/449075-8.jpg/v4-460px-449075-8.jpg", "vid": null}, "9": {"text": "Decide whether to replace one of the cards in your grid with the drawn card.", "img": "https://www.wikihow.com/images/thumb/b/b0/449075-9.jpg/v4-460px-449075-9.jpg", "vid": null}, "10": {"text": "Try to make pairs of the same card.", "img": "https://www.wikihow.com/images/thumb/c/cd/449075-10.jpg/v4-460px-449075-10.jpg", "vid": null}, "11": {"text": "Take one final turn after a player's grid is entirely face up.", "img": "https://www.wikihow.com/images/thumb/8/81/449075-11.jpg/v4-460px-449075-11.jpg", "vid": null}, "12": {"text": "After the final turn, score your points.", "img": "https://www.wikihow.com/images/thumb/7/70/449075-12.jpg/v4-460px-449075-12.jpg", "vid": null}, "13": {"text": "Shuffle the cards and play as many rounds as you like.", "img": "https://www.wikihow.com/images/thumb/1/17/449075-15.jpg/v4-460px-449075-15.jpg", "vid": null}, "14": {"text": "Whoever has the lowest total score wins the game.", "img": "https://www.wikihow.com/images/thumb/b/b4/449075-13.jpg/v4-460px-449075-13.jpg", "vid": null}, "15": {"text": "Shuffle the deck and deal out four cards.", "img": "https://www.wikihow.com/images/thumb/2/26/449075-14.jpg/v4-460px-449075-14.jpg", "vid": null}, "16": {"text": "Make a draw and discard pile.", "img": "https://www.wikihow.com/images/thumb/6/65/449075-16.jpg/v4-460px-449075-16.jpg", "vid": null}, "17": {"text": "Each player arranges their cards in a 2x2 grid in front of them.", "img": "https://www.wikihow.com/images/thumb/6/65/449075-17.jpg/v4-460px-449075-17.jpg", "vid": null}, "18": {"text": "Each player peeks at any two cards in their grid.", "img": "https://www.wikihow.com/images/thumb/8/85/449075-18.jpg/v4-460px-449075-18.jpg", "vid": null}, "19": {"text": "Teach everyone the scoring system.", "img": "https://www.wikihow.com/images/thumb/7/79/449075-19.jpg/v4-460px-449075-19.jpg", "vid": null}, "20": {"text": "At the start of your turn, draw a card.", "img": "https://www.wikihow.com/images/thumb/8/89/449075-20.jpg/v4-460px-449075-20.jpg", "vid": null}, "21": {"text": "Decide whether to replace one of the cards in your grid with the drawn card.", "img": "https://www.wikihow.com/images/thumb/f/f4/449075-21.jpg/v4-460px-449075-21.jpg", "vid": null}, "22": {"text": "Try to make pairs of the same card.", "img": "https://www.wikihow.com/images/thumb/c/cf/449075-22.jpg/v4-460px-449075-22.jpg", "vid": null}, "23": {"text": "When you want to end the game, knock on the table.", "img": "https://www.wikihow.com/images/thumb/9/9f/449075-23.jpg/v4-460px-449075-23.jpg", "vid": null}, "24": {"text": "After the final turn, score your points.", "img": "https://www.wikihow.com/images/thumb/b/be/449075-24.jpg/v4-460px-449075-24.jpg", "vid": null}, "25": {"text": "Shuffle the cards and play as many rounds as you like.", "img": "https://www.wikihow.com/images/thumb/3/38/449075-25.jpg/v4-460px-449075-25.jpg", "vid": null}, "26": {"text": "Whoever has the lowest total score wins the game.", "img": "https://www.wikihow.com/images/thumb/c/c5/449075-26.jpg/v4-460px-449075-26.jpg", "vid": null}, "27": {"text": "You can use each scoring system for any variation of the game.", "img": "https://www.wikihow.com/images/thumb/3/37/449075-27.jpg/v4-460px-449075-27.jpg", "vid": null}, "28": {"text": "\nJokers or \"bonus cards\".", "img": "https://www.wikihow.com/images/thumb/4/4b/449075-28-1.jpg/v4-460px-449075-28-1.jpg", "vid": null}, "29": {"text": "Penalties for Ending the Game Early.", "img": "https://www.wikihow.com/images/thumb/3/36/449075-29.jpg/v4-460px-449075-29.jpg", "vid": null}, "30": {"text": "8-card or 10-card Golf.", "img": "https://www.wikihow.com/images/thumb/1/16/449075-30.jpg/v4-460px-449075-30.jpg", "vid": null}, "31": {"text": "4-cards in hand.", "img": "https://www.wikihow.com/images/thumb/b/b0/449075-31.jpg/v4-460px-449075-31.jpg", "vid": null}, "32": {"text": "9-card Golf.", "img": "https://www.wikihow.com/images/thumb/1/16/449075-32.jpg/v4-460px-449075-32.jpg", "vid": null}, "33": {"text": "Variant rules in 6-card Golf.", "img": "https://www.wikihow.com/images/thumb/f/fe/449075-33.jpg/v4-460px-449075-33.jpg", "vid": null}, "34": {"text": "Variant rules in 4-card face down Golf.", "img": "https://www.wikihow.com/images/thumb/d/d8/449075-34.jpg/v4-460px-449075-34.jpg", "vid": null}, "35": {"text": "Choose the starting cards wisely.", "img": "https://www.wikihow.com/images/thumb/2/25/449075-35.jpg/v4-460px-449075-35.jpg", "vid": null}, "36": {"text": "Replace your highest scoring cards.", "img": "https://www.wikihow.com/images/thumb/e/ea/449075-36.jpg/v4-460px-449075-36.jpg", "vid": null}, "37": {"text": "Pay attention to the players on your right and left.", "img": "https://www.wikihow.com/images/thumb/0/0f/449075-37.jpg/v4-460px-449075-37.jpg", "vid": null}}