{"video_url": "https://www.youtube.com/embed/WErB95Brgbs?showinfo=0", "1": {"text": "Set up a game with at least 4 players and the official game.", "img": "https://www.wikihow.com/images/thumb/e/e1/Play-Codenames-Step-1.jpg/v4-460px-Play-Codenames-Step-1.jpg", "vid": null}, "2": {"text": "Try to create 2 teams of similar size and skill.", "img": "https://www.wikihow.com/images/thumb/6/6f/Play-Codenames-Step-2.jpg/v4-460px-Play-Codenames-Step-2.jpg", "vid": null}, "3": {"text": "Each team can choose a different spymaster between games.", "img": "https://www.wikihow.com/images/thumb/4/4d/Play-Codenames-Step-3.jpg/v4-460px-Play-Codenames-Step-3.jpg", "vid": null}, "4": {"text": "Shuffle the deck and choose randomly.", "img": "https://www.wikihow.com/images/thumb/c/c0/Play-Codenames-Step-4.jpg/v4-460px-Play-Codenames-Step-4.jpg", "vid": null}, "5": {"text": "Make an even square with the code words facing up.", "img": "https://www.wikihow.com/images/thumb/f/f7/Play-Codenames-Step-5.jpg/v4-460px-Play-Codenames-Step-5.jpg", "vid": null}, "6": {"text": "Place it on the stand in front of the spymasters.", "img": "https://www.wikihow.com/images/thumb/b/b2/Play-Codenames-Step-6.jpg/v4-460px-Play-Codenames-Step-6.jpg", "vid": null}, "7": {"text": "Choose 8 red and 8 blue cards.", "img": "https://www.wikihow.com/images/thumb/a/a0/Play-Codenames-Step-7.jpg/v4-460px-Play-Codenames-Step-7.jpg", "vid": null}, "8": {"text": "The color on the keycard indicates the starting team.", "img": "https://www.wikihow.com/images/thumb/e/e6/Play-Codenames-Step-8-Version-2.jpg/v4-460px-Play-Codenames-Step-8-Version-2.jpg", "vid": null}, "9": {"text": "Place them all in front of the spymasters.", "img": "https://www.wikihow.com/images/thumb/d/d6/Play-Codenames-Step-9-Version-2.jpg/v4-460px-Play-Codenames-Step-9-Version-2.jpg", "vid": null}, "10": {"text": "Use only 1 word and a number to give your teammates a hint.", "img": "https://www.wikihow.com/images/thumb/0/05/Play-Codenames-Step-10.jpg/v4-460px-Play-Codenames-Step-10.jpg", "vid": null}, "11": {"text": "A team can pass or continue guessing if they choose correctly.", "img": "https://www.wikihow.com/images/thumb/4/44/Play-Codenames-Step-11.jpg/v4-460px-Play-Codenames-Step-11.jpg", "vid": null}, "12": {"text": "Reveal the identity behind the codename card your team has chosen.", "img": "https://www.wikihow.com/images/thumb/3/3d/Play-Codenames-Step-12.jpg/v4-460px-Play-Codenames-Step-12.jpg", "vid": null}, "13": {"text": "The game ends when 1 team identifies their agents or the assassin.", "img": "https://www.wikihow.com/images/thumb/9/95/Play-Codenames-Step-13.jpg/v4-460px-Play-Codenames-Step-13.jpg", "vid": null}}