{"video_url": "https://www.youtube.com/embed/wRciBlaiCMU?showinfo=0", "1": {"text": "Know the equipment.", "img": null, "vid": "/3/37/Play Roulette Step 1 Version 2.360p.mp4"}, "2": {"text": "Know the different \"inside\" bets.", "img": "https://www.wikihow.com/images/thumb/6/6d/Play-Roulette-Step-2Bullet9.jpg/v4-460px-Play-Roulette-Step-2Bullet9.jpg", "vid": "/0/04/Play Roulette Step 2 Version 2.360p.mp4"}, "3": {"text": "Learn about \"outside\" bets.", "img": null, "vid": "/a/a5/Play Roulette Step 3 Version 2.360p.mp4"}, "4": {"text": "Realize your odds.", "img": null, "vid": "/b/ba/Play Roulette Step 4 Version 2.360p.mp4"}, "5": {"text": "Find a table.", "img": null, "vid": "/f/f6/Play Roulette Step 5 Version 2.360p.mp4"}, "6": {"text": "Watch what's happening.", "img": null, "vid": "/8/86/Play Roulette Step 6 Version 2.360p.mp4"}, "7": {"text": "Hand your chips to the dealer.", "img": null, "vid": "/2/2b/Play Roulette Step 7 Version 2.360p.mp4"}, "8": {"text": "Know the procedure of a round.", "img": null, "vid": "/6/60/Play Roulette Step 8 Version 2.360p.mp4"}, "9": {"text": "Place your bets.", "img": null, "vid": "/d/d1/Play Roulette Step 9 Version 2.360p.mp4"}}