{"video_url": "https://www.youtube.com/embed/_ceMagY2kOw", "1": {"text": "Get a clarinet appropriate for your purposes.", "img": "https://www.wikihow.com/images/thumb/6/63/Play-the-Clarinet-Step-1-Version-6.jpg/v4-460px-Play-the-Clarinet-Step-1-Version-6.jpg", "vid": null}, "2": {"text": "Inspect the clarinet and learn the names of the parts", "img": "https://www.wikihow.com/images/thumb/0/0e/Play-the-Clarinet-Step-2-Version-6.jpg/v4-460px-Play-the-Clarinet-Step-2-Version-6.jpg", "vid": null}, "3": {"text": "Assemble the mouthpiece and reed properly.", "img": null, "vid": "/7/7b/Play the Clarinet Step 3 Version 4.360p.mp4"}, "4": {"text": "Hold the clarinet properly.", "img": "https://www.wikihow.com/images/thumb/0/0a/Play-the-Clarinet-Step-4-Version-6.jpg/v4-460px-Play-the-Clarinet-Step-4-Version-6.jpg", "vid": null}, "5": {"text": "Wet the reed before you play.", "img": null, "vid": "/f/fa/Play the Clarinet Step 5 Version 4.360p.mp4"}, "6": {"text": "Disassemble and clean the clarinet after each use.", "img": null, "vid": "/8/80/Play the Clarinet Step 6 Version 4.360p.mp4"}, "7": {"text": "Put the horn in your mouth properly.", "img": "https://www.wikihow.com/images/thumb/8/8d/Play-the-Clarinet-Step-7-Version-6.jpg/v4-460px-Play-the-Clarinet-Step-7-Version-6.jpg", "vid": null}, "8": {"text": "Seal the corners of your mouth around the mouthpiece.", "img": null, "vid": "/1/1e/Play the Clarinet Step 8 Version 4.360p.mp4"}, "9": {"text": "Try to get an even tone.", "img": null, "vid": "/2/2b/Play the Clarinet Step 9 Version 4.360p.mp4"}, "10": {"text": "Keep your cheeks tight.", "img": null, "vid": "/0/05/Play the Clarinet Step 10 Version 4.360p.mp4"}, "11": {"text": "Try to play a few notes.", "img": null, "vid": "/7/71/Play the Clarinet Step 11 Version 4.360p.mp4"}, "12": {"text": "Get a fingering chart.", "img": "https://www.wikihow.com/images/thumb/6/6a/Play-the-Clarinet-Step-12-Version-6.jpg/v4-460px-Play-the-Clarinet-Step-12-Version-6.jpg", "vid": null}, "13": {"text": "Practice scales and arpeggios.", "img": null, "vid": "/8/8d/Play the Clarinet Step 13 Version 2.360p.mp4"}, "14": {"text": "Learn songs.", "img": null, "vid": "/2/29/Play the Clarinet Step 14 Version 2.360p.mp4"}, "15": {"text": "Consider taking private lessons.", "img": "https://www.wikihow.com/images/thumb/0/0a/Play-the-Clarinet-Step-15-Version-3.jpg/v4-460px-Play-the-Clarinet-Step-15-Version-3.jpg", "vid": null}, "16": {"text": "Join your school band or orchestra.", "img": "https://www.wikihow.com/images/thumb/f/ff/Play-the-Clarinet-Step-16-Version-3.jpg/v4-460px-Play-the-Clarinet-Step-16-Version-3.jpg", "vid": null}}