{"video_url": "https://www.youtube.com/embed/sWoSZmHsCls?showinfo=0", "1": {"text": "Shuffle the cards", "img": "https://www.wikihow.com/images/thumb/0/0f/Play-UNO-Step-1-Version-5.jpg/v4-460px-Play-UNO-Step-1-Version-5.jpg", "vid": null}, "2": {"text": "Put the rest of the Uno cards in the center of the table.", "img": "https://www.wikihow.com/images/thumb/f/f8/Play-UNO-Step-2-Version-5.jpg/v4-460px-Play-UNO-Step-2-Version-5.jpg", "vid": null}, "3": {"text": "Turn over the top card from the draw pile to start the game.", "img": "https://www.wikihow.com/images/thumb/e/ee/Play-UNO-Step-3-Version-5.jpg/v4-460px-Play-UNO-Step-3-Version-5.jpg", "vid": null}, "4": {"text": "Play a card to match the color, number, or symbol on the card.", "img": "https://www.wikihow.com/images/thumb/4/49/Play-UNO-Step-4-Version-5.jpg/v4-460px-Play-UNO-Step-4-Version-5.jpg", "vid": null}, "5": {"text": "Draw a card from the draw pile if you can't play a card.", "img": "https://www.wikihow.com/images/thumb/f/fd/Play-UNO-Step-5-Version-5.jpg/v4-460px-Play-UNO-Step-5-Version-5.jpg", "vid": null}, "6": {"text": "Pay attention to action and Wild cards.", "img": "https://www.wikihow.com/images/thumb/5/59/Play-UNO-Step-6-Version-5.jpg/v4-460px-Play-UNO-Step-6-Version-5.jpg", "vid": null}, "7": {"text": "Say \"Uno\" if you only have 1 card left.", "img": "https://www.wikihow.com/images/thumb/3/3b/Play-UNO-Step-7-Version-5.jpg/v4-460px-Play-UNO-Step-7-Version-5.jpg", "vid": null}, "8": {"text": "Play your last card to win the hand.", "img": "https://www.wikihow.com/images/thumb/6/60/Play-UNO-Step-8-Version-5.jpg/v4-460px-Play-UNO-Step-8-Version-5.jpg", "vid": null}, "9": {"text": "Tally the points in each player's hand at the end of each round.", "img": "https://www.wikihow.com/images/thumb/9/9b/Play-UNO-Step-9-Version-5.jpg/v4-460px-Play-UNO-Step-9-Version-5.jpg", "vid": null}, "10": {"text": "Play Uno online or on a gaming system.", "img": "https://www.wikihow.com/images/thumb/e/ed/Play-UNO-Step-13-Version-5.jpg/v4-460px-Play-UNO-Step-13-Version-5.jpg", "vid": null}, "11": {"text": "Play double cards to make the game end faster.", "img": "https://www.wikihow.com/images/thumb/b/b9/Play-UNO-Step-10-Version-5.jpg/v4-460px-Play-UNO-Step-10-Version-5.jpg", "vid": null}, "12": {"text": "Customize your own Wild cards.", "img": "https://www.wikihow.com/images/thumb/4/46/Play-UNO-Step-11-Version-5.jpg/v4-460px-Play-UNO-Step-11-Version-5.jpg", "vid": null}, "13": {"text": "Swap hands with another player if you get the Swap Hands card.", "img": "https://www.wikihow.com/images/thumb/d/d7/Play-UNO-Step-12-Version-5.jpg/v4-460px-Play-UNO-Step-12-Version-5.jpg", "vid": null}}