{"video_url": "https://www.youtube.com/embed/mk7usoIG20k?showinfo=0", "1": {"text": "Gather two to eight players.", "img": "https://www.wikihow.com/images/thumb/2/2e/Play-Old-Maid-Step-1-Version-3.jpg/v4-460px-Play-Old-Maid-Step-1-Version-3.jpg", "vid": null}, "2": {"text": "Select an Old Maid deck or a standard card deck.", "img": "https://www.wikihow.com/images/thumb/6/6e/Play-Old-Maid-Step-2-Version-3.jpg/v4-460px-Play-Old-Maid-Step-2-Version-3.jpg", "vid": null}, "3": {"text": "Remove three queens if you're using a standard deck.", "img": "https://www.wikihow.com/images/thumb/2/2f/Play-Old-Maid-Step-3-Version-3.jpg/v4-460px-Play-Old-Maid-Step-3-Version-3.jpg", "vid": null}, "4": {"text": "Shuffle the cards", "img": "https://www.wikihow.com/images/thumb/7/7d/Play-Old-Maid-Step-4-Version-3.jpg/v4-460px-Play-Old-Maid-Step-4-Version-3.jpg", "vid": null}, "5": {"text": "Deal all the cards to the players.", "img": "https://www.wikihow.com/images/thumb/3/37/Play-Old-Maid-Step-5-Version-3.jpg/v4-460px-Play-Old-Maid-Step-5-Version-3.jpg", "vid": null}, "6": {"text": "Remove the pairs in your hand.", "img": "https://www.wikihow.com/images/thumb/5/59/Play-Old-Maid-Step-6-Version-3.jpg/v4-460px-Play-Old-Maid-Step-6-Version-3.jpg", "vid": null}, "7": {"text": "Pair cards by rank and color for a more complex game.", "img": "https://www.wikihow.com/images/thumb/4/4f/Play-Old-Maid-Step-7-Version-2.jpg/v4-460px-Play-Old-Maid-Step-7-Version-2.jpg", "vid": null}, "8": {"text": "Have the dealer hold out their cards face down to the player on their left.", "img": "https://www.wikihow.com/images/thumb/3/38/Play-Old-Maid-Step-8-Version-2.jpg/v4-460px-Play-Old-Maid-Step-8-Version-2.jpg", "vid": null}, "9": {"text": "Let the player to the left pick a card.", "img": "https://www.wikihow.com/images/thumb/6/6e/Play-Old-Maid-Step-9.jpg/v4-460px-Play-Old-Maid-Step-9.jpg", "vid": null}, "10": {"text": "Keeping going in a clockwise direction until there is one card left.", "img": "https://www.wikihow.com/images/thumb/1/14/Play-Old-Maid-Step-10.jpg/v4-460px-Play-Old-Maid-Step-10.jpg", "vid": null}, "11": {"text": "Develop a strategy.", "img": "https://www.wikihow.com/images/thumb/a/a4/Play-Old-Maid-Step-11.jpg/v4-460px-Play-Old-Maid-Step-11.jpg", "vid": null}, "12": {"text": "Change it up.", "img": "https://www.wikihow.com/images/thumb/d/da/Play-Old-Maid-Step-12.jpg/v4-460px-Play-Old-Maid-Step-12.jpg", "vid": null}}