{"video_url": "https://www.youtube.com/embed/FqlXsknYoa0?showinfo=0", "1": {"text": "Shuffle the deck of cards before starting the game.", "img": "https://www.wikihow.com/images/thumb/8/83/Play-Top-Trumps-Step-01.jpg/v4-460px-Play-Top-Trumps-Step-01.jpg", "vid": null}, "2": {"text": "Divide the cards evenly between all the players.", "img": "https://www.wikihow.com/images/thumb/a/a7/Play-Top-Trumps-Step-02.jpg/v4-460px-Play-Top-Trumps-Step-02.jpg", "vid": null}, "3": {"text": "Hold your own cards face-up in a stack so only the top 1 is visible.", "img": "https://www.wikihow.com/images/thumb/3/32/Play-Top-Trumps-Step-03-Version-2.jpg/v4-460px-Play-Top-Trumps-Step-03-Version-2.jpg", "vid": null}, "4": {"text": "Wait for the player left of the dealer to choose a card and read 1 of the stats.", "img": "https://www.wikihow.com/images/thumb/0/02/Play-Top-Trumps-Step-04.jpg/v4-460px-Play-Top-Trumps-Step-04.jpg", "vid": null}, "5": {"text": "Invite other players to compare the same stat on their card.", "img": "https://www.wikihow.com/images/thumb/2/20/Play-Top-Trumps-Step-05.jpg/v4-460px-Play-Top-Trumps-Step-05.jpg", "vid": null}, "6": {"text": "Collect all of the players\u2019 cards if your stat is highest.", "img": "https://www.wikihow.com/images/thumb/0/09/Play-Top-Trumps-Step-06.jpg/v4-460px-Play-Top-Trumps-Step-06.jpg", "vid": null}, "7": {"text": "Start a new round with the winning player calling out a stat.", "img": "https://www.wikihow.com/images/thumb/e/ec/Play-Top-Trumps-Step-07.jpg/v4-460px-Play-Top-Trumps-Step-07.jpg", "vid": null}, "8": {"text": "Place everyone\u2019s cards in the middle if there\u2019s a tie.", "img": "https://www.wikihow.com/images/thumb/2/28/Play-Top-Trumps-Step-08.jpg/v4-460px-Play-Top-Trumps-Step-08.jpg", "vid": null}, "9": {"text": "Play multiple rounds until 1 player has all the cards.", "img": "https://www.wikihow.com/images/thumb/d/d8/Play-Top-Trumps-Step-09.jpg/v4-460px-Play-Top-Trumps-Step-09.jpg", "vid": null}}