{"video_url": "https://www.youtube.com/embed/leW9ZotUVYo?showinfo=0", "1": {"text": "Choose one person to be the \"host.", "img": "https://www.wikihow.com/images/thumb/0/08/Play-Hangman-Step-1-Version-2.jpg/v4-460px-Play-Hangman-Step-1-Version-2.jpg", "vid": null}, "2": {"text": "If you are the host, choose a secret word.", "img": "https://www.wikihow.com/images/thumb/0/02/Play-Hangman-Step-2-Version-2.jpg/v4-460px-Play-Hangman-Step-2-Version-2.jpg", "vid": null}, "3": {"text": "Draw a blank line for each letter in the word.", "img": "https://www.wikihow.com/images/thumb/7/7b/Play-Hangman-Step-3-Version-2.jpg/v4-460px-Play-Hangman-Step-3-Version-2.jpg", "vid": null}, "4": {"text": "Start guessing letters if you are the player.", "img": "https://www.wikihow.com/images/thumb/5/5a/Play-Hangman-Step-4-Version-2.jpg/v4-460px-Play-Hangman-Step-4-Version-2.jpg", "vid": null}, "5": {"text": "Fill the letter in the blanks if the players guess correctly.", "img": "https://www.wikihow.com/images/thumb/9/94/Play-Hangman-Step-5-Version-2.jpg/v4-460px-Play-Hangman-Step-5-Version-2.jpg", "vid": null}, "6": {"text": "Draw part of the \"hangman\" when the players guess wrong.", "img": "https://www.wikihow.com/images/thumb/3/34/Play-Hangman-Step-6-Version-2.jpg/v4-460px-Play-Hangman-Step-6-Version-2.jpg", "vid": null}, "7": {"text": "The players win when they guess the correct word.", "img": "https://www.wikihow.com/images/thumb/5/58/Play-Hangman-Step-7.jpg/v4-460px-Play-Hangman-Step-7.jpg", "vid": null}, "8": {"text": "Play online or on an app to practice by yourself.", "img": "https://www.wikihow.com/images/thumb/7/71/Play-Hangman-Step-8.jpg/v4-460px-Play-Hangman-Step-8.jpg", "vid": null}, "9": {"text": "Change the \"hangman\" to a snowman for younger children.", "img": "https://www.wikihow.com/images/thumb/0/06/Play-Hangman-Step-9.jpg/v4-460px-Play-Hangman-Step-9.jpg", "vid": null}, "10": {"text": "Play \"In & Out\" Hangman for a more challenging game.", "img": "https://www.wikihow.com/images/thumb/4/40/Play-Hangman-Step-10.jpg/v4-460px-Play-Hangman-Step-10.jpg", "vid": null}, "11": {"text": "Use vocabulary words to turn \"hangman\" into a classroom game.", "img": "https://www.wikihow.com/images/thumb/3/3d/Play-Hangman-Step-11.jpg/v4-460px-Play-Hangman-Step-11.jpg", "vid": null}}