{"video_url": "https://www.youtube.com/embed/i-onbNQCaMQ?showinfo=0", "1": {"text": "Get everything ready before you start cooking poached eggs.", "img": "https://www.wikihow.com/images/thumb/f/f8/Poach-an-Egg-Step-1-Version-3.jpg/v4-460px-Poach-an-Egg-Step-1-Version-3.jpg", "vid": null}, "2": {"text": "Select a suitable pan for poaching.", "img": "https://www.wikihow.com/images/thumb/6/6c/Poach-an-Egg-Step-2-Version-3.jpg/v4-460px-Poach-an-Egg-Step-2-Version-3.jpg", "vid": null}, "3": {"text": "Add the water.", "img": null, "vid": "/3/31/Poach an Egg Step 3 Version 3.360p.mp4"}, "4": {"text": "If you'd like to help the eggs to set, add 5-10ml (1-2 teaspoons) of white vinegar to the water.", "img": null, "vid": "/8/8e/Poach an Egg Step 4 Version 3.360p.mp4"}, "5": {"text": "Select the eggs.", "img": "https://www.wikihow.com/images/thumb/a/a6/Poach-an-Egg-Step-5-Version-3.jpg/v4-460px-Poach-an-Egg-Step-5-Version-3.jpg", "vid": null}, "6": {"text": "Poach at an easy pace.", "img": null, "vid": "/0/05/Poach an Egg Step 6 Version 3.360p.mp4"}, "7": {"text": "Crack an egg", "img": "https://www.wikihow.com/images/thumb/a/a3/Poach-an-Egg-Step-7-Version-3.jpg/v4-460px-Poach-an-Egg-Step-7-Version-3.jpg", "vid": null}, "8": {"text": "Turn down the gently boiling water to a simmer.", "img": "https://www.wikihow.com/images/thumb/0/09/Poach-an-Egg-Step-8-Version-3.jpg/v4-460px-Poach-an-Egg-Step-8-Version-3.jpg", "vid": null}, "9": {"text": "Spin the simmering water to cool down the water before you drop in the single egg.", "img": null, "vid": "/b/b4/Poach an Egg Step 9 Version 3.360p.mp4"}, "10": {"text": "Carefully lower or drop the egg into the center of the barely simmering whirlpool.", "img": null, "vid": "/e/e7/Poach an Egg Step 10 Version 3.360p.mp4"}, "11": {"text": "Wait 3-5 minutes until cooked.", "img": null, "vid": "/f/f1/Poach an Egg Step 11 Version 3.360p.mp4"}, "12": {"text": "If poaching multiple eggs at once, do not spin the boiling water.", "img": null, "vid": "/e/e4/Poach an Egg Step 12 Version 3.360p.mp4"}, "13": {"text": "Remove the poached egg with a slotted spoon.", "img": null, "vid": "/c/c4/Poach an Egg Step 13 Version 3.360p.mp4"}, "14": {"text": "Serve.", "img": "https://www.wikihow.com/images/thumb/6/6e/Poach-an-Egg-Step-14-Version-3.jpg/v4-460px-Poach-an-Egg-Step-14-Version-3.jpg", "vid": null}, "15": {"text": "Use the steps outlined in the previous method.", "img": "https://www.wikihow.com/images/thumb/c/c8/Poach-an-Egg-Step-15-Version-3.jpg/v4-460px-Poach-an-Egg-Step-15-Version-3.jpg", "vid": null}, "16": {"text": "Add the egg straight into the egg poacher.", "img": null, "vid": "/b/bf/Poach an Egg Step 16 Version 3.360p.mp4"}, "17": {"text": "Cook as outlined above, then pull out the whole egg poacher.", "img": null, "vid": "/0/09/Poach an Egg Step 17 Version 3.360p.mp4"}, "18": {"text": "If you have access to a good kitchen store, consider purchasing a small silicon egg poacher cup or a set of silicon egg poachers (a set often comes with a pan with a clear lid).", "img": "https://www.wikihow.com/images/thumb/1/18/Poach-an-Egg-Step-18-Version-3.jpg/v4-460px-Poach-an-Egg-Step-18-Version-3.jpg", "vid": null}, "19": {"text": "Float the cup in the pan.", "img": null, "vid": "/3/30/Poach an Egg Step 19 Version 3.360p.mp4"}, "20": {"text": "Bring to simmer and break the eggs into the cups.", "img": null, "vid": "/2/22/Poach an Egg Step 20 Version 3.360p.mp4"}, "21": {"text": "Simmer with a covered pan for 8 minutes (at sea level).", "img": null, "vid": "/9/94/Poach an Egg Step 21 Version 3.360p.mp4"}, "22": {"text": "Use a butter knife to separate the poached egg at edge of cup and invert the cup over toast.", "img": null, "vid": "/f/f7/Poach an Egg Step 22 Version 3.360p.mp4"}, "23": {"text": "Serve.", "img": "https://www.wikihow.com/images/thumb/f/f0/Poach-an-Egg-Step-23-Version-3.jpg/v4-460px-Poach-an-Egg-Step-23-Version-3.jpg", "vid": null}, "24": {"text": "In spite of what was said about serving immediately, as noted by Julia Child and other chefs like Michael Romano, it is possible to make poached eggs in advance for the busy cook with a crowd to feed.", "img": "https://www.wikihow.com/images/thumb/3/3f/Poach-an-Egg-Step-24-Version-3.jpg/v4-460px-Poach-an-Egg-Step-24-Version-3.jpg", "vid": null}, "25": {"text": "Make the poached eggs as outlined above.", "img": null, "vid": "/3/35/Poach an Egg Step 25 Version 3.360p.mp4"}, "26": {"text": "Simply plunge the poached eggs into plain icy water to chill.", "img": null, "vid": "/f/ff/Poach an Egg Step 26 Version 3.360p.mp4"}, "27": {"text": "Drop them into a pan of simmering, salted water for 20-30 seconds (and no more than one minute) and they're ready to serve immediately.", "img": "https://www.wikihow.com/images/thumb/1/14/Poach-an-Egg-Step-27-Version-3.jpg/v4-460px-Poach-an-Egg-Step-27-Version-3.jpg", "vid": null}, "28": {"text": "If the yolk breaks in the water, do not panic.", "img": null, "vid": "/c/c8/Poach an Egg Step 28.360p.mp4"}, "29": {"text": "If the careful mixing doesn't work and the shape is not respectable, scoop out the egg (when cooked) with a slotted spoon.", "img": null, "vid": "/f/fe/Poach an Egg Step 29.360p.mp4"}}