{"video_url": "https://www.youtube.com/embed/8imcKqOqYvs?showinfo=0", "1": {"text": "Buy enough food and water to last a few days.", "img": "https://www.wikihow.com/images/thumb/6/6a/Prepare-for-a-Hurricane-Step-1.jpg/v4-460px-Prepare-for-a-Hurricane-Step-1.jpg", "vid": null}, "2": {"text": "Prepare your fridge and freezer.", "img": "https://www.wikihow.com/images/thumb/f/f8/Prepare-for-a-Hurricane-Step-2.jpg/v4-460px-Prepare-for-a-Hurricane-Step-2.jpg", "vid": null}, "3": {"text": "Have your prescription medication.", "img": "https://www.wikihow.com/images/thumb/2/27/Prepare-for-a-Hurricane-Step-3.jpg/v4-460px-Prepare-for-a-Hurricane-Step-3.jpg", "vid": null}, "4": {"text": "Make sure that you have the necessities.", "img": "https://www.wikihow.com/images/thumb/5/58/Prepare-for-a-Hurricane-Step-4.jpg/v4-460px-Prepare-for-a-Hurricane-Step-4.jpg", "vid": null}, "5": {"text": "Take your supplies with you.", "img": "https://www.wikihow.com/images/thumb/c/c2/Prepare-for-a-Hurricane-Step-5.jpg/v4-460px-Prepare-for-a-Hurricane-Step-5.jpg", "vid": null}, "6": {"text": "Check your disaster kit every few months.", "img": "https://www.wikihow.com/images/thumb/7/70/Prepare-for-a-Hurricane-Step-6.jpg/v4-460px-Prepare-for-a-Hurricane-Step-6.jpg", "vid": null}, "7": {"text": "Ensure that your house insurance is up to date.", "img": "https://www.wikihow.com/images/thumb/e/ea/Prepare-for-a-Hurricane-Step-7.jpg/v4-460px-Prepare-for-a-Hurricane-Step-7.jpg", "vid": null}, "8": {"text": "Secure your windows.", "img": "https://www.wikihow.com/images/thumb/6/60/Prepare-for-a-Hurricane-Step-8.jpg/v4-460px-Prepare-for-a-Hurricane-Step-8.jpg", "vid": null}, "9": {"text": "Learn how to turn off the gas and power to your home.", "img": "https://www.wikihow.com/images/thumb/e/ef/Prepare-for-a-Hurricane-Step-9.jpg/v4-460px-Prepare-for-a-Hurricane-Step-9.jpg", "vid": null}, "10": {"text": "Cut down trees and branches close to your house and car.", "img": "https://www.wikihow.com/images/thumb/4/49/Prepare-for-a-Hurricane-Step-10.jpg/v4-460px-Prepare-for-a-Hurricane-Step-10.jpg", "vid": null}, "11": {"text": "Purchase a generator.", "img": "https://www.wikihow.com/images/thumb/3/30/Prepare-for-a-Hurricane-Step-11.jpg/v4-460px-Prepare-for-a-Hurricane-Step-11.jpg", "vid": null}, "12": {"text": "Designate a \"safe room.", "img": "https://www.wikihow.com/images/thumb/7/7d/Prepare-for-a-Hurricane-Step-12.jpg/v4-460px-Prepare-for-a-Hurricane-Step-12.jpg", "vid": null}, "13": {"text": "Stay on top of the news.", "img": "https://www.wikihow.com/images/thumb/2/20/Prepare-for-a-Hurricane-Step-13.jpg/v4-460px-Prepare-for-a-Hurricane-Step-13.jpg", "vid": null}, "14": {"text": "Find the local evacuation routes.", "img": "https://www.wikihow.com/images/thumb/8/8f/Prepare-for-a-Hurricane-Step-14.jpg/v4-460px-Prepare-for-a-Hurricane-Step-14.jpg", "vid": null}, "15": {"text": "Discuss and practice the disaster plan.", "img": "https://www.wikihow.com/images/thumb/5/56/Prepare-for-a-Hurricane-Step-15.jpg/v4-460px-Prepare-for-a-Hurricane-Step-15.jpg", "vid": null}, "16": {"text": "Inform your kids.", "img": "https://www.wikihow.com/images/thumb/2/20/Prepare-for-a-Hurricane-Step-16.jpg/v4-460px-Prepare-for-a-Hurricane-Step-16.jpg", "vid": null}, "17": {"text": "Plan the location that you will evacuate to.", "img": "https://www.wikihow.com/images/thumb/b/b2/Prepare-for-a-Hurricane-Step-17.jpg/v4-460px-Prepare-for-a-Hurricane-Step-17.jpg", "vid": null}, "18": {"text": "Keep a physical copy of the emergency plan.", "img": "https://www.wikihow.com/images/thumb/f/fe/Prepare-for-a-Hurricane-Step-18.jpg/v4-460px-Prepare-for-a-Hurricane-Step-18.jpg", "vid": null}, "19": {"text": "Save a little money.", "img": "https://www.wikihow.com/images/thumb/a/a1/Prepare-for-a-Hurricane-Step-19.jpg/v4-460px-Prepare-for-a-Hurricane-Step-19.jpg", "vid": null}}