{"video_url": "https://www.youtube.com/embed/yO5L87HG9uA?showinfo=0", "1": {"text": "Get vaccinated.", "img": null, "vid": null}, "2": {"text": "Wash your hands for 20 seconds with soap and water.", "img": "https://www.wikihow.com/images/thumb/9/96/Prepare-for-Coronavirus-Step-1.jpg/v4-460px-Prepare-for-Coronavirus-Step-1.jpg", "vid": null}, "3": {"text": "Practice physical distancing by staying home as much as possible.", "img": null, "vid": null}, "4": {"text": "Stay at least 6\u00a0ft (1.8\u00a0m) away from other people when in public.", "img": null, "vid": null}, "5": {"text": "Keep your hands away from your eyes, nose, and mouth.", "img": "https://www.wikihow.com/images/thumb/9/99/Prepare-for-Coronavirus-Step-2.jpg/v4-460px-Prepare-for-Coronavirus-Step-2.jpg", "vid": null}, "6": {"text": "Avoid shaking hands with other people, whether they appear sick or not.", "img": "https://www.wikihow.com/images/thumb/0/04/Prepare-for-Coronavirus-Step-3.jpg/v4-460px-Prepare-for-Coronavirus-Step-3.jpg", "vid": null}, "7": {"text": "Distance yourself from people who are coughing and sneezing.", "img": "https://www.wikihow.com/images/thumb/9/9b/Prepare-for-Coronavirus-Step-4.jpg/v4-460px-Prepare-for-Coronavirus-Step-4.jpg", "vid": null}, "8": {"text": "Disinfect surfaces before you touch them, both in public and at home.", "img": "https://www.wikihow.com/images/thumb/c/c3/Prepare-for-Coronavirus-Step-5.jpg/v4-460px-Prepare-for-Coronavirus-Step-5.jpg", "vid": null}, "9": {"text": "Wear a cloth face-covering in public.", "img": "https://www.wikihow.com/images/thumb/b/be/Prepare-for-Coronavirus-Step-6.jpg/v4-460px-Prepare-for-Coronavirus-Step-6.jpg", "vid": null}, "10": {"text": "Fill your pantry and freezer with 2-4 weeks worth of food.", "img": "https://www.wikihow.com/images/thumb/e/e7/Prepare-for-Coronavirus-Step-7.jpg/v4-460px-Prepare-for-Coronavirus-Step-7.jpg", "vid": null}, "11": {"text": "Purchase extras of essentials like toilet paper, soap, and detergent.", "img": "https://www.wikihow.com/images/thumb/3/3d/Prepare-for-Coronavirus-Step-8.jpg/v4-460px-Prepare-for-Coronavirus-Step-8.jpg", "vid": null}, "12": {"text": "Get over-the-counter treatments used for a respiratory infection.", "img": "https://www.wikihow.com/images/thumb/e/e8/Prepare-for-Coronavirus-Step-9.jpg/v4-460px-Prepare-for-Coronavirus-Step-9.jpg", "vid": null}, "13": {"text": "Make sure you have at least a 30-day supply of medications you take.", "img": "https://www.wikihow.com/images/thumb/d/df/Prepare-for-Coronavirus-Step-10.jpg/v4-460px-Prepare-for-Coronavirus-Step-10.jpg", "vid": null}, "14": {"text": "Plan for childcare in the event that schools and daycares must close.", "img": "https://www.wikihow.com/images/thumb/b/be/Prepare-for-Coronavirus-Step-11.jpg/v4-460px-Prepare-for-Coronavirus-Step-11.jpg", "vid": null}, "15": {"text": "Talk to your boss about possible work-from-home options.", "img": "https://www.wikihow.com/images/thumb/0/0b/Prepare-for-Coronavirus-Step-12.jpg/v4-460px-Prepare-for-Coronavirus-Step-12.jpg", "vid": null}, "16": {"text": "Research the aid organizations in your area if you may lose income.", "img": "https://www.wikihow.com/images/thumb/a/ae/Prepare-for-Coronavirus-Step-13.jpg/v4-460px-Prepare-for-Coronavirus-Step-13.jpg", "vid": null}, "17": {"text": "Check for coronavirus updates just once or twice a day.", "img": "https://www.wikihow.com/images/thumb/6/64/Prepare-for-Coronavirus-Step-14.jpg/v4-460px-Prepare-for-Coronavirus-Step-14.jpg", "vid": null}, "18": {"text": "Create a family plan for a coronavirus outbreak so you feel calm.", "img": "https://www.wikihow.com/images/thumb/2/2d/Prepare-for-Coronavirus-Step-15.jpg/v4-460px-Prepare-for-Coronavirus-Step-15.jpg", "vid": null}, "19": {"text": "Make healthy lifestyle choices to help boost your immune system.", "img": "https://www.wikihow.com/images/thumb/c/c2/Prepare-for-Coronavirus-Step-16.jpg/v4-460px-Prepare-for-Coronavirus-Step-16.jpg", "vid": null}, "20": {"text": "Call your doctor if you\u2019re worried you have symptoms.", "img": "https://www.wikihow.com/images/thumb/9/9a/Prepare-for-Coronavirus-Step-17.jpg/v4-460px-Prepare-for-Coronavirus-Step-17.jpg", "vid": null}, "21": {"text": "Check travel warnings before you take a trip and avoid nonessential travel.", "img": "https://www.wikihow.com/images/thumb/8/8d/Prepare-for-Coronavirus-Step-18.jpg/v4-460px-Prepare-for-Coronavirus-Step-18.jpg", "vid": null}}