{"video_url": "https://www.youtube.com/embed/Ab3Ke8AX8fw", "1": {"text": "Take off the membrane.", "img": "https://www.wikihow.com/images/thumb/8/8b/Prepare-Beef-Ribs-Step-1.jpg/v4-460px-Prepare-Beef-Ribs-Step-1.jpg", "vid": null}, "2": {"text": "Decide how to season the ribs.", "img": "https://www.wikihow.com/images/thumb/b/bc/Prepare-Beef-Ribs-Step-2.jpg/v4-460px-Prepare-Beef-Ribs-Step-2.jpg", "vid": null}, "3": {"text": "Preheat the oven or grill.", "img": "https://www.wikihow.com/images/thumb/5/56/Prepare-Beef-Ribs-Step-3.jpg/v4-460px-Prepare-Beef-Ribs-Step-3.jpg", "vid": null}, "4": {"text": "Wrap the ribs.", "img": "https://www.wikihow.com/images/thumb/f/f9/Prepare-Beef-Ribs-Step-4.jpg/v4-460px-Prepare-Beef-Ribs-Step-4.jpg", "vid": null}, "5": {"text": "Start cooking the ribs.", "img": "https://www.wikihow.com/images/thumb/8/80/Prepare-Beef-Ribs-Step-5.jpg/v4-460px-Prepare-Beef-Ribs-Step-5.jpg", "vid": null}, "6": {"text": "Check the ribs.", "img": "https://www.wikihow.com/images/thumb/b/be/Prepare-Beef-Ribs-Step-6.jpg/v4-460px-Prepare-Beef-Ribs-Step-6.jpg", "vid": null}, "7": {"text": "Remove the ribs from the oven or grill.", "img": "https://www.wikihow.com/images/thumb/7/70/Prepare-Beef-Ribs-Step-7.jpg/v4-460px-Prepare-Beef-Ribs-Step-7.jpg", "vid": null}, "8": {"text": "Open the foil and add  barbecue sauce.", "img": "https://www.wikihow.com/images/thumb/8/8d/Prepare-Beef-Ribs-Step-8.jpg/v4-460px-Prepare-Beef-Ribs-Step-8.jpg", "vid": null}, "9": {"text": "Place the ribs under the broiler.", "img": "https://www.wikihow.com/images/thumb/f/f9/Prepare-Beef-Ribs-Step-9.jpg/v4-460px-Prepare-Beef-Ribs-Step-9.jpg", "vid": null}, "10": {"text": "Remove the ribs from heat.", "img": "https://www.wikihow.com/images/thumb/2/26/Prepare-Beef-Ribs-Step-10.jpg/v4-460px-Prepare-Beef-Ribs-Step-10.jpg", "vid": null}, "11": {"text": "Serve the ribs.", "img": "https://www.wikihow.com/images/thumb/8/83/Prepare-Beef-Ribs-Step-11.jpg/v4-460px-Prepare-Beef-Ribs-Step-11.jpg", "vid": null}}