{"video_url": "https://www.youtube.com/embed/UikPRyNLiG8", "1": {"text": "Obtain the okra.", "img": null, "vid": "/b/b9/Prepare Okra Step 1 Version 2.360p.mp4"}, "2": {"text": "Choose okra that is evenly green and about 2 to 4 inches (5-10 cm) long.", "img": null, "vid": "/d/d9/Prepare Okra Step 2 Version 2.360p.mp4"}, "3": {"text": "Trim the stem end.", "img": null, "vid": "/2/26/Prepare Okra Step 3 Version 2.360p.mp4"}, "4": {"text": "Defuzz okra.", "img": null, "vid": "/0/00/Prepare Okra Step 4 Version 2.360p.mp4"}, "5": {"text": "Prevent okra from becoming slimy during cooking.", "img": null, "vid": "/4/4f/Prepare Okra Step 5 Version 2.360p.mp4"}, "6": {"text": "Know how to prepare the okra for different dishes.", "img": null, "vid": "/3/3a/Prepare Okra Step 6 Version 2.360p.mp4"}, "7": {"text": "Use garlic and spices with okra.", "img": null, "vid": "/2/2b/Prepare Okra Step 7 Version 2.360p.mp4"}, "8": {"text": "Cut off the stems.", "img": null, "vid": "/e/ec/Prepare Okra Step 8 Version 2.360p.mp4"}, "9": {"text": "Slice the okra in 1/4 inch (6.35mm) slices.", "img": null, "vid": "/9/95/Prepare Okra Step 9 Version 2.360p.mp4"}, "10": {"text": "Beat an egg", "img": null, "vid": "/3/3c/Prepare Okra Step 10 Version 2.360p.mp4"}, "11": {"text": "While that's soaking, put about a cup of cornmeal in a dish with salt and pepper.", "img": null, "vid": "/2/2a/Prepare Okra Step 11 Version 2.360p.mp4"}, "12": {"text": "After soaking for a while, dredge the slices in the cornmeal, covering evenly.", "img": null, "vid": "/4/44/Prepare Okra Step 12 Version 2.360p.mp4"}, "13": {"text": "Heat about a 1/2 a cup of oil in a skillet on medium to high heat.", "img": null, "vid": "/e/e2/Prepare Okra Step 13 Version 2.360p.mp4"}, "14": {"text": "When the oil is hot, carefully place the okra into the pan.", "img": null, "vid": "/4/47/Prepare Okra Step 14 Version 2.360p.mp4"}, "15": {"text": "Stir continuously, making sure it doesn't burn.", "img": null, "vid": "/1/14/Prepare Okra Step 15 Version 2.360p.mp4"}, "16": {"text": "Finished.", "img": null, "vid": "/3/34/Prepare Okra Final.360p.mp4"}}