{"video_url": "https://www.youtube.com/embed/40vDnmTMaB0?showinfo=0", "1": {"text": "Iron your leaves between 2 sheets of wax paper to remove the moisture.", "img": "https://www.wikihow.com/images/thumb/c/ce/Preserve-Leaf-Color-Step-1-Version-2.jpg/v4-460px-Preserve-Leaf-Color-Step-1-Version-2.jpg", "vid": null}, "2": {"text": "Melt 1 tablespoon (14 g) of wax for each of your leaves in a double boiler.", "img": null, "vid": "/3/3f/Preserve Leaf Color Step 2 Version 2.360p.mp4"}, "3": {"text": "Remove the upper pot in your double boiler and set it on a cloth.", "img": "https://www.wikihow.com/images/thumb/4/46/Preserve-Leaf-Color-Step-3-Version-2.jpg/v4-460px-Preserve-Leaf-Color-Step-3-Version-2.jpg", "vid": null}, "4": {"text": "Use a pair of pliers to dunk the leaves in your wax for 1-2 seconds.", "img": null, "vid": "/3/3e/Preserve Leaf Color Step 4 Version 2.360p.mp4"}, "5": {"text": "Transfer the leaves to wax paper and let them dry for 3-5 minutes.", "img": "https://www.wikihow.com/images/thumb/b/b8/Preserve-Leaf-Color-Step-5-Version-2.jpg/v4-460px-Preserve-Leaf-Color-Step-5-Version-2.jpg", "vid": null}, "6": {"text": "Mix 1 part borax with 2 parts white or yellow cornmeal.", "img": null, "vid": "/a/a7/Preserve Leaf Color Step 6 Version 2.360p.mp4"}, "7": {"text": "Coat the bottom of a glass pan or paper box with your borax mixture.", "img": null, "vid": "/2/2b/Preserve Leaf Color Step 7 Version 2.360p.mp4"}, "8": {"text": "Add the leaves that you want to preserve to the top of the borax.", "img": "https://www.wikihow.com/images/thumb/5/5d/Preserve-Leaf-Color-Step-8-Version-2.jpg/v4-460px-Preserve-Leaf-Color-Step-8-Version-2.jpg", "vid": null}, "9": {"text": "Cover the leaves completely with another layer of borax.", "img": null, "vid": "/7/7a/Preserve Leaf Color Step 9 Version 2.360p.mp4"}, "10": {"text": "Let the leaves dry in the borax mixture for 2 weeks.", "img": "https://www.wikihow.com/images/thumb/8/8e/Preserve-Leaf-Color-Step-10-Version-2.jpg/v4-460px-Preserve-Leaf-Color-Step-10-Version-2.jpg", "vid": null}, "11": {"text": "Mix a solution of 2 parts warm water and 1 part glycerin.", "img": null, "vid": "/0/0d/Preserve Leaf Color Step 11 Version 2.360p.mp4"}, "12": {"text": "Fill a plastic container halfway with the glycerin mixture.", "img": "https://www.wikihow.com/images/thumb/0/00/Preserve-Leaf-Color-Step-12-Version-2.jpg/v4-460px-Preserve-Leaf-Color-Step-12-Version-2.jpg", "vid": null}, "13": {"text": "Cut the stem of your leaves using garden shears or clippers.", "img": null, "vid": "/0/0b/Preserve Leaf Color Step 13 Version 2.360p.mp4"}, "14": {"text": "Drop your leaves into the glycerin and press them down a little.", "img": null, "vid": "/4/4d/Preserve Leaf Color Step 14 Version 2.360p.mp4"}, "15": {"text": "Cover the leaves and weigh them down if they won\u2019t stay submerged.", "img": null, "vid": "/6/6c/Preserve Leaf Color Step 15 Version 2.360p.mp4"}, "16": {"text": "Leave your leaves in the glycerin for at least 24 hours.", "img": "https://www.wikihow.com/images/thumb/5/58/Preserve-Leaf-Color-Step-16-Version-2.jpg/v4-460px-Preserve-Leaf-Color-Step-16-Version-2.jpg", "vid": null}, "17": {"text": "Dry your leaves with paper towels and flatten them for 3-5 days.", "img": null, "vid": "/b/be/Preserve Leaf Color Step 17 Version 2.360p.mp4"}}