{"video_url": "https://www.youtube.com/embed/S4j3TiDoXA4?showinfo=0", "1": {"text": "Choose roses at the peak of their bloom for the most vibrant color.", "img": "https://www.wikihow.com/images/thumb/3/31/Preserve-Roses-in-Resin-Step-1.jpg/v4-460px-Preserve-Roses-in-Resin-Step-1.jpg", "vid": null}, "2": {"text": "Trim away the majority of the leaves from the roses\u2019 stems.", "img": null, "vid": "/d/d1/Preserve Roses in Resin Step 2.360p.mp4"}, "3": {"text": "Wrap a piece of twine around the stem of each rose and tie it in a bow.", "img": null, "vid": "/a/a8/Preserve Roses in Resin Step 3.360p.mp4"}, "4": {"text": "Hang the roses upside down in a dry, airy place.", "img": "https://www.wikihow.com/images/thumb/4/41/Preserve-Roses-in-Resin-Step-4.jpg/v4-460px-Preserve-Roses-in-Resin-Step-4.jpg", "vid": null}, "5": {"text": "Check the roses every 5-10 days to see if they are dry to the touch.", "img": "https://www.wikihow.com/images/thumb/7/72/Preserve-Roses-in-Resin-Step-5.jpg/v4-460px-Preserve-Roses-in-Resin-Step-5.jpg", "vid": null}, "6": {"text": "Cut the stem away from the bud of the roses after they have fully dried.", "img": null, "vid": "/9/9e/Preserve Roses in Resin Step 6.360p.mp4"}, "7": {"text": "Use a convection oven to dry roses in 3-4 hours.", "img": "https://www.wikihow.com/images/thumb/a/ac/Preserve-Roses-in-Resin-Step-7.jpg/v4-460px-Preserve-Roses-in-Resin-Step-7.jpg", "vid": null}, "8": {"text": "Dry roses in 1-2 days with desiccant in the microwave.", "img": null, "vid": "/c/c6/Preserve Roses in Resin Step 8.360p.mp4"}, "9": {"text": "Use clear polyester casting resin for the cheapest option.", "img": "https://www.wikihow.com/images/thumb/3/38/Preserve-Roses-in-Resin-Step-9.jpg/v4-460px-Preserve-Roses-in-Resin-Step-9.jpg", "vid": null}, "10": {"text": "Choose an epoxy resin if you want an amber cast to the finish.", "img": "https://www.wikihow.com/images/thumb/9/90/Preserve-Roses-in-Resin-Step-10.jpg/v4-460px-Preserve-Roses-in-Resin-Step-10.jpg", "vid": null}, "11": {"text": "Work in a well-ventilated area to combat the resin\u2019s strong odor.", "img": "https://www.wikihow.com/images/thumb/7/73/Preserve-Roses-in-Resin-Step-11.jpg/v4-460px-Preserve-Roses-in-Resin-Step-11.jpg", "vid": null}, "12": {"text": "Wear rubber gloves to protect your hands from the resin.", "img": "https://www.wikihow.com/images/thumb/9/90/Preserve-Roses-in-Resin-Step-12.jpg/v4-460px-Preserve-Roses-in-Resin-Step-12.jpg", "vid": null}, "13": {"text": "Measure how much resin your mold will hold.", "img": null, "vid": "/3/35/Preserve Roses in Resin Step 13.360p.mp4"}, "14": {"text": "Pour enough resin into the disposable measuring cup to fill the mold.", "img": null, "vid": "/5/51/Preserve Roses in Resin Step 14.360p.mp4"}, "15": {"text": "Add the catalyst to the resin per the instructions on the resin container.", "img": null, "vid": "/f/f5/Preserve Roses in Resin Step 15.360p.mp4"}, "16": {"text": "Stir the resin and catalyst with a wooden skewer for 60 seconds.", "img": "https://www.wikihow.com/images/thumb/0/0c/Preserve-Roses-in-Resin-Step-16.jpg/v4-460px-Preserve-Roses-in-Resin-Step-16.jpg", "vid": null}, "17": {"text": "Pour the stirred resin into the mold.", "img": null, "vid": "/f/fd/Preserve Roses in Resin Step 17.360p.mp4"}, "18": {"text": "Place the rose into the resin in the design that you want.", "img": null, "vid": "/0/05/Preserve Roses in Resin Step 18.360p.mp4"}, "19": {"text": "Set a timer for 10 minutes and let the resin set to a gel-like consistency.", "img": "https://www.wikihow.com/images/thumb/c/cf/Preserve-Roses-in-Resin-Step-19.jpg/v4-460px-Preserve-Roses-in-Resin-Step-19.jpg", "vid": null}, "20": {"text": "Finalize the positioning once the resin is the right consistency.", "img": null, "vid": "/5/55/Preserve Roses in Resin Step 20.360p.mp4"}, "21": {"text": "Let the resin set for about 4 hours or until it is completely hardened.", "img": "https://www.wikihow.com/images/thumb/7/77/Preserve-Roses-in-Resin-Step-21.jpg/v4-460px-Preserve-Roses-in-Resin-Step-21.jpg", "vid": null}, "22": {"text": "Remove the mold from the resin to reveal your creation!", "img": "https://www.wikihow.com/images/thumb/2/2b/Preserve-Roses-in-Resin-Step-22.jpg/v4-460px-Preserve-Roses-in-Resin-Step-22.jpg", "vid": null}}