{"video_url": "https://www.youtube.com/embed/3PLsx8y8P58?showinfo=0", "1": {"text": "Choose the freshest lemons you can find; hand pick, if possible.", "img": "https://www.wikihow.com/images/thumb/8/8d/Preserve-Lemon-Peel-Step-1-Version-3.jpg/v4-460px-Preserve-Lemon-Peel-Step-1-Version-3.jpg", "vid": null}, "2": {"text": "Sort the lemons into two groups, and then wash and dry them.", "img": null, "vid": "/e/e4/Preserve Lemon Peel Step 2.360p.mp4"}, "3": {"text": "Store whole, blemish-free lemons in a plastic bag in the refrigerator.", "img": null, "vid": "/c/cb/Preserve Lemon Peel Step 3.360p.mp4"}, "4": {"text": "Cut around blemished sections of the lemons.", "img": "https://www.wikihow.com/images/thumb/6/6d/Preserve-Lemon-Peel-Step-4-Version-3.jpg/v4-460px-Preserve-Lemon-Peel-Step-4-Version-3.jpg", "vid": null}, "5": {"text": "Using a citrus zester, shave off lemon peel from lemon.", "img": "https://www.wikihow.com/images/thumb/a/a3/Preserve-Lemon-Peel-Step-5-Version-3.jpg/v4-460px-Preserve-Lemon-Peel-Step-5-Version-3.jpg", "vid": null}, "6": {"text": "Use lemon fruit for juice and piths for pectin.", "img": "https://www.wikihow.com/images/thumb/b/b1/Preserve-Lemon-Peel-Step-6-Version-3.jpg/v4-460px-Preserve-Lemon-Peel-Step-6-Version-3.jpg", "vid": null}, "7": {"text": "Place lemon zest in a glass mason jar and freeze.", "img": null, "vid": "/c/c1/Preserve Lemon Peel Step 7.360p.mp4"}, "8": {"text": "Using a potato peeler, cut off lemon peel in wide ribbons.", "img": "https://www.wikihow.com/images/thumb/a/a6/Preserve-Lemon-Peel-Step-8-Version-3.jpg/v4-460px-Preserve-Lemon-Peel-Step-8-Version-3.jpg", "vid": null}, "9": {"text": "Mix equal amounts kosher salt and sugar in a bowl.", "img": null, "vid": "/e/e1/Preserve Lemon Peel Step 9.360p.mp4"}, "10": {"text": "Add a few dried peppercorns, allspice berries, bay leaves, and cloves to the bottom of the mason jar.", "img": null, "vid": "/9/93/Preserve Lemon Peel Step 10.360p.mp4"}, "11": {"text": "Add a layer of salt/sugar to the mason jar, then a layer of lemon peel.", "img": null, "vid": "/e/ed/Preserve Lemon Peel Step 11.360p.mp4"}, "12": {"text": "Place lid and rim onto mason jar, close tightly, and shake several times.", "img": null, "vid": "/9/9d/Preserve Lemon Peel Step 12.360p.mp4"}, "13": {"text": "Refrigerate up to one year.", "img": null, "vid": "/8/81/Preserve Lemon Peel Step 13.360p.mp4"}, "14": {"text": "Put on latex or non-latex gloves.", "img": "https://www.wikihow.com/images/thumb/7/7a/Preserve-Lemon-Peel-Step-14-Version-2.jpg/v4-460px-Preserve-Lemon-Peel-Step-14-Version-2.jpg", "vid": null}, "15": {"text": "Roll lemons a few times, with pressure, on a cutting board.", "img": null, "vid": "/7/72/Preserve Lemon Peel Step 15.360p.mp4"}, "16": {"text": "Slice lemons in half.", "img": "https://www.wikihow.com/images/thumb/f/ff/Preserve-Lemon-Peel-Step-16-Version-2.jpg/v4-460px-Preserve-Lemon-Peel-Step-16-Version-2.jpg", "vid": null}, "17": {"text": "Zest lemon skin with citrus zester.", "img": "https://www.wikihow.com/images/thumb/1/1d/Preserve-Lemon-Peel-Step-17-Version-2.jpg/v4-460px-Preserve-Lemon-Peel-Step-17-Version-2.jpg", "vid": null}, "18": {"text": "Place zested half-lemon in lemon squeezer and juice.", "img": null, "vid": "/0/02/Preserve Lemon Peel Step 18.360p.mp4"}, "19": {"text": "Filter lemon juice at least once.", "img": "https://www.wikihow.com/images/thumb/d/d1/Preserve-Lemon-Peel-Step-19-Version-2.jpg/v4-460px-Preserve-Lemon-Peel-Step-19-Version-2.jpg", "vid": null}, "20": {"text": "Save spent lemon piths in a plastic bag.", "img": "https://www.wikihow.com/images/thumb/2/2d/Preserve-Lemon-Peel-Step-20-Version-2.jpg/v4-460px-Preserve-Lemon-Peel-Step-20-Version-2.jpg", "vid": null}, "21": {"text": "Pour filtered lemon juice into ice cube trays, and freeze thoroughly.", "img": null, "vid": "/4/41/Preserve Lemon Peel Step 21.360p.mp4"}, "22": {"text": "Empty ice cube trays into plastic bags.", "img": null, "vid": "/9/91/Preserve Lemon Peel Step 22.360p.mp4"}}