{"video_url": "https://www.youtube.com/embed/U6h8xxmwMyc", "1": {"text": "Get a new razor.", "img": "https://www.wikihow.com/images/thumb/4/49/Prevent-Skin-Irritation-After-Shaving-Step-7-Version-7.jpg/v4-460px-Prevent-Skin-Irritation-After-Shaving-Step-7-Version-7.jpg", "vid": null}, "2": {"text": "Men, purchase a badger brush.", "img": "https://www.wikihow.com/images/thumb/2/2c/Prevent-Skin-Irritation-After-Shaving-Step-8-Version-7.jpg/v4-460px-Prevent-Skin-Irritation-After-Shaving-Step-8-Version-7.jpg", "vid": null}, "3": {"text": "Use shaving cream with aloe or other ingredients intended for sensitive skin.", "img": "https://www.wikihow.com/images/thumb/e/e6/Prevent-Skin-Irritation-After-Shaving-Step-9-Version-7.jpg/v4-460px-Prevent-Skin-Irritation-After-Shaving-Step-9-Version-7.jpg", "vid": null}, "4": {"text": "Apply hydrocortisone cream or salve after shaving.", "img": "https://www.wikihow.com/images/thumb/1/13/Prevent-Skin-Irritation-After-Shaving-Step-10-Version-5.jpg/v4-460px-Prevent-Skin-Irritation-After-Shaving-Step-10-Version-5.jpg", "vid": null}, "5": {"text": "Put on lotion after shaving.", "img": "https://www.wikihow.com/images/thumb/e/e5/Prevent-Skin-Irritation-After-Shaving-Step-11-Version-6.jpg/v4-460px-Prevent-Skin-Irritation-After-Shaving-Step-11-Version-6.jpg", "vid": null}, "6": {"text": "Wait until after your warm bath or shower to shave.", "img": "https://www.wikihow.com/images/thumb/8/83/Prevent-Skin-Irritation-After-Shaving-Step-1-Version-7.jpg/v4-460px-Prevent-Skin-Irritation-After-Shaving-Step-1-Version-7.jpg", "vid": null}, "7": {"text": "Exfoliate, exfoliate, exfoliate.", "img": "https://www.wikihow.com/images/thumb/0/0a/Prevent-Skin-Irritation-After-Shaving-Step-2-Version-8.jpg/v4-460px-Prevent-Skin-Irritation-After-Shaving-Step-2-Version-8.jpg", "vid": null}, "8": {"text": "Always use a shaving lubricant.", "img": "https://www.wikihow.com/images/thumb/4/4f/Prevent-Skin-Irritation-After-Shaving-Step-3-Version-7.jpg/v4-460px-Prevent-Skin-Irritation-After-Shaving-Step-3-Version-7.jpg", "vid": null}, "9": {"text": "Shave in the direction of your hair growth.", "img": "https://www.wikihow.com/images/thumb/5/59/Prevent-Skin-Irritation-After-Shaving-Step-4-Version-8.jpg/v4-460px-Prevent-Skin-Irritation-After-Shaving-Step-4-Version-8.jpg", "vid": null}, "10": {"text": "Use short, light strokes.", "img": "https://www.wikihow.com/images/thumb/7/75/Prevent-Skin-Irritation-After-Shaving-Step-5-Version-7.jpg/v4-460px-Prevent-Skin-Irritation-After-Shaving-Step-5-Version-7.jpg", "vid": null}, "11": {"text": "Rinse with cold water and pat dry.", "img": "https://www.wikihow.com/images/thumb/f/fe/Prevent-Skin-Irritation-After-Shaving-Step-6-Version-6.jpg/v4-460px-Prevent-Skin-Irritation-After-Shaving-Step-6-Version-6.jpg", "vid": null}, "12": {"text": "Cease shaving.", "img": "https://www.wikihow.com/images/thumb/8/87/Prevent-Skin-Irritation-After-Shaving-Step-12-Version-7.jpg/v4-460px-Prevent-Skin-Irritation-After-Shaving-Step-12-Version-7.jpg", "vid": null}, "13": {"text": "Utilize a depilatory to remove hair.", "img": "https://www.wikihow.com/images/thumb/d/dd/Prevent-Skin-Irritation-After-Shaving-Step-13-Version-5.jpg/v4-460px-Prevent-Skin-Irritation-After-Shaving-Step-13-Version-5.jpg", "vid": null}, "14": {"text": "Put benzoyl peroxide salve or a razor bump cream on shaved areas.", "img": "https://www.wikihow.com/images/thumb/2/29/Prevent-Skin-Irritation-After-Shaving-Step-14-Version-5.jpg/v4-460px-Prevent-Skin-Irritation-After-Shaving-Step-14-Version-5.jpg", "vid": null}}