{"video_url": "https://www.youtube.com/embed/7DqeTEKR8Bg?showinfo=0", "1": {"text": "Apply a clear base coat first to protect your nails.", "img": "https://www.wikihow.com/images/thumb/7/76/Prevent-Nail-Polish-Stains-Step-1.jpg/v4-460px-Prevent-Nail-Polish-Stains-Step-1.jpg", "vid": null}, "2": {"text": "Check the ingredients to avoid certain dyes.", "img": "https://www.wikihow.com/images/thumb/c/cf/Prevent-Nail-Polish-Stains-Step-2.jpg/v4-460px-Prevent-Nail-Polish-Stains-Step-2.jpg", "vid": null}, "3": {"text": "Limit how often you use nail hardeners.", "img": "https://www.wikihow.com/images/thumb/f/fb/Prevent-Nail-Polish-Stains-Step-3.jpg/v4-460px-Prevent-Nail-Polish-Stains-Step-3.jpg", "vid": null}, "4": {"text": "Opt for lighter nail polishes instead of dark shades.", "img": null, "vid": "/1/18/Prevent Nail Polish Stains Step 4.360p.mp4"}, "5": {"text": "Spread cuticle oil on your fingers to avoid polish stains.", "img": null, "vid": "/8/80/Prevent Nail Polish Stains Step 5.360p.mp4"}, "6": {"text": "Place a soaked cotton ball on your nail for 30 seconds.", "img": null, "vid": "/9/9e/Prevent Nail Polish Stains Step 6.360p.mp4"}, "7": {"text": "Slide the cotton ball down the nail to remove the polish.", "img": "https://www.wikihow.com/images/thumb/d/d9/Prevent-Nail-Polish-Stains-Step-7.jpg/v4-460px-Prevent-Nail-Polish-Stains-Step-7.jpg", "vid": null}}