{"video_url": "https://www.youtube.com/embed/vgyj0pDK_SU?showinfo=0", "1": {"text": "Plant grass and shrubs.", "img": "https://www.wikihow.com/images/thumb/4/4a/Prevent-Soil-Erosion-Step-1-Version-6.jpg/v4-460px-Prevent-Soil-Erosion-Step-1-Version-6.jpg", "vid": null}, "2": {"text": "Add mulch or rocks.", "img": "https://www.wikihow.com/images/thumb/0/04/Prevent-Soil-Erosion-Step-2-Version-6.jpg/v4-460px-Prevent-Soil-Erosion-Step-2-Version-6.jpg", "vid": null}, "3": {"text": "Use mulch matting to hold vegetation on slopes.", "img": "https://www.wikihow.com/images/thumb/6/65/Prevent-Soil-Erosion-Step-3-Version-5.jpg/v4-460px-Prevent-Soil-Erosion-Step-3-Version-5.jpg", "vid": null}, "4": {"text": "Put down fiber logs.", "img": "https://www.wikihow.com/images/thumb/1/12/Prevent-Soil-Erosion-Step-4-Version-6.jpg/v4-460px-Prevent-Soil-Erosion-Step-4-Version-6.jpg", "vid": null}, "5": {"text": "Build retaining walls", "img": "https://www.wikihow.com/images/thumb/5/52/Prevent-Soil-Erosion-Step-5-Version-5.jpg/v4-460px-Prevent-Soil-Erosion-Step-5-Version-5.jpg", "vid": null}, "6": {"text": "Improve drainage", "img": "https://www.wikihow.com/images/thumb/c/c2/Prevent-Soil-Erosion-Step-6-Version-5.jpg/v4-460px-Prevent-Soil-Erosion-Step-6-Version-5.jpg", "vid": null}, "7": {"text": "Reduce watering if possible.", "img": "https://www.wikihow.com/images/thumb/9/96/Prevent-Soil-Erosion-Step-7-Version-6.jpg/v4-460px-Prevent-Soil-Erosion-Step-7-Version-6.jpg", "vid": null}, "8": {"text": "Avoid soil compaction.", "img": "https://www.wikihow.com/images/thumb/2/2c/Prevent-Soil-Erosion-Step-8-Version-6.jpg/v4-460px-Prevent-Soil-Erosion-Step-8-Version-6.jpg", "vid": null}, "9": {"text": "Plant trees to prevent landslides.", "img": "https://www.wikihow.com/images/thumb/f/f3/Prevent-Soil-Erosion-Step-10-Version-4.jpg/v4-460px-Prevent-Soil-Erosion-Step-10-Version-4.jpg", "vid": null}, "10": {"text": "Reduce tillage.", "img": "https://www.wikihow.com/images/thumb/4/49/Prevent-Soil-Erosion-Step-11-Version-4.jpg/v4-460px-Prevent-Soil-Erosion-Step-11-Version-4.jpg", "vid": null}, "11": {"text": "Protect weak crops with strip cropping.", "img": "https://www.wikihow.com/images/thumb/d/da/Prevent-Soil-Erosion-Step-12-Version-4.jpg/v4-460px-Prevent-Soil-Erosion-Step-12-Version-4.jpg", "vid": null}, "12": {"text": "Practice wet season spelling.", "img": "https://www.wikihow.com/images/thumb/d/d2/Prevent-Soil-Erosion-Step-13-Version-4.jpg/v4-460px-Prevent-Soil-Erosion-Step-13-Version-4.jpg", "vid": null}, "13": {"text": "Keep soil covered year-round.", "img": "https://www.wikihow.com/images/thumb/f/fe/Prevent-Soil-Erosion-Step-9-Version-4.jpg/v4-460px-Prevent-Soil-Erosion-Step-9-Version-4.jpg", "vid": null}, "14": {"text": "Control downhill runoff with flumes.", "img": "https://www.wikihow.com/images/thumb/8/8a/Prevent-Soil-Erosion-Step-14-Version-2.jpg/v4-460px-Prevent-Soil-Erosion-Step-14-Version-2.jpg", "vid": null}, "15": {"text": "Turn a hillside into terraces.", "img": "https://www.wikihow.com/images/thumb/4/41/Prevent-Soil-Erosion-Step-15-Version-2.jpg/v4-460px-Prevent-Soil-Erosion-Step-15-Version-2.jpg", "vid": null}}