{"video_url": "https://www.youtube.com/embed/SSnTWJAd18s?showinfo=0", "1": {"text": "Look at other vinyl sticker designs for inspiration.", "img": "https://www.wikihow.com/images/thumb/8/86/Print-Vinyl-Stickers-Step-1-Version-2.jpg/v4-460px-Print-Vinyl-Stickers-Step-1-Version-2.jpg", "vid": null}, "2": {"text": "Sketch out your design on paper.", "img": null, "vid": "/d/d6/Print Vinyl Stickers Step 2.360p.mp4"}, "3": {"text": "Create your design on the computer using image editing software.", "img": "https://www.wikihow.com/images/thumb/3/3d/Print-Vinyl-Stickers-Step-3-Version-2.jpg/v4-460px-Print-Vinyl-Stickers-Step-3-Version-2.jpg", "vid": null}, "4": {"text": "Open a new 8 x 11 inch (20.3 x 27.9 cm) document in your image editing software.", "img": "https://www.wikihow.com/images/thumb/e/e5/Print-Vinyl-Stickers-Step-4-Version-2.jpg/v4-460px-Print-Vinyl-Stickers-Step-4-Version-2.jpg", "vid": null}, "5": {"text": "Paste the design you created in the new document.", "img": null, "vid": "/c/c9/Print Vinyl Stickers Step 5.360p.mp4"}, "6": {"text": "Click the print preview button to see how your stickers will print.", "img": "https://www.wikihow.com/images/thumb/8/80/Print-Vinyl-Stickers-Step-6-Version-2.jpg/v4-460px-Print-Vinyl-Stickers-Step-6-Version-2.jpg", "vid": null}, "7": {"text": "Load your printer with 8 x 11-inch (20.3 x 27.9 cm) vinyl printer paper.", "img": null, "vid": "/b/b6/Print Vinyl Stickers Step 7.360p.mp4"}, "8": {"text": "Print your design from the editing software onto a sheet of vinyl paper.", "img": null, "vid": "/2/2e/Print Vinyl Stickers Step 8.360p.mp4"}, "9": {"text": "Apply an over-laminate sheet over your stickers.", "img": null, "vid": "/b/b9/Print Vinyl Stickers Step 9.360p.mp4"}, "10": {"text": "Peel back the rest of the over-laminate backing slowly.", "img": null, "vid": "/1/10/Print Vinyl Stickers Step 10.360p.mp4"}, "11": {"text": "Cut out the laminated stickers from the sheet of vinyl.", "img": null, "vid": "/f/f5/Print Vinyl Stickers Step 11.360p.mp4"}, "12": {"text": "Peel off the backing on your stickers to use them.", "img": null, "vid": "/3/33/Print Vinyl Stickers Step 12.360p.mp4"}}