{"video_url": "https://www.youtube.com/embed/Mtp9L7l_j_4", "1": {"text": "Break the word down into 6 root words.", "img": null, "vid": "/c/c6/Pronounce the Longest Word in the English Dictionary Step 1.360p.mp4"}, "2": {"text": "Start by saying \u201cpneumono\u201d as \u201cnew-moh-no.", "img": null, "vid": "/a/ad/Pronounce the Longest Word in the English Dictionary Step 2.360p.mp4"}, "3": {"text": "Say \u201cultra\u201d like \u201cull-truh.", "img": null, "vid": "/8/86/Pronounce the Longest Word in the English Dictionary Step 3.360p.mp4"}, "4": {"text": "Pronounce \u201cmicroscopic\u201d like \u201cmy-kro-skop-ick.", "img": null, "vid": "/7/7a/Pronounce the Longest Word in the English Dictionary Step 4.360p.mp4"}, "5": {"text": "Say \u201csilico\u201d like \u201csill-ih-koh.", "img": null, "vid": "/c/cd/Pronounce the Longest Word in the English Dictionary Step 5.360p.mp4"}, "6": {"text": "Pronounce \u201cvolcano\u201d like \u201cvohl-kay-no.", "img": null, "vid": "/f/fa/Pronounce the Longest Word in the English Dictionary Step 6.360p.mp4"}, "7": {"text": "Finish the word by saying \u201ckoh-nee-oh-sis.", "img": null, "vid": "/2/27/Pronounce the Longest Word in the English Dictionary Step 7.360p.mp4"}, "8": {"text": "Put all of the roots together to say the word.", "img": null, "vid": "/9/98/Pronounce the Longest Word in the English Dictionary Step 8.360p.mp4"}, "9": {"text": "Listen to other people pronouncing the word so you hear how it sounds.", "img": null, "vid": "/7/76/Pronounce the Longest Word in the English Dictionary Step 9.360p.mp4"}, "10": {"text": "Clap with each syllable so you don\u2019t miss any part of the word.", "img": null, "vid": "/f/f1/Pronounce the Longest Word in the English Dictionary Step 10.360p.mp4"}, "11": {"text": "Try using the word in a sentence to practice reading and saying it.", "img": null, "vid": "/8/85/Pronounce the Longest Word in the English Dictionary Step 11.360p.mp4"}}