{"video_url": "https://www.youtube.com/embed/O6DszTRTVZs", "1": {"text": "Pick the right time.", "img": "https://www.wikihow.com/images/thumb/b/be/Propagate-Succulents-from-Leaves-Step-1-Version-4.jpg/v4-460px-Propagate-Succulents-from-Leaves-Step-1-Version-4.jpg", "vid": null}, "2": {"text": "Choose healthy leaves.", "img": "https://www.wikihow.com/images/thumb/8/83/Propagate-Succulents-from-Leaves-Step-2-Version-2.jpg/v4-460px-Propagate-Succulents-from-Leaves-Step-2-Version-2.jpg", "vid": null}, "3": {"text": "Twist the leaves off the stem.", "img": "https://www.wikihow.com/images/thumb/6/60/Propagate-Succulents-from-Leaves-Step-3-Version-2.jpg/v4-460px-Propagate-Succulents-from-Leaves-Step-3-Version-2.jpg", "vid": null}, "4": {"text": "Let the leaf wounds dry.", "img": "https://www.wikihow.com/images/thumb/e/e4/Propagate-Succulents-from-Leaves-Step-4-Version-2.jpg/v4-460px-Propagate-Succulents-from-Leaves-Step-4-Version-2.jpg", "vid": null}, "5": {"text": "Dip the calloused leaves in rooting hormone.", "img": "https://www.wikihow.com/images/thumb/4/45/Propagate-Succulents-from-Leaves-Step-5-Version-2.jpg/v4-460px-Propagate-Succulents-from-Leaves-Step-5-Version-2.jpg", "vid": null}, "6": {"text": "Lay the leaves on a bed of soil.", "img": "https://www.wikihow.com/images/thumb/b/be/Propagate-Succulents-from-Leaves-Step-6.jpg/v4-460px-Propagate-Succulents-from-Leaves-Step-6.jpg", "vid": null}, "7": {"text": "Provide the leaves with lots of indirect sunlight.", "img": "https://www.wikihow.com/images/thumb/4/4f/Propagate-Succulents-from-Leaves-Step-7.jpg/v4-460px-Propagate-Succulents-from-Leaves-Step-7.jpg", "vid": null}, "8": {"text": "Mist daily until new roots grow.", "img": "https://www.wikihow.com/images/thumb/c/c7/Propagate-Succulents-from-Leaves-Step-8-Version-2.jpg/v4-460px-Propagate-Succulents-from-Leaves-Step-8-Version-2.jpg", "vid": null}, "9": {"text": "Cover the roots with soil.", "img": "https://www.wikihow.com/images/thumb/a/a7/Propagate-Succulents-from-Leaves-Step-9.jpg/v4-460px-Propagate-Succulents-from-Leaves-Step-9.jpg", "vid": null}, "10": {"text": "Remove the mother leaf.", "img": "https://www.wikihow.com/images/thumb/7/7c/Propagate-Succulents-from-Leaves-Step-10.jpg/v4-460px-Propagate-Succulents-from-Leaves-Step-10.jpg", "vid": null}, "11": {"text": "Prepare small pots with good drainage.", "img": "https://www.wikihow.com/images/thumb/5/5d/Propagate-Succulents-from-Leaves-Step-11.jpg/v4-460px-Propagate-Succulents-from-Leaves-Step-11.jpg", "vid": null}, "12": {"text": "Transplant the new succulents.", "img": "https://www.wikihow.com/images/thumb/1/1a/Propagate-Succulents-from-Leaves-Step-12.jpg/v4-460px-Propagate-Succulents-from-Leaves-Step-12.jpg", "vid": null}, "13": {"text": "Water when the soil dries out.", "img": "https://www.wikihow.com/images/thumb/2/2a/Propagate-Succulents-from-Leaves-Step-13.jpg/v4-460px-Propagate-Succulents-from-Leaves-Step-13.jpg", "vid": null}, "14": {"text": "Provide the plants with lots of sun.", "img": "https://www.wikihow.com/images/thumb/9/9b/Propagate-Succulents-from-Leaves-Step-14.jpg/v4-460px-Propagate-Succulents-from-Leaves-Step-14.jpg", "vid": null}}