{"video_url": "https://www.youtube.com/embed/vgtS5tbn7E8?showinfo=0", "1": {"text": "Start trimming your cilantro plant once it is 6 inches (15\u00a0cm) tall.", "img": "https://www.wikihow.com/images/thumb/d/d5/Prune-Cilantro-Step-1.jpg/v4-460px-Prune-Cilantro-Step-1.jpg", "vid": null}, "2": {"text": "Pinch or cut cilantro stems off of your plant.", "img": "https://www.wikihow.com/images/thumb/4/45/Prune-Cilantro-Step-2.jpg/v4-460px-Prune-Cilantro-Step-2.jpg", "vid": null}, "3": {"text": "Keep fresh cilantro in the fridge for a week.", "img": "https://www.wikihow.com/images/thumb/4/4c/Prune-Cilantro-Step-3.jpg/v4-460px-Prune-Cilantro-Step-3.jpg", "vid": null}, "4": {"text": "Harvest cilantro often throughout the spring and fall.", "img": "https://www.wikihow.com/images/thumb/2/29/Prune-Cilantro-Step-4.jpg/v4-460px-Prune-Cilantro-Step-4.jpg", "vid": null}, "5": {"text": "Cut stems near the ground level.", "img": "https://www.wikihow.com/images/thumb/9/9f/Prune-Cilantro-Step-5.jpg/v4-460px-Prune-Cilantro-Step-5.jpg", "vid": null}, "6": {"text": "Harvest no more than 1/3 of each plant.", "img": "https://www.wikihow.com/images/thumb/0/05/Prune-Cilantro-Step-6.jpg/v4-460px-Prune-Cilantro-Step-6.jpg", "vid": null}, "7": {"text": "Freeze cilantro leaves and stems.", "img": "https://www.wikihow.com/images/thumb/3/38/Prune-Cilantro-Step-7.jpg/v4-460px-Prune-Cilantro-Step-7.jpg", "vid": null}, "8": {"text": "Dry cilantro.", "img": "https://www.wikihow.com/images/thumb/a/ae/Prune-Cilantro-Step-8.jpg/v4-460px-Prune-Cilantro-Step-8.jpg", "vid": null}, "9": {"text": "Plant cilantro in the spring or early autumn.", "img": "https://www.wikihow.com/images/thumb/2/21/Prune-Cilantro-Step-9.jpg/v4-460px-Prune-Cilantro-Step-9.jpg", "vid": null}, "10": {"text": "Place cilantro in a sunny location with partial shade.", "img": "https://www.wikihow.com/images/thumb/d/d0/Prune-Cilantro-Step-10.jpg/v4-460px-Prune-Cilantro-Step-10.jpg", "vid": null}, "11": {"text": "Use soil with a pH level between 6.0 and 8.0.", "img": "https://www.wikihow.com/images/thumb/0/0d/Prune-Cilantro-Step-11.jpg/v4-460px-Prune-Cilantro-Step-11.jpg", "vid": null}, "12": {"text": "Plant seeds instead of seedlings.", "img": "https://www.wikihow.com/images/thumb/f/f3/Prune-Cilantro-Step-12.jpg/v4-460px-Prune-Cilantro-Step-12.jpg", "vid": null}, "13": {"text": "Keep the soil moist.", "img": "https://www.wikihow.com/images/thumb/0/06/Prune-Cilantro-Step-13.jpg/v4-460px-Prune-Cilantro-Step-13.jpg", "vid": null}}