{"video_url": "https://www.youtube.com/embed/tHq_mNIvtl0?showinfo=0", "1": {"text": "Think about why you want to prune.", "img": "https://www.wikihow.com/images/thumb/0/06/Prune-a-Tree-Step-1-Version-8.jpg/v4-460px-Prune-a-Tree-Step-1-Version-8.jpg", "vid": null}, "2": {"text": "Assess the tree.", "img": "https://www.wikihow.com/images/thumb/2/2b/Prune-a-Tree-Step-2-Version-7.jpg/v4-460px-Prune-a-Tree-Step-2-Version-7.jpg", "vid": null}, "3": {"text": "Identify the major branches of the tree that make up its \"skeleton.", "img": "https://www.wikihow.com/images/thumb/9/99/Prune-a-Tree-Step-3-Version-7.jpg/v4-460px-Prune-a-Tree-Step-3-Version-7.jpg", "vid": null}, "4": {"text": "Remove branches that show signs of damage first.", "img": "https://www.wikihow.com/images/thumb/2/21/Prune-a-Tree-Step-4-Version-7.jpg/v4-460px-Prune-a-Tree-Step-4-Version-7.jpg", "vid": null}, "5": {"text": "Thin out areas that are thick with branches.", "img": "https://www.wikihow.com/images/thumb/0/04/Prune-a-Tree-Step-5-Version-7.jpg/v4-460px-Prune-a-Tree-Step-5-Version-7.jpg", "vid": null}, "6": {"text": "Prune branches that act as obstructions.", "img": "https://www.wikihow.com/images/thumb/2/2d/Prune-a-Tree-Step-6-Version-7.jpg/v4-460px-Prune-a-Tree-Step-6-Version-7.jpg", "vid": null}, "7": {"text": "Prune branches to help shape the tree.", "img": "https://www.wikihow.com/images/thumb/a/a6/Prune-a-Tree-Step-7-Version-4.jpg/v4-460px-Prune-a-Tree-Step-7-Version-4.jpg", "vid": null}, "8": {"text": "Prune as little as possible.", "img": "https://www.wikihow.com/images/thumb/d/d4/Prune-a-Tree-Step-8-Version-4.jpg/v4-460px-Prune-a-Tree-Step-8-Version-4.jpg", "vid": null}, "9": {"text": "Take out your pruning tools in the dormant season.", "img": "https://www.wikihow.com/images/thumb/d/d2/Prune-a-Tree-Step-9-Version-3.jpg/v4-460px-Prune-a-Tree-Step-9-Version-3.jpg", "vid": null}, "10": {"text": "Make a cut on the underside of the branch.", "img": "https://www.wikihow.com/images/thumb/9/9e/Prune-a-Tree-Step-10-Version-3.jpg/v4-460px-Prune-a-Tree-Step-10-Version-3.jpg", "vid": null}, "11": {"text": "Cut off the branch several inches from the trunk.", "img": "https://www.wikihow.com/images/thumb/8/86/Prune-a-Tree-Step-11-Version-3.jpg/v4-460px-Prune-a-Tree-Step-11-Version-3.jpg", "vid": null}, "12": {"text": "Make a precise cut to remove the stub.", "img": "https://www.wikihow.com/images/thumb/1/14/Prune-a-Tree-Step-12-Version-3.jpg/v4-460px-Prune-a-Tree-Step-12-Version-3.jpg", "vid": null}, "13": {"text": "Clean your pruning equipment.", "img": "https://www.wikihow.com/images/thumb/9/96/Prune-a-Tree-Step-13.jpg/v4-460px-Prune-a-Tree-Step-13.jpg", "vid": null}}