{"video_url": "https://www.youtube.com/embed/0iy_gW7-q0k", "1": {"text": "Sterilize and sharpen your pruning shears.", "img": "https://www.wikihow.com/images/thumb/0/0d/Prune-a-Cherry-Tree-Step-1-Version-4.jpg/v4-460px-Prune-a-Cherry-Tree-Step-1-Version-4.jpg", "vid": null}, "2": {"text": "Measure your cherry tree.", "img": "https://www.wikihow.com/images/thumb/c/c7/Prune-a-Cherry-Tree-Step-2-Version-4.jpg/v4-460px-Prune-a-Cherry-Tree-Step-2-Version-4.jpg", "vid": null}, "3": {"text": "Cut the top of the central trunk in the fall or winter.", "img": "https://www.wikihow.com/images/thumb/3/32/Prune-a-Cherry-Tree-Step-3-Version-4.jpg/v4-460px-Prune-a-Cherry-Tree-Step-3-Version-4.jpg", "vid": null}, "4": {"text": "Wait a year before pruning a scaffold.", "img": "https://www.wikihow.com/images/thumb/8/85/Prune-a-Cherry-Tree-Step-4-Version-4.jpg/v4-460px-Prune-a-Cherry-Tree-Step-4-Version-4.jpg", "vid": null}, "5": {"text": "Choose 4-5 branches spaced 8 inches (20.32 cm) apart.", "img": "https://www.wikihow.com/images/thumb/f/f6/Prune-a-Cherry-Tree-Step-5-Version-4.jpg/v4-460px-Prune-a-Cherry-Tree-Step-5-Version-4.jpg", "vid": null}, "6": {"text": "Cut each of the four to five branches back to 24 inches (61.0\u00a0cm).", "img": "https://www.wikihow.com/images/thumb/1/1a/Prune-a-Cherry-Tree-Step-6-Version-4.jpg/v4-460px-Prune-a-Cherry-Tree-Step-6-Version-4.jpg", "vid": null}, "7": {"text": "Keep two secondary branches on each branch on your scaffold whorl .", "img": "https://www.wikihow.com/images/thumb/a/a2/Prune-a-Cherry-Tree-Step-7-Version-4.jpg/v4-460px-Prune-a-Cherry-Tree-Step-7-Version-4.jpg", "vid": null}, "8": {"text": "Prune away the remaining branches.", "img": "https://www.wikihow.com/images/thumb/d/db/Prune-a-Cherry-Tree-Step-8-Version-4.jpg/v4-460px-Prune-a-Cherry-Tree-Step-8-Version-4.jpg", "vid": null}, "9": {"text": "Create a second scaffold whorl the following winter.", "img": "https://www.wikihow.com/images/thumb/3/39/Prune-a-Cherry-Tree-Step-9-Version-4.jpg/v4-460px-Prune-a-Cherry-Tree-Step-9-Version-4.jpg", "vid": null}, "10": {"text": "Trim new vertical branches.", "img": "https://www.wikihow.com/images/thumb/0/0a/Prune-a-Cherry-Tree-Step-10-Version-4.jpg/v4-460px-Prune-a-Cherry-Tree-Step-10-Version-4.jpg", "vid": null}, "11": {"text": "Trim dead matter while the tree is dormant.", "img": "https://www.wikihow.com/images/thumb/b/b7/Prune-a-Cherry-Tree-Step-11-Version-3.jpg/v4-460px-Prune-a-Cherry-Tree-Step-11-Version-3.jpg", "vid": null}, "12": {"text": "Cut back new shoots and seedlings.", "img": "https://www.wikihow.com/images/thumb/b/b2/Prune-a-Cherry-Tree-Step-12-Version-2.jpg/v4-460px-Prune-a-Cherry-Tree-Step-12-Version-2.jpg", "vid": null}, "13": {"text": "Prune any excess branches.", "img": "https://www.wikihow.com/images/thumb/0/0f/Prune-a-Cherry-Tree-Step-13-Version-2.jpg/v4-460px-Prune-a-Cherry-Tree-Step-13-Version-2.jpg", "vid": null}, "14": {"text": "Clean up all cut branches and trimmings.", "img": "https://www.wikihow.com/images/thumb/b/b2/Prune-a-Cherry-Tree-Step-14-Version-2.jpg/v4-460px-Prune-a-Cherry-Tree-Step-14-Version-2.jpg", "vid": null}, "15": {"text": "Do an emergency pruning if necessary.", "img": "https://www.wikihow.com/images/thumb/5/57/Prune-a-Cherry-Tree-Step-15-Version-2.jpg/v4-460px-Prune-a-Cherry-Tree-Step-15-Version-2.jpg", "vid": null}}