{"video_url": "https://www.youtube.com/embed/gaz05wj7st8?showinfo=0", "1": {"text": "Know when to prune.", "img": null, "vid": "/9/9e/Prune Apple Trees Step 1 Version 2.360p.mp4"}, "2": {"text": "Decide how much you need to prune.", "img": null, "vid": "/9/94/Prune Apple Trees Step 2 Version 2.360p.mp4"}, "3": {"text": "Get the right tools.", "img": null, "vid": "/d/db/Prune Apple Trees Step 3 Version 2.360p.mp4"}, "4": {"text": "Know which trees to prune.", "img": null, "vid": "/7/75/Prune Apple Trees Step 4 Version 2.360p.mp4"}, "5": {"text": "Get the right shape.", "img": null, "vid": "/a/a0/Prune Apple Trees Step 5 Version 2.360p.mp4"}, "6": {"text": "Choose your scaffold branches.", "img": null, "vid": "/c/cd/Prune Apple Trees Step 6 Version 2.360p.mp4"}, "7": {"text": "Remove \"suckers\".", "img": null, "vid": "/a/a1/Prune Apple Trees Step 7 Version 2.360p.mp4"}, "8": {"text": "Cut off any dead wood.", "img": null, "vid": "/e/ec/Prune Apple Trees Step 8 Version 2.360p.mp4"}, "9": {"text": "Cut off downwards growing branches.", "img": null, "vid": "/4/4d/Prune Apple Trees Step 10 Version 2.360p.mp4"}, "10": {"text": "Prune down whorls.", "img": null, "vid": "/b/b3/Prune Apple Trees Step 11 Version 2.360p.mp4"}, "11": {"text": "Prune the remaining branches.", "img": null, "vid": "/a/a8/Prune Apple Trees Step 12 Version 2.360p.mp4"}}