{"video_url": "https://www.youtube.com/embed/Ny6Q1QBrtNM", "1": {"text": "Cleanse and moisturize your face.", "img": "https://www.wikihow.com/images/thumb/a/af/Put-on-Liquid-Foundation-Step-1-Version-7.jpg/v4-460px-Put-on-Liquid-Foundation-Step-1-Version-7.jpg", "vid": null}, "2": {"text": "Pour a dime-sized amount of foundation onto your palette of choice.", "img": "https://www.wikihow.com/images/thumb/3/3e/Put-on-Liquid-Foundation-Step-2-Version-7.jpg/v4-460px-Put-on-Liquid-Foundation-Step-2-Version-7.jpg", "vid": null}, "3": {"text": "Dip your fingertips into the foundation, and begin to dab it onto your face.", "img": null, "vid": "/9/98/Put on Liquid Foundation Step 3 Version 3.360p.mp4"}, "4": {"text": "Use your fingertips to blend the foundation into your skin.", "img": null, "vid": "/d/dd/Put on Liquid Foundation Step 4 Version 4.360p.mp4"}, "5": {"text": "Blend the edges.", "img": null, "vid": "/6/65/Put on Liquid Foundation Step 5 Version 4.360p.mp4"}, "6": {"text": "Set your foundation.", "img": null, "vid": "/e/ec/Put on Liquid Foundation Step 6 Version 4.360p.mp4"}, "7": {"text": "Choose the correct sponge.", "img": "https://www.wikihow.com/images/thumb/7/79/Put-on-Liquid-Foundation-Step-7-Version-5.jpg/v4-460px-Put-on-Liquid-Foundation-Step-7-Version-5.jpg", "vid": null}, "8": {"text": "Cleanse and moisturize your face.", "img": "https://www.wikihow.com/images/thumb/7/72/Put-on-Liquid-Foundation-Step-8-Version-5.jpg/v4-460px-Put-on-Liquid-Foundation-Step-8-Version-5.jpg", "vid": null}, "9": {"text": "Dampen the sponge.", "img": "https://www.wikihow.com/images/thumb/4/41/Put-on-Liquid-Foundation-Step-9-Version-5.jpg/v4-460px-Put-on-Liquid-Foundation-Step-9-Version-5.jpg", "vid": null}, "10": {"text": "Pour a dime-sized amount of foundation onto your palette of choice.", "img": "https://www.wikihow.com/images/thumb/0/0c/Put-on-Liquid-Foundation-Step-10-Version-5.jpg/v4-460px-Put-on-Liquid-Foundation-Step-10-Version-5.jpg", "vid": null}, "11": {"text": "Dip the base of your sponge lightly into the foundation.", "img": null, "vid": "/f/f6/Put on Liquid Foundation Step 11 Version 3.360p.mp4"}, "12": {"text": "Dab or press the foundation into your skin.", "img": null, "vid": "/7/7e/Put on Liquid Foundation Step 12 Version 3.360p.mp4"}, "13": {"text": "Use the point of the sponge for smaller areas.", "img": "https://www.wikihow.com/images/thumb/6/65/Put-on-Liquid-Foundation-Step-13-Version-5.jpg/v4-460px-Put-on-Liquid-Foundation-Step-13-Version-5.jpg", "vid": null}, "14": {"text": "Blend the edges.", "img": null, "vid": "/3/37/Put on Liquid Foundation Step 14 Version 4.360p.mp4"}, "15": {"text": "Set your foundation.", "img": null, "vid": "/d/de/Put on Liquid Foundation Step 15 Version 4.360p.mp4"}, "16": {"text": "Clean your sponge.", "img": "https://www.wikihow.com/images/thumb/2/2f/Put-on-Liquid-Foundation-Step-16-Version-5.jpg/v4-460px-Put-on-Liquid-Foundation-Step-16-Version-5.jpg", "vid": null}, "17": {"text": "Choose the correct brush.", "img": "https://www.wikihow.com/images/thumb/f/f2/Put-on-Liquid-Foundation-Step-17-Version-5.jpg/v4-460px-Put-on-Liquid-Foundation-Step-17-Version-5.jpg", "vid": null}, "18": {"text": "Prepare your skin.", "img": "https://www.wikihow.com/images/thumb/2/22/Put-on-Liquid-Foundation-Step-18-Version-4.jpg/v4-460px-Put-on-Liquid-Foundation-Step-18-Version-4.jpg", "vid": null}, "19": {"text": "Pour a dime-sized amount of foundation onto your palette.", "img": "https://www.wikihow.com/images/thumb/4/4f/Put-on-Liquid-Foundation-Step-19-Version-5.jpg/v4-460px-Put-on-Liquid-Foundation-Step-19-Version-5.jpg", "vid": null}, "20": {"text": "Dip the tip of the brush into the foundation.", "img": null, "vid": "/d/d6/Put on Liquid Foundation Step 20 Version 2.360p.mp4"}, "21": {"text": "Apply foundation to your face.", "img": null, "vid": "/e/ea/Put on Liquid Foundation Step 21 Version 3.360p.mp4"}, "22": {"text": "Blend the edges.", "img": null, "vid": "/b/be/Put on Liquid Foundation Step 22 Version 3.360p.mp4"}, "23": {"text": "Set your foundation.", "img": null, "vid": "/6/69/Put on Liquid Foundation Step 23 Version 4.360p.mp4"}, "24": {"text": "Clean your brush.", "img": "https://www.wikihow.com/images/thumb/2/24/Put-on-Liquid-Foundation-Step-24-Version-5.jpg/v4-460px-Put-on-Liquid-Foundation-Step-24-Version-5.jpg", "vid": null}, "25": {"text": "Finished.", "img": "https://www.wikihow.com/images/thumb/9/96/Put-on-Liquid-Foundation-Step-25-Version-4.jpg/v4-460px-Put-on-Liquid-Foundation-Step-25-Version-4.jpg", "vid": null}}