{"video_url": "https://www.youtube.com/embed/jtJJgX7MXnM?showinfo=0", "1": {"text": "Order a Nespresso recycling bag with your next shipment.", "img": "https://www.wikihow.com/images/thumb/1/1a/Recycle-Nespresso-Pods-Step-1.jpg/v4-460px-Recycle-Nespresso-Pods-Step-1.jpg", "vid": null}, "2": {"text": "Find a nearby collection point by using Nespresso\u2019s recycling map.", "img": "https://www.wikihow.com/images/thumb/7/77/Recycle-Nespresso-Pods-Step-2.jpg/v4-460px-Recycle-Nespresso-Pods-Step-2.jpg", "vid": null}, "3": {"text": "Fill your bag with used pods and close it when it\u2019s full.", "img": "https://www.wikihow.com/images/thumb/5/56/Recycle-Nespresso-Pods-Step-3.jpg/v4-460px-Recycle-Nespresso-Pods-Step-3.jpg", "vid": null}, "4": {"text": "Place your pods in the container or drop them off at the customer service desk.", "img": "https://www.wikihow.com/images/thumb/b/bd/Recycle-Nespresso-Pods-Step-4.jpg/v4-460px-Recycle-Nespresso-Pods-Step-4.jpg", "vid": null}, "5": {"text": "Locate a nearby UPS or Nespresso store.", "img": "https://www.wikihow.com/images/thumb/2/25/Recycle-Nespresso-Pods-Step-5.jpg/v4-460px-Recycle-Nespresso-Pods-Step-5.jpg", "vid": null}, "6": {"text": "Call a UPS or Nespresso store to find out if and how they collect pods.", "img": "https://www.wikihow.com/images/thumb/2/27/Recycle-Nespresso-Pods-Step-6.jpg/v4-460px-Recycle-Nespresso-Pods-Step-6.jpg", "vid": null}, "7": {"text": "Take your used pods to the location in the container they specified.", "img": "https://www.wikihow.com/images/thumb/d/d5/Recycle-Nespresso-Pods-Step-7.jpg/v4-460px-Recycle-Nespresso-Pods-Step-7.jpg", "vid": null}, "8": {"text": "Drop your used pods off with an employee to get them recycled.", "img": "https://www.wikihow.com/images/thumb/5/59/Recycle-Nespresso-Pods-Step-8.jpg/v4-460px-Recycle-Nespresso-Pods-Step-8.jpg", "vid": null}, "9": {"text": "Order a Nespresso recycling bag with your next order.", "img": "https://www.wikihow.com/images/thumb/2/2c/Recycle-Nespresso-Pods-Step-9.jpg/v4-460px-Recycle-Nespresso-Pods-Step-9.jpg", "vid": null}, "10": {"text": "Place another order for Nespresso pods and a recycling bag when you\u2019re running low.", "img": "https://www.wikihow.com/images/thumb/f/fc/Recycle-Nespresso-Pods-Step-10.jpg/v4-460px-Recycle-Nespresso-Pods-Step-10.jpg", "vid": null}, "11": {"text": "Give your recycling bag to the delivery driver when he shows up.", "img": "https://www.wikihow.com/images/thumb/b/b4/Recycle-Nespresso-Pods-Step-11.jpg/v4-460px-Recycle-Nespresso-Pods-Step-11.jpg", "vid": null}, "12": {"text": "Remove the cap and clean a used pod by rinsing it in cold water.", "img": "https://www.wikihow.com/images/thumb/2/21/Recycle-Nespresso-Pods-Step-12.jpg/v4-460px-Recycle-Nespresso-Pods-Step-12.jpg", "vid": null}, "13": {"text": "Use scissors to cut a circular cover out of aluminum foil.", "img": "https://www.wikihow.com/images/thumb/4/43/Recycle-Nespresso-Pods-Step-13.jpg/v4-460px-Recycle-Nespresso-Pods-Step-13.jpg", "vid": null}, "14": {"text": "Fill your pod with grounds and leave 1 millimeter of space at the top.", "img": "https://www.wikihow.com/images/thumb/6/63/Recycle-Nespresso-Pods-Step-14.jpg/v4-460px-Recycle-Nespresso-Pods-Step-14.jpg", "vid": null}, "15": {"text": "Place the foil over your pod and wrap it under the lip.", "img": "https://www.wikihow.com/images/thumb/0/04/Recycle-Nespresso-Pods-Step-15.jpg/v4-460px-Recycle-Nespresso-Pods-Step-15.jpg", "vid": null}, "16": {"text": "Use your refilled pod the same way that you would use a normal pod.", "img": "https://www.wikihow.com/images/thumb/a/a0/Recycle-Nespresso-Pods-Step-16.jpg/v4-460px-Recycle-Nespresso-Pods-Step-16.jpg", "vid": null}}