{"video_url": "https://www.youtube.com/embed/6QW0juAcqT8", "1": {"text": "Identify the cause of your swollen gums.", "img": "https://www.wikihow.com/images/thumb/5/55/Reduce-Gum-Swelling-Step-1-Version-3.jpg/v4-460px-Reduce-Gum-Swelling-Step-1-Version-3.jpg", "vid": null}, "2": {"text": "Gently brush using swirling, circular motions, but avoid sideways action.", "img": "https://www.wikihow.com/images/thumb/7/7e/Reduce-Gum-Swelling-Step-2-Version-3.jpg/v4-460px-Reduce-Gum-Swelling-Step-2-Version-3.jpg", "vid": null}, "3": {"text": "Floss between your teeth once a day.", "img": "https://www.wikihow.com/images/thumb/8/8f/Reduce-Gum-Swelling-Step-3-Version-3.jpg/v4-460px-Reduce-Gum-Swelling-Step-3-Version-3.jpg", "vid": null}, "4": {"text": "Rinse out your mouth with a saltwater solution.", "img": "https://www.wikihow.com/images/thumb/d/df/Reduce-Gum-Swelling-Step-4-Version-3.jpg/v4-460px-Reduce-Gum-Swelling-Step-4-Version-3.jpg", "vid": null}, "5": {"text": "Use warm and cold compresses.", "img": "https://www.wikihow.com/images/thumb/3/32/Reduce-Gum-Swelling-Step-5-Version-3.jpg/v4-460px-Reduce-Gum-Swelling-Step-5-Version-3.jpg", "vid": null}, "6": {"text": "Avoid gum irritants.", "img": "https://www.wikihow.com/images/thumb/3/38/Reduce-Gum-Swelling-Step-6-Version-3.jpg/v4-460px-Reduce-Gum-Swelling-Step-6-Version-3.jpg", "vid": null}, "7": {"text": "Drink plenty of water.", "img": "https://www.wikihow.com/images/thumb/b/b7/Reduce-Gum-Swelling-Step-7-Version-2.jpg/v4-460px-Reduce-Gum-Swelling-Step-7-Version-2.jpg", "vid": null}, "8": {"text": "Try gently massaging your gums.", "img": "https://www.wikihow.com/images/thumb/8/88/Reduce-Gum-Swelling-Step-8-Version-2.jpg/v4-460px-Reduce-Gum-Swelling-Step-8-Version-2.jpg", "vid": null}, "9": {"text": "Apply some clove oil.", "img": "https://www.wikihow.com/images/thumb/7/72/Reduce-Gum-Swelling-Step-9-Version-2.jpg/v4-460px-Reduce-Gum-Swelling-Step-9-Version-2.jpg", "vid": null}, "10": {"text": "Brush your teeth two to three times per day.", "img": "https://www.wikihow.com/images/thumb/e/e4/Reduce-Gum-Swelling-Step-10-Version-2.jpg/v4-460px-Reduce-Gum-Swelling-Step-10-Version-2.jpg", "vid": null}, "11": {"text": "Remember to floss daily.", "img": "https://www.wikihow.com/images/thumb/4/42/Reduce-Gum-Swelling-Step-11-Version-2.jpg/v4-460px-Reduce-Gum-Swelling-Step-11-Version-2.jpg", "vid": null}, "12": {"text": "Ensure that your diet is varied and rich in vitamin C, calcium and folic acid.", "img": "https://www.wikihow.com/images/thumb/a/a7/Reduce-Gum-Swelling-Step-12-Version-2.jpg/v4-460px-Reduce-Gum-Swelling-Step-12-Version-2.jpg", "vid": null}, "13": {"text": "Never gargle with vinegar or lemon juice.", "img": "https://www.wikihow.com/images/thumb/8/84/Reduce-Gum-Swelling-Step-13-Version-2.jpg/v4-460px-Reduce-Gum-Swelling-Step-13-Version-2.jpg", "vid": null}, "14": {"text": "Get enough sleep and avoid stress.", "img": "https://www.wikihow.com/images/thumb/d/d1/Reduce-Gum-Swelling-Step-14-Version-2.jpg/v4-460px-Reduce-Gum-Swelling-Step-14-Version-2.jpg", "vid": null}, "15": {"text": "Eliminate tobacco.", "img": "https://www.wikihow.com/images/thumb/2/27/Reduce-Gum-Swelling-Step-15-Version-2.jpg/v4-460px-Reduce-Gum-Swelling-Step-15-Version-2.jpg", "vid": null}, "16": {"text": "Visit your dentist for a teeth cleaning and examination.", "img": "https://www.wikihow.com/images/thumb/7/7d/Reduce-Gum-Swelling-Step-16.jpg/v4-460px-Reduce-Gum-Swelling-Step-16.jpg", "vid": null}}