{"video_url": "https://www.youtube.com/embed/7DCz1nCYuYo?showinfo=0", "1": {"text": "Spend some time outdoors to calm your mind.", "img": "https://www.wikihow.com/images/thumb/5/59/Relax-Step-4-Version-5.jpg/v4-460px-Relax-Step-4-Version-5.jpg", "vid": null}, "2": {"text": "Soak in a bubble bath to relax your whole body.", "img": "https://www.wikihow.com/images/thumb/0/0b/Relax-Step-5-Version-5.jpg/v4-460px-Relax-Step-5-Version-5.jpg", "vid": null}, "3": {"text": "Try a warm drink that doesn\u2019t have caffeine in it.", "img": "https://www.wikihow.com/images/thumb/e/e8/Relax-Step-6-Version-5.jpg/v4-460px-Relax-Step-6-Version-5.jpg", "vid": null}, "4": {"text": "Cuddle or play with your furry friend.", "img": "https://www.wikihow.com/images/thumb/3/32/Relax-Step-7-Version-5.jpg/v4-460px-Relax-Step-7-Version-5.jpg", "vid": null}, "5": {"text": "Tap into your artistic side to help you relax.", "img": "https://www.wikihow.com/images/thumb/b/bd/Relax-Step-9-Version-4.jpg/v4-460px-Relax-Step-9-Version-4.jpg", "vid": null}, "6": {"text": "Stretch your body while relaxing.", "img": "https://www.wikihow.com/images/thumb/7/74/Relax-Step-12-Version-5.jpg/v4-460px-Relax-Step-12-Version-5.jpg", "vid": null}, "7": {"text": "Empty your mind to relieve stress.", "img": "https://www.wikihow.com/images/thumb/9/91/Relax-Step-11-Version-5.jpg/v4-460px-Relax-Step-11-Version-5.jpg", "vid": null}, "8": {"text": "Pay attention to the present moment.", "img": "https://www.wikihow.com/images/thumb/5/5e/Relax-Step-15-Version-5.jpg/v4-460px-Relax-Step-15-Version-5.jpg", "vid": null}, "9": {"text": "Our phones and computers can really stress us out.", "img": "https://www.wikihow.com/images/thumb/5/50/Relax-Step-16-Version-5.jpg/v4-460px-Relax-Step-16-Version-5.jpg", "vid": null}, "10": {"text": "Let your emotions out in a private place.", "img": "https://www.wikihow.com/images/thumb/2/20/Relax-Step-8-Version-5.jpg/v4-460px-Relax-Step-8-Version-5.jpg", "vid": null}, "11": {"text": "Use essential oils to calm your nerves.", "img": "https://www.wikihow.com/images/thumb/5/52/Relax-Step-13-Version-4.jpg/v4-460px-Relax-Step-13-Version-4.jpg", "vid": null}, "12": {"text": "Small breaks throughout the day can make a huge difference.", "img": "https://www.wikihow.com/images/thumb/9/91/Relax-Step-1-Version-5.jpg/v4-460px-Relax-Step-1-Version-5.jpg", "vid": null}, "13": {"text": "Calm your heart rate and slow your breathing.", "img": "https://www.wikihow.com/images/thumb/2/28/Relax-Step-2-Version-5.jpg/v4-460px-Relax-Step-2-Version-5.jpg", "vid": null}, "14": {"text": "Use your senses to calm yourself down.", "img": "https://www.wikihow.com/images/thumb/b/b1/Relax-Step-3-Version-5.jpg/v4-460px-Relax-Step-3-Version-5.jpg", "vid": null}, "15": {"text": "Tense then relax every muscle in your body.", "img": "https://www.wikihow.com/images/thumb/4/4f/Relax-Step-10-Version-5.jpg/v4-460px-Relax-Step-10-Version-5.jpg", "vid": null}, "16": {"text": "A therapist can track your body\u2019s responses to stress.", "img": "https://www.wikihow.com/images/thumb/f/f7/Relax-Step-14-Version-4.jpg/v4-460px-Relax-Step-14-Version-4.jpg", "vid": null}}