{"video_url": "https://www.youtube.com/embed/TT1VEy2Bms4?showinfo=0", "1": {"text": "Don't multitask.", "img": "https://www.wikihow.com/images/thumb/f/fc/Remember-Anything-Step-1-Version-2.jpg/v4-460px-Remember-Anything-Step-1-Version-2.jpg", "vid": null}, "2": {"text": "Avoid external distractions.", "img": "https://www.wikihow.com/images/thumb/6/6d/Remember-Anything-Step-2-Version-2.jpg/v4-460px-Remember-Anything-Step-2-Version-2.jpg", "vid": null}, "3": {"text": "Avoid internal distractions.", "img": "https://www.wikihow.com/images/thumb/c/c8/Remember-Anything-Step-3-Version-2.jpg/v4-460px-Remember-Anything-Step-3-Version-2.jpg", "vid": null}, "4": {"text": "Study in the afternoon.", "img": "https://www.wikihow.com/images/thumb/5/5d/Remember-Anything-Step-4-Version-2.jpg/v4-460px-Remember-Anything-Step-4-Version-2.jpg", "vid": null}, "5": {"text": "Summarize each paragraph in the margins.", "img": "https://www.wikihow.com/images/thumb/e/e3/Remember-Anything-Step-5-Version-2.jpg/v4-460px-Remember-Anything-Step-5-Version-2.jpg", "vid": null}, "6": {"text": "Write things over and over.", "img": "https://www.wikihow.com/images/thumb/b/b9/Remember-Anything-Step-6-Version-2.jpg/v4-460px-Remember-Anything-Step-6-Version-2.jpg", "vid": null}, "7": {"text": "Use mnemonic devices.", "img": "https://www.wikihow.com/images/thumb/5/5f/Remember-Anything-Step-7-Version-2.jpg/v4-460px-Remember-Anything-Step-7-Version-2.jpg", "vid": null}, "8": {"text": "Use word association.", "img": "https://www.wikihow.com/images/thumb/9/97/Remember-Anything-Step-8.jpg/v4-460px-Remember-Anything-Step-8.jpg", "vid": null}, "9": {"text": "Visualize.", "img": "https://www.wikihow.com/images/thumb/8/80/Remember-Anything-Step-9.jpg/v4-460px-Remember-Anything-Step-9.jpg", "vid": null}, "10": {"text": "Make up stories.", "img": "https://www.wikihow.com/images/thumb/5/57/Remember-Anything-Step-10.jpg/v4-460px-Remember-Anything-Step-10.jpg", "vid": null}, "11": {"text": "Change the position of a household object.", "img": "https://www.wikihow.com/images/thumb/5/54/Remember-Anything-Step-11.jpg/v4-460px-Remember-Anything-Step-11.jpg", "vid": null}, "12": {"text": "Exercise your body.", "img": "https://www.wikihow.com/images/thumb/2/24/Remember-Anything-Step-12.jpg/v4-460px-Remember-Anything-Step-12.jpg", "vid": null}, "13": {"text": "Exercise your mind.", "img": "https://www.wikihow.com/images/thumb/6/6b/Remember-Anything-Step-13.jpg/v4-460px-Remember-Anything-Step-13.jpg", "vid": null}, "14": {"text": "Get enough sleep.", "img": "https://www.wikihow.com/images/thumb/6/6a/Remember-Anything-Step-14.jpg/v4-460px-Remember-Anything-Step-14.jpg", "vid": null}, "15": {"text": "Say things aloud.", "img": "https://www.wikihow.com/images/thumb/7/78/Remember-Anything-Step-15.jpg/v4-460px-Remember-Anything-Step-15.jpg", "vid": null}, "16": {"text": "Be observant.", "img": "https://www.wikihow.com/images/thumb/c/cf/Remember-Anything-Step-16.jpg/v4-460px-Remember-Anything-Step-16.jpg", "vid": null}, "17": {"text": "Eat the right foods.", "img": "https://www.wikihow.com/images/thumb/2/20/Remember-Anything-Step-17.jpg/v4-460px-Remember-Anything-Step-17.jpg", "vid": null}}