{"video_url": "https://www.youtube.com/embed/OqTEQJS_GOo", "1": {"text": "Purchase dandruff shampoo.", "img": "https://www.wikihow.com/images/thumb/9/97/Remove-Dye-from-Hair-Step-1-Version-4.jpg/v4-460px-Remove-Dye-from-Hair-Step-1-Version-4.jpg", "vid": null}, "2": {"text": "Grab some baking soda.", "img": "https://www.wikihow.com/images/thumb/7/7b/Remove-Dye-from-Hair-Step-2-Version-4.jpg/v4-460px-Remove-Dye-from-Hair-Step-2-Version-4.jpg", "vid": null}, "3": {"text": "Mix the shampoo and baking soda together in equal parts.", "img": "https://www.wikihow.com/images/thumb/9/98/Remove-Dye-from-Hair-Step-3-Version-4.jpg/v4-460px-Remove-Dye-from-Hair-Step-3-Version-4.jpg", "vid": null}, "4": {"text": "Shampoo your hair with the mixture.", "img": "https://www.wikihow.com/images/thumb/c/c4/Remove-Dye-from-Hair-Step-4-Version-6.jpg/v4-460px-Remove-Dye-from-Hair-Step-4-Version-6.jpg", "vid": null}, "5": {"text": "Rinse thoroughly.", "img": "https://www.wikihow.com/images/thumb/c/cc/Remove-Dye-from-Hair-Step-5-Version-6.jpg/v4-460px-Remove-Dye-from-Hair-Step-5-Version-6.jpg", "vid": null}, "6": {"text": "Mix four or five drops of dish soap with regular shampoo.", "img": "https://www.wikihow.com/images/thumb/4/40/Remove-Dye-from-Hair-Step-6-Version-4.jpg/v4-460px-Remove-Dye-from-Hair-Step-6-Version-4.jpg", "vid": null}, "7": {"text": "Wet your hair and apply the mixture.", "img": "https://www.wikihow.com/images/thumb/c/cd/Remove-Dye-from-Hair-Step-7-Version-6.jpg/v4-460px-Remove-Dye-from-Hair-Step-7-Version-6.jpg", "vid": null}, "8": {"text": "Rinse your hair thoroughly.", "img": "https://www.wikihow.com/images/thumb/9/94/Remove-Dye-from-Hair-Step-8-Version-6.jpg/v4-460px-Remove-Dye-from-Hair-Step-8-Version-6.jpg", "vid": null}, "9": {"text": "Check your hair after each application of dish soap.", "img": "https://www.wikihow.com/images/thumb/0/02/Remove-Dye-from-Hair-Step-9-Version-6.jpg/v4-460px-Remove-Dye-from-Hair-Step-9-Version-6.jpg", "vid": null}, "10": {"text": "Follow up with a deep conditioner every time.", "img": "https://www.wikihow.com/images/thumb/3/31/Remove-Dye-from-Hair-Step-10-Version-3.jpg/v4-460px-Remove-Dye-from-Hair-Step-10-Version-3.jpg", "vid": null}, "11": {"text": "Make a paste out of Vitamin C tablets.", "img": "https://www.wikihow.com/images/thumb/c/cc/Remove-Dye-from-Hair-Step-11-Version-3.jpg/v4-460px-Remove-Dye-from-Hair-Step-11-Version-3.jpg", "vid": null}, "12": {"text": "Apply the paste to wet hair and let it sit for 1 hour.", "img": "https://www.wikihow.com/images/thumb/2/2d/Remove-Dye-from-Hair-Step-12-Version-5.jpg/v4-460px-Remove-Dye-from-Hair-Step-12-Version-5.jpg", "vid": null}, "13": {"text": "Rinse it out and wash your hair.", "img": "https://www.wikihow.com/images/thumb/c/c2/Remove-Dye-from-Hair-Step-13-Version-5.jpg/v4-460px-Remove-Dye-from-Hair-Step-13-Version-5.jpg", "vid": null}, "14": {"text": "Create a mixture of equal parts vinegar and warm water.", "img": "https://www.wikihow.com/images/thumb/a/a5/Remove-Dye-from-Hair-Step-14-Version-4.jpg/v4-460px-Remove-Dye-from-Hair-Step-14-Version-4.jpg", "vid": null}, "15": {"text": "Saturate your hair with the mixture.", "img": "https://www.wikihow.com/images/thumb/f/f9/Remove-Dye-from-Hair-Step-15-Version-5.jpg/v4-460px-Remove-Dye-from-Hair-Step-15-Version-5.jpg", "vid": null}, "16": {"text": "Cover your hair and wait 15 to 20 minutes.", "img": "https://www.wikihow.com/images/thumb/5/53/Remove-Dye-from-Hair-Step-16-Version-3.jpg/v4-460px-Remove-Dye-from-Hair-Step-16-Version-3.jpg", "vid": null}, "17": {"text": "Shampoo your hair and rinse it thoroughly.", "img": "https://www.wikihow.com/images/thumb/7/75/Remove-Dye-from-Hair-Step-17-Version-5.jpg/v4-460px-Remove-Dye-from-Hair-Step-17-Version-5.jpg", "vid": null}}