{"video_url": "https://www.youtube.com/embed/R9jF_7Ugld8?showinfo=0", "1": {"text": "Find the head of the tick.", "img": "https://www.wikihow.com/images/thumb/6/61/Remove-a-Tick-Step-1-new.jpg/v4-460px-Remove-a-Tick-Step-1-new.jpg", "vid": null}, "2": {"text": "Grasp the tick as close to the skin as possible with a pair of tweezers.", "img": null, "vid": "/9/9b/Remove a Tick Step 2 Version 2.360p.mp4"}, "3": {"text": "Pull firmly and steadily outward.", "img": null, "vid": "/5/54/Remove a Tick Step 3 Version 2.360p.mp4"}, "4": {"text": "Wash with warm water and soap.", "img": "https://www.wikihow.com/images/thumb/0/0d/Remove-a-Tick-Step-4-Version-3.jpg/v4-460px-Remove-a-Tick-Step-4-Version-3.jpg", "vid": null}, "5": {"text": "See a doctor if you have trouble removing the tick.", "img": "https://www.wikihow.com/images/thumb/f/f7/Remove-a-Tick-Step-5-Version-3.jpg/v4-460px-Remove-a-Tick-Step-5-Version-3.jpg", "vid": null}, "6": {"text": "Cut a length of floss.", "img": null, "vid": "/b/bf/Remove a Tick Step 6.360p.mp4"}, "7": {"text": "Loop the string around the tick's head.", "img": null, "vid": "/a/a8/Remove a Tick Step 7.360p.mp4"}, "8": {"text": "Tighten the loop around the head.", "img": null, "vid": "/9/9c/Remove a Tick Step 8.360p.mp4"}, "9": {"text": "Pull the ends of the string upward in a slow, steady motion.", "img": null, "vid": "/b/b1/Remove a Tick Step 9.360p.mp4"}, "10": {"text": "Wash with warm water and soap.", "img": "https://www.wikihow.com/images/thumb/d/d0/Remove-a-Tick-Step-10-Version-2.jpg/v4-460px-Remove-a-Tick-Step-10-Version-2.jpg", "vid": null}, "11": {"text": "Cut a V-shape into the card.", "img": null, "vid": null}, "12": {"text": "Slide a credit card next to the tick's head.", "img": "https://www.wikihow.com/images/thumb/c/cf/Remove-a-Tick-Step-11-Version-2.jpg/v4-460px-Remove-a-Tick-Step-11-Version-2.jpg", "vid": null}, "13": {"text": "Firmly hold the back of the tick in place.", "img": null, "vid": "/0/03/Remove a Tick Step 12.360p.mp4"}, "14": {"text": "Slide the credit card along your skin and under the head.", "img": null, "vid": "/1/13/Remove a Tick Step 13.360p.mp4"}, "15": {"text": "Dispose of the tick properly.", "img": "https://www.wikihow.com/images/thumb/c/ca/Remove-a-Tick-Step-14-Version-3.jpg/v4-460px-Remove-a-Tick-Step-14-Version-3.jpg", "vid": null}, "16": {"text": "Consider saving the tick for testing.", "img": "https://www.wikihow.com/images/thumb/d/da/Remove-a-Tick-Step-15-Version-3.jpg/v4-460px-Remove-a-Tick-Step-15-Version-3.jpg", "vid": null}, "17": {"text": "Check the wound site for symptoms.", "img": "https://www.wikihow.com/images/thumb/d/d7/Remove-a-Tick-Step-16-Version-3.jpg/v4-460px-Remove-a-Tick-Step-16-Version-3.jpg", "vid": null}}