{"video_url": "https://www.youtube.com/embed/skssMG9f_lc?showinfo=0", "1": {"text": "Clip your nails.", "img": "https://www.wikihow.com/images/thumb/2/25/Remove-Acrylic-Nails-Step-1-Version-8.jpg/v4-460px-Remove-Acrylic-Nails-Step-1-Version-8.jpg", "vid": null}, "2": {"text": "File the top coat off of the nails.", "img": null, "vid": "/1/15/Remove Acrylic Nails Step 2 Version 7.360p.mp4"}, "3": {"text": "Pour the acetone into a bowl.", "img": null, "vid": "/d/d3/Remove Acrylic Nails Step 3 Version 5.360p.mp4"}, "4": {"text": "Apply petroleum jelly to the skin surrounding your nails.", "img": null, "vid": "/0/04/Remove Acrylic Nails Step 4 Version 5.360p.mp4"}, "5": {"text": "Apply the acetone to your nails.", "img": null, "vid": "/2/25/Remove Acrylic Nails Step 5 Version 3.360p.mp4"}, "6": {"text": "Remove the foil and cotton balls from your fingertips.", "img": null, "vid": "/e/ef/Remove Acrylic Nails Step 6 Version 5.360p.mp4"}, "7": {"text": "Scrape off the leftover acrylic with the nail buffer.", "img": null, "vid": "/7/77/Remove Acrylic Nails Step 7 Version 5.360p.mp4"}, "8": {"text": "Shape your natural nails.", "img": null, "vid": "/e/e8/Remove Acrylic Nails Step 8 Version 5.360p.mp4"}, "9": {"text": "Restore the moisture to your hands.", "img": null, "vid": "/d/db/Remove Acrylic Nails Step 9 Version 5.360p.mp4"}, "10": {"text": "Find a partner.", "img": "https://www.wikihow.com/images/thumb/1/1f/Remove-Acrylic-Nails-Step-14-Version-8.jpg/v4-460px-Remove-Acrylic-Nails-Step-14-Version-8.jpg", "vid": null}, "11": {"text": "Pry up the bottom edge of an acrylic nail.", "img": null, "vid": "/b/b1/Remove Acrylic Nails Step 15 Version 3.360p.mp4"}, "12": {"text": "Have your partner slide dental floss under the edge.", "img": null, "vid": "/7/7a/Remove Acrylic Nails Step 16 Version 3.360p.mp4"}, "13": {"text": "Your partner should begin working the floss back and forth under the nail.", "img": null, "vid": "/5/57/Remove Acrylic Nails Step 17 Version 5.360p.mp4"}, "14": {"text": "Buff your nails.", "img": null, "vid": "/4/4c/Remove Acrylic Nails Step 18 Version 7.360p.mp4"}, "15": {"text": "Finished.", "img": "https://www.wikihow.com/images/thumb/2/21/Remove-Acrylic-Nails-Step-19-Version-9.jpg/v4-460px-Remove-Acrylic-Nails-Step-19-Version-9.jpg", "vid": null}}