{"video_url": "https://www.youtube.com/embed/lTpCVzamEsY?showinfo=0", "1": {"text": "Scrape the residue off with a dull blade.", "img": "https://www.wikihow.com/images/thumb/5/59/Remove-Duct-Tape-Residue-Step-1.jpg/v4-460px-Remove-Duct-Tape-Residue-Step-1.jpg", "vid": null}, "2": {"text": "Soak a soft cloth in rubbing alcohol and rub at the area.", "img": "https://www.wikihow.com/images/thumb/7/76/Remove-Duct-Tape-Residue-Step-2.jpg/v4-460px-Remove-Duct-Tape-Residue-Step-2.jpg", "vid": null}, "3": {"text": "Scrub the area with a mixture of dish soap and warm water.", "img": "https://www.wikihow.com/images/thumb/2/2b/Remove-Duct-Tape-Residue-Step-3.jpg/v4-460px-Remove-Duct-Tape-Residue-Step-3.jpg", "vid": null}, "4": {"text": "Dry the surface with a cloth.", "img": "https://www.wikihow.com/images/thumb/2/21/Remove-Duct-Tape-Residue-Step-4.jpg/v4-460px-Remove-Duct-Tape-Residue-Step-4.jpg", "vid": null}, "5": {"text": "Soak a paper towel in cooking oil and lay it over the residue.", "img": "https://www.wikihow.com/images/thumb/8/8f/Remove-Duct-Tape-Residue-Step-5.jpg/v4-460px-Remove-Duct-Tape-Residue-Step-5.jpg", "vid": null}, "6": {"text": "Mix together some coconut oil and baking soda.", "img": "https://www.wikihow.com/images/thumb/5/56/Remove-Duct-Tape-Residue-Step-6.jpg/v4-460px-Remove-Duct-Tape-Residue-Step-6.jpg", "vid": null}, "7": {"text": "Apply the paste and let it rest for 30 minutes.", "img": "https://www.wikihow.com/images/thumb/e/ed/Remove-Duct-Tape-Residue-Step-7.jpg/v4-460px-Remove-Duct-Tape-Residue-Step-7.jpg", "vid": null}, "8": {"text": "Wash off the paste with warm water.", "img": "https://www.wikihow.com/images/thumb/5/5c/Remove-Duct-Tape-Residue-Step-8.jpg/v4-460px-Remove-Duct-Tape-Residue-Step-8.jpg", "vid": null}, "9": {"text": "Dry the surface with a cloth.", "img": "https://www.wikihow.com/images/thumb/6/6b/Remove-Duct-Tape-Residue-Step-9.jpg/v4-460px-Remove-Duct-Tape-Residue-Step-9.jpg", "vid": null}, "10": {"text": "Heat the residue with a hairdryer for a quick removal.", "img": "https://www.wikihow.com/images/thumb/b/ba/Remove-Duct-Tape-Residue-Step-10.jpg/v4-460px-Remove-Duct-Tape-Residue-Step-10.jpg", "vid": null}, "11": {"text": "Spray WD-40 to treat metal surfaces.", "img": "https://www.wikihow.com/images/thumb/d/d9/Remove-Duct-Tape-Residue-Step-11.jpg/v4-460px-Remove-Duct-Tape-Residue-Step-11.jpg", "vid": null}, "12": {"text": "Apply a commercial residue remover for a stronger treatment.", "img": "https://www.wikihow.com/images/thumb/2/24/Remove-Duct-Tape-Residue-Step-12.jpg/v4-460px-Remove-Duct-Tape-Residue-Step-12.jpg", "vid": null}, "13": {"text": "Use water pressure or sandblasting to clean rock and concrete.", "img": "https://www.wikihow.com/images/thumb/e/e8/Remove-Duct-Tape-Residue-Step-13.jpg/v4-460px-Remove-Duct-Tape-Residue-Step-13.jpg", "vid": null}}