{"video_url": "https://www.youtube.com/embed/lys0dPNo7xg", "1": {"text": "Remove excess oil immediately with a rag or paper towel.", "img": "https://www.wikihow.com/images/thumb/d/dd/Remove-Oil-Stains-Step-1-Version-2.jpg/v4-460px-Remove-Oil-Stains-Step-1-Version-2.jpg", "vid": null}, "2": {"text": "If working with clothes, use a cardboard insert.", "img": "https://www.wikihow.com/images/thumb/c/c9/Remove-Oil-Stains-Step-2-Version-2.jpg/v4-460px-Remove-Oil-Stains-Step-2-Version-2.jpg", "vid": null}, "3": {"text": "Apply talc or baking soda to the stain.", "img": "https://www.wikihow.com/images/thumb/6/61/Remove-Oil-Stains-Step-3-Version-2.jpg/v4-460px-Remove-Oil-Stains-Step-3-Version-2.jpg", "vid": null}, "4": {"text": "Work grease-cutting dish soap into the stain.", "img": "https://www.wikihow.com/images/thumb/f/f3/Remove-Oil-Stains-Step-4-Version-2.jpg/v4-460px-Remove-Oil-Stains-Step-4-Version-2.jpg", "vid": null}, "5": {"text": "Pre-treat the stain with detergent.", "img": "https://www.wikihow.com/images/thumb/c/c8/Remove-Oil-Stains-Step-5-Version-2.jpg/v4-460px-Remove-Oil-Stains-Step-5-Version-2.jpg", "vid": null}, "6": {"text": "Place your clothing or fabric in the laundry.", "img": "https://www.wikihow.com/images/thumb/7/70/Remove-Oil-Stains-Step-6-Version-2.jpg/v4-460px-Remove-Oil-Stains-Step-6-Version-2.jpg", "vid": null}, "7": {"text": "Repeat as needed.", "img": "https://www.wikihow.com/images/thumb/d/d7/Remove-Oil-Stains-Step-7-Version-2.jpg/v4-460px-Remove-Oil-Stains-Step-7-Version-2.jpg", "vid": null}, "8": {"text": "Try alternative stain-removing solutions.", "img": "https://www.wikihow.com/images/thumb/b/b1/Remove-Oil-Stains-Step-8-Version-2.jpg/v4-460px-Remove-Oil-Stains-Step-8-Version-2.jpg", "vid": null}, "9": {"text": "If possible, soak up excess oil immediately.", "img": "https://www.wikihow.com/images/thumb/5/5e/Remove-Oil-Stains-Step-9-Version-2.jpg/v4-460px-Remove-Oil-Stains-Step-9-Version-2.jpg", "vid": null}, "10": {"text": "Treat with baking soda and vacuum.", "img": "https://www.wikihow.com/images/thumb/9/95/Remove-Oil-Stains-Step-10-Version-2.jpg/v4-460px-Remove-Oil-Stains-Step-10-Version-2.jpg", "vid": null}, "11": {"text": "Pour rubbing alcohol on the stain.", "img": "https://www.wikihow.com/images/thumb/7/77/Remove-Oil-Stains-Step-11-Version-2.jpg/v4-460px-Remove-Oil-Stains-Step-11-Version-2.jpg", "vid": null}, "12": {"text": "Treat the carpet with a soap/vinegar solution.", "img": "https://www.wikihow.com/images/thumb/2/23/Remove-Oil-Stains-Step-12-Version-2.jpg/v4-460px-Remove-Oil-Stains-Step-12-Version-2.jpg", "vid": null}, "13": {"text": "Treat with carpet cleaner.", "img": "https://www.wikihow.com/images/thumb/0/0c/Remove-Oil-Stains-Step-13-Version-2.jpg/v4-460px-Remove-Oil-Stains-Step-13-Version-2.jpg", "vid": null}, "14": {"text": "Rinse with cool water.", "img": "https://www.wikihow.com/images/thumb/4/40/Remove-Oil-Stains-Step-14-Version-2.jpg/v4-460px-Remove-Oil-Stains-Step-14-Version-2.jpg", "vid": null}, "15": {"text": "Finish by vacuuming again.", "img": "https://www.wikihow.com/images/thumb/7/70/Remove-Oil-Stains-Step-15-Version-2.jpg/v4-460px-Remove-Oil-Stains-Step-15-Version-2.jpg", "vid": null}, "16": {"text": "Soak or wash away excess oil immediately.", "img": "https://www.wikihow.com/images/thumb/e/e4/Remove-Oil-Stains-Step-16.jpg/v4-460px-Remove-Oil-Stains-Step-16.jpg", "vid": null}, "17": {"text": "Scrub with baking soda and water and allow to sit overnight.", "img": "https://www.wikihow.com/images/thumb/8/85/Remove-Oil-Stains-Step-17.jpg/v4-460px-Remove-Oil-Stains-Step-17.jpg", "vid": null}, "18": {"text": "Soak with warm water and vinegar.", "img": "https://www.wikihow.com/images/thumb/6/61/Remove-Oil-Stains-Step-18.jpg/v4-460px-Remove-Oil-Stains-Step-18.jpg", "vid": null}, "19": {"text": "Scrub the stain with an abrasive or stiff brush.", "img": "https://www.wikihow.com/images/thumb/9/90/Remove-Oil-Stains-Step-19.jpg/v4-460px-Remove-Oil-Stains-Step-19.jpg", "vid": null}, "20": {"text": "Use a commercial grease-cutting cleaner.", "img": "https://www.wikihow.com/images/thumb/9/92/Remove-Oil-Stains-Step-20.jpg/v4-460px-Remove-Oil-Stains-Step-20.jpg", "vid": null}, "21": {"text": "Use mineral oil for kitchen appliance surfaces.", "img": "https://www.wikihow.com/images/thumb/3/3a/Remove-Oil-Stains-Step-21.jpg/v4-460px-Remove-Oil-Stains-Step-21.jpg", "vid": null}, "22": {"text": "Use trisodium phosphate for concrete.", "img": "https://www.wikihow.com/images/thumb/6/62/Remove-Oil-Stains-Step-22.jpg/v4-460px-Remove-Oil-Stains-Step-22.jpg", "vid": null}, "23": {"text": "Try using club soda.", "img": "https://www.wikihow.com/images/thumb/b/bc/Remove-Oil-Stains-Step-23.jpg/v4-460px-Remove-Oil-Stains-Step-23.jpg", "vid": null}}