{"video_url": "https://www.youtube.com/embed/j83JWL_38GA", "1": {"text": "Sort clothes normally.", "img": "https://www.wikihow.com/images/thumb/1/16/Remove-Body-Odor-from-Clothes-Step-1-Version-2.jpg/v4-460px-Remove-Body-Odor-from-Clothes-Step-1-Version-2.jpg", "vid": null}, "2": {"text": "Soak clothes in warm water and baking soda.", "img": "https://www.wikihow.com/images/thumb/7/72/Remove-Body-Odor-from-Clothes-Step-2-Version-2.jpg/v4-460px-Remove-Body-Odor-from-Clothes-Step-2-Version-2.jpg", "vid": null}, "3": {"text": "Wash clothes by hand, or restart your washing machine.", "img": "https://www.wikihow.com/images/thumb/1/1b/Remove-Body-Odor-from-Clothes-Step-3-Version-2.jpg/v4-460px-Remove-Body-Odor-from-Clothes-Step-3-Version-2.jpg", "vid": null}, "4": {"text": "Hang outside to dry, if possible.", "img": "https://www.wikihow.com/images/thumb/0/0b/Remove-Body-Odor-from-Clothes-Step-4-Version-2.jpg/v4-460px-Remove-Body-Odor-from-Clothes-Step-4-Version-2.jpg", "vid": null}, "5": {"text": "Assess where the odor is coming from on your clothes.", "img": "https://www.wikihow.com/images/thumb/8/87/Remove-Body-Odor-from-Clothes-Step-5-Version-2.jpg/v4-460px-Remove-Body-Odor-from-Clothes-Step-5-Version-2.jpg", "vid": null}, "6": {"text": "Apply a spot treatment to the odorous area.", "img": "https://www.wikihow.com/images/thumb/d/da/Remove-Body-Odor-from-Clothes-Step-6-Version-2.jpg/v4-460px-Remove-Body-Odor-from-Clothes-Step-6-Version-2.jpg", "vid": null}, "7": {"text": "Launder as usual.", "img": "https://www.wikihow.com/images/thumb/1/18/Remove-Body-Odor-from-Clothes-Step-7-Version-2.jpg/v4-460px-Remove-Body-Odor-from-Clothes-Step-7-Version-2.jpg", "vid": null}, "8": {"text": "Hang outside to dry, if possible, or lay out on a towel to dry.", "img": "https://www.wikihow.com/images/thumb/2/29/Remove-Body-Odor-from-Clothes-Step-8-Version-2.jpg/v4-460px-Remove-Body-Odor-from-Clothes-Step-8-Version-2.jpg", "vid": null}, "9": {"text": "Figure out where the smell is located on your clothes.", "img": "https://www.wikihow.com/images/thumb/a/a1/Remove-Body-Odor-from-Clothes-Step-9-Version-2.jpg/v4-460px-Remove-Body-Odor-from-Clothes-Step-9-Version-2.jpg", "vid": null}, "10": {"text": "Spray a treatment of vodka on the smelly spots.", "img": "https://www.wikihow.com/images/thumb/1/12/Remove-Body-Odor-from-Clothes-Step-10-Version-2.jpg/v4-460px-Remove-Body-Odor-from-Clothes-Step-10-Version-2.jpg", "vid": null}, "11": {"text": "Let the area dry before putting the clothes back on.", "img": "https://www.wikihow.com/images/thumb/0/0f/Remove-Body-Odor-from-Clothes-Step-11.jpg/v4-460px-Remove-Body-Odor-from-Clothes-Step-11.jpg", "vid": null}}