{"video_url": "https://www.youtube.com/embed/pJccsLYDBFo", "1": {"text": "Place a cloth underneath the stain.", "img": "https://www.wikihow.com/images/thumb/0/0a/Remove-Ink-from-Clothes-Step-1-Version-7.jpg/v4-460px-Remove-Ink-from-Clothes-Step-1-Version-7.jpg", "vid": null}, "2": {"text": "Blot the stain with a white cloth.", "img": null, "vid": "/7/79/Remove Ink from Clothes Step 2 Version 7.360p.mp4"}, "3": {"text": "Blot the other side of the garment.", "img": null, "vid": "/7/77/Remove Ink from Clothes Step 3 Version 7.360p.mp4"}, "4": {"text": "Find an alcohol-based hairspray.", "img": "https://www.wikihow.com/images/thumb/c/c8/Remove-Ink-from-Clothes-Step-4-Version-7.jpg/v4-460px-Remove-Ink-from-Clothes-Step-4-Version-7.jpg", "vid": null}, "5": {"text": "Spot test an inconspicuous area.", "img": null, "vid": "/7/7e/Remove Ink from Clothes Step 5 Version 7.360p.mp4"}, "6": {"text": "Spray the stain with hairspray.", "img": null, "vid": "/7/76/Remove Ink from Clothes Step 6 Version 7.360p.mp4"}, "7": {"text": "Let the hairspray set.", "img": "https://www.wikihow.com/images/thumb/6/6e/Remove-Ink-from-Clothes-Step-7-Version-7.jpg/v4-460px-Remove-Ink-from-Clothes-Step-7-Version-7.jpg", "vid": null}, "8": {"text": "Blot the stain with a clean cloth.", "img": null, "vid": "/6/65/Remove Ink from Clothes Step 8 Version 7.360p.mp4"}, "9": {"text": "Dab with rubbing alcohol.", "img": null, "vid": "/a/a9/Remove Ink from Clothes Step 9 Version 7.360p.mp4"}, "10": {"text": "Use glycerin and dish detergent.", "img": null, "vid": "/9/91/Remove Ink from Clothes Step 10 Version 7.360p.mp4"}, "11": {"text": "Use baking soda and water.", "img": null, "vid": "/2/29/Remove Ink from Clothes Step 11 Version 7.360p.mp4"}, "12": {"text": "Clean the stain with white vinegar.", "img": null, "vid": "/f/ff/Remove Ink from Clothes Step 12 Version 5.360p.mp4"}, "13": {"text": "Blot with dry cleaning fluid.", "img": null, "vid": "/d/d9/Remove Ink from Clothes Step 13 Version 4.360p.mp4"}}