{"video_url": "https://www.youtube.com/embed/KOhvU0V4BsI", "1": {"text": "Rinse your mouth with a saltwater solution.", "img": "https://www.wikihow.com/images/thumb/6/66/Remove-a-Mouth-Ulcer-Step-1-Version-4.jpg/v4-460px-Remove-a-Mouth-Ulcer-Step-1-Version-4.jpg", "vid": null}, "2": {"text": "Try a baking soda mouth rinse.", "img": "https://www.wikihow.com/images/thumb/8/81/Remove-a-Mouth-Ulcer-Step-2-Version-4.jpg/v4-460px-Remove-a-Mouth-Ulcer-Step-2-Version-4.jpg", "vid": null}, "3": {"text": "Rinse with mild mouthwash.", "img": "https://www.wikihow.com/images/thumb/d/de/Remove-a-Mouth-Ulcer-Step-3-Version-5.jpg/v4-460px-Remove-a-Mouth-Ulcer-Step-3-Version-5.jpg", "vid": null}, "4": {"text": "Use milk of magnesia.", "img": "https://www.wikihow.com/images/thumb/1/1b/Remove-a-Mouth-Ulcer-Step-4-Version-4.jpg/v4-460px-Remove-a-Mouth-Ulcer-Step-4-Version-4.jpg", "vid": null}, "5": {"text": "Dab the sore with hydrogen peroxide.", "img": "https://www.wikihow.com/images/thumb/6/65/Remove-a-Mouth-Ulcer-Step-5-Version-4.jpg/v4-460px-Remove-a-Mouth-Ulcer-Step-5-Version-4.jpg", "vid": null}, "6": {"text": "Suck on ice chips.", "img": "https://www.wikihow.com/images/thumb/5/56/Remove-a-Mouth-Ulcer-Step-9-Version-4.jpg/v4-460px-Remove-a-Mouth-Ulcer-Step-9-Version-4.jpg", "vid": null}, "7": {"text": "Stay away from acidic and spicy foods.", "img": "https://www.wikihow.com/images/thumb/5/57/Remove-a-Mouth-Ulcer-Step-10-Version-2.jpg/v4-460px-Remove-a-Mouth-Ulcer-Step-10-Version-2.jpg", "vid": null}, "8": {"text": "Be gentle when you brush your teeth.", "img": "https://www.wikihow.com/images/thumb/d/dd/Remove-a-Mouth-Ulcer-Step-11-Version-2.jpg/v4-460px-Remove-a-Mouth-Ulcer-Step-11-Version-2.jpg", "vid": null}, "9": {"text": "Take over-the-counter pain relievers.", "img": "https://www.wikihow.com/images/thumb/7/7a/Remove-a-Mouth-Ulcer-Step-12.jpg/v4-460px-Remove-a-Mouth-Ulcer-Step-12.jpg", "vid": null}, "10": {"text": "Try vitamin supplements.", "img": "https://www.wikihow.com/images/thumb/7/7c/Remove-a-Mouth-Ulcer-Step-14.jpg/v4-460px-Remove-a-Mouth-Ulcer-Step-14.jpg", "vid": null}, "11": {"text": "See your doctor if the sores are large or extremely painful.", "img": "https://www.wikihow.com/images/thumb/d/da/Remove-a-Mouth-Ulcer-Step-17.jpg/v4-460px-Remove-a-Mouth-Ulcer-Step-17.jpg", "vid": null}, "12": {"text": "Ask for topical pain medication.", "img": "https://www.wikihow.com/images/thumb/6/60/Remove-a-Mouth-Ulcer-Step-18.jpg/v4-460px-Remove-a-Mouth-Ulcer-Step-18.jpg", "vid": null}, "13": {"text": "Request a medicated mouth rinse.", "img": "https://www.wikihow.com/images/thumb/a/a4/Remove-a-Mouth-Ulcer-Step-19.jpg/v4-460px-Remove-a-Mouth-Ulcer-Step-19.jpg", "vid": null}, "14": {"text": "Take prescribed medication if your sores won\u2019t heal.", "img": "https://www.wikihow.com/images/thumb/c/cb/Remove-a-Mouth-Ulcer-Step-20.jpg/v4-460px-Remove-a-Mouth-Ulcer-Step-20.jpg", "vid": null}, "15": {"text": "Get your ulcers medically cauterized.", "img": "https://www.wikihow.com/images/thumb/9/9a/Remove-a-Mouth-Ulcer-Step-21.jpg/v4-460px-Remove-a-Mouth-Ulcer-Step-21.jpg", "vid": null}, "16": {"text": "Take a supplement to prevent recurrence.", "img": "https://www.wikihow.com/images/thumb/2/23/Remove-a-Mouth-Ulcer-Step-22.jpg/v4-460px-Remove-a-Mouth-Ulcer-Step-22.jpg", "vid": null}}