{"video_url": "https://www.youtube.com/embed/nZTw_iJn6M4?showinfo=0", "1": {"text": "Remove the seeds if you want to decrease the bitterness of your eggplant.", "img": "https://www.wikihow.com/images/thumb/3/36/Remove-Eggplant-Seeds-Step-1.jpg/v4-460px-Remove-Eggplant-Seeds-Step-1.jpg", "vid": null}, "2": {"text": "Slice your eggplant in half lengthwise.", "img": null, "vid": "/6/63/Remove Eggplant Seeds Step 2.360p.mp4"}, "3": {"text": "Scrape out the seedy core using a metal spoon.", "img": "https://www.wikihow.com/images/thumb/e/e9/Remove-Eggplant-Seeds-Step-3.jpg/v4-460px-Remove-Eggplant-Seeds-Step-3.jpg", "vid": null}, "4": {"text": "Use your kitchen knife to slice or cube the eggplant flesh.", "img": null, "vid": "/4/41/Remove Eggplant Seeds Step 4.360p.mp4"}, "5": {"text": "Scoop the seeds out of an eggplant into a bowl of water.", "img": null, "vid": "/7/76/Remove Eggplant Seeds Step 5.360p.mp4"}, "6": {"text": "Use your fingers to rub the seeds off the pulp and into the water.", "img": null, "vid": "/b/b2/Remove Eggplant Seeds Step 6.360p.mp4"}, "7": {"text": "Pour the water out through a mesh strainer and rinse the seeds with water.", "img": null, "vid": "/9/9b/Remove Eggplant Seeds Step 7.360p.mp4"}, "8": {"text": "Dry the seeds for 1-2 days in a well-ventilated area.", "img": null, "vid": "/0/06/Remove Eggplant Seeds Step 8.360p.mp4"}, "9": {"text": "Store your dried seeds in a clean, dry container for up to 5 years.", "img": null, "vid": "/9/9a/Remove Eggplant Seeds Step 9.360p.mp4"}}