{"video_url": "https://www.youtube.com/embed/Tg0XJ3tUW6k", "1": {"text": "Determine whether it's time to repot.", "img": "https://www.wikihow.com/images/thumb/1/14/Repot-an-Orchid-Step-1.jpg/v4-460px-Repot-an-Orchid-Step-1.jpg", "vid": null}, "2": {"text": "Don't repot orchids unless you really need to.", "img": "https://www.wikihow.com/images/thumb/8/83/1385562-2.jpg/v4-460px-1385562-2.jpg", "vid": null}, "3": {"text": "Figure out what potting material you need.", "img": "https://www.wikihow.com/images/thumb/d/d5/Repot-an-Orchid-Step-5.jpg/v4-460px-Repot-an-Orchid-Step-5.jpg", "vid": null}, "4": {"text": "Decide what size pot to use.", "img": "https://www.wikihow.com/images/thumb/5/52/Repot-an-Orchid-Step-2.jpg/v4-460px-Repot-an-Orchid-Step-2.jpg", "vid": null}, "5": {"text": "Measure out the potting material you need into a large bucket or bowl.", "img": "https://www.wikihow.com/images/thumb/7/76/1385562-5.jpg/v4-460px-1385562-5.jpg", "vid": null}, "6": {"text": "Cover the potting mix with hot water.", "img": "https://www.wikihow.com/images/thumb/8/88/1385562-6.jpg/v4-460px-1385562-6.jpg", "vid": null}, "7": {"text": "Strain the potting mix.", "img": "https://www.wikihow.com/images/thumb/d/df/1385562-7.jpg/v4-460px-1385562-7.jpg", "vid": null}, "8": {"text": "Remove the orchid from its old pot.", "img": "https://www.wikihow.com/images/thumb/3/3f/Repot-an-Orchid-Step-3.jpg/v4-460px-Repot-an-Orchid-Step-3.jpg", "vid": null}, "9": {"text": "Remove the old potting mix and dead roots.", "img": "https://www.wikihow.com/images/thumb/0/0c/Repot-an-Orchid-Step-4.jpg/v4-460px-Repot-an-Orchid-Step-4.jpg", "vid": null}, "10": {"text": "Get the new pot ready.", "img": "https://www.wikihow.com/images/thumb/e/e2/1385562-10.jpg/v4-460px-1385562-10.jpg", "vid": null}, "11": {"text": "Place the orchid in its new pot.", "img": "https://www.wikihow.com/images/thumb/b/b9/1385562-11.jpg/v4-460px-1385562-11.jpg", "vid": null}, "12": {"text": "Press the potting mix into the pot.", "img": "https://www.wikihow.com/images/thumb/6/6f/1385562-12.jpg/v4-460px-1385562-12.jpg", "vid": null}, "13": {"text": "Make sure the plant is able to stand upright when you're finished.", "img": "https://www.wikihow.com/images/thumb/5/5c/Repot-an-Orchid-Step-6.jpg/v4-460px-Repot-an-Orchid-Step-6.jpg", "vid": null}, "14": {"text": "Continue  caring for your orchid as before.", "img": "https://www.wikihow.com/images/thumb/a/a8/Repot-an-Orchid-Intro.jpg/v4-460px-Repot-an-Orchid-Intro.jpg", "vid": null}}