{"video_url": "https://www.youtube.com/embed/9w6KdVw-KJk?showinfo=0", "1": {"text": "Put the pen in boiling-hot water for 5 minutes to avoid using flames.", "img": "https://www.wikihow.com/images/thumb/4/44/Restart-a-Dry-Ball-Point-Pen-Step-2-Version-3.jpg/v4-460px-Restart-a-Dry-Ball-Point-Pen-Step-2-Version-3.jpg", "vid": null}, "2": {"text": "Warm the pen with a blow dryer or craft heat gun for gentler heating.", "img": "https://www.wikihow.com/images/thumb/2/26/Restart-a-Dry-Ball-Point-Pen-Step-3-Version-3.jpg/v4-460px-Restart-a-Dry-Ball-Point-Pen-Step-3-Version-3.jpg", "vid": null}, "3": {"text": "Hold the tip of the pen to a flame for a few seconds to unclog the ink.", "img": "https://www.wikihow.com/images/thumb/d/d4/Restart-a-Dry-Ball-Point-Pen-Step-1-Version-3.jpg/v4-460px-Restart-a-Dry-Ball-Point-Pen-Step-1-Version-3.jpg", "vid": null}, "4": {"text": "Dab a little spit on the nib to lubricate the ball.", "img": "https://www.wikihow.com/images/thumb/5/57/Restart-a-Dry-Ball-Point-Pen-Step-6-Version-3.jpg/v4-460px-Restart-a-Dry-Ball-Point-Pen-Step-6-Version-3.jpg", "vid": null}, "5": {"text": "Dip the point of the pen in rubbing alcohol to dissolve clogs.", "img": "https://www.wikihow.com/images/thumb/1/19/Restart-a-Dry-Ball-Point-Pen-Step-4-Version-3.jpg/v4-460px-Restart-a-Dry-Ball-Point-Pen-Step-4-Version-3.jpg", "vid": null}, "6": {"text": "Try acetone if alcohol doesn\u2019t work.", "img": null, "vid": null}, "7": {"text": "Scrape the nib on a rubber surface to get the ball rolling.", "img": "https://www.wikihow.com/images/thumb/e/e9/Restart-a-Dry-Ball-Point-Pen-Step-5-Version-3.jpg/v4-460px-Restart-a-Dry-Ball-Point-Pen-Step-5-Version-3.jpg", "vid": null}, "8": {"text": "Shake the pen to move the ink down in the cartridge.", "img": "https://www.wikihow.com/images/thumb/f/f2/Restart-a-Dry-Ball-Point-Pen-Step-7-Version-3.jpg/v4-460px-Restart-a-Dry-Ball-Point-Pen-Step-7-Version-3.jpg", "vid": null}, "9": {"text": "Push the ink down in a wide cartridge with a cotton swab.", "img": "https://www.wikihow.com/images/thumb/e/e2/Restart-a-Dry-Ball-Point-Pen-Step-8-Version-3.jpg/v4-460px-Restart-a-Dry-Ball-Point-Pen-Step-8-Version-3.jpg", "vid": null}}