{"video_url": "https://www.youtube.com/embed/wy2aE0glKOM?showinfo=0", "1": {"text": "Remove the laces and insert shoe trees if you're brushing suede shoes.", "img": "https://www.wikihow.com/images/thumb/2/2b/Restore-Suede-Step-1.jpg/v4-460px-Restore-Suede-Step-1.jpg", "vid": null}, "2": {"text": "Select a suede brush with soft bristles to get rid of light dirt.", "img": "https://www.wikihow.com/images/thumb/5/5a/Restore-Suede-Step-2.jpg/v4-460px-Restore-Suede-Step-2.jpg", "vid": null}, "3": {"text": "Brush the suede material using gentle back and forth motions.", "img": null, "vid": "/9/9d/Restore Suede Step 3.360p.mp4"}, "4": {"text": "Give the suede a final swipe so the fibers are going the same direction.", "img": "https://www.wikihow.com/images/thumb/7/79/Restore-Suede-Step-4.jpg/v4-460px-Restore-Suede-Step-4.jpg", "vid": null}, "5": {"text": "Brush your suede using soft bristles weekly to give it a fresh look.", "img": null, "vid": "/1/14/Restore Suede Step 5.360p.mp4"}, "6": {"text": "Absorb liquid stains right after they happen, if possible.", "img": null, "vid": "/8/88/Restore Suede Step 6.360p.mp4"}, "7": {"text": "Dab white vinegar on dirt stains with a cloth to clean them.", "img": null, "vid": "/7/7b/Restore Suede Step 7.360p.mp4"}, "8": {"text": "Purchase a suede eraser to rub off tricky dirt spots.", "img": null, "vid": "/0/06/Restore Suede Step 8.360p.mp4"}, "9": {"text": "Sand your suede using 1200-grit sandpaper to get rid of stubborn stains.", "img": null, "vid": "/b/b2/Restore Suede Step 9.360p.mp4"}, "10": {"text": "Cover the suede in a thin layer of clean water to fix water stains.", "img": null, "vid": "/5/55/Restore Suede Step 10.360p.mp4"}, "11": {"text": "Sprinkle cornstarch or talcum powder over grease stains to fix them.", "img": "https://www.wikihow.com/images/thumb/3/38/Restore-Suede-Step-11.jpg/v4-460px-Restore-Suede-Step-11.jpg", "vid": null}, "12": {"text": "Treat suede with a spray so it repels dirt, water, and other stains.", "img": null, "vid": "/1/14/Restore Suede Step 12.360p.mp4"}, "13": {"text": "Bring your suede to a leather cleaner if you can\u2019t get the stain out.", "img": "https://www.wikihow.com/images/thumb/7/70/Restore-Suede-Step-13.jpg/v4-460px-Restore-Suede-Step-13.jpg", "vid": null}}