{"video_url": "https://www.youtube.com/embed/CKL9rkpN1EU?showinfo=0", "1": {"text": "Gear up with a helmet and protective padding.", "img": "https://www.wikihow.com/images/thumb/2/2c/Ride-a-Waveboard-Step-1-Version-2.jpg/v4-460px-Ride-a-Waveboard-Step-1-Version-2.jpg", "vid": null}, "2": {"text": "Tilt the waveboard forward to get on it.", "img": "https://www.wikihow.com/images/thumb/e/ee/Ride-a-Waveboard-Step-2-Version-2.jpg/v4-460px-Ride-a-Waveboard-Step-2-Version-2.jpg", "vid": null}, "3": {"text": "Determine if you feel more comfortable with your right or left foot forward.", "img": "https://www.wikihow.com/images/thumb/f/f3/Ride-a-Waveboard-Step-3-Version-2.jpg/v4-460px-Ride-a-Waveboard-Step-3-Version-2.jpg", "vid": null}, "4": {"text": "Move by pushing with your non-dominant foot.", "img": "https://www.wikihow.com/images/thumb/6/6d/Ride-a-Waveboard-Step-4-Version-2.jpg/v4-460px-Ride-a-Waveboard-Step-4-Version-2.jpg", "vid": null}, "5": {"text": "Wiggle gently with your non-dominant foot to gain speed.", "img": "https://www.wikihow.com/images/thumb/d/d0/Ride-a-Waveboard-Step-5-Version-2.jpg/v4-460px-Ride-a-Waveboard-Step-5-Version-2.jpg", "vid": null}, "6": {"text": "Practice turning by pushing your feet in contrary motions.", "img": "https://www.wikihow.com/images/thumb/0/08/Ride-a-Waveboard-Step-6-Version-2.jpg/v4-460px-Ride-a-Waveboard-Step-6-Version-2.jpg", "vid": null}, "7": {"text": "Stop the waveboard by leaning forward.", "img": "https://www.wikihow.com/images/thumb/f/f5/Ride-a-Waveboard-Step-7-Version-2.jpg/v4-460px-Ride-a-Waveboard-Step-7-Version-2.jpg", "vid": null}, "8": {"text": "Duck down while you ride for your first trick.", "img": "https://www.wikihow.com/images/thumb/8/8b/Ride-a-Waveboard-Step-8-Version-2.jpg/v4-460px-Ride-a-Waveboard-Step-8-Version-2.jpg", "vid": null}, "9": {"text": "Skate on ramps or bowls for airtime.", "img": "https://www.wikihow.com/images/thumb/1/1d/Ride-a-Waveboard-Step-9.jpg/v4-460px-Ride-a-Waveboard-Step-9.jpg", "vid": null}, "10": {"text": "Grab the center bar of the waveboard for a technical trick.", "img": "https://www.wikihow.com/images/thumb/5/5a/Ride-a-Waveboard-Step-10.jpg/v4-460px-Ride-a-Waveboard-Step-10.jpg", "vid": null}, "11": {"text": "Test your dexterity by picking up buckets as you ride.", "img": "https://www.wikihow.com/images/thumb/f/ff/Ride-a-Waveboard-Step-11.jpg/v4-460px-Ride-a-Waveboard-Step-11.jpg", "vid": null}, "12": {"text": "Cruise the streets as a relaxing pastime.", "img": "https://www.wikihow.com/images/thumb/f/f2/Ride-a-Waveboard-Step-12.jpg/v4-460px-Ride-a-Waveboard-Step-12.jpg", "vid": null}, "13": {"text": "Learn to race on waveboards with friends.", "img": "https://www.wikihow.com/images/thumb/a/a7/Ride-a-Waveboard-Step-13.jpg/v4-460px-Ride-a-Waveboard-Step-13.jpg", "vid": null}, "14": {"text": "Carve down some hills for an adrenaline rush.", "img": "https://www.wikihow.com/images/thumb/3/32/Ride-a-Waveboard-Step-14.jpg/v4-460px-Ride-a-Waveboard-Step-14.jpg", "vid": null}}