{"video_url": "https://www.youtube.com/embed/zPzpRgsX0Lw", "1": {"text": "Ripen the mango in a paper bag or newspaper.", "img": "https://www.wikihow.com/images/thumb/e/e2/Ripen-Mangoes-Step-1-Version-2.jpg/v4-460px-Ripen-Mangoes-Step-1-Version-2.jpg", "vid": null}, "2": {"text": "Submerge the mango in a bowl of uncooked rice or popcorn kernels.", "img": "https://www.wikihow.com/images/thumb/8/8f/Ripen-Mangoes-Step-2-Version-2.jpg/v4-460px-Ripen-Mangoes-Step-2-Version-2.jpg", "vid": null}, "3": {"text": "Set the unripe mango on the kitchen counter at room temperature.", "img": "https://www.wikihow.com/images/thumb/0/0e/Ripen-Mangoes-Step-3-Version-2.jpg/v4-460px-Ripen-Mangoes-Step-3-Version-2.jpg", "vid": null}, "4": {"text": "Smell the mango for the most reliable results.", "img": "https://www.wikihow.com/images/thumb/d/d2/Ripen-Mangoes-Step-4.jpg/v4-460px-Ripen-Mangoes-Step-4.jpg", "vid": null}, "5": {"text": "Squeeze the mango gently after you've sniffed.", "img": "https://www.wikihow.com/images/thumb/f/f2/Ripen-Mangoes-Step-5.jpg/v4-460px-Ripen-Mangoes-Step-5.jpg", "vid": null}, "6": {"text": "Don't rely on colour to judge the ripeness of a mango.", "img": "https://www.wikihow.com/images/thumb/8/83/Ripen-Mangoes-Step-6.jpg/v4-460px-Ripen-Mangoes-Step-6.jpg", "vid": null}, "7": {"text": "Don't be scared away by a few black spots on the surface of the mango skin.", "img": "https://www.wikihow.com/images/thumb/8/8f/Ripen-Mangoes-Step-7.jpg/v4-460px-Ripen-Mangoes-Step-7.jpg", "vid": null}, "8": {"text": "Place the whole mango in the refrigerator when it has ripened.", "img": "https://www.wikihow.com/images/thumb/a/a6/Ripen-Mangoes-Step-8.jpg/v4-460px-Ripen-Mangoes-Step-8.jpg", "vid": null}, "9": {"text": "Peel and chop the ripe mango if desired", "img": "https://www.wikihow.com/images/thumb/d/db/Ripen-Mangoes-Step-9.jpg/v4-460px-Ripen-Mangoes-Step-9.jpg", "vid": null}}