{"video_url": "https://www.youtube.com/embed/qzt9HNqSj9Q", "1": {"text": "Preheat the oven to 450\u00b0F (230\u00b0C).", "img": null, "vid": null}, "2": {"text": "Wash your asparagus.", "img": null, "vid": "/6/6a/Roast Asparagus Step 2.360p.mp4"}, "3": {"text": "Trim your asparagus to remove the woody ends of the stalks.", "img": null, "vid": "/0/06/Roast Asparagus Step 3.360p.mp4"}, "4": {"text": "Dry the asparagus if necessary.", "img": null, "vid": "/e/e4/Roast Asparagus Step 4.360p.mp4"}, "5": {"text": "Line a rimmed cookie sheet with aluminum foil.", "img": null, "vid": "/c/c9/Roast Asparagus Step 5.360p.mp4"}, "6": {"text": "Roll the asparagus spears in olive oil to coat them.", "img": null, "vid": "/f/f8/Roast Asparagus Step 6.360p.mp4"}, "7": {"text": "Arrange the asparagus spears in a single layer on the pan.", "img": null, "vid": "/0/0c/Roast Asparagus Step 7.360p.mp4"}, "8": {"text": "Sprinkle the asparagus spears with salt and pepper, and other seasonings to taste.", "img": null, "vid": "/e/e7/Roast Asparagus Step 8.360p.mp4"}, "9": {"text": "Place the pan of asparagus spears in the preheated oven.", "img": null, "vid": "/c/c2/Roast Asparagus Step 9.360p.mp4"}, "10": {"text": "Take them out of the oven.", "img": null, "vid": "/4/46/Roast Asparagus Step 10.360p.mp4"}, "11": {"text": "Add garnishes.", "img": null, "vid": "/2/2d/Roast Asparagus Step 11.360p.mp4"}, "12": {"text": "Serve roasted asparagus spears warm or at room temperature.", "img": null, "vid": "/c/ca/Roast Asparagus Step 12.360p.mp4"}}