{"video_url": "https://www.youtube.com/embed/fVYschinwwc?showinfo=0", "1": {"text": "Purchase sweet potatoes.", "img": "https://www.wikihow.com/images/thumb/8/89/Roast-Sweet-Potatoes-Step-1-Version-4.jpg/v4-460px-Roast-Sweet-Potatoes-Step-1-Version-4.jpg", "vid": null}, "2": {"text": "Peel the sweet potato", "img": null, "vid": "/b/be/Roast Sweet Potatoes Step 2 Version 2.360p.mp4"}, "3": {"text": "Slice the sweet potatoes into even sized portions.", "img": null, "vid": "/1/19/Roast Sweet Potatoes Step 3 Version 2.360p.mp4"}, "4": {"text": "Transfer sweet potato pieces into a large bowl and season.", "img": "https://www.wikihow.com/images/thumb/f/ff/Roast-Sweet-Potatoes-Step-4-Version-3.jpg/v4-460px-Roast-Sweet-Potatoes-Step-4-Version-3.jpg", "vid": null}, "5": {"text": "Cover the seasoned sweet potatoes with oil.", "img": null, "vid": "/6/61/Roast Sweet Potatoes Step 5 Version 2.360p.mp4"}, "6": {"text": "Select your roasting tray and cover it in foil.", "img": "https://www.wikihow.com/images/thumb/7/76/Roast-Sweet-Potatoes-Step-6-Version-4.jpg/v4-460px-Roast-Sweet-Potatoes-Step-6-Version-4.jpg", "vid": null}, "7": {"text": "Transfer sweet potatoes to the roasting tray.", "img": "https://www.wikihow.com/images/thumb/2/24/Roast-Sweet-Potatoes-Step-7-Version-4.jpg/v4-460px-Roast-Sweet-Potatoes-Step-7-Version-4.jpg", "vid": null}, "8": {"text": "Roast for 35 to 40 minutes.", "img": "https://www.wikihow.com/images/thumb/e/ea/Roast-Sweet-Potatoes-Step-8-Version-5.jpg/v4-460px-Roast-Sweet-Potatoes-Step-8-Version-5.jpg", "vid": null}, "9": {"text": "Season again!", "img": null, "vid": "/3/3e/Roast Sweet Potatoes Step 9 Version 3.360p.mp4"}, "10": {"text": "Serve and enjoy!", "img": "https://www.wikihow.com/images/thumb/6/65/Roast-Sweet-Potatoes-Step-10-Version-4.jpg/v4-460px-Roast-Sweet-Potatoes-Step-10-Version-4.jpg", "vid": null}, "11": {"text": "Buy sweet potatoes.", "img": "https://www.wikihow.com/images/thumb/6/6b/Roast-Sweet-Potatoes-Step-11-Version-4.jpg/v4-460px-Roast-Sweet-Potatoes-Step-11-Version-4.jpg", "vid": null}, "12": {"text": "Wash the sweet potatoes.", "img": "https://www.wikihow.com/images/thumb/0/07/Roast-Sweet-Potatoes-Step-12-Version-4.jpg/v4-460px-Roast-Sweet-Potatoes-Step-12-Version-4.jpg", "vid": null}, "13": {"text": "Stab the sweet potato several times with a knife or fork.", "img": null, "vid": "/7/7b/Roast Sweet Potatoes Step 13 Version 2.360p.mp4"}, "14": {"text": "Select your roasting tray and cover it in foil.", "img": "https://www.wikihow.com/images/thumb/a/a4/Roast-Sweet-Potatoes-Step-14-Version-4.jpg/v4-460px-Roast-Sweet-Potatoes-Step-14-Version-4.jpg", "vid": null}, "15": {"text": "Preheat the oven to 350\u00baF (about 180\u00baC).", "img": "https://www.wikihow.com/images/thumb/e/e6/Roast-Sweet-Potatoes-Step-15-Version-4.jpg/v4-460px-Roast-Sweet-Potatoes-Step-15-Version-4.jpg", "vid": null}, "16": {"text": "Place sweet potatoes on your roasting tray and put in the oven.", "img": "https://www.wikihow.com/images/thumb/a/a4/Roast-Sweet-Potatoes-Step-16-Version-3.jpg/v4-460px-Roast-Sweet-Potatoes-Step-16-Version-3.jpg", "vid": null}, "17": {"text": "Remove the sweet potatoes from oven and serve.", "img": "https://www.wikihow.com/images/thumb/0/02/Roast-Sweet-Potatoes-Step-17-Version-4.jpg/v4-460px-Roast-Sweet-Potatoes-Step-17-Version-4.jpg", "vid": null}}