{"video_url": "https://www.youtube.com/embed/TNV7O7kbm-U?showinfo=0", "1": {"text": "Preheat your oven to 350 degrees Fahrenheit (177 degrees Celsius).", "img": "https://www.wikihow.com/images/thumb/3/38/Roast-Cashews-Step-1.jpg/v4-460px-Roast-Cashews-Step-1.jpg", "vid": null}, "2": {"text": "Spread the cashews evenly across the baking tray.", "img": "https://www.wikihow.com/images/thumb/2/2f/Roast-Cashews-Step-2.jpg/v4-460px-Roast-Cashews-Step-2.jpg", "vid": null}, "3": {"text": "Consider adding oil.", "img": "https://www.wikihow.com/images/thumb/9/93/Roast-Cashews-Step-3.jpg/v4-460px-Roast-Cashews-Step-3.jpg", "vid": null}, "4": {"text": "Roast the cashews in the oven on the middle rack for five minutes.", "img": "https://www.wikihow.com/images/thumb/6/67/Roast-Cashews-Step-4.jpg/v4-460px-Roast-Cashews-Step-4.jpg", "vid": null}, "5": {"text": "Return to the oven and roast, stirring frequently, until done.", "img": "https://www.wikihow.com/images/thumb/a/aa/Roast-Cashews-Step-5.jpg/v4-460px-Roast-Cashews-Step-5.jpg", "vid": null}, "6": {"text": "Drizzle additional oil and add salt.", "img": "https://www.wikihow.com/images/thumb/5/50/Roast-Cashews-Step-6.jpg/v4-460px-Roast-Cashews-Step-6.jpg", "vid": null}, "7": {"text": "Cool before serving.", "img": "https://www.wikihow.com/images/thumb/7/72/Roast-Cashews-Step-7.jpg/v4-460px-Roast-Cashews-Step-7.jpg", "vid": null}, "8": {"text": "Preheat your oven to 350 degrees Fahrenheit (177 degrees Celsius).", "img": "https://www.wikihow.com/images/thumb/4/4d/Roast-Cashews-Step-8.jpg/v4-460px-Roast-Cashews-Step-8.jpg", "vid": null}, "9": {"text": "Combine the glaze ingredients.", "img": "https://www.wikihow.com/images/thumb/e/e3/Roast-Cashews-Step-9.jpg/v4-460px-Roast-Cashews-Step-9.jpg", "vid": null}, "10": {"text": "Toss the cashews in the honey glaze.", "img": "https://www.wikihow.com/images/thumb/3/35/Roast-Cashews-Step-10.jpg/v4-460px-Roast-Cashews-Step-10.jpg", "vid": null}, "11": {"text": "Bake the cashews for six minutes.", "img": "https://www.wikihow.com/images/thumb/3/38/Roast-Cashews-Step-11.jpg/v4-460px-Roast-Cashews-Step-11.jpg", "vid": null}, "12": {"text": "Roast the cashews for another six minutes.", "img": "https://www.wikihow.com/images/thumb/0/01/Roast-Cashews-Step-12.jpg/v4-460px-Roast-Cashews-Step-12.jpg", "vid": null}, "13": {"text": "Toss the cashews with sugar and salt.", "img": "https://www.wikihow.com/images/thumb/1/1d/Roast-Cashews-Step-13.jpg/v4-460px-Roast-Cashews-Step-13.jpg", "vid": null}, "14": {"text": "Enjoy.", "img": "https://www.wikihow.com/images/thumb/6/6d/Roast-Cashews-Step-14.jpg/v4-460px-Roast-Cashews-Step-14.jpg", "vid": null}, "15": {"text": "Preheat your oven to 350 degrees Fahrenheit (177 degrees Celsius).", "img": "https://www.wikihow.com/images/thumb/9/90/Roast-Cashews-Step-15.jpg/v4-460px-Roast-Cashews-Step-15.jpg", "vid": null}, "16": {"text": "Spread the cashews evenly on the baking tray to form one layer.", "img": "https://www.wikihow.com/images/thumb/d/d6/Roast-Cashews-Step-16.jpg/v4-460px-Roast-Cashews-Step-16.jpg", "vid": null}, "17": {"text": "Roast the cashews in the oven for five minutes.", "img": "https://www.wikihow.com/images/thumb/3/37/Roast-Cashews-Step-17.jpg/v4-460px-Roast-Cashews-Step-17.jpg", "vid": null}, "18": {"text": "Meanwhile, combine the seasonings.", "img": "https://www.wikihow.com/images/thumb/2/25/Roast-Cashews-Step-18.jpg/v4-460px-Roast-Cashews-Step-18.jpg", "vid": null}, "19": {"text": "Pour the finished cashews into the seasoning mixture.", "img": "https://www.wikihow.com/images/thumb/7/7f/Roast-Cashews-Step-19.jpg/v4-460px-Roast-Cashews-Step-19.jpg", "vid": null}, "20": {"text": "Cool before serving.", "img": "https://www.wikihow.com/images/thumb/c/cc/Roast-Cashews-Step-20.jpg/v4-460px-Roast-Cashews-Step-20.jpg", "vid": null}, "21": {"text": "Preheat your oven to 325 degrees Fahrenheit (162 degrees Celsius).", "img": "https://www.wikihow.com/images/thumb/b/b8/Roast-Cashews-Step-21.jpg/v4-460px-Roast-Cashews-Step-21.jpg", "vid": null}, "22": {"text": "Combine the honey and cayenne pepper.", "img": "https://www.wikihow.com/images/thumb/1/1a/Roast-Cashews-Step-22.jpg/v4-460px-Roast-Cashews-Step-22.jpg", "vid": null}, "23": {"text": "Stir in the cashews.", "img": "https://www.wikihow.com/images/thumb/6/6a/Roast-Cashews-Step-23.jpg/v4-460px-Roast-Cashews-Step-23.jpg", "vid": null}, "24": {"text": "Roast the cashews in the oven for five minutes.", "img": "https://www.wikihow.com/images/thumb/6/62/Roast-Cashews-Step-24.jpg/v4-460px-Roast-Cashews-Step-24.jpg", "vid": null}, "25": {"text": "Roast the cashews for another 5 to 10 minutes, or until done.", "img": "https://www.wikihow.com/images/thumb/c/c8/Roast-Cashews-Step-25.jpg/v4-460px-Roast-Cashews-Step-25.jpg", "vid": null}, "26": {"text": "Sprinkle the cashews with sugar and salt.", "img": "https://www.wikihow.com/images/thumb/2/2c/Roast-Cashews-Step-26.jpg/v4-460px-Roast-Cashews-Step-26.jpg", "vid": null}, "27": {"text": "Cool fully before enjoying.", "img": "https://www.wikihow.com/images/thumb/9/90/Roast-Cashews-Step-27.jpg/v4-460px-Roast-Cashews-Step-27.jpg", "vid": null}}