{"video_url": "https://www.youtube.com/embed/9_05wYW7eUg?showinfo=0", "1": {"text": "Sprinkle flour on your work surface and rolling pin to prevent sticking.", "img": "https://www.wikihow.com/images/thumb/f/fc/Roll-Out-Pasta-Dough-by-Hand-Step-1.jpg/v4-460px-Roll-Out-Pasta-Dough-by-Hand-Step-1.jpg", "vid": null}, "2": {"text": "Cut your dough into 4 portions so it\u2019s easier to roll out.", "img": null, "vid": "/a/a3/Roll Out Pasta Dough by Hand Step 2.360p.mp4"}, "3": {"text": "Roll each portion into a ball.", "img": null, "vid": "/b/b2/Roll Out Pasta Dough by Hand Step 3.360p.mp4"}, "4": {"text": "Place 1 ball on your work surface to roll it out.", "img": "https://www.wikihow.com/images/thumb/b/bd/Roll-Out-Pasta-Dough-by-Hand-Step-4.jpg/v4-460px-Roll-Out-Pasta-Dough-by-Hand-Step-4.jpg", "vid": null}, "5": {"text": "Press your rolling pin into the dough and roll away from your body.", "img": null, "vid": "/6/6b/Roll Out Pasta Dough by Hand Step 5.360p.mp4"}, "6": {"text": "Turn the dough 90 degrees after each pass with the rolling pin.", "img": null, "vid": "/f/fb/Roll Out Pasta Dough by Hand Step 6.360p.mp4"}, "7": {"text": "Flatten the dough until it\u2019s about 1\u204416\u00a0in (0.16\u00a0cm) thick.", "img": null, "vid": "/c/ce/Roll Out Pasta Dough by Hand Step 7.360p.mp4"}, "8": {"text": "Use a knife to trim the dough into a rectangle.", "img": null, "vid": "/4/47/Roll Out Pasta Dough by Hand Step 8.360p.mp4"}, "9": {"text": "Let your dough dry for 20 minutes.", "img": "https://www.wikihow.com/images/thumb/5/5e/Roll-Out-Pasta-Dough-by-Hand-Step-9.jpg/v4-460px-Roll-Out-Pasta-Dough-by-Hand-Step-9.jpg", "vid": null}, "10": {"text": "Sprinkle the dough with flour so it doesn\u2019t stick to itself.", "img": null, "vid": "/e/e6/Roll Out Pasta Dough by Hand Step 10.360p.mp4"}, "11": {"text": "Fold up the dough lengthwise before you cut it into pieces.", "img": null, "vid": "/3/33/Roll Out Pasta Dough by Hand Step 11.360p.mp4"}, "12": {"text": "Slice the folded dough into pieces using a knife.", "img": null, "vid": "/7/7f/Roll Out Pasta Dough by Hand Step 12.360p.mp4"}, "13": {"text": "Unroll the pasta, flour it, and let it dry for 15 minutes before cooking it.", "img": null, "vid": "/0/0b/Roll Out Pasta Dough by Hand Step 13.360p.mp4"}, "14": {"text": "Dry your pasta for 3 to 4 hours if you want to store it.", "img": "https://www.wikihow.com/images/thumb/6/61/Roll-Out-Pasta-Dough-by-Hand-Step-14.jpg/v4-460px-Roll-Out-Pasta-Dough-by-Hand-Step-14.jpg", "vid": null}, "15": {"text": "Store the pasta at room temperature in an airtight container for later use.", "img": "https://www.wikihow.com/images/thumb/1/16/Roll-Out-Pasta-Dough-by-Hand-Step-15.jpg/v4-460px-Roll-Out-Pasta-Dough-by-Hand-Step-15.jpg", "vid": null}}