{"video_url": "https://www.youtube.com/embed/0gSlsAqjbR4?showinfo=0", "1": {"text": "Figure out your current speed.", "img": "https://www.wikihow.com/images/thumb/6/61/Run-Faster-Step-1-Version-2.jpg/v4-460px-Run-Faster-Step-1-Version-2.jpg", "vid": null}, "2": {"text": "Find a good location.", "img": "https://www.wikihow.com/images/thumb/8/83/Run-Faster-Step-2-Version-2.jpg/v4-460px-Run-Faster-Step-2-Version-2.jpg", "vid": null}, "3": {"text": "Set a schedule.", "img": "https://www.wikihow.com/images/thumb/b/b8/Run-Faster-Step-3.jpg/v4-460px-Run-Faster-Step-3.jpg", "vid": null}, "4": {"text": "Set yourself a goal.", "img": "https://www.wikihow.com/images/thumb/1/13/Run-Faster-Step-4.jpg/v4-460px-Run-Faster-Step-4.jpg", "vid": null}, "5": {"text": "Get the right gear.", "img": "https://www.wikihow.com/images/thumb/a/af/Run-Faster-Step-5-Version-2.jpg/v4-460px-Run-Faster-Step-5-Version-2.jpg", "vid": null}, "6": {"text": "Involve a friend.", "img": "https://www.wikihow.com/images/thumb/0/0e/Run-Faster-Step-6-Version-2.jpg/v4-460px-Run-Faster-Step-6-Version-2.jpg", "vid": null}, "7": {"text": "Create a mantra.", "img": "https://www.wikihow.com/images/thumb/e/e4/Run-Faster-Step-7.jpg/v4-460px-Run-Faster-Step-7.jpg", "vid": null}, "8": {"text": "Break your patterns.", "img": "https://www.wikihow.com/images/thumb/d/d6/Run-Faster-Step-8-Version-3.jpg/v4-460px-Run-Faster-Step-8-Version-3.jpg", "vid": null}, "9": {"text": "Improve your form.", "img": "https://www.wikihow.com/images/thumb/6/64/Run-Faster-Step-9-Version-2.jpg/v4-460px-Run-Faster-Step-9-Version-2.jpg", "vid": null}, "10": {"text": "Try fartleks.", "img": "https://www.wikihow.com/images/thumb/2/2e/Run-Faster-Step-10.jpg/v4-460px-Run-Faster-Step-10.jpg", "vid": null}, "11": {"text": "Do hill runs", "img": "https://www.wikihow.com/images/thumb/c/c8/Run-Faster-Step-11.jpg/v4-460px-Run-Faster-Step-11.jpg", "vid": null}, "12": {"text": "Learn how to breathe effectively", "img": "https://www.wikihow.com/images/thumb/f/fe/Run-Faster-Step-12.jpg/v4-460px-Run-Faster-Step-12.jpg", "vid": null}, "13": {"text": "Look straight ahead.", "img": "https://www.wikihow.com/images/thumb/2/22/Run-Faster-Step-13.jpg/v4-460px-Run-Faster-Step-13.jpg", "vid": null}, "14": {"text": "Lose weight", "img": "https://www.wikihow.com/images/thumb/a/ab/Run-Faster-Step-14.jpg/v4-460px-Run-Faster-Step-14.jpg", "vid": null}, "15": {"text": "Listen to music", "img": "https://www.wikihow.com/images/thumb/c/cb/Run-Faster-Step-15.jpg/v4-460px-Run-Faster-Step-15.jpg", "vid": null}, "16": {"text": "Keep a running log.", "img": "https://www.wikihow.com/images/thumb/f/fe/Run-Faster-Step-16.jpg/v4-460px-Run-Faster-Step-16.jpg", "vid": null}, "17": {"text": "Stay healthy", "img": "https://www.wikihow.com/images/thumb/7/78/Run-Faster-Step-17-Version-2.jpg/v4-460px-Run-Faster-Step-17-Version-2.jpg", "vid": null}, "18": {"text": "Drink plenty of water", "img": "https://www.wikihow.com/images/thumb/5/5a/Run-Faster-Step-18.jpg/v4-460px-Run-Faster-Step-18.jpg", "vid": null}, "19": {"text": "Avoid sweets and greasy foods.", "img": "https://www.wikihow.com/images/thumb/7/79/Run-Faster-Step-19.jpg/v4-460px-Run-Faster-Step-19.jpg", "vid": null}, "20": {"text": "Drink coffee.", "img": "https://www.wikihow.com/images/thumb/d/d6/Run-Faster-Step-20.jpg/v4-460px-Run-Faster-Step-20.jpg", "vid": null}, "21": {"text": "Get plenty of rest.", "img": "https://www.wikihow.com/images/thumb/c/ce/Run-Faster-Step-21.jpg/v4-460px-Run-Faster-Step-21.jpg", "vid": null}, "22": {"text": "Stretch before you run.", "img": "https://www.wikihow.com/images/thumb/c/c2/Run-Faster-Step-22.jpg/v4-460px-Run-Faster-Step-22.jpg", "vid": null}, "23": {"text": "Do leg lifts", "img": "https://www.wikihow.com/images/thumb/9/90/Run-Faster-Step-23.jpg/v4-460px-Run-Faster-Step-23.jpg", "vid": null}, "24": {"text": "Do tin soldiers.", "img": "https://www.wikihow.com/images/thumb/5/58/Run-Faster-Step-24.jpg/v4-460px-Run-Faster-Step-24.jpg", "vid": null}, "25": {"text": "Do butt-kicks.", "img": "https://www.wikihow.com/images/thumb/8/87/Run-Faster-Step-25.jpg/v4-460px-Run-Faster-Step-25.jpg", "vid": null}, "26": {"text": "Do lunges.", "img": "https://www.wikihow.com/images/thumb/4/4d/Run-Faster-Step-26.jpg/v4-460px-Run-Faster-Step-26.jpg", "vid": null}, "27": {"text": "Do pike stretches.", "img": "https://www.wikihow.com/images/thumb/1/1e/Run-Faster-Step-27.jpg/v4-460px-Run-Faster-Step-27.jpg", "vid": null}, "28": {"text": "Do hacky sacks.", "img": "https://www.wikihow.com/images/thumb/9/91/Run-Faster-Step-28.jpg/v4-460px-Run-Faster-Step-28.jpg", "vid": null}, "29": {"text": ".", "img": "https://www.wikihow.com/images/thumb/7/70/Run-Faster-Step-29.jpg/v4-460px-Run-Faster-Step-29.jpg", "vid": null}, "30": {"text": "Find a friend or a family member who is willing to help you achieve this.", "img": "https://www.wikihow.com/images/thumb/e/e6/Run-Faster-Step-30.jpg/v4-460px-Run-Faster-Step-30.jpg", "vid": null}, "31": {"text": "Encourage your running buddy to push you.", "img": "https://www.wikihow.com/images/thumb/1/1f/Run-Faster-Step-31.jpg/v4-460px-Run-Faster-Step-31.jpg", "vid": null}, "32": {"text": "Exercise in a routine as outlined above.", "img": "https://www.wikihow.com/images/thumb/7/7e/Run-Faster-Step-32.jpg/v4-460px-Run-Faster-Step-32.jpg", "vid": null}, "33": {"text": "Find another way to get a buddy motivator.", "img": "https://www.wikihow.com/images/thumb/3/3b/Run-Faster-Step-33.jpg/v4-460px-Run-Faster-Step-33.jpg", "vid": null}}