{"video_url": "https://www.youtube.com/embed/9vokPCt7cRI", "1": {"text": "Use more natural lighting.", "img": "https://www.wikihow.com/images/thumb/6/6d/Save-Electricity-at-Home-Step-1-Version-4.jpg/v4-460px-Save-Electricity-at-Home-Step-1-Version-4.jpg", "vid": null}, "2": {"text": "Designate a few rooms as night hangout rooms for your family.", "img": "https://www.wikihow.com/images/thumb/3/3b/Save-Electricity-at-Home-Step-2-Version-4.jpg/v4-460px-Save-Electricity-at-Home-Step-2-Version-4.jpg", "vid": null}, "3": {"text": "Use  candles instead of electric lights a few times a week.", "img": "https://www.wikihow.com/images/thumb/d/d5/Save-Electricity-at-Home-Step-3-Version-4.jpg/v4-460px-Save-Electricity-at-Home-Step-3-Version-4.jpg", "vid": null}, "4": {"text": "Rethink your outdoor lighting system.", "img": "https://www.wikihow.com/images/thumb/f/ff/Save-Electricity-at-Home-Step-4-Version-4.jpg/v4-460px-Save-Electricity-at-Home-Step-4-Version-4.jpg", "vid": null}, "5": {"text": "Use energy-efficient lightbulbs.", "img": "https://www.wikihow.com/images/thumb/b/b8/Save-Electricity-at-Home-Step-5-Version-4.jpg/v4-460px-Save-Electricity-at-Home-Step-5-Version-4.jpg", "vid": null}, "6": {"text": "Unplug everything.", "img": "https://www.wikihow.com/images/thumb/8/84/Save-Electricity-at-Home-Step-6-Version-4.jpg/v4-460px-Save-Electricity-at-Home-Step-6-Version-4.jpg", "vid": null}, "7": {"text": "Reduce your reliance on appliances.", "img": "https://www.wikihow.com/images/thumb/2/2b/Save-Electricity-at-Home-Step-7-Version-4.jpg/v4-460px-Save-Electricity-at-Home-Step-7-Version-4.jpg", "vid": null}, "8": {"text": "Replace your appliances with energy-efficient models.", "img": "https://www.wikihow.com/images/thumb/a/a6/Save-Electricity-at-Home-Step-8-Version-3.jpg/v4-460px-Save-Electricity-at-Home-Step-8-Version-3.jpg", "vid": null}, "9": {"text": "Use less hot water.", "img": "https://www.wikihow.com/images/thumb/b/b6/Save-Electricity-at-Home-Step-9-Version-3.jpg/v4-460px-Save-Electricity-at-Home-Step-9-Version-3.jpg", "vid": null}, "10": {"text": "Insulate your house", "img": "https://www.wikihow.com/images/thumb/8/86/Save-Electricity-at-Home-Step-10-Version-3.jpg/v4-460px-Save-Electricity-at-Home-Step-10-Version-3.jpg", "vid": null}, "11": {"text": "Use the air conditioner sparingly.", "img": "https://www.wikihow.com/images/thumb/7/7a/Save-Electricity-at-Home-Step-11-Version-3.jpg/v4-460px-Save-Electricity-at-Home-Step-11-Version-3.jpg", "vid": null}, "12": {"text": "Keep your house at a lower temperature in the winter.", "img": "https://www.wikihow.com/images/thumb/f/f2/Save-Electricity-at-Home-Step-12-Version-3.jpg/v4-460px-Save-Electricity-at-Home-Step-12-Version-3.jpg", "vid": null}}