{"video_url": "https://www.youtube.com/embed/APH9B2Jngzg", "1": {"text": "Allow new grout to cure for 48 to 72 hours before sealing.", "img": "https://www.wikihow.com/images/thumb/1/1d/Seal-Grout-Step-1.jpg/v4-460px-Seal-Grout-Step-1.jpg", "vid": null}, "2": {"text": "Tape off baseboards and other nearby surfaces.", "img": "https://www.wikihow.com/images/thumb/b/b7/Seal-Grout-Step-2.jpg/v4-460px-Seal-Grout-Step-2.jpg", "vid": null}, "3": {"text": "Apply sealer using a foam paint brush, paint pad or a small roller.", "img": "https://www.wikihow.com/images/thumb/1/1f/Seal-Grout-Step-3.jpg/v4-460px-Seal-Grout-Step-3.jpg", "vid": null}, "4": {"text": "Wait 5 to 15 minutes to allow the first coat to soak into the grout.", "img": "https://www.wikihow.com/images/thumb/4/4d/Seal-Grout-Step-4.jpg/v4-460px-Seal-Grout-Step-4.jpg", "vid": null}, "5": {"text": "Start wiping the sealer off after 5 minutes.", "img": "https://www.wikihow.com/images/thumb/e/e1/Seal-Grout-Step-5.jpg/v4-460px-Seal-Grout-Step-5.jpg", "vid": null}, "6": {"text": "Allow the grout sealer to cure.", "img": "https://www.wikihow.com/images/thumb/9/9c/Seal-Grout-Step-6.jpg/v4-460px-Seal-Grout-Step-6.jpg", "vid": null}, "7": {"text": "Test the grout sealant.", "img": "https://www.wikihow.com/images/thumb/1/1f/Clean-Grout-Between-Floor-Tiles-Step-3.jpg/v4-460px-Clean-Grout-Between-Floor-Tiles-Step-3.jpg", "vid": null}, "8": {"text": "Shake the grout sealer can for at least a minute before using.", "img": "https://www.wikihow.com/images/thumb/c/c7/Seal-Grout-Step-7.jpg/v4-460px-Seal-Grout-Step-7.jpg", "vid": null}, "9": {"text": "Press the nozzle and dispense sealant.", "img": "https://www.wikihow.com/images/thumb/1/10/Seal-Grout-Step-8.jpg/v4-460px-Seal-Grout-Step-8.jpg", "vid": null}, "10": {"text": "Wipe off excess sealant from tile with a clean cloth.", "img": "https://www.wikihow.com/images/thumb/4/4b/Seal-Grout-Step-9.jpg/v4-460px-Seal-Grout-Step-9.jpg", "vid": null}, "11": {"text": "Test the sealant with a drop of water after 1 hour.", "img": "https://www.wikihow.com/images/thumb/d/dc/Seal-Grout-Step-10.jpg/v4-460px-Seal-Grout-Step-10.jpg", "vid": null}, "12": {"text": "Allow the sealant to cure.", "img": "https://www.wikihow.com/images/thumb/7/72/Seal-Grout-Step-11.jpg/v4-460px-Seal-Grout-Step-11.jpg", "vid": null}}