{"video_url": "https://www.youtube.com/embed/l96WId4NMSU", "1": {"text": "Place a tea kettle on the stove.", "img": "https://www.wikihow.com/images/thumb/1/11/Secretly-Open-a-Sealed-Envelope-Step-1-Version-2.jpg/v4-460px-Secretly-Open-a-Sealed-Envelope-Step-1-Version-2.jpg", "vid": null}, "2": {"text": "Place the envelope seal in the steam.", "img": "https://www.wikihow.com/images/thumb/0/00/Secretly-Open-a-Sealed-Envelope-Step-2-Version-2.jpg/v4-460px-Secretly-Open-a-Sealed-Envelope-Step-2-Version-2.jpg", "vid": null}, "3": {"text": "Use an envelope opener to lift the flap.", "img": "https://www.wikihow.com/images/thumb/9/94/Secretly-Open-a-Sealed-Envelope-Step-3-Version-2.jpg/v4-460px-Secretly-Open-a-Sealed-Envelope-Step-3-Version-2.jpg", "vid": null}, "4": {"text": "Let the envelope dry.", "img": "https://www.wikihow.com/images/thumb/2/27/Secretly-Open-a-Sealed-Envelope-Step-4-Version-2.jpg/v4-460px-Secretly-Open-a-Sealed-Envelope-Step-4-Version-2.jpg", "vid": null}, "5": {"text": "Reseal the envelope.", "img": "https://www.wikihow.com/images/thumb/4/43/Secretly-Open-a-Sealed-Envelope-Step-5-Version-2.jpg/v4-460px-Secretly-Open-a-Sealed-Envelope-Step-5-Version-2.jpg", "vid": null}, "6": {"text": "Place the envelope in a plastic freezer bag.", "img": "https://www.wikihow.com/images/thumb/e/e6/Secretly-Open-a-Sealed-Envelope-Step-6-Version-2.jpg/v4-460px-Secretly-Open-a-Sealed-Envelope-Step-6-Version-2.jpg", "vid": null}, "7": {"text": "Place the envelope in the freezer for several hours.", "img": "https://www.wikihow.com/images/thumb/f/fc/Secretly-Open-a-Sealed-Envelope-Step-7-Version-2.jpg/v4-460px-Secretly-Open-a-Sealed-Envelope-Step-7-Version-2.jpg", "vid": null}, "8": {"text": "Open the envelope.", "img": "https://www.wikihow.com/images/thumb/f/f0/Secretly-Open-a-Sealed-Envelope-Step-8.jpg/v4-460px-Secretly-Open-a-Sealed-Envelope-Step-8.jpg", "vid": null}, "9": {"text": "Reseal the envelope.", "img": "https://www.wikihow.com/images/thumb/0/06/Secretly-Open-a-Sealed-Envelope-Step-9.jpg/v4-460px-Secretly-Open-a-Sealed-Envelope-Step-9.jpg", "vid": null}}