{"video_url": "https://www.youtube.com/embed/fg8N5y86cbE?showinfo=0", "1": {"text": "Clean your hands and work area before making a mask.", "img": "https://www.wikihow.com/images/thumb/5/50/Sew-a-Simple-Medical-Mask-Step-1-Version-2.jpg/v4-460px-Sew-a-Simple-Medical-Mask-Step-1-Version-2.jpg", "vid": null}, "2": {"text": "Pick a heavy-weight, tight-woven fabric, such as cotton.", "img": "https://www.wikihow.com/images/thumb/c/cf/Sew-a-Simple-Medical-Mask-Step-2-Version-2.jpg/v4-460px-Sew-a-Simple-Medical-Mask-Step-2-Version-2.jpg", "vid": null}, "3": {"text": "Print and cut out the CDC-approved pattern.", "img": null, "vid": "/6/65/Sew a Simple Medical Mask Step 3.360p.mp4"}, "4": {"text": "Trace the pattern onto your fabric and cut it out.", "img": null, "vid": "/0/08/Sew a Simple Medical Mask Step 4.360p.mp4"}, "5": {"text": "Cut two 36\u00a0in \u00d7\u00a00.5\u00a0in (91.4\u00a0cm \u00d7\u00a01.3\u00a0cm) strips of fabric to use for ties.", "img": null, "vid": "/2/22/Sew a Simple Medical Mask Step 5.360p.mp4"}, "6": {"text": "Fold the top 0.5\u00a0in (1.3\u00a0cm) edge of the backside over a fabric tie.", "img": null, "vid": "/c/cb/Sew a Simple Medical Mask Step 6.360p.mp4"}, "7": {"text": "Sew along the top to secure the fabric strip.", "img": null, "vid": "/2/28/Sew a Simple Medical Mask Step 7.360p.mp4"}, "8": {"text": "Insert metal floral wire into the pocket at the top of the mask.", "img": null, "vid": "/f/f8/Sew a Simple Medical Mask Step 8.360p.mp4"}, "9": {"text": "Make 3 small folds over the center of the mask to create pleats.", "img": null, "vid": "/d/d6/Sew a Simple Medical Mask Step 9.360p.mp4"}, "10": {"text": "Stitch up the sides of the mask to secure the pleats and wire.", "img": null, "vid": "/d/d1/Sew a Simple Medical Mask Step 10.360p.mp4"}, "11": {"text": "Fold the bottom 0.5\u00a0in (1.3\u00a0cm) over the second fabric strip.", "img": null, "vid": "/e/e9/Sew a Simple Medical Mask Step 11.360p.mp4"}, "12": {"text": "Sew a topstitch around the perimeter of the mask twice to secure it.", "img": null, "vid": "/2/2f/Sew a Simple Medical Mask Step 12.360p.mp4"}, "13": {"text": "Wash your mask before wearing it.", "img": "https://www.wikihow.com/images/thumb/e/ef/Sew-a-Simple-Medical-Mask-Step-13-Version-2.jpg/v4-460px-Sew-a-Simple-Medical-Mask-Step-13-Version-2.jpg", "vid": null}}