{"video_url": "https://www.youtube.com/embed/AKje5iE6xWA", "1": {"text": "Select a moisturizing shampoo for coarse or kinky hair.", "img": "https://www.wikihow.com/images/thumb/e/e0/Shampoo-Your-Hair-Step-1-Version-5.jpg/v4-460px-Shampoo-Your-Hair-Step-1-Version-5.jpg", "vid": null}, "2": {"text": "Try a volumizing shampoo for fine and/or thin hair.", "img": "https://www.wikihow.com/images/thumb/f/f0/Shampoo-Your-Hair-Step-2-Version-5.jpg/v4-460px-Shampoo-Your-Hair-Step-2-Version-5.jpg", "vid": null}, "3": {"text": "Choose a shampoo with silicone if you have curly or wavy hair.", "img": "https://www.wikihow.com/images/thumb/a/a4/Shampoo-Your-Hair-Step-3-Version-5.jpg/v4-460px-Shampoo-Your-Hair-Step-3-Version-5.jpg", "vid": null}, "4": {"text": "Experiment with a gentle shampoo if you have normal hair.", "img": "https://www.wikihow.com/images/thumb/c/c3/Shampoo-Your-Hair-Step-4-Version-5.jpg/v4-460px-Shampoo-Your-Hair-Step-4-Version-5.jpg", "vid": null}, "5": {"text": "Use a volume-controlling shampoo if your hair is very thick.", "img": "https://www.wikihow.com/images/thumb/5/59/Shampoo-Your-Hair-Step-5-Version-5.jpg/v4-460px-Shampoo-Your-Hair-Step-5-Version-5.jpg", "vid": null}, "6": {"text": "Pick a conditioning shampoo for dry or damaged hair.", "img": "https://www.wikihow.com/images/thumb/1/16/Shampoo-Your-Hair-Step-6-Version-5.jpg/v4-460px-Shampoo-Your-Hair-Step-6-Version-5.jpg", "vid": null}, "7": {"text": "Use vitamin-rich shampoo for colored hair.", "img": "https://www.wikihow.com/images/thumb/e/ea/Shampoo-Your-Hair-Step-7-Version-5.jpg/v4-460px-Shampoo-Your-Hair-Step-7-Version-5.jpg", "vid": null}, "8": {"text": "Try shampoo with tea tree oil for oily hair or to cleanse hair.", "img": "https://www.wikihow.com/images/thumb/9/9c/Shampoo-Your-Hair-Step-8-Version-5.jpg/v4-460px-Shampoo-Your-Hair-Step-8-Version-5.jpg", "vid": null}, "9": {"text": "Choose your scent.", "img": "https://www.wikihow.com/images/thumb/6/6e/Shampoo-Your-Hair-Step-9-Version-5.jpg/v4-460px-Shampoo-Your-Hair-Step-9-Version-5.jpg", "vid": null}, "10": {"text": "Soak your hair.", "img": null, "vid": "/f/f9/Shampoo Your Hair Step 10.360p.mp4"}, "11": {"text": "Use the right amount of shampoo.", "img": "https://www.wikihow.com/images/thumb/1/1b/Shampoo-Your-Hair-Step-11-Version-2.jpg/v4-460px-Shampoo-Your-Hair-Step-11-Version-2.jpg", "vid": null}, "12": {"text": "Lather up.", "img": null, "vid": "/d/d6/Shampoo Your Hair Step 12 Version 2.360p.mp4"}, "13": {"text": "Don't scrub your hair.", "img": null, "vid": "/c/c8/Shampoo Your Hair Step 13 Version 2.360p.mp4"}, "14": {"text": "Rinse in cool water.", "img": null, "vid": "/d/d2/Shampoo Your Hair Step 14 Version 2.360p.mp4"}, "15": {"text": "Condition from mid-hair to ends.", "img": null, "vid": "/b/b2/Shampoo Your Hair Step 15 Version 2.360p.mp4"}, "16": {"text": "Towel dry your hair.", "img": null, "vid": "/4/49/Shampoo Your Hair Step 16 Version 2.360p.mp4"}, "17": {"text": "Wash your hair 3 to 4 times per week.", "img": null, "vid": null}, "18": {"text": "Try a shampoo for colored hair.", "img": null, "vid": null}, "19": {"text": "Use a color-depositing shampoo to refresh your color.", "img": null, "vid": null}, "20": {"text": "Lather the shampoo at your roots.", "img": null, "vid": null}, "21": {"text": "Rinse your hair with cool water.", "img": null, "vid": null}, "22": {"text": "Follow up with a deep conditioner.", "img": null, "vid": null}, "23": {"text": "Dry your hair with a towel.", "img": null, "vid": null}, "24": {"text": "Use protective products if you use heat.", "img": null, "vid": "/d/d6/Shampoo Your Hair Step 17 Version 2.360p.mp4"}, "25": {"text": "Give your hair a break.", "img": "https://www.wikihow.com/images/thumb/d/d3/Shampoo-Your-Hair-Step-18-Version-2.jpg/v4-460px-Shampoo-Your-Hair-Step-18-Version-2.jpg", "vid": null}, "26": {"text": "Use dry shampoo.", "img": null, "vid": "/4/45/Shampoo Your Hair Step 19 Version 2.360p.mp4"}}