{"video_url": "https://www.youtube.com/embed/XnhJQ3F-9SU", "1": {"text": "Line your body up perpendicular to the target.", "img": "https://www.wikihow.com/images/thumb/a/a2/Shoot-an-Arrow-Step-1-Version-2.jpg/v4-460px-Shoot-an-Arrow-Step-1-Version-2.jpg", "vid": null}, "2": {"text": "Stand upright and place your feet shoulder-width apart.", "img": "https://www.wikihow.com/images/thumb/4/41/Shoot-an-Arrow-Step-2-Version-2.jpg/v4-460px-Shoot-an-Arrow-Step-2-Version-2.jpg", "vid": null}, "3": {"text": "Point your bow down and attach an arrow to the string.", "img": "https://www.wikihow.com/images/thumb/0/0f/Shoot-an-Arrow-Step-3-Version-2.jpg/v4-460px-Shoot-an-Arrow-Step-3-Version-2.jpg", "vid": null}, "4": {"text": "Use 3 fingers to lightly hold the arrow on the string.", "img": "https://www.wikihow.com/images/thumb/5/5a/Shoot-an-Arrow-Step-4-Version-2.jpg/v4-460px-Shoot-an-Arrow-Step-4-Version-2.jpg", "vid": null}, "5": {"text": "Point your bow toward the target.", "img": "https://www.wikihow.com/images/thumb/2/20/Shoot-an-Arrow-Step-5-Version-2.jpg/v4-460px-Shoot-an-Arrow-Step-5-Version-2.jpg", "vid": null}, "6": {"text": "Use 3 fingers to pull the bow\u2019s drawstring back toward your face.", "img": "https://www.wikihow.com/images/thumb/a/aa/Shoot-an-Arrow-Step-6-Version-2.jpg/v4-460px-Shoot-an-Arrow-Step-6-Version-2.jpg", "vid": null}, "7": {"text": "Aim at your target.", "img": "https://www.wikihow.com/images/thumb/f/f2/Shoot-an-Arrow-Step-7-Version-2.jpg/v4-460px-Shoot-an-Arrow-Step-7-Version-2.jpg", "vid": null}, "8": {"text": "Release the arrow by relaxing the fingers on your string hand.", "img": "https://www.wikihow.com/images/thumb/7/75/Shoot-an-Arrow-Step-8-Version-2.jpg/v4-460px-Shoot-an-Arrow-Step-8-Version-2.jpg", "vid": null}, "9": {"text": "Pull or crank the string to cock the bow.", "img": "https://www.wikihow.com/images/thumb/a/ab/Shoot-an-Arrow-Step-9-Version-2.jpg/v4-460px-Shoot-an-Arrow-Step-9-Version-2.jpg", "vid": null}, "10": {"text": "Load the crossbow with an arrow.", "img": "https://www.wikihow.com/images/thumb/1/1c/Shoot-an-Arrow-Step-10-Version-2.jpg/v4-460px-Shoot-an-Arrow-Step-10-Version-2.jpg", "vid": null}, "11": {"text": "Bring the bow to your shoulder.", "img": "https://www.wikihow.com/images/thumb/e/eb/Shoot-an-Arrow-Step-11-Version-2.jpg/v4-460px-Shoot-an-Arrow-Step-11-Version-2.jpg", "vid": null}, "12": {"text": "Aim your shot using the bow\u2019s sight pin or scope.", "img": "https://www.wikihow.com/images/thumb/e/e3/Shoot-an-Arrow-Step-12-Version-2.jpg/v4-460px-Shoot-an-Arrow-Step-12-Version-2.jpg", "vid": null}, "13": {"text": "Fire your crossbow.", "img": "https://www.wikihow.com/images/thumb/f/f8/Shoot-an-Arrow-Step-13.jpg/v4-460px-Shoot-an-Arrow-Step-13.jpg", "vid": null}, "14": {"text": "Determine your dominant eye", "img": "https://www.wikihow.com/images/thumb/a/ae/Shoot-an-Arrow-Step-14.jpg/v4-460px-Shoot-an-Arrow-Step-14.jpg", "vid": null}, "15": {"text": "Buy a bow that matches your dominant eye.", "img": "https://www.wikihow.com/images/thumb/8/89/Shoot-an-Arrow-Step-15.jpg/v4-460px-Shoot-an-Arrow-Step-15.jpg", "vid": null}, "16": {"text": "Choose arrows", "img": "https://www.wikihow.com/images/thumb/3/32/Shoot-an-Arrow-Step-16.jpg/v4-460px-Shoot-an-Arrow-Step-16.jpg", "vid": null}, "17": {"text": "Purchase protective gear.", "img": "https://www.wikihow.com/images/thumb/2/28/Shoot-an-Arrow-Step-17.jpg/v4-460px-Shoot-an-Arrow-Step-17.jpg", "vid": null}, "18": {"text": "Buy targets and other practice equipment.", "img": "https://www.wikihow.com/images/thumb/4/43/Shoot-an-Arrow-Step-18.jpg/v4-460px-Shoot-an-Arrow-Step-18.jpg", "vid": null}}