{"video_url": "https://www.youtube.com/embed/KY_4IF9fewE?showinfo=0", "1": {"text": "Listen.", "img": "https://www.wikihow.com/images/thumb/1/16/Show-Empathy-Step-1-Version-9.jpg/v4-460px-Show-Empathy-Step-1-Version-9.jpg", "vid": null}, "2": {"text": "Withhold judgment.", "img": "https://www.wikihow.com/images/thumb/a/a3/Show-Empathy-Step-2-Version-8.jpg/v4-460px-Show-Empathy-Step-2-Version-8.jpg", "vid": null}, "3": {"text": "Open up.", "img": "https://www.wikihow.com/images/thumb/2/2f/Show-Empathy-Step-3-Version-9.jpg/v4-460px-Show-Empathy-Step-3-Version-9.jpg", "vid": null}, "4": {"text": "Offer physical affection.", "img": "https://www.wikihow.com/images/thumb/f/f7/Show-Empathy-Step-4-Version-8.jpg/v4-460px-Show-Empathy-Step-4-Version-8.jpg", "vid": null}, "5": {"text": "Focus your attention outwards.", "img": "https://www.wikihow.com/images/thumb/0/04/Show-Empathy-Step-5-Version-8.jpg/v4-460px-Show-Empathy-Step-5-Version-8.jpg", "vid": null}, "6": {"text": "Offer help.", "img": "https://www.wikihow.com/images/thumb/4/49/Show-Empathy-Step-6-Version-8.jpg/v4-460px-Show-Empathy-Step-6-Version-8.jpg", "vid": null}, "7": {"text": "Challenge your own prejudice.", "img": "https://www.wikihow.com/images/thumb/3/32/Become-a-Stronger-Person-Through-Caregiving-Step-1.jpg/v4-460px-Become-a-Stronger-Person-Through-Caregiving-Step-1.jpg", "vid": null}, "8": {"text": "Treat people as being important.", "img": "https://www.wikihow.com/images/thumb/8/8e/Discreetly-Find-out-if-Someone-You-Know-Is-Gay-Step-8-Version-2.jpg/v4-460px-Discreetly-Find-out-if-Someone-You-Know-Is-Gay-Step-8-Version-2.jpg", "vid": null}, "9": {"text": "Volunteer.", "img": "https://www.wikihow.com/images/thumb/5/54/Socialize%2C-Be-Funny-and-Make-Friends-Step-4-Version-6.jpg/v4-460px-Socialize%2C-Be-Funny-and-Make-Friends-Step-4-Version-6.jpg", "vid": null}, "10": {"text": "Use your imagination.", "img": "https://www.wikihow.com/images/thumb/9/97/Be-a-Happy-Single-Woman-Step-1-Version-2.jpg/v4-460px-Be-a-Happy-Single-Woman-Step-1-Version-2.jpg", "vid": null}, "11": {"text": "Practice experiential empathy.", "img": "https://www.wikihow.com/images/thumb/f/f0/Be-a-Happy-Single-Woman-Step-9.jpg/v4-460px-Be-a-Happy-Single-Woman-Step-9.jpg", "vid": null}, "12": {"text": "Practice loving-kindness meditation.", "img": "https://www.wikihow.com/images/thumb/2/22/Cope-With-a-Heartbreak-Step-4-Version-4.jpg/v4-460px-Cope-With-a-Heartbreak-Step-4-Version-4.jpg", "vid": null}, "13": {"text": "Practice curiosity about strangers.", "img": "https://www.wikihow.com/images/thumb/5/5a/Avoid-Conversation-on-Public-Transportation-Step-20.jpg/v4-460px-Avoid-Conversation-on-Public-Transportation-Step-20.jpg", "vid": null}}