{"video_url": "https://www.youtube.com/embed/_xy7usxTqM8", "1": {"text": "Purchase a whole chicken or chicken pieces.", "img": null, "vid": "/0/09/Shred Chicken Step 1 Version 2.360p.mp4"}, "2": {"text": "Wash the chicken under cold water (optional, as it likely just spreads bacteria),[1]\nX\nResearch source\n\n\n\n dry it, and season it.", "img": null, "vid": "/6/6a/Shred Chicken Step 2 Version 2.360p.mp4"}, "3": {"text": "Cook your chicken.", "img": null, "vid": "/9/96/Shred Chicken Step 3 Version 2.360p.mp4"}, "4": {"text": "Remove the chicken from the broth or water.", "img": null, "vid": "/2/25/Shred Chicken Step 4 Version 2.360p.mp4"}, "5": {"text": "Pull the meat from the chicken bones.", "img": null, "vid": "/6/63/Shred Chicken Step 5 Version 2.360p.mp4"}, "6": {"text": "Place the shredded chicken in a bowl to be used in your favorite recipe.", "img": null, "vid": "/9/9c/Shred Chicken Step 6 Version 2.360p.mp4"}, "7": {"text": "Store shredded chicken in an airtight bag or Tupperware.", "img": null, "vid": "/9/98/Shred Chicken Step 7 Version 2.360p.mp4"}, "8": {"text": "Finished.", "img": null, "vid": "/0/04/Shred Chicken Step 8 Version 2.360p.mp4"}, "9": {"text": " Make your shredded chicken into chicken salad.", "img": null, "vid": "/0/08/Shred Chicken Step 10 Version 2.360p.mp4"}, "10": {"text": " Warm the belly and the heart with homemade chicken noodle soup.", "img": null, "vid": "/1/10/Shred Chicken Step 12 Version 2.360p.mp4"}}