{"video_url": "https://www.youtube.com/embed/usTQfD-obmM?showinfo=0", "1": {"text": "Get some appropriate footwear.", "img": "https://www.wikihow.com/images/thumb/4/4c/Skateboard-Step-2-Version-7.jpg/v4-460px-Skateboard-Step-2-Version-7.jpg", "vid": null}, "2": {"text": "Find a board appropriate for your interests.", "img": "https://www.wikihow.com/images/thumb/8/85/Skateboard-Step-1-Version-7.jpg/v4-460px-Skateboard-Step-1-Version-7.jpg", "vid": null}, "3": {"text": "Get the appropriate safety gear.", "img": "https://www.wikihow.com/images/thumb/0/00/Skateboard-Step-3-Version-7.jpg/v4-460px-Skateboard-Step-3-Version-7.jpg", "vid": null}, "4": {"text": "Find a good place to skate.", "img": "https://www.wikihow.com/images/thumb/e/e3/Skateboard-Step-4-Version-7.jpg/v4-460px-Skateboard-Step-4-Version-7.jpg", "vid": null}, "5": {"text": "Consider getting someone you know that's good at skateboarding to teach you.", "img": "https://www.wikihow.com/images/thumb/2/24/Skateboard-Step-5-Version-6.jpg/v4-460px-Skateboard-Step-5-Version-6.jpg", "vid": null}, "6": {"text": "Stand on the board properly.", "img": null, "vid": "/d/d7/Skateboard Step 6.360p.mp4"}, "7": {"text": "Try pushing off very gently and placing your feet on the board.", "img": null, "vid": "/a/a9/Skateboard Step 7 Version 2.360p.mp4"}, "8": {"text": "Give yourself another push when you slow down.", "img": null, "vid": "/0/00/Skateboard Step 8 Version 2.360p.mp4"}, "9": {"text": "Flex your ankles and shift your weight to turn.", "img": null, "vid": "/5/55/Skateboard Step 9.360p.mp4"}, "10": {"text": "Put your foot down to stop.", "img": null, "vid": "/1/1b/Skateboard Step 10.360p.mp4"}, "11": {"text": "Try riding switch.", "img": null, "vid": "/6/60/Skateboard Step 11.360p.mp4"}, "12": {"text": "Learn to fall properly.", "img": null, "vid": "/9/91/Skateboard Step 12 Version 2.360p.mp4"}, "13": {"text": "Watch more experienced skaters to learn tips and tricks.", "img": null, "vid": "/f/f2/Skateboard Step 13.360p.mp4"}, "14": {"text": "Start by popping the front up with your back foot on the tail.", "img": null, "vid": "/2/2d/Skateboard Step 14.360p.mp4"}, "15": {"text": "Try to pop up the board while you're stationary.", "img": null, "vid": "/4/49/Skateboard Step 15.360p.mp4"}, "16": {"text": "Pop the board up into the air and jump.", "img": null, "vid": "/f/f4/Skateboard Step 16.360p.mp4"}, "17": {"text": "Drag your front foot forward to catch the board.", "img": "https://www.wikihow.com/images/thumb/7/7f/Skateboard-Step-17-Version-6.jpg/v4-460px-Skateboard-Step-17-Version-6.jpg", "vid": null}, "18": {"text": "Push the board down by straightening your legs out.", "img": null, "vid": "/4/46/Skateboard Step 18.360p.mp4"}, "19": {"text": "Try an ollie in motion", "img": null, "vid": "/a/aa/Skateboard Step 19.360p.mp4"}, "20": {"text": "Try a pop shove it", "img": null, "vid": "/0/0c/Skateboard Step 20.360p.mp4"}, "21": {"text": "Try a kick-flip", "img": null, "vid": "/9/93/Skateboard Step 21.360p.mp4"}, "22": {"text": "Try to grind", "img": null, "vid": "/7/72/Skateboard Step 22.360p.mp4"}, "23": {"text": ".", "img": null, "vid": "/d/d5/Skateboard Step 23.360p.mp4"}, "24": {"text": "Do some lip-tricks.", "img": null, "vid": "/0/00/Skateboard Step 24.360p.mp4"}}