{"video_url": "https://www.youtube.com/embed/FDxILoJElMo?showinfo=0", "1": {"text": "Bring your soup to a gentle simmer on the stove.", "img": "https://www.wikihow.com/images/thumb/9/92/Skim-Fat-Off-Soup-Step-1-Version-2.jpg/v4-460px-Skim-Fat-Off-Soup-Step-1-Version-2.jpg", "vid": null}, "2": {"text": "Stir the liquid so the foaming fat moves to the edges of the stockpot.", "img": null, "vid": "/3/38/Skim Fat Off Soup Step 2.360p.mp4"}, "3": {"text": "Scoop up the foaming fat with a fine mesh skimming utensil.", "img": null, "vid": "/c/c4/Skim Fat Off Soup Step 3.360p.mp4"}, "4": {"text": "Use the back of a cold metal spoon if you don\u2019t have a mesh skimming utensil.", "img": null, "vid": "/9/92/Skim Fat Off Soup Step 4.360p.mp4"}, "5": {"text": "Remove any vegetables, meat, or noodles before straining the soup.", "img": "https://www.wikihow.com/images/thumb/c/c0/Skim-Fat-Off-Soup-Step-5-Version-2.jpg/v4-460px-Skim-Fat-Off-Soup-Step-5-Version-2.jpg", "vid": null}, "6": {"text": "Cool the broth until the fat particles just start to solidify.", "img": "https://www.wikihow.com/images/thumb/c/ca/Skim-Fat-Off-Soup-Step-6-Version-2.jpg/v4-460px-Skim-Fat-Off-Soup-Step-6-Version-2.jpg", "vid": null}, "7": {"text": "Pour the broth through a gravy separator if you want to skim the fat quickly.", "img": null, "vid": "/8/8c/Skim Fat Off Soup Step 7.360p.mp4"}, "8": {"text": "Strain the broth through a kitchen towel if you don\u2019t have a separator.", "img": null, "vid": "/6/6a/Skim Fat Off Soup Step 8.360p.mp4"}, "9": {"text": "Chill the soup in the refrigerator overnight.", "img": "https://www.wikihow.com/images/thumb/7/7a/Skim-Fat-Off-Soup-Step-9-Version-2.jpg/v4-460px-Skim-Fat-Off-Soup-Step-9-Version-2.jpg", "vid": null}, "10": {"text": "Scoop away the solidified fat with a spoon if you\u2019re skimming a thick soup.", "img": null, "vid": "/b/b0/Skim Fat Off Soup Step 10.360p.mp4"}, "11": {"text": "Pour chilled soup a hole in a plastic bag if you\u2019re skimming broth.", "img": null, "vid": "/6/68/Skim Fat Off Soup Step 11.360p.mp4"}}