{"video_url": "https://www.youtube.com/embed/CgZMswnvCBw?showinfo=0", "1": {"text": "Relax in a nice warm bath or shower in the evening.", "img": "https://www.wikihow.com/images/thumb/3/3d/Sleep-When-You-Are-Not-Tired-Step-25-Version-2.jpg/v4-460px-Sleep-When-You-Are-Not-Tired-Step-25-Version-2.jpg", "vid": null}, "2": {"text": "Take 400mg of a magnesium supplement 30 to 45 minutes before bed.", "img": "https://www.wikihow.com/images/thumb/4/48/Best-Absorb-Magnesium-Supplements-Step-6-Version-2.jpg/v4-460px-Best-Absorb-Magnesium-Supplements-Step-6-Version-2.jpg", "vid": null}, "3": {"text": "Sleep naked.", "img": "https://www.wikihow.com/images/thumb/a/a5/Sleep-Naked-Step-2-Version-3.jpg/v4-460px-Sleep-Naked-Step-2-Version-3.jpg", "vid": null}, "4": {"text": "Sleep in varying positions.", "img": "https://www.wikihow.com/images/thumb/0/09/Sleep-Comfortably-on-a-Cold-Night-Step-4-Version-2.jpg/v4-460px-Sleep-Comfortably-on-a-Cold-Night-Step-4-Version-2.jpg", "vid": null}, "5": {"text": "Use a suitable pillow.", "img": "https://www.wikihow.com/images/thumb/5/5b/Sleep-After-a-C-Section-Step-8.jpg/v4-460px-Sleep-After-a-C-Section-Step-8.jpg", "vid": null}, "6": {"text": "Reduce your light exposure an hour or two before going to bed.", "img": "https://www.wikihow.com/images/thumb/2/2e/Fall-Asleep-Fast-Step-4-Version-4.jpg/v4-460px-Fall-Asleep-Fast-Step-4-Version-4.jpg", "vid": null}, "7": {"text": "Add gentle sounds.", "img": "https://www.wikihow.com/images/thumb/a/a4/Sleep-With-a-Snoring-Partner-Step-2-Version-2.jpg/v4-460px-Sleep-With-a-Snoring-Partner-Step-2-Version-2.jpg", "vid": null}, "8": {"text": "Eat dinner at least three hours before bedtime.", "img": "https://www.wikihow.com/images/thumb/7/7a/Sleep-When-You-Are-Not-Tired-Step-11-Version-2.jpg/v4-460px-Sleep-When-You-Are-Not-Tired-Step-11-Version-2.jpg", "vid": null}, "9": {"text": "Avoid going to bed on an empty stomach.", "img": "https://www.wikihow.com/images/thumb/f/fa/Get-a-Flat-Stomach-in-a-Week-Step-18-Version-2.jpg/v4-460px-Get-a-Flat-Stomach-in-a-Week-Step-18-Version-2.jpg", "vid": null}, "10": {"text": "Avoid caffeine in the afternoon and evening.", "img": "https://www.wikihow.com/images/thumb/0/09/Cleanse-Your-Kidneys-Step-27.jpg/v4-460px-Cleanse-Your-Kidneys-Step-27.jpg", "vid": null}, "11": {"text": "Drink a relaxing warm beverage.", "img": "https://www.wikihow.com/images/thumb/6/69/Sleep-When-You-Are-Not-Tired-Step-10-Version-2.jpg/v4-460px-Sleep-When-You-Are-Not-Tired-Step-10-Version-2.jpg", "vid": null}, "12": {"text": "Avoid drinking water or other fluids within 1 \u00bd to 2 hours of your appointed bedtime.", "img": "https://www.wikihow.com/images/thumb/b/b8/Accelerate-Muscle-Growth-Step-16.jpg/v4-460px-Accelerate-Muscle-Growth-Step-16.jpg", "vid": null}, "13": {"text": "Avoid alcohol before bed.", "img": "https://www.wikihow.com/images/thumb/6/63/Train-Yourself-to-Sleep-on-Your-Back-Step-10.jpg/v4-460px-Train-Yourself-to-Sleep-on-Your-Back-Step-10.jpg", "vid": null}, "14": {"text": "Use your bedroom for bedtime.", "img": "https://www.wikihow.com/images/thumb/c/c9/Make-Yourself-Sleepy-Step-4-Version-3.jpg/v4-460px-Make-Yourself-Sleepy-Step-4-Version-3.jpg", "vid": null}, "15": {"text": "Make your bedroom a haven.", "img": "https://www.wikihow.com/images/thumb/1/19/Fall-Asleep-Fast-Step-17-Version-4.jpg/v4-460px-Fall-Asleep-Fast-Step-17-Version-4.jpg", "vid": null}, "16": {"text": "Clean your room.", "img": "https://www.wikihow.com/images/thumb/b/b4/Get-Rid-of-Acne-Scars-with-Home-Remedies-Step-9.jpg/v4-460px-Get-Rid-of-Acne-Scars-with-Home-Remedies-Step-9.jpg", "vid": null}, "17": {"text": "Beautify your room.", "img": "https://www.wikihow.com/images/thumb/6/69/Sleep-When-You-Are-Not-Tired-Step-21-Version-2.jpg/v4-460px-Sleep-When-You-Are-Not-Tired-Step-21-Version-2.jpg", "vid": null}, "18": {"text": "Maintain your mattress.", "img": "https://www.wikihow.com/images/thumb/2/21/Sleep-With-Lower-Back-Pain-Step-1-Version-2.jpg/v4-460px-Sleep-With-Lower-Back-Pain-Step-1-Version-2.jpg", "vid": null}, "19": {"text": "Consider getting a new mattress.", "img": "https://www.wikihow.com/images/thumb/2/25/Sleep-After-a-C-Section-Step-2.jpg/v4-460px-Sleep-After-a-C-Section-Step-2.jpg", "vid": null}, "20": {"text": "Go to bed and get up at the same time every day.", "img": "https://www.wikihow.com/images/thumb/f/f2/Make-Yourself-Sleepy-Step-9-Version-3.jpg/v4-460px-Make-Yourself-Sleepy-Step-9-Version-3.jpg", "vid": null}, "21": {"text": "Consider allowing less time for sleeping.", "img": "https://www.wikihow.com/images/thumb/8/8a/Sleep-When-You-Are-Not-Tired-Step-17-Version-2.jpg/v4-460px-Sleep-When-You-Are-Not-Tired-Step-17-Version-2.jpg", "vid": null}, "22": {"text": "Develop a sleep routine.", "img": "https://www.wikihow.com/images/thumb/1/1c/Get-Rid-of-Weed-Smell-Step-2-Version-2.jpg/v4-460px-Get-Rid-of-Weed-Smell-Step-2-Version-2.jpg", "vid": null}, "23": {"text": "Try deep breathing relaxation before bed.", "img": "https://www.wikihow.com/images/thumb/c/c8/Make-Yourself-Sleepy-Step-2-Version-3.jpg/v4-460px-Make-Yourself-Sleepy-Step-2-Version-3.jpg", "vid": null}, "24": {"text": "Exercise", "img": "https://www.wikihow.com/images/thumb/c/c7/Stay-Healthy-With-Busy-Schedules-Step-9.jpg/v4-460px-Stay-Healthy-With-Busy-Schedules-Step-9.jpg", "vid": null}, "25": {"text": "Consider taking a nap.", "img": "https://www.wikihow.com/images/thumb/d/d9/Rest-Without-Completely-Sleeping-Step-5.jpg/v4-460px-Rest-Without-Completely-Sleeping-Step-5.jpg", "vid": null}, "26": {"text": "Try melatonin.", "img": "https://www.wikihow.com/images/thumb/a/ab/Get-More-REM-Sleep-Step-7-Version-2.jpg/v4-460px-Get-More-REM-Sleep-Step-7-Version-2.jpg", "vid": null}, "27": {"text": "Try plain antihistamine products that cause drowsiness.", "img": "https://www.wikihow.com/images/thumb/0/0a/Live-With-an-Allergy-to-Seafood-Step-10.jpg/v4-460px-Live-With-an-Allergy-to-Seafood-Step-10.jpg", "vid": null}, "28": {"text": "Tell your doctor", "img": "https://www.wikihow.com/images/thumb/1/12/Get-a-Clean%2C-Acne-Free-Face-Step-25.jpg/v4-460px-Get-a-Clean%2C-Acne-Free-Face-Step-25.jpg", "vid": null}}