{"video_url": "https://www.youtube.com/embed/8scDY_w-t5E?showinfo=0", "1": {"text": "Familiarize yourself with the Notations at a later step in the article.", "img": null, "vid": null}, "2": {"text": "Choose one face to start with.", "img": null, "vid": null}, "3": {"text": "", "img": null, "vid": null}, "4": {"text": "Solve the four corners of the first layer, one by one.", "img": null, "vid": null}, "5": {"text": "Verify your first layer is correct.", "img": null, "vid": null}, "6": {"text": "Place the four edges of the middle layer.", "img": null, "vid": null}, "7": {"text": "Verify correct positioning.", "img": null, "vid": null}, "8": {"text": "Permute the corners.", "img": null, "vid": null}, "9": {"text": "Orient the corners.", "img": null, "vid": null}, "10": {"text": "Permute the edges.", "img": null, "vid": null}, "11": {"text": "Orient the edges.", "img": null, "vid": null}, "12": {"text": "Congratulations!", "img": null, "vid": null}, "13": {"text": "This is the key to the notations used.", "img": null, "vid": null}, "14": {"text": "This article uses two different views for the Cube:", "img": null, "vid": null}, "15": {"text": "For the top view, each bar indicates the location of the important facelet.", "img": null, "vid": null}, "16": {"text": "When a facelet is grey, it means that its color is not important at the moment.", "img": null, "vid": null}, "17": {"text": "The arrows (blue or red) show what the algorithm will do.", "img": null, "vid": null}, "18": {"text": "For the top view, the light blue facelets indicate that an edge is incorrectly oriented.", "img": null, "vid": null}, "19": {"text": "For the move notations it is important to always look at the cube from the front side.", "img": null, "vid": null}}