{"video_url": "https://www.youtube.com/embed/cl4OeeYBMkI?showinfo=0", "1": {"text": "State your opinions with conviction.", "img": "https://www.wikihow.com/images/thumb/5/55/Speak-Well-and-Confidently-Step-1-Version-5.jpg/v4-460px-Speak-Well-and-Confidently-Step-1-Version-5.jpg", "vid": null}, "2": {"text": "Make eye contact.", "img": "https://www.wikihow.com/images/thumb/f/f1/Speak-Well-and-Confidently-Step-2-Version-6.jpg/v4-460px-Speak-Well-and-Confidently-Step-2-Version-6.jpg", "vid": null}, "3": {"text": "Use the shortcut method for better speaking.", "img": "https://www.wikihow.com/images/thumb/e/e6/Speak-Well-and-Confidently-Step-4-Version-5.jpg/v4-460px-Speak-Well-and-Confidently-Step-4-Version-5.jpg", "vid": null}, "4": {"text": "Know the room.", "img": "https://www.wikihow.com/images/thumb/9/97/Speak-Well-and-Confidently-Step-5-Version-4.jpg/v4-460px-Speak-Well-and-Confidently-Step-5-Version-4.jpg", "vid": null}, "5": {"text": "Visualize success.", "img": "https://www.wikihow.com/images/thumb/3/31/Speak-Well-and-Confidently-Step-6-Version-4.jpg/v4-460px-Speak-Well-and-Confidently-Step-6-Version-4.jpg", "vid": null}, "6": {"text": "Know your audience.", "img": "https://www.wikihow.com/images/thumb/c/cc/Speak-Well-and-Confidently-Step-7-Version-4.jpg/v4-460px-Speak-Well-and-Confidently-Step-7-Version-4.jpg", "vid": null}, "7": {"text": "Have confident body language.", "img": "https://www.wikihow.com/images/thumb/3/32/Speak-Well-and-Confidently-Step-8-Version-4.jpg/v4-460px-Speak-Well-and-Confidently-Step-8-Version-4.jpg", "vid": null}, "8": {"text": "Know your material.", "img": "https://www.wikihow.com/images/thumb/a/ad/Speak-Well-and-Confidently-Step-9-Version-4.jpg/v4-460px-Speak-Well-and-Confidently-Step-9-Version-4.jpg", "vid": null}, "9": {"text": "Praise yourself every day.", "img": "https://www.wikihow.com/images/thumb/c/c9/Speak-Well-and-Confidently-Step-3-Version-5.jpg/v4-460px-Speak-Well-and-Confidently-Step-3-Version-5.jpg", "vid": null}, "10": {"text": "Speak loudly enough for everyone to hear.", "img": "https://www.wikihow.com/images/thumb/8/81/Speak-Well-and-Confidently-Step-10-Version-4.jpg/v4-460px-Speak-Well-and-Confidently-Step-10-Version-4.jpg", "vid": null}, "11": {"text": "Expand your vocabulary.", "img": "https://www.wikihow.com/images/thumb/f/ff/Speak-Well-and-Confidently-Step-11-Version-4.jpg/v4-460px-Speak-Well-and-Confidently-Step-11-Version-4.jpg", "vid": null}, "12": {"text": "Avoid excessive slang.", "img": "https://www.wikihow.com/images/thumb/2/2d/Speak-Well-and-Confidently-Step-12-Version-4.jpg/v4-460px-Speak-Well-and-Confidently-Step-12-Version-4.jpg", "vid": null}, "13": {"text": "Don't be afraid to pause.", "img": "https://www.wikihow.com/images/thumb/1/1d/Speak-Well-and-Confidently-Step-13-Version-4.jpg/v4-460px-Speak-Well-and-Confidently-Step-13-Version-4.jpg", "vid": null}, "14": {"text": "Use gestures only when necessary.", "img": "https://www.wikihow.com/images/thumb/f/f1/Speak-Well-and-Confidently-Step-14-Version-4.jpg/v4-460px-Speak-Well-and-Confidently-Step-14-Version-4.jpg", "vid": null}, "15": {"text": "Be more concise.", "img": "https://www.wikihow.com/images/thumb/2/2a/Speak-Well-and-Confidently-Step-15-Version-4.jpg/v4-460px-Speak-Well-and-Confidently-Step-15-Version-4.jpg", "vid": null}, "16": {"text": "Repeat your main points.", "img": "https://www.wikihow.com/images/thumb/0/08/Speak-Well-and-Confidently-Step-16-Version-4.jpg/v4-460px-Speak-Well-and-Confidently-Step-16-Version-4.jpg", "vid": null}, "17": {"text": "Use concrete examples to grab your audience.", "img": "https://www.wikihow.com/images/thumb/b/bc/Speak-Well-and-Confidently-Step-17-Version-4.jpg/v4-460px-Speak-Well-and-Confidently-Step-17-Version-4.jpg", "vid": null}, "18": {"text": "Develop a relaxing routine.", "img": "https://www.wikihow.com/images/thumb/6/67/Speak-Well-and-Confidently-Step-18-Version-4.jpg/v4-460px-Speak-Well-and-Confidently-Step-18-Version-4.jpg", "vid": null}, "19": {"text": "Practice, practice, practice.", "img": "https://www.wikihow.com/images/thumb/c/c8/Speak-Well-and-Confidently-Step-19-Version-4.jpg/v4-460px-Speak-Well-and-Confidently-Step-19-Version-4.jpg", "vid": null}, "20": {"text": "Don't apologize.", "img": "https://www.wikihow.com/images/thumb/0/0e/Speak-Well-and-Confidently-Step-20-Version-4.jpg/v4-460px-Speak-Well-and-Confidently-Step-20-Version-4.jpg", "vid": null}, "21": {"text": "Concentrate on the message \u2013 not the medium.", "img": "https://www.wikihow.com/images/thumb/7/79/Speak-Well-and-Confidently-Step-21-Version-4.jpg/v4-460px-Speak-Well-and-Confidently-Step-21-Version-4.jpg", "vid": null}, "22": {"text": "Gain experience.", "img": "https://www.wikihow.com/images/thumb/9/98/Speak-Well-and-Confidently-Step-22-Version-4.jpg/v4-460px-Speak-Well-and-Confidently-Step-22-Version-4.jpg", "vid": null}, "23": {"text": "Realize that people want you to succeed.", "img": "https://www.wikihow.com/images/thumb/8/81/Speak-Well-and-Confidently-Step-23-Version-4.jpg/v4-460px-Speak-Well-and-Confidently-Step-23-Version-4.jpg", "vid": null}}