{"video_url": "https://www.youtube.com/embed/ZJiEv6ipASM?showinfo=0", "1": {"text": "Roll the lemon firmly back and forth on your countertop before you cut it.", "img": "https://www.wikihow.com/images/thumb/9/9f/Squeeze-a-Lemon-Step-1-Version-3.jpg/v4-460px-Squeeze-a-Lemon-Step-1-Version-3.jpg", "vid": null}, "2": {"text": "Slice your lemon crosswise down the middle.", "img": "https://www.wikihow.com/images/thumb/0/00/Squeeze-a-Lemon-Step-2-Version-3.jpg/v4-460px-Squeeze-a-Lemon-Step-2-Version-3.jpg", "vid": null}, "3": {"text": "Hold 1 lemon half over a bowl with the cut facing up.", "img": "https://www.wikihow.com/images/thumb/c/c7/Squeeze-a-Lemon-Step-3-Version-3.jpg/v4-460px-Squeeze-a-Lemon-Step-3-Version-3.jpg", "vid": null}, "4": {"text": "Squeeze the lemon half hard 3 times to get the juice out.", "img": null, "vid": "/c/c9/Squeeze a Lemon Step 4 Version 3.360p.mp4"}, "5": {"text": "Press a spoon into the insides to release any remaining juice.", "img": "https://www.wikihow.com/images/thumb/f/f1/Squeeze-a-Lemon-Step-5-Version-3.jpg/v4-460px-Squeeze-a-Lemon-Step-5-Version-3.jpg", "vid": null}, "6": {"text": "Press your lemon firmly back and forth into your countertop.", "img": null, "vid": "/3/30/Squeeze a Lemon Step 6 Version 3.360p.mp4"}, "7": {"text": "Try putting the lemon in the microwave to prep it instead.", "img": "https://www.wikihow.com/images/thumb/0/06/Squeeze-a-Lemon-Step-7-Version-3.jpg/v4-460px-Squeeze-a-Lemon-Step-7-Version-3.jpg", "vid": null}, "8": {"text": "Cut the lemon crosswise down the middle.", "img": "https://www.wikihow.com/images/thumb/5/5a/Squeeze-a-Lemon-Step-8-Version-3.jpg/v4-460px-Squeeze-a-Lemon-Step-8-Version-3.jpg", "vid": null}, "9": {"text": "Place the lemon skin-side down into your citrus press if you have one.", "img": "https://www.wikihow.com/images/thumb/4/48/Squeeze-a-Lemon-Step-9-Version-3.jpg/v4-460px-Squeeze-a-Lemon-Step-9-Version-3.jpg", "vid": null}, "10": {"text": "Squeeze your lemon between tongs if you have joint pain.", "img": null, "vid": "/f/f0/Squeeze a Lemon Step 10 Version 3.360p.mp4"}, "11": {"text": "Try pressing a fork into the center for a simple approach.", "img": "https://www.wikihow.com/images/thumb/7/72/Squeeze-a-Lemon-Step-11-Version-3.jpg/v4-460px-Squeeze-a-Lemon-Step-11-Version-3.jpg", "vid": null}, "12": {"text": "Use a mixer beater to squeeze juice out instead.", "img": null, "vid": "/2/28/Squeeze a Lemon Step 12 Version 2.360p.mp4"}}