{"video_url": "https://www.youtube.com/embed/rwEljJt2hI8?showinfo=0", "1": {"text": "Think about what you want in a potential partner.", "img": "https://www.wikihow.com/images/thumb/7/70/Start-Dating-Step-1-Version-2.jpg/v4-460px-Start-Dating-Step-1-Version-2.jpg", "vid": null}, "2": {"text": "Take care of yourself before looking for other people.", "img": "https://www.wikihow.com/images/thumb/c/cd/Start-Dating-Step-2-Version-2.jpg/v4-460px-Start-Dating-Step-2-Version-2.jpg", "vid": null}, "3": {"text": "Develop a strong network of friends.", "img": "https://www.wikihow.com/images/thumb/6/60/Start-Dating-Step-3-Version-2.jpg/v4-460px-Start-Dating-Step-3-Version-2.jpg", "vid": null}, "4": {"text": "Learn to flirt.", "img": "https://www.wikihow.com/images/thumb/5/59/Start-Dating-Step-4-Version-2.jpg/v4-460px-Start-Dating-Step-4-Version-2.jpg", "vid": null}, "5": {"text": "Sign up for an online dating profile.", "img": "https://www.wikihow.com/images/thumb/b/bd/Start-Dating-Step-5-Version-2.jpg/v4-460px-Start-Dating-Step-5-Version-2.jpg", "vid": null}, "6": {"text": "Give your number out first.", "img": "https://www.wikihow.com/images/thumb/7/74/Start-Dating-Step-6.jpg/v4-460px-Start-Dating-Step-6.jpg", "vid": null}, "7": {"text": "Ask someone on a date.", "img": "https://www.wikihow.com/images/thumb/c/c3/Start-Dating-Step-7.jpg/v4-460px-Start-Dating-Step-7.jpg", "vid": null}, "8": {"text": "Set a specific time and place for the date.", "img": "https://www.wikihow.com/images/thumb/b/b8/Start-Dating-Step-8.jpg/v4-460px-Start-Dating-Step-8.jpg", "vid": null}, "9": {"text": "Be open-minded.", "img": "https://www.wikihow.com/images/thumb/b/bc/Start-Dating-Step-9.jpg/v4-460px-Start-Dating-Step-9.jpg", "vid": null}, "10": {"text": "Make your first date low-key.", "img": "https://www.wikihow.com/images/thumb/6/6b/Start-Dating-Step-10.jpg/v4-460px-Start-Dating-Step-10.jpg", "vid": null}, "11": {"text": "Know that dates are a way to get to know someone, not a test to impress them.", "img": "https://www.wikihow.com/images/thumb/c/c1/Start-Dating-Step-11.jpg/v4-460px-Start-Dating-Step-11.jpg", "vid": null}, "12": {"text": "Focus on making conversation during dates.", "img": "https://www.wikihow.com/images/thumb/9/92/Start-Dating-Step-12.jpg/v4-460px-Start-Dating-Step-12.jpg", "vid": null}, "13": {"text": "Make a move near the end of the date if you feel a mutual connection.", "img": "https://www.wikihow.com/images/thumb/e/e3/Start-Dating-Step-13.jpg/v4-460px-Start-Dating-Step-13.jpg", "vid": null}, "14": {"text": "Set up another date if things went well.", "img": "https://www.wikihow.com/images/thumb/2/2a/Start-Dating-Step-14.jpg/v4-460px-Start-Dating-Step-14.jpg", "vid": null}, "15": {"text": "Remember that a date is not a commitment.", "img": "https://www.wikihow.com/images/thumb/d/d8/Start-Dating-Step-15.jpg/v4-460px-Start-Dating-Step-15.jpg", "vid": null}, "16": {"text": "Schedule more dates if things go well.", "img": "https://www.wikihow.com/images/thumb/e/ec/Start-Dating-Step-16.jpg/v4-460px-Start-Dating-Step-16.jpg", "vid": null}, "17": {"text": "Take your relationship slowly to start out.", "img": "https://www.wikihow.com/images/thumb/2/22/Start-Dating-Step-17.jpg/v4-460px-Start-Dating-Step-17.jpg", "vid": null}, "18": {"text": "Build trust over time.", "img": "https://www.wikihow.com/images/thumb/8/88/Start-Dating-Step-18.jpg/v4-460px-Start-Dating-Step-18.jpg", "vid": null}, "19": {"text": "Be exclusive.", "img": "https://www.wikihow.com/images/thumb/e/e2/Start-Dating-Step-19.jpg/v4-460px-Start-Dating-Step-19.jpg", "vid": null}, "20": {"text": "Communicate your expectations for the relationship.", "img": "https://www.wikihow.com/images/thumb/b/bd/Start-Dating-Step-20.jpg/v4-460px-Start-Dating-Step-20.jpg", "vid": null}, "21": {"text": "Remember to set boundaries.", "img": "https://www.wikihow.com/images/thumb/f/f9/Start-Dating-Step-21.jpg/v4-460px-Start-Dating-Step-21.jpg", "vid": null}}