{"video_url": "https://www.youtube.com/embed/qyaRVIrtTBo?showinfo=0", "1": {"text": "Grease your mold with butter.", "img": "https://www.wikihow.com/images/thumb/9/94/Steam-a-Pudding-Step-1.jpg/v4-460px-Steam-a-Pudding-Step-1.jpg", "vid": null}, "2": {"text": "Pour your pudding mixture into your greased mold.", "img": null, "vid": "/d/dd/Steam a Pudding Step 2.360p.mp4"}, "3": {"text": "Cut one square of grease-proof paper and one square of tinfoil.", "img": "https://www.wikihow.com/images/thumb/b/b0/Steam-a-Pudding-Step-3.jpg/v4-460px-Steam-a-Pudding-Step-3.jpg", "vid": null}, "4": {"text": "Fold the grease-proof paper inside of the tinfoil to make a pleat.", "img": null, "vid": "/9/9b/Steam a Pudding Step 4.360p.mp4"}, "5": {"text": "Cover your mold foil-side up.", "img": null, "vid": "/6/63/Steam a Pudding Step 5.360p.mp4"}, "6": {"text": "Tie the foil and paper to the mold with a length of twine.", "img": "https://www.wikihow.com/images/thumb/3/34/Steam-a-Pudding-Step-6.jpg/v4-460px-Steam-a-Pudding-Step-6.jpg", "vid": null}, "7": {"text": "Thread another length of twine to create a handle.", "img": null, "vid": "/9/96/Steam a Pudding Step 7.360p.mp4"}, "8": {"text": "Fill a pot with about 2\u00a0in (5.1\u00a0cm) of water.", "img": "https://www.wikihow.com/images/thumb/7/70/Steam-a-Pudding-Step-8.jpg/v4-460px-Steam-a-Pudding-Step-8.jpg", "vid": null}, "9": {"text": "Place the steamer basket inside the pot and turn it to medium heat.", "img": "https://www.wikihow.com/images/thumb/0/0d/Steam-a-Pudding-Step-9.jpg/v4-460px-Steam-a-Pudding-Step-9.jpg", "vid": null}, "10": {"text": "Put your pudding in the pot, then cover it for 1 to 2 hours.", "img": null, "vid": "/e/ea/Steam a Pudding Step 10.360p.mp4"}, "11": {"text": "Top up the water if the pot dries out.", "img": null, "vid": "/8/82/Steam a Pudding Step 11.360p.mp4"}, "12": {"text": "Set your oven to 350\u00a0\u00b0F (177\u00a0\u00b0C).", "img": "https://www.wikihow.com/images/thumb/b/b2/Steam-a-Pudding-Step-12.jpg/v4-460px-Steam-a-Pudding-Step-12.jpg", "vid": null}, "13": {"text": "Place your covered mold in a deep roasting pan.", "img": "https://www.wikihow.com/images/thumb/4/45/Steam-a-Pudding-Step-13.jpg/v4-460px-Steam-a-Pudding-Step-13.jpg", "vid": null}, "14": {"text": "Pour 2\u00a0in (5.1\u00a0cm) of water into the roasting pan.", "img": "https://www.wikihow.com/images/thumb/3/36/Steam-a-Pudding-Step-14.jpg/v4-460px-Steam-a-Pudding-Step-14.jpg", "vid": null}, "15": {"text": "Bake the pudding for 2 hours.", "img": "https://www.wikihow.com/images/thumb/0/0e/Steam-a-Pudding-Step-15.jpg/v4-460px-Steam-a-Pudding-Step-15.jpg", "vid": null}, "16": {"text": "Place your pudding mold in the center of your slow cooker.", "img": "https://www.wikihow.com/images/thumb/1/1a/Steam-a-Pudding-Step-16.jpg/v4-460px-Steam-a-Pudding-Step-16.jpg", "vid": null}, "17": {"text": "Fill the slow cooker up about halfway with water.", "img": null, "vid": "/a/a5/Steam a Pudding Step 17.360p.mp4"}, "18": {"text": "Cover the slow cooker and cook on high for 3 to 4 hours.", "img": "https://www.wikihow.com/images/thumb/f/fa/Steam-a-Pudding-Step-18.jpg/v4-460px-Steam-a-Pudding-Step-18.jpg", "vid": null}, "19": {"text": "Take the pudding out of the pot and cut the string.", "img": null, "vid": "/f/f5/Steam a Pudding Step 19.360p.mp4"}, "20": {"text": "Slide a knife in between the pudding and the mold.", "img": null, "vid": "/a/ac/Steam a Pudding Step 20.360p.mp4"}, "21": {"text": "Flip the pudding upside down onto a plate.", "img": null, "vid": "/e/e5/Steam a Pudding Step 21.360p.mp4"}, "22": {"text": "Serve the pudding with cream, custard, or hard sauce.", "img": "https://www.wikihow.com/images/thumb/1/1a/Steam-a-Pudding-Step-22.jpg/v4-460px-Steam-a-Pudding-Step-22.jpg", "vid": null}}