{"video_url": "https://www.youtube.com/embed/xgGdfggLihs", "1": {"text": "Prepare your meat or protein by cutting it into thin strips.", "img": "https://www.wikihow.com/images/thumb/c/cf/Stir-Fry-Step-1-Version-5.jpg/v4-460px-Stir-Fry-Step-1-Version-5.jpg", "vid": null}, "2": {"text": "Prepare your vegetables as needed.", "img": "https://www.wikihow.com/images/thumb/1/1c/Stir-Fry-Step-2-Version-5.jpg/v4-460px-Stir-Fry-Step-2-Version-5.jpg", "vid": null}, "3": {"text": "Heat up your pan or wok.", "img": "https://www.wikihow.com/images/thumb/7/74/Stir-Fry-Step-3-Version-5.jpg/v4-460px-Stir-Fry-Step-3-Version-5.jpg", "vid": null}, "4": {"text": "Put a small amount of oil (1-2 tablespoons) in your wok.", "img": "https://www.wikihow.com/images/thumb/c/c5/Stir-Fry-Step-4-Version-5.jpg/v4-460px-Stir-Fry-Step-4-Version-5.jpg", "vid": null}, "5": {"text": "Add your meat, stirring frequently.", "img": "https://www.wikihow.com/images/thumb/c/c2/Stir-Fry-Step-5-Version-5.jpg/v4-460px-Stir-Fry-Step-5-Version-5.jpg", "vid": null}, "6": {"text": "Add slow-cooking vegetables next.", "img": "https://www.wikihow.com/images/thumb/2/29/Stir-Fry-Step-6-Version-5.jpg/v4-460px-Stir-Fry-Step-6-Version-5.jpg", "vid": null}, "7": {"text": "Add faster-cooking vegetables last.", "img": "https://www.wikihow.com/images/thumb/c/cb/Stir-Fry-Step-7-Version-5.jpg/v4-460px-Stir-Fry-Step-7-Version-5.jpg", "vid": null}, "8": {"text": "Add any stir fry sauce you are using at the very end.", "img": "https://www.wikihow.com/images/thumb/7/72/Stir-Fry-Step-8-Version-5.jpg/v4-460px-Stir-Fry-Step-8-Version-5.jpg", "vid": null}, "9": {"text": "Cook for 3-4 minutes.", "img": "https://www.wikihow.com/images/thumb/3/34/Stir-Fry-Step-9-Version-5.jpg/v4-460px-Stir-Fry-Step-9-Version-5.jpg", "vid": null}, "10": {"text": "Serve.", "img": "https://www.wikihow.com/images/thumb/d/da/Stir-Fry-Step-10-Version-4.jpg/v4-460px-Stir-Fry-Step-10-Version-4.jpg", "vid": null}, "11": {"text": "Try serving with rice", "img": "https://www.wikihow.com/images/thumb/c/c3/Stir-Fry-Step-11-Version-3.jpg/v4-460px-Stir-Fry-Step-11-Version-3.jpg", "vid": null}, "12": {"text": "Try serving over Asian noodles", "img": "https://www.wikihow.com/images/thumb/d/de/Stir-Fry-Step-12-Version-3.jpg/v4-460px-Stir-Fry-Step-12-Version-3.jpg", "vid": null}, "13": {"text": "Try stir-frying bok choy for a healthy alternative", "img": "https://www.wikihow.com/images/thumb/0/06/Stir-Fry-Step-13-Version-3.jpg/v4-460px-Stir-Fry-Step-13-Version-3.jpg", "vid": null}}