{"video_url": "https://www.youtube.com/embed/HP8L8-JPYdo", "1": {"text": ".", "img": "https://www.wikihow.com/images/thumb/c/c1/Stop-Snoring-Step-1-Version-3.jpg/v4-460px-Stop-Snoring-Step-1-Version-3.jpg", "vid": null}, "2": {"text": "Don't drink alcohol right before you go to bed.", "img": "https://www.wikihow.com/images/thumb/9/9d/Stop-Snoring-Step-2-Version-2.jpg/v4-460px-Stop-Snoring-Step-2-Version-2.jpg", "vid": null}, "3": {"text": "Sleep on your side.", "img": "https://www.wikihow.com/images/thumb/e/e7/Stop-Snoring-Step-3-Version-3.jpg/v4-460px-Stop-Snoring-Step-3-Version-3.jpg", "vid": null}, "4": {"text": "Prop yourself up by at least 4 inches if you must sleep on your back.", "img": "https://www.wikihow.com/images/thumb/3/38/Stop-Snoring-Step-4-Version-3.jpg/v4-460px-Stop-Snoring-Step-4-Version-3.jpg", "vid": null}, "5": {"text": "Use a special pillow meant to stop snoring.", "img": "https://www.wikihow.com/images/thumb/4/4d/Stop-Snoring-Step-5-Version-3.jpg/v4-460px-Stop-Snoring-Step-5-Version-3.jpg", "vid": null}, "6": {"text": "Quit smoking", "img": null, "vid": null}, "7": {"text": "Limit your use of sedatives.", "img": "https://www.wikihow.com/images/thumb/3/36/Stop-Snoring-Step-7-Version-3.jpg/v4-460px-Stop-Snoring-Step-7-Version-3.jpg", "vid": null}, "8": {"text": "Sing for 20 minutes a day to help tighten your throat muscles.", "img": "https://www.wikihow.com/images/thumb/b/bd/Stop-Snoring-Step-8-Version-2.jpg/v4-460px-Stop-Snoring-Step-8-Version-2.jpg", "vid": null}, "9": {"text": "Apply nasal strips or a nasal dilator to keep your airways open.", "img": "https://www.wikihow.com/images/thumb/b/bd/Stop-Snoring-Step-9-Version-2.jpg/v4-460px-Stop-Snoring-Step-9-Version-2.jpg", "vid": null}, "10": {"text": "Take decongestants or rinse your nasal passages if you have sinus congestion.", "img": "https://www.wikihow.com/images/thumb/7/7b/Stop-Snoring-Step-10-Version-2.jpg/v4-460px-Stop-Snoring-Step-10-Version-2.jpg", "vid": null}, "11": {"text": "Use a humidifier to keep your airways moist.", "img": "https://www.wikihow.com/images/thumb/8/85/Stop-Snoring-Step-11-Version-2.jpg/v4-460px-Stop-Snoring-Step-11-Version-2.jpg", "vid": null}, "12": {"text": "Talk to your doctor to rule out underlying medical conditions.", "img": "https://www.wikihow.com/images/thumb/3/36/Stop-Snoring-Step-12-Version-2.jpg/v4-460px-Stop-Snoring-Step-12-Version-2.jpg", "vid": null}, "13": {"text": "Allow your doctor to conduct an imaging test.", "img": "https://www.wikihow.com/images/thumb/a/a7/Stop-Snoring-Step-13-Version-2.jpg/v4-460px-Stop-Snoring-Step-13-Version-2.jpg", "vid": null}, "14": {"text": "Undergo a sleep study if your symptoms continue after other treatments.", "img": "https://www.wikihow.com/images/thumb/a/ae/Stop-Snoring-Step-14-Version-2.jpg/v4-460px-Stop-Snoring-Step-14-Version-2.jpg", "vid": null}, "15": {"text": "Use a CPAP machine if you have sleep apnea.", "img": "https://www.wikihow.com/images/thumb/3/3b/Stop-Snoring-Step-15.jpg/v4-460px-Stop-Snoring-Step-15.jpg", "vid": null}, "16": {"text": "Get fitted for a dental mouthpiece to relieve snoring.", "img": "https://www.wikihow.com/images/thumb/d/df/Stop-Snoring-Step-16.jpg/v4-460px-Stop-Snoring-Step-16.jpg", "vid": null}, "17": {"text": "Consider surgery if no other treatment options work.", "img": null, "vid": null}}