{"video_url": "https://www.youtube.com/embed/Oewek_jsr08", "1": {"text": "Distract yourself from your urge to laugh.", "img": "https://www.wikihow.com/images/thumb/4/46/Stop-Laughing-at-Inappropriate-Times-Step-1-Version-2.jpg/v4-460px-Stop-Laughing-at-Inappropriate-Times-Step-1-Version-2.jpg", "vid": null}, "2": {"text": "Identify what makes you laugh inappropriately.", "img": "https://www.wikihow.com/images/thumb/b/b1/Stop-Laughing-at-Inappropriate-Times-Step-2-Version-2.jpg/v4-460px-Stop-Laughing-at-Inappropriate-Times-Step-2-Version-2.jpg", "vid": null}, "3": {"text": "Choose replacement behaviors for the laughter.", "img": "https://www.wikihow.com/images/thumb/6/60/Stop-Laughing-at-Inappropriate-Times-Step-3-Version-2.jpg/v4-460px-Stop-Laughing-at-Inappropriate-Times-Step-3-Version-2.jpg", "vid": null}, "4": {"text": "Create a plan for replacing your laughter.", "img": "https://www.wikihow.com/images/thumb/e/e7/Stop-Laughing-at-Inappropriate-Times-Step-4-Version-2.jpg/v4-460px-Stop-Laughing-at-Inappropriate-Times-Step-4-Version-2.jpg", "vid": null}, "5": {"text": "Learn to cope with social anxiety, if you have it.", "img": "https://www.wikihow.com/images/thumb/d/da/Stop-Laughing-at-Inappropriate-Times-Step-5-Version-2.jpg/v4-460px-Stop-Laughing-at-Inappropriate-Times-Step-5-Version-2.jpg", "vid": null}, "6": {"text": "Practice mindfulness.", "img": "https://www.wikihow.com/images/thumb/f/fa/Stop-Laughing-at-Inappropriate-Times-Step-6-Version-2.jpg/v4-460px-Stop-Laughing-at-Inappropriate-Times-Step-6-Version-2.jpg", "vid": null}, "7": {"text": "Move to a private location when you start to laugh, if you can.", "img": "https://www.wikihow.com/images/thumb/9/98/Stop-Laughing-at-Inappropriate-Times-Step-7-Version-2.jpg/v4-460px-Stop-Laughing-at-Inappropriate-Times-Step-7-Version-2.jpg", "vid": null}, "8": {"text": "Cover up your laughter with a cough, if you don't have time to leave.", "img": "https://www.wikihow.com/images/thumb/7/75/Stop-Laughing-at-Inappropriate-Times-Step-8-Version-2.jpg/v4-460px-Stop-Laughing-at-Inappropriate-Times-Step-8-Version-2.jpg", "vid": null}, "9": {"text": "Apologize for your laughter, if it still happens.", "img": "https://www.wikihow.com/images/thumb/e/ec/Stop-Laughing-at-Inappropriate-Times-Step-9-Version-2.jpg/v4-460px-Stop-Laughing-at-Inappropriate-Times-Step-9-Version-2.jpg", "vid": null}, "10": {"text": "Talk to a therapist to address deeper issues.", "img": "https://www.wikihow.com/images/thumb/e/e0/Stop-Laughing-at-Inappropriate-Times-Step-10-Version-2.jpg/v4-460px-Stop-Laughing-at-Inappropriate-Times-Step-10-Version-2.jpg", "vid": null}, "11": {"text": "Ask if SSRIs may be a good option for you.", "img": "https://www.wikihow.com/images/thumb/2/2b/Stop-Laughing-at-Inappropriate-Times-Step-11-Version-2.jpg/v4-460px-Stop-Laughing-at-Inappropriate-Times-Step-11-Version-2.jpg", "vid": null}, "12": {"text": "Participate in cognitive-behavioral therapy if you have Tourette's or OCD.", "img": "https://www.wikihow.com/images/thumb/6/62/Stop-Laughing-at-Inappropriate-Times-Step-12-Version-2.jpg/v4-460px-Stop-Laughing-at-Inappropriate-Times-Step-12-Version-2.jpg", "vid": null}}