{"video_url": "https://www.youtube.com/embed/Q-GZlQI-ewQ", "1": {"text": "Go cold turkey.", "img": "https://www.wikihow.com/images/thumb/2/22/Stop-Smoking-Instantly-Step-1-Version-2.jpg/v4-460px-Stop-Smoking-Instantly-Step-1-Version-2.jpg", "vid": null}, "2": {"text": "Try nicotine replacement therapy.", "img": "https://www.wikihow.com/images/thumb/7/77/Stop-Smoking-Instantly-Step-2-Version-2.jpg/v4-460px-Stop-Smoking-Instantly-Step-2-Version-2.jpg", "vid": null}, "3": {"text": "Get medicine to help you quit.", "img": "https://www.wikihow.com/images/thumb/5/59/Stop-Smoking-Instantly-Step-3-Version-2.jpg/v4-460px-Stop-Smoking-Instantly-Step-3-Version-2.jpg", "vid": null}, "4": {"text": "Go to counseling or therapy.", "img": "https://www.wikihow.com/images/thumb/e/e3/Stop-Smoking-Instantly-Step-4-Version-2.jpg/v4-460px-Stop-Smoking-Instantly-Step-4-Version-2.jpg", "vid": null}, "5": {"text": "Explore alternative practices.", "img": "https://www.wikihow.com/images/thumb/5/56/Stop-Smoking-Instantly-Step-5-Version-2.jpg/v4-460px-Stop-Smoking-Instantly-Step-5-Version-2.jpg", "vid": null}, "6": {"text": "Use a combination of strategies.", "img": "https://www.wikihow.com/images/thumb/8/83/Stop-Smoking-Instantly-Step-6-Version-2.jpg/v4-460px-Stop-Smoking-Instantly-Step-6-Version-2.jpg", "vid": null}, "7": {"text": "Throw out all of your smoking paraphernalia.", "img": "https://www.wikihow.com/images/thumb/d/d3/Stop-Smoking-Instantly-Step-7.jpg/v4-460px-Stop-Smoking-Instantly-Step-7.jpg", "vid": null}, "8": {"text": "Stay busy.", "img": "https://www.wikihow.com/images/thumb/1/1b/Stop-Smoking-Instantly-Step-8.jpg/v4-460px-Stop-Smoking-Instantly-Step-8.jpg", "vid": null}, "9": {"text": "Reward yourself.", "img": "https://www.wikihow.com/images/thumb/e/e0/Stop-Smoking-Instantly-Step-9.jpg/v4-460px-Stop-Smoking-Instantly-Step-9.jpg", "vid": null}, "10": {"text": "Stay positive and forgiving.", "img": "https://www.wikihow.com/images/thumb/2/20/Stop-Smoking-Instantly-Step-10.jpg/v4-460px-Stop-Smoking-Instantly-Step-10.jpg", "vid": null}, "11": {"text": "Ask for help.", "img": "https://www.wikihow.com/images/thumb/d/db/Stop-Smoking-Instantly-Step-11.jpg/v4-460px-Stop-Smoking-Instantly-Step-11.jpg", "vid": null}, "12": {"text": "Consider a long term approach.", "img": "https://www.wikihow.com/images/thumb/c/cc/Stop-Smoking-Instantly-Step-12.jpg/v4-460px-Stop-Smoking-Instantly-Step-12.jpg", "vid": null}, "13": {"text": "Decide to quit smoking.", "img": "https://www.wikihow.com/images/thumb/0/04/Stop-Smoking-Instantly-Step-13.jpg/v4-460px-Stop-Smoking-Instantly-Step-13.jpg", "vid": null}, "14": {"text": "Set a quit smoking date.", "img": "https://www.wikihow.com/images/thumb/7/70/Stop-Smoking-Instantly-Step-14.jpg/v4-460px-Stop-Smoking-Instantly-Step-14.jpg", "vid": null}, "15": {"text": "Create a quit smoking plan.", "img": "https://www.wikihow.com/images/thumb/6/6f/Stop-Smoking-Instantly-Step-15.jpg/v4-460px-Stop-Smoking-Instantly-Step-15.jpg", "vid": null}, "16": {"text": "Prepare for your quit smoking date.", "img": "https://www.wikihow.com/images/thumb/d/df/Stop-Smoking-Instantly-Step-16.jpg/v4-460px-Stop-Smoking-Instantly-Step-16.jpg", "vid": null}, "17": {"text": "Anticipate stress.", "img": "https://www.wikihow.com/images/thumb/2/28/Accept-Being-Unattractive-Step-6-Version-3.jpg/v4-460px-Accept-Being-Unattractive-Step-6-Version-3.jpg", "vid": null}}