{"video_url": "https://www.youtube.com/embed/myfGWbjltg0?showinfo=0", "1": {"text": "Fill a cup or jar with 2\u20133 inches (5.1\u20137.6\u00a0cm) few inches of water.", "img": "https://www.wikihow.com/images/thumb/2/28/Store-Cilantro-Step-1-Version-2.jpg/v4-460px-Store-Cilantro-Step-1-Version-2.jpg", "vid": null}, "2": {"text": "Dry off the cilantro with a paper towel.", "img": null, "vid": "/a/a1/Store Cilantro Step 2.360p.mp4"}, "3": {"text": "Cut the stems 1 inch (2.5\u00a0cm) from the bottom.", "img": null, "vid": "/5/54/Store Cilantro Step 3.360p.mp4"}, "4": {"text": "Insert the cilantro into the water stem first.", "img": "https://www.wikihow.com/images/thumb/e/e4/Store-Cilantro-Step-4-Version-2.jpg/v4-460px-Store-Cilantro-Step-4-Version-2.jpg", "vid": null}, "5": {"text": "Cover the cilantro loosely with a plastic bag.", "img": null, "vid": "/5/5a/Store Cilantro Step 5.360p.mp4"}, "6": {"text": "Place the jar in the refrigerator.", "img": "https://www.wikihow.com/images/thumb/7/7f/Store-Cilantro-Step-6-Version-2.jpg/v4-460px-Store-Cilantro-Step-6-Version-2.jpg", "vid": null}, "7": {"text": "Change the water when it starts to discolor.", "img": null, "vid": "/f/f2/Store Cilantro Step 7.360p.mp4"}, "8": {"text": "Use the cilantro within 2 weeks.", "img": "https://www.wikihow.com/images/thumb/7/78/Store-Cilantro-Step-8-Version-2.jpg/v4-460px-Store-Cilantro-Step-8-Version-2.jpg", "vid": null}, "9": {"text": "Wash the cilantro sprigs.", "img": "https://www.wikihow.com/images/thumb/5/5e/Store-Cilantro-Step-9-Version-2.jpg/v4-460px-Store-Cilantro-Step-9-Version-2.jpg", "vid": null}, "10": {"text": "Pat the cilantro dry with a paper towel.", "img": null, "vid": "/1/1f/Store Cilantro Step 10.360p.mp4"}, "11": {"text": "Slice the leaves off the stalks if you prefer smaller portions.", "img": null, "vid": "/a/af/Store Cilantro Step 11.360p.mp4"}, "12": {"text": "Spread the cilantro out on a baking sheet.", "img": "https://www.wikihow.com/images/thumb/b/b1/Store-Cilantro-Step-12-Version-2.jpg/v4-460px-Store-Cilantro-Step-12-Version-2.jpg", "vid": null}, "13": {"text": "Place the sheet in the freezer for 30 minutes.", "img": "https://www.wikihow.com/images/thumb/4/4b/Store-Cilantro-Step-13-Version-2.jpg/v4-460px-Store-Cilantro-Step-13-Version-2.jpg", "vid": null}, "14": {"text": "Transfer the frozen cilantro to plastic freezer bags.", "img": null, "vid": "/6/67/Store Cilantro Step 14.360p.mp4"}, "15": {"text": "Store the bag in the freezer for 1-2 months.", "img": "https://www.wikihow.com/images/thumb/5/51/Store-Cilantro-Step-15-Version-2.jpg/v4-460px-Store-Cilantro-Step-15-Version-2.jpg", "vid": null}, "16": {"text": "Wash the cilantro sprigs.", "img": "https://www.wikihow.com/images/thumb/f/fd/Store-Cilantro-Step-16-Version-2.jpg/v4-460px-Store-Cilantro-Step-16-Version-2.jpg", "vid": null}, "17": {"text": "Pat the cilantro dry with a paper towel.", "img": null, "vid": "/6/6c/Store Cilantro Step 17.360p.mp4"}, "18": {"text": "Chop or blend the cilantro into pieces.", "img": null, "vid": "/9/91/Store Cilantro Step 18.360p.mp4"}, "19": {"text": "Place 1 tablespoon (15\u00a0ml) of cilantro in each ice cube section.", "img": null, "vid": "/c/c6/Store Cilantro Step 19.360p.mp4"}, "20": {"text": "Fill each ice cube section with water.", "img": null, "vid": "/0/0e/Store Cilantro Step 20.360p.mp4"}, "21": {"text": "Store the ice tray in the freezer for 2 months.", "img": "https://www.wikihow.com/images/thumb/2/2e/Store-Cilantro-Step-21-Version-2.jpg/v4-460px-Store-Cilantro-Step-21-Version-2.jpg", "vid": null}, "22": {"text": "Preheat the oven to 250\u00a0\u00b0F (121\u00a0\u00b0C).", "img": "https://www.wikihow.com/images/thumb/0/01/Store-Cilantro-Step-22-Version-2.jpg/v4-460px-Store-Cilantro-Step-22-Version-2.jpg", "vid": null}, "23": {"text": "Wash the cilantro sprigs.", "img": "https://www.wikihow.com/images/thumb/5/56/Store-Cilantro-Step-23.jpg/v4-460px-Store-Cilantro-Step-23.jpg", "vid": null}, "24": {"text": "Pat the cilantro dry with a paper towel.", "img": "https://www.wikihow.com/images/thumb/2/2e/Store-Cilantro-Step-24.jpg/v4-460px-Store-Cilantro-Step-24.jpg", "vid": null}, "25": {"text": "Cut the leaves off the stalks.", "img": null, "vid": "/3/3e/Store Cilantro Step 25.360p.mp4"}, "26": {"text": "Spread the cilantro in a single layer on a baking sheet.", "img": "https://www.wikihow.com/images/thumb/e/ec/Store-Cilantro-Step-26.jpg/v4-460px-Store-Cilantro-Step-26.jpg", "vid": null}, "27": {"text": "Place the sheet in the oven for 20-30 minutes.", "img": null, "vid": "/b/b3/Store Cilantro Step 27.360p.mp4"}, "28": {"text": "Remove the cookie sheet and let the cilantro cool.", "img": "https://www.wikihow.com/images/thumb/f/f5/Store-Cilantro-Step-28.jpg/v4-460px-Store-Cilantro-Step-28.jpg", "vid": null}, "29": {"text": "Scrape the leaves into an airtight jar.", "img": null, "vid": "/7/76/Store Cilantro Step 29.360p.mp4"}, "30": {"text": "Store the dried cilantro for 1 year.", "img": "https://www.wikihow.com/images/thumb/9/9b/Store-Cilantro-Step-30.jpg/v4-460px-Store-Cilantro-Step-30.jpg", "vid": null}}