{"video_url": "https://www.youtube.com/embed/jpkOPTH1_6s?showinfo=0", "1": {"text": "Store lemons for immediate use.", "img": "https://www.wikihow.com/images/thumb/b/bb/Store-Lemons-Step-1-Version-6.jpg/v4-460px-Store-Lemons-Step-1-Version-6.jpg", "vid": null}, "2": {"text": "Store extra lemons sealed in the refrigerator.", "img": null, "vid": "/4/4c/Store Lemons Step 2 Version 3.360p.mp4"}, "3": {"text": "Cover the cut side of the lemon.", "img": null, "vid": "/d/de/Store Lemons Step 3 Version 3.360p.mp4"}, "4": {"text": "Refrigerate.", "img": null, "vid": "/6/6e/Store Lemons Step 4 Version 3.360p.mp4"}, "5": {"text": "Freeze slices to add to drinks.", "img": null, "vid": "/e/eb/Store Lemons Step 5 Version 3.360p.mp4"}, "6": {"text": "Refrigerate lemon juice.", "img": null, "vid": "/4/43/Store Lemons Step 6 Version 3.360p.mp4"}, "7": {"text": "Freeze leftover juice in ice cube trays.", "img": null, "vid": "/1/1f/Store Lemons Step 7 Version 3.360p.mp4"}, "8": {"text": "Store zest in an airtight container.", "img": null, "vid": "/6/6b/Store Lemons Step 8 Version 3.360p.mp4"}, "9": {"text": "Freeze leftover zest.", "img": null, "vid": "/5/5a/Store Lemons Step 9 Version 3.360p.mp4"}}