{"video_url": "https://www.youtube.com/embed/PvapXqzCbwM?showinfo=0", "1": {"text": "Choose bananas based on their degree of ripeness.", "img": "https://www.wikihow.com/images/thumb/9/98/Store-Bananas-Step-1-Version-6.jpg/v4-460px-Store-Bananas-Step-1-Version-6.jpg", "vid": null}, "2": {"text": "Remove bananas from plastic produce bags as soon as you get them home.", "img": null, "vid": "/0/09/Store Bananas Step 2 Version 6.360p.mp4"}, "3": {"text": "Store green bananas at room temperature.", "img": "https://www.wikihow.com/images/thumb/6/6b/Store-Bananas-Step-3-Version-6.jpg/v4-460px-Store-Bananas-Step-3-Version-6.jpg", "vid": null}, "4": {"text": "Leave yellow-green ripening bananas exposed to air at room temperature for a few days.", "img": null, "vid": "/8/81/Store Bananas Step 4 Version 6.360p.mp4"}, "5": {"text": "Hang the bananas on a banana tree.", "img": null, "vid": "/7/72/Store Bananas Step 5 Version 6.360p.mp4"}, "6": {"text": "Keep ripe bananas at room temperature if you will be eating them within a few days.", "img": "https://www.wikihow.com/images/thumb/0/01/Store-Bananas-Step-6-Version-6.jpg/v4-460px-Store-Bananas-Step-6-Version-6.jpg", "vid": null}, "7": {"text": "Keep sliced bananas fresh.", "img": null, "vid": "/d/da/Store Bananas Step 7 Version 6.360p.mp4"}, "8": {"text": "Pull the bananas apart from the bunch.", "img": "https://www.wikihow.com/images/thumb/f/f4/Store-Bananas-Step-8-Version-6.jpg/v4-460px-Store-Bananas-Step-8-Version-6.jpg", "vid": null}, "9": {"text": "Store the ripe bananas with unripe fruit.", "img": null, "vid": "/e/ed/Store Bananas Step 9 Version 6.360p.mp4"}, "10": {"text": "Wrap the stems of the bananas in plastic wrap.", "img": null, "vid": "/c/c2/Store Bananas Step 10 Version 4.360p.mp4"}, "11": {"text": "Put the bananas in the produce drawer of your refrigerator after they are fully ripe.", "img": "https://www.wikihow.com/images/thumb/b/b4/Store-Bananas-Step-11-Version-4.jpg/v4-460px-Store-Bananas-Step-11-Version-4.jpg", "vid": null}, "12": {"text": "Peel the bananas before freezing them.", "img": null, "vid": "/c/cb/Store Bananas Step 12 Version 4.360p.mp4"}, "13": {"text": "Store bananas in the freezer for several months.", "img": null, "vid": "/c/ca/Store Bananas Step 13 Version 4.360p.mp4"}, "14": {"text": "Make banana bread with overripe bananas.", "img": "https://www.wikihow.com/images/thumb/d/de/Store-Bananas-Step-14-Version-4.jpg/v4-460px-Store-Bananas-Step-14-Version-4.jpg", "vid": null}}