{"video_url": "https://www.youtube.com/embed/znpeiy5clfI", "1": {"text": "Store late-season onions.", "img": "https://www.wikihow.com/images/thumb/b/bc/Store-Onions-Step-1.jpg/v4-460px-Store-Onions-Step-1.jpg", "vid": null}, "2": {"text": "Store pungent onions.", "img": "https://www.wikihow.com/images/thumb/4/42/Store-Onions-Step-2.jpg/v4-460px-Store-Onions-Step-2.jpg", "vid": null}, "3": {"text": "Dry the onion skins.", "img": "https://www.wikihow.com/images/thumb/b/bd/Store-Onions-Step-3.jpg/v4-460px-Store-Onions-Step-3.jpg", "vid": null}, "4": {"text": "Trim the onions.", "img": "https://www.wikihow.com/images/thumb/2/20/Store-Onions-Step-4.jpg/v4-460px-Store-Onions-Step-4.jpg", "vid": null}, "5": {"text": "Choose a cool, dark place to store your onions.", "img": "https://www.wikihow.com/images/thumb/2/2f/Store-Onions-Step-5.jpg/v4-460px-Store-Onions-Step-5.jpg", "vid": null}, "6": {"text": "Keep the storage space dry.", "img": "https://www.wikihow.com/images/thumb/5/5a/Store-Onions-Step-6.jpg/v4-460px-Store-Onions-Step-6.jpg", "vid": null}, "7": {"text": "Make sure the space is well ventilated.", "img": "https://www.wikihow.com/images/thumb/5/57/Store-Onions-Step-7.jpg/v4-460px-Store-Onions-Step-7.jpg", "vid": null}, "8": {"text": "Try storing your onions in pantyhose.", "img": "https://www.wikihow.com/images/thumb/8/8a/Store-Onions-Step-8.jpg/v4-460px-Store-Onions-Step-8.jpg", "vid": null}, "9": {"text": "Use thick-necked bulbs first.", "img": "https://www.wikihow.com/images/thumb/f/f6/Store-Onions-Step-9.jpg/v4-460px-Store-Onions-Step-9.jpg", "vid": null}, "10": {"text": "Inspect stored onions regularly.", "img": "https://www.wikihow.com/images/thumb/5/54/Store-Onions-Step-10.jpg/v4-460px-Store-Onions-Step-10.jpg", "vid": null}, "11": {"text": "Store peeled onions in the freezer.", "img": "https://www.wikihow.com/images/thumb/9/9f/Store-Onions-Step-11.jpg/v4-460px-Store-Onions-Step-11.jpg", "vid": null}, "12": {"text": "Wrap leftover onions and store them in the refrigerator.", "img": "https://www.wikihow.com/images/thumb/4/4b/Store-Onions-Step-12.jpg/v4-460px-Store-Onions-Step-12.jpg", "vid": null}}