{"video_url": "https://www.youtube.com/embed/6YG58XloDS8", "1": {"text": "Sort the moldy blueberries from the fresh ones.", "img": "https://www.wikihow.com/images/thumb/e/e0/Store-Blueberries-Step-1-Version-3.jpg/v4-460px-Store-Blueberries-Step-1-Version-3.jpg", "vid": null}, "2": {"text": "Pull off any stems.", "img": "https://www.wikihow.com/images/thumb/e/e6/Store-Blueberries-Step-2-Version-3.jpg/v4-460px-Store-Blueberries-Step-2-Version-3.jpg", "vid": null}, "3": {"text": "Consider rinsing the blueberries with one part vinegar and three parts water.", "img": "https://www.wikihow.com/images/thumb/d/d0/Store-Blueberries-Step-3-Version-3.jpg/v4-460px-Store-Blueberries-Step-3-Version-3.jpg", "vid": null}, "4": {"text": "Make sure that the blueberries are dry.", "img": "https://www.wikihow.com/images/thumb/2/2e/Store-Blueberries-Step-4-Version-3.jpg/v4-460px-Store-Blueberries-Step-4-Version-3.jpg", "vid": null}, "5": {"text": "Find a basket-like container and wash it well.", "img": "https://www.wikihow.com/images/thumb/f/fe/Store-Blueberries-Step-5-Version-3.jpg/v4-460px-Store-Blueberries-Step-5-Version-3.jpg", "vid": null}, "6": {"text": "Fold a paper towel into quarters and place it in the bottom of the basket.", "img": "https://www.wikihow.com/images/thumb/c/cb/Store-Blueberries-Step-6-Version-3.jpg/v4-460px-Store-Blueberries-Step-6-Version-3.jpg", "vid": null}, "7": {"text": "Add the blueberries on top of the paper towel.", "img": "https://www.wikihow.com/images/thumb/a/a4/Store-Blueberries-Step-7-Version-3.jpg/v4-460px-Store-Blueberries-Step-7-Version-3.jpg", "vid": null}, "8": {"text": "Store the blueberries in the refrigerator.", "img": "https://www.wikihow.com/images/thumb/f/fe/Store-Blueberries-Step-8-Version-3.jpg/v4-460px-Store-Blueberries-Step-8-Version-3.jpg", "vid": null}, "9": {"text": "Spread the blueberries in a single layer across a shallow tray.", "img": "https://www.wikihow.com/images/thumb/9/92/Store-Blueberries-Step-9-Version-3.jpg/v4-460px-Store-Blueberries-Step-9-Version-3.jpg", "vid": null}, "10": {"text": "Place the tray into the freezer and wait until the blueberries are frozen.", "img": "https://www.wikihow.com/images/thumb/8/8a/Store-Blueberries-Step-10-Version-3.jpg/v4-460px-Store-Blueberries-Step-10-Version-3.jpg", "vid": null}, "11": {"text": "Transfer the blueberries to a freezer-safe Ziploc (resealable) bag.", "img": "https://www.wikihow.com/images/thumb/c/cd/Store-Blueberries-Step-11.jpg/v4-460px-Store-Blueberries-Step-11.jpg", "vid": null}, "12": {"text": "Close the Ziploc bag and place it into the freezer.", "img": "https://www.wikihow.com/images/thumb/e/e1/Store-Blueberries-Step-12.jpg/v4-460px-Store-Blueberries-Step-12.jpg", "vid": null}}