{"video_url": "https://www.youtube.com/embed/2LXdg4ugraA", "1": {"text": "Keep separate boxes of baking soda for deodorizing, household cleaning and baking.", "img": "https://www.wikihow.com/images/thumb/9/96/Store-Baking-Soda-Step-1.jpg/v4-460px-Store-Baking-Soda-Step-1.jpg", "vid": null}, "2": {"text": "Buy baking soda in a box.", "img": "https://www.wikihow.com/images/thumb/4/46/Store-Baking-Soda-Step-2.jpg/v4-460px-Store-Baking-Soda-Step-2.jpg", "vid": null}, "3": {"text": "Place the box in a resealable plastic bag after you open the cardboard baking soda box.", "img": "https://www.wikihow.com/images/thumb/5/5e/Store-Baking-Soda-Step-3.jpg/v4-460px-Store-Baking-Soda-Step-3.jpg", "vid": null}, "4": {"text": "Push all of the air out of the plastic bag.", "img": "https://www.wikihow.com/images/thumb/1/1f/Store-Baking-Soda-Step-4.jpg/v4-460px-Store-Baking-Soda-Step-4.jpg", "vid": null}, "5": {"text": "Keep the bagged baking soda box in a dry place.", "img": "https://www.wikihow.com/images/thumb/0/05/Store-Baking-Soda-Step-5.jpg/v4-460px-Store-Baking-Soda-Step-5.jpg", "vid": null}, "6": {"text": "Choose a storage place that will stay cool.", "img": "https://www.wikihow.com/images/thumb/8/8b/Store-Baking-Soda-Step-6.jpg/v4-460px-Store-Baking-Soda-Step-6.jpg", "vid": null}, "7": {"text": "Keep baking soda away from strong spices and odors.", "img": null, "vid": null}, "8": {"text": "Remove the baking soda from its storage place before using.", "img": "https://www.wikihow.com/images/thumb/9/9e/Store-Baking-Soda-Step-7.jpg/v4-460px-Store-Baking-Soda-Step-7.jpg", "vid": null}, "9": {"text": "Store baking soda in this way for 2 to 3 years.", "img": "https://www.wikihow.com/images/thumb/3/39/Store-Baking-Soda-Step-8.jpg/v4-460px-Store-Baking-Soda-Step-8.jpg", "vid": null}, "10": {"text": "Use dry measuring spoons whenever you remove baking soda for a recipe.", "img": "https://www.wikihow.com/images/thumb/e/e4/Store-Baking-Soda-Step-9.jpg/v4-460px-Store-Baking-Soda-Step-9.jpg", "vid": null}}