{"video_url": "https://www.youtube.com/embed/2-lXx8_3GuY?showinfo=0", "1": {"text": "Wear the shoes around the house for an hour at a time.", "img": "https://www.wikihow.com/images/thumb/f/fa/Stretch-New-Shoes-Step-1-Version-5.jpg/v4-460px-Stretch-New-Shoes-Step-1-Version-5.jpg", "vid": null}, "2": {"text": "Wear thick socks and heat the shoes with a hair dryer for a fast stretch.", "img": "https://www.wikihow.com/images/thumb/1/1b/Stretch-New-Shoes-Step-2-Version-5.jpg/v4-460px-Stretch-New-Shoes-Step-2-Version-5.jpg", "vid": null}, "3": {"text": "Spray the shoes with rubbing alcohol for a custom fit.", "img": "https://www.wikihow.com/images/thumb/2/20/Stretch-New-Shoes-Step-3-Version-5.jpg/v4-460px-Stretch-New-Shoes-Step-3-Version-5.jpg", "vid": null}, "4": {"text": "Try a shoe-stretching spray while you\u2019re wearing leather shoes.", "img": "https://www.wikihow.com/images/thumb/1/11/Stretch-New-Shoes-Step-4-Version-5.jpg/v4-460px-Stretch-New-Shoes-Step-4-Version-5.jpg", "vid": null}, "5": {"text": "Fill a resealable bag halfway with water and place it in the shoe.", "img": "https://www.wikihow.com/images/thumb/d/df/Stretch-New-Shoes-Step-5-Version-4.jpg/v4-460px-Stretch-New-Shoes-Step-5-Version-4.jpg", "vid": null}, "6": {"text": "Place the shoes onto a tray and place the tray in the freezer.", "img": "https://www.wikihow.com/images/thumb/a/a0/Stretch-New-Shoes-Step-6-Version-5.jpg/v4-460px-Stretch-New-Shoes-Step-6-Version-5.jpg", "vid": null}, "7": {"text": "Leave the shoes at room temperature for 15-30 minutes, then remove the bag.", "img": "https://www.wikihow.com/images/thumb/b/b5/Stretch-New-Shoes-Step-7-Version-5.jpg/v4-460px-Stretch-New-Shoes-Step-7-Version-5.jpg", "vid": null}, "8": {"text": "Use a shoe stretcher to gradually widen leather shoes.", "img": "https://www.wikihow.com/images/thumb/e/e9/Stretch-New-Shoes-Step-8-Version-5.jpg/v4-460px-Stretch-New-Shoes-Step-8-Version-5.jpg", "vid": null}, "9": {"text": "Roll up socks and stuff them into the toes of the shoes for a gentle stretch.", "img": "https://www.wikihow.com/images/thumb/3/3e/Stretch-New-Shoes-Step-9-Version-5.jpg/v4-460px-Stretch-New-Shoes-Step-9-Version-5.jpg", "vid": null}, "10": {"text": "Place wet newspaper into the shoes for more stretching power.", "img": "https://www.wikihow.com/images/thumb/c/cf/Stretch-New-Shoes-Step-10-Version-5.jpg/v4-460px-Stretch-New-Shoes-Step-10-Version-5.jpg", "vid": null}, "11": {"text": "Stretch the shoe with wet oats, grains, or rice for an old-fashioned approach.", "img": "https://www.wikihow.com/images/thumb/2/2e/Stretch-New-Shoes-Step-11-Version-5.jpg/v4-460px-Stretch-New-Shoes-Step-11-Version-5.jpg", "vid": null}}