{"video_url": "https://www.youtube.com/embed/CHARmML_d-M?showinfo=0", "1": {"text": "Apply leather conditioner if the boots are made from leather.", "img": "https://www.wikihow.com/images/thumb/b/b3/Stretch-Steel-Toe-Boots-Step-1-Version-2.jpg/v4-460px-Stretch-Steel-Toe-Boots-Step-1-Version-2.jpg", "vid": null}, "2": {"text": "Insert the end of a broomstick through the opening in the boot.", "img": "https://www.wikihow.com/images/thumb/4/4f/Stretch-Steel-Toe-Boots-Step-2-Version-2.jpg/v4-460px-Stretch-Steel-Toe-Boots-Step-2-Version-2.jpg", "vid": null}, "3": {"text": "Press downwards on the boot to stretch it.", "img": null, "vid": "/3/39/Stretch Steel Toe Boots Step 3 Version 2.360p.mp4"}, "4": {"text": "Bend the sole as you stretch the boot material to break in the boots even more.", "img": null, "vid": "/d/d2/Stretch Steel Toe Boots Step 4 Version 2.360p.mp4"}, "5": {"text": "Repeat 2-3 times to stretch out the boot more if needed.", "img": "https://www.wikihow.com/images/thumb/e/e8/Stretch-Steel-Toe-Boots-Step-5-Version-2.jpg/v4-460px-Stretch-Steel-Toe-Boots-Step-5-Version-2.jpg", "vid": null}, "6": {"text": "Fill 2 plastic quart-sized bags with water and seal them.", "img": null, "vid": "/e/e8/Stretch Steel Toe Boots Step 6 Version 2.360p.mp4"}, "7": {"text": "Push the bags down into the boots so they are filling the toes.", "img": null, "vid": "/6/67/Stretch Steel Toe Boots Step 7 Version 2.360p.mp4"}, "8": {"text": "Place the boots in your freezer overnight with the heels propped up.", "img": "https://www.wikihow.com/images/thumb/f/f8/Stretch-Steel-Toe-Boots-Step-8-Version-2.jpg/v4-460px-Stretch-Steel-Toe-Boots-Step-8-Version-2.jpg", "vid": null}, "9": {"text": "Take the boots out of the freezer and thaw them for 20 minutes.", "img": "https://www.wikihow.com/images/thumb/6/69/Stretch-Steel-Toe-Boots-Step-9-Version-2.jpg/v4-460px-Stretch-Steel-Toe-Boots-Step-9-Version-2.jpg", "vid": null}, "10": {"text": "Remove the bags and repeat the process to stretch the boots more.", "img": "https://www.wikihow.com/images/thumb/d/d1/Stretch-Steel-Toe-Boots-Step-10-Version-2.jpg/v4-460px-Stretch-Steel-Toe-Boots-Step-10-Version-2.jpg", "vid": null}, "11": {"text": "Put on 2 pairs of thick socks and then put on your boots.", "img": "https://www.wikihow.com/images/thumb/7/71/Stretch-Steel-Toe-Boots-Step-11-Version-2.jpg/v4-460px-Stretch-Steel-Toe-Boots-Step-11-Version-2.jpg", "vid": null}, "12": {"text": "Hover your blow dryer over the tight areas of the boots for 30 seconds.", "img": null, "vid": "/5/57/Stretch Steel Toe Boots Step 12 Version 2.360p.mp4"}, "13": {"text": "Apply a leather conditioner to the boots after you\u2019re finished.", "img": null, "vid": "/6/69/Stretch Steel Toe Boots Step 13 Version 2.360p.mp4"}, "14": {"text": "Apply leather conditioner if the boots are made from leather.", "img": null, "vid": "/f/fd/Stretch Steel Toe Boots Step 14 Version 2.360p.mp4"}, "15": {"text": "Turn the widening and lengthening handles counter-clockwise.", "img": null, "vid": "/5/51/Stretch Steel Toe Boots Step 15 Version 2.360p.mp4"}, "16": {"text": "Insert the stretcher into the boots and adjust the length and width.", "img": null, "vid": "/a/ac/Stretch Steel Toe Boots Step 16 Version 2.360p.mp4"}, "17": {"text": "Leave the stretcher in place for 24 hours or longer.", "img": "https://www.wikihow.com/images/thumb/e/e8/Stretch-Steel-Toe-Boots-Step-17-Version-2.jpg/v4-460px-Stretch-Steel-Toe-Boots-Step-17-Version-2.jpg", "vid": null}, "18": {"text": "Try on the boots to see if they fit better.", "img": "https://www.wikihow.com/images/thumb/1/19/Stretch-Steel-Toe-Boots-Step-18-Version-2.jpg/v4-460px-Stretch-Steel-Toe-Boots-Step-18-Version-2.jpg", "vid": null}}