{"video_url": "https://www.youtube.com/embed/LIJ1x1BllzQ?showinfo=0", "1": {"text": "Manage your time", "img": "https://www.wikihow.com/images/thumb/f/f5/Study-Step-1-Version-3.jpg/v4-460px-Study-Step-1-Version-3.jpg", "vid": null}, "2": {"text": "Pace yourself.", "img": "https://www.wikihow.com/images/thumb/4/42/Study-Step-2-Version-3.jpg/v4-460px-Study-Step-2-Version-3.jpg", "vid": null}, "3": {"text": "Get enough rest.", "img": "https://www.wikihow.com/images/thumb/a/ab/Study-Step-3-Version-3.jpg/v4-460px-Study-Step-3-Version-3.jpg", "vid": null}, "4": {"text": "Clear your mind of anything that doesn't have to do with the topic you're studying.", "img": "https://www.wikihow.com/images/thumb/b/b7/Study-Step-4-Version-3.jpg/v4-460px-Study-Step-4-Version-3.jpg", "vid": null}, "5": {"text": "Eliminate electronic distractions.", "img": "https://www.wikihow.com/images/thumb/2/2c/Study-Step-5-Version-3.jpg/v4-460px-Study-Step-5-Version-3.jpg", "vid": null}, "6": {"text": "Find a good study spot.", "img": "https://www.wikihow.com/images/thumb/7/77/Study-Step-6-Version-3.jpg/v4-460px-Study-Step-6-Version-3.jpg", "vid": null}, "7": {"text": "Choose background music carefully.", "img": "https://www.wikihow.com/images/thumb/e/ee/Study-Step-7-Version-3.jpg/v4-460px-Study-Step-7-Version-3.jpg", "vid": null}, "8": {"text": "Listen to background sounds.", "img": "https://www.wikihow.com/images/thumb/5/5f/Study-Step-8-Version-3.jpg/v4-460px-Study-Step-8-Version-3.jpg", "vid": null}, "9": {"text": "Keep the television turned off.", "img": "https://www.wikihow.com/images/thumb/f/fc/Study-Step-9-Version-3.jpg/v4-460px-Study-Step-9-Version-3.jpg", "vid": null}, "10": {"text": "Snack smart.", "img": "https://www.wikihow.com/images/thumb/6/69/Study-Step-10-Version-3.jpg/v4-460px-Study-Step-10-Version-3.jpg", "vid": null}, "11": {"text": "Try a five step approach:", "img": "https://www.wikihow.com/images/thumb/e/ed/Study-Step-11-Version-3.jpg/v4-460px-Study-Step-11-Version-3.jpg", "vid": null}, "12": {"text": "Use the THIEVES strategy.", "img": "https://www.wikihow.com/images/thumb/0/07/Study-Step-12-Version-3.jpg/v4-460px-Study-Step-12-Version-3.jpg", "vid": null}, "13": {"text": "Highlight important details.", "img": "https://www.wikihow.com/images/thumb/1/13/Study-Step-13-Version-2.jpg/v4-460px-Study-Step-13-Version-2.jpg", "vid": null}, "14": {"text": "Summarize or outline the material.", "img": "https://www.wikihow.com/images/thumb/8/8b/Study-Step-14-Version-2.jpg/v4-460px-Study-Step-14-Version-2.jpg", "vid": null}, "15": {"text": "Make flash cards.", "img": "https://www.wikihow.com/images/thumb/1/1a/Study-Step-15-Version-2.jpg/v4-460px-Study-Step-15-Version-2.jpg", "vid": null}, "16": {"text": "Make associations.", "img": "https://www.wikihow.com/images/thumb/9/9d/Study-Step-16-Version-3.jpg/v4-460px-Study-Step-16-Version-3.jpg", "vid": null}, "17": {"text": "Break things into smaller parts.", "img": "https://www.wikihow.com/images/thumb/f/f0/Study-Step-17-Version-2.jpg/v4-460px-Study-Step-17-Version-2.jpg", "vid": null}, "18": {"text": "Make a study sheet.", "img": "https://www.wikihow.com/images/thumb/7/71/Study-Step-18-Version-2.jpg/v4-460px-Study-Step-18-Version-2.jpg", "vid": null}, "19": {"text": "Take breaks.", "img": "https://www.wikihow.com/images/thumb/e/e1/Study-Step-19-Version-2.jpg/v4-460px-Study-Step-19-Version-2.jpg", "vid": null}, "20": {"text": "Use a keyword to refocus yourself.", "img": "https://www.wikihow.com/images/thumb/d/d3/Study-Step-20-Version-2.jpg/v4-460px-Study-Step-20-Version-2.jpg", "vid": null}, "21": {"text": "Take good notes in class.", "img": "https://www.wikihow.com/images/thumb/c/c1/Study-Step-21-Version-2.jpg/v4-460px-Study-Step-21-Version-2.jpg", "vid": null}, "22": {"text": "Rewrite your notes at home.", "img": "https://www.wikihow.com/images/thumb/2/2a/Study-Step-22-Version-2.jpg/v4-460px-Study-Step-22-Version-2.jpg", "vid": null}, "23": {"text": "Make things interesting.", "img": "https://www.wikihow.com/images/thumb/b/b8/Study-Step-23-Version-2.jpg/v4-460px-Study-Step-23-Version-2.jpg", "vid": null}, "24": {"text": "Study hard subjects first.", "img": "https://www.wikihow.com/images/thumb/c/c5/Study-Step-24-Version-2.jpg/v4-460px-Study-Step-24-Version-2.jpg", "vid": null}, "25": {"text": "Study the important vocabulary.", "img": "https://www.wikihow.com/images/thumb/0/08/Study-Step-25-Version-2.jpg/v4-460px-Study-Step-25-Version-2.jpg", "vid": null}, "26": {"text": "Make a study group.", "img": "https://www.wikihow.com/images/thumb/f/f9/Study-Step-26-Version-2.jpg/v4-460px-Study-Step-26-Version-2.jpg", "vid": null}}