{"video_url": "https://www.youtube.com/embed/9BZfzF4jcjs?showinfo=0", "1": {"text": "Choose match-generating sites for a more tailored approach.", "img": "https://www.wikihow.com/images/thumb/0/08/Succeed-at-Online-Dating-Step-1-Version-3.jpg/v4-460px-Succeed-at-Online-Dating-Step-1-Version-3.jpg", "vid": null}, "2": {"text": "Opt for \"see and screen\" sites for fun, fast-paced connections.", "img": "https://www.wikihow.com/images/thumb/e/ea/Succeed-at-Online-Dating-Step-2-Version-3.jpg/v4-460px-Succeed-at-Online-Dating-Step-2-Version-3.jpg", "vid": null}, "3": {"text": "Highlight your own unique personality rather than listing what you want.", "img": "https://www.wikihow.com/images/thumb/1/13/Succeed-at-Online-Dating-Step-3-Version-3.jpg/v4-460px-Succeed-at-Online-Dating-Step-3-Version-3.jpg", "vid": null}, "4": {"text": "Write honest and specific examples rather than generic descriptions.", "img": "https://www.wikihow.com/images/thumb/d/d3/Succeed-at-Online-Dating-Step-4-Version-3.jpg/v4-460px-Succeed-at-Online-Dating-Step-4-Version-3.jpg", "vid": null}, "5": {"text": "Choose high-quality photos that show your face and your body.", "img": "https://www.wikihow.com/images/thumb/4/4e/Succeed-at-Online-Dating-Step-5-Version-4.jpg/v4-460px-Succeed-at-Online-Dating-Step-5-Version-4.jpg", "vid": null}, "6": {"text": "Look for profiles that are distinctive and descriptive.", "img": "https://www.wikihow.com/images/thumb/a/a9/Succeed-at-Online-Dating-Step-6-Version-3.jpg/v4-460px-Succeed-at-Online-Dating-Step-6-Version-3.jpg", "vid": null}, "7": {"text": "Make your \u201celiminate immediately\u201d criteria limited and specific.", "img": "https://www.wikihow.com/images/thumb/7/75/Succeed-at-Online-Dating-Step-7-Version-3.jpg/v4-460px-Succeed-at-Online-Dating-Step-7-Version-3.jpg", "vid": null}, "8": {"text": "Avoid using \u201cpoints\u201d or \u201cpros/cons\u201d rating systems.", "img": "https://www.wikihow.com/images/thumb/c/c5/Succeed-at-Online-Dating-Step-8-Version-3.jpg/v4-460px-Succeed-at-Online-Dating-Step-8-Version-3.jpg", "vid": null}, "9": {"text": "Imagine yourself on a date with each candidate.", "img": "https://www.wikihow.com/images/thumb/b/b7/Succeed-at-Online-Dating-Step-9-Version-3.jpg/v4-460px-Succeed-at-Online-Dating-Step-9-Version-3.jpg", "vid": null}, "10": {"text": "Keep your eyes open for signs of a scammer.", "img": "https://www.wikihow.com/images/thumb/6/6c/Succeed-at-Online-Dating-Step-10-Version-3.jpg/v4-460px-Succeed-at-Online-Dating-Step-10-Version-3.jpg", "vid": null}, "11": {"text": "Make your first contact brief and friendly and ask a question.", "img": "https://www.wikihow.com/images/thumb/8/87/Succeed-at-Online-Dating-Step-11-Version-3.jpg/v4-460px-Succeed-at-Online-Dating-Step-11-Version-3.jpg", "vid": null}, "12": {"text": "Respond to messages quickly and genuinely.", "img": "https://www.wikihow.com/images/thumb/2/22/Succeed-at-Online-Dating-Step-12-Version-3.jpg/v4-460px-Succeed-at-Online-Dating-Step-12-Version-3.jpg", "vid": null}, "13": {"text": "Keep the conversation going until you decide if you'd like to meet or not.", "img": "https://www.wikihow.com/images/thumb/5/54/Succeed-at-Online-Dating-Step-13-Version-3.jpg/v4-460px-Succeed-at-Online-Dating-Step-13-Version-3.jpg", "vid": null}, "14": {"text": "Meet in person sooner rather than later.", "img": "https://www.wikihow.com/images/thumb/7/7f/Succeed-at-Online-Dating-Step-14-Version-3.jpg/v4-460px-Succeed-at-Online-Dating-Step-14-Version-3.jpg", "vid": null}, "15": {"text": "Choose a public location for your first get-together.", "img": "https://www.wikihow.com/images/thumb/e/e2/Succeed-at-Online-Dating-Step-15.jpg/v4-460px-Succeed-at-Online-Dating-Step-15.jpg", "vid": null}, "16": {"text": "Be attentive and ask lots of questions.", "img": "https://www.wikihow.com/images/thumb/8/8c/Succeed-at-Online-Dating-Step-16.jpg/v4-460px-Succeed-at-Online-Dating-Step-16.jpg", "vid": null}, "17": {"text": "Follow up on the date the next day and decide if you want to meet again.", "img": "https://www.wikihow.com/images/thumb/8/89/Succeed-at-Online-Dating-Step-17.jpg/v4-460px-Succeed-at-Online-Dating-Step-17.jpg", "vid": null}}