{"video_url": "https://www.youtube.com/embed/6OVbVTNQmBk?showinfo=0", "1": {"text": "Educate yourself about depression.", "img": "https://www.wikihow.com/images/thumb/8/8e/Support-Someone-with-Depression-During-Coronavirus-Step-1-Version-2.jpg/v4-460px-Support-Someone-with-Depression-During-Coronavirus-Step-1-Version-2.jpg", "vid": null}, "2": {"text": "Spot the signs of worsening depression.", "img": "https://www.wikihow.com/images/thumb/5/59/Support-Someone-with-Depression-During-Coronavirus-Step-2-Version-2.jpg/v4-460px-Support-Someone-with-Depression-During-Coronavirus-Step-2-Version-2.jpg", "vid": null}, "3": {"text": "Check in with the person every few days if you don\u2019t live with them.", "img": "https://www.wikihow.com/images/thumb/3/35/Support-Someone-with-Depression-During-Coronavirus-Step-3-Version-2.jpg/v4-460px-Support-Someone-with-Depression-During-Coronavirus-Step-3-Version-2.jpg", "vid": null}, "4": {"text": "Tell them directly if you\u2019re concerned about their condition.", "img": "https://www.wikihow.com/images/thumb/5/5c/Support-Someone-with-Depression-During-Coronavirus-Step-4-Version-2.jpg/v4-460px-Support-Someone-with-Depression-During-Coronavirus-Step-4-Version-2.jpg", "vid": null}, "5": {"text": "Listen attentively when they start opening up.", "img": "https://www.wikihow.com/images/thumb/2/2b/Support-Someone-with-Depression-During-Coronavirus-Step-5-Version-2.jpg/v4-460px-Support-Someone-with-Depression-During-Coronavirus-Step-5-Version-2.jpg", "vid": null}, "6": {"text": "Remind them that the current situation is temporary and will end.", "img": "https://www.wikihow.com/images/thumb/c/c6/Support-Someone-with-Depression-During-Coronavirus-Step-6-Version-2.jpg/v4-460px-Support-Someone-with-Depression-During-Coronavirus-Step-6-Version-2.jpg", "vid": null}, "7": {"text": "Give the person positive reinforcement.", "img": "https://www.wikihow.com/images/thumb/7/7b/Support-Someone-with-Depression-During-Coronavirus-Step-7-Version-2.jpg/v4-460px-Support-Someone-with-Depression-During-Coronavirus-Step-7-Version-2.jpg", "vid": null}, "8": {"text": "Convince them to stay on a regular daily schedule.", "img": "https://www.wikihow.com/images/thumb/f/fe/Support-Someone-with-Depression-During-Coronavirus-Step-8-Version-2.jpg/v4-460px-Support-Someone-with-Depression-During-Coronavirus-Step-8-Version-2.jpg", "vid": null}, "9": {"text": "Encourage them to try out new hobbies.", "img": "https://www.wikihow.com/images/thumb/e/e3/Support-Someone-with-Depression-During-Coronavirus-Step-9-Version-2.jpg/v4-460px-Support-Someone-with-Depression-During-Coronavirus-Step-9-Version-2.jpg", "vid": null}, "10": {"text": "Exercise with the person to keep them active.", "img": "https://www.wikihow.com/images/thumb/2/20/Support-Someone-with-Depression-During-Coronavirus-Step-10-Version-2.jpg/v4-460px-Support-Someone-with-Depression-During-Coronavirus-Step-10-Version-2.jpg", "vid": null}, "11": {"text": "Set boundaries so caring for the person doesn\u2019t overwhelm you.", "img": "https://www.wikihow.com/images/thumb/3/34/Support-Someone-with-Depression-During-Coronavirus-Step-11-Version-2.jpg/v4-460px-Support-Someone-with-Depression-During-Coronavirus-Step-11-Version-2.jpg", "vid": null}, "12": {"text": "Encourage the person to speak with a professional therapist.", "img": "https://www.wikihow.com/images/thumb/1/13/Support-Someone-with-Depression-During-Coronavirus-Step-12-Version-2.jpg/v4-460px-Support-Someone-with-Depression-During-Coronavirus-Step-12-Version-2.jpg", "vid": null}, "13": {"text": "Make sure they\u2019re following their treatment regimen for depression.", "img": "https://www.wikihow.com/images/thumb/3/35/Support-Someone-with-Depression-During-Coronavirus-Step-13-Version-2.jpg/v4-460px-Support-Someone-with-Depression-During-Coronavirus-Step-13-Version-2.jpg", "vid": null}, "14": {"text": "Contact mental health organizations if you need more guidance.", "img": "https://www.wikihow.com/images/thumb/9/9e/Support-Someone-with-Depression-During-Coronavirus-Step-14-Version-2.jpg/v4-460px-Support-Someone-with-Depression-During-Coronavirus-Step-14-Version-2.jpg", "vid": null}, "15": {"text": "Call emergency services if the person is suicidal.", "img": "https://www.wikihow.com/images/thumb/c/c6/Support-Someone-with-Depression-During-Coronavirus-Step-15-Version-2.jpg/v4-460px-Support-Someone-with-Depression-During-Coronavirus-Step-15-Version-2.jpg", "vid": null}}