{"video_url": "https://www.youtube.com/embed/ZQGoeqmWO5s?showinfo=0", "1": {"text": "Wear clothing that minimizes sweat loss.", "img": "https://www.wikihow.com/images/thumb/6/64/Survive-in-the-Desert-Step-1-Version-2.jpg/v4-460px-Survive-in-the-Desert-Step-1-Version-2.jpg", "vid": null}, "2": {"text": "Bring lots of extra water.", "img": "https://www.wikihow.com/images/thumb/2/20/Survive-in-the-Desert-Step-2-Version-2.jpg/v4-460px-Survive-in-the-Desert-Step-2-Version-2.jpg", "vid": null}, "3": {"text": "Bring food that packs the most nutrition in the least size and weight.", "img": "https://www.wikihow.com/images/thumb/0/07/Survive-in-the-Desert-Step-3-Version-2.jpg/v4-460px-Survive-in-the-Desert-Step-3-Version-2.jpg", "vid": null}, "4": {"text": "Pack survival equipment.", "img": "https://www.wikihow.com/images/thumb/f/ff/Survive-in-the-Desert-Step-4-Version-2.jpg/v4-460px-Survive-in-the-Desert-Step-4-Version-2.jpg", "vid": null}, "5": {"text": "Become nocturnal.", "img": "https://www.wikihow.com/images/thumb/8/82/Survive-in-the-Desert-Step-5-Version-2.jpg/v4-460px-Survive-in-the-Desert-Step-5-Version-2.jpg", "vid": null}, "6": {"text": "Stay in a shelter during the day.", "img": "https://www.wikihow.com/images/thumb/2/2c/Survive-in-the-Desert-Step-6-Version-2.jpg/v4-460px-Survive-in-the-Desert-Step-6-Version-2.jpg", "vid": null}, "7": {"text": "Signal for help.", "img": "https://www.wikihow.com/images/thumb/b/b7/Survive-in-the-Desert-Step-7.jpg/v4-460px-Survive-in-the-Desert-Step-7.jpg", "vid": null}, "8": {"text": "Decide whether to stay in place.", "img": "https://www.wikihow.com/images/thumb/a/a7/Survive-in-the-Desert-Step-8.jpg/v4-460px-Survive-in-the-Desert-Step-8.jpg", "vid": null}, "9": {"text": "Find water sources", "img": "https://www.wikihow.com/images/thumb/4/44/Survive-in-the-Desert-Step-9.jpg/v4-460px-Survive-in-the-Desert-Step-9.jpg", "vid": null}, "10": {"text": "Dig for water.", "img": "https://www.wikihow.com/images/thumb/a/ab/Survive-in-the-Desert-Step-10.jpg/v4-460px-Survive-in-the-Desert-Step-10.jpg", "vid": null}, "11": {"text": "Look for water elsewhere.", "img": "https://www.wikihow.com/images/thumb/9/99/Survive-in-the-Desert-Step-11.jpg/v4-460px-Survive-in-the-Desert-Step-11.jpg", "vid": null}, "12": {"text": "Watch out for signs of dehydration.", "img": "https://www.wikihow.com/images/thumb/1/13/Survive-in-the-Desert-Step-12.jpg/v4-460px-Survive-in-the-Desert-Step-12.jpg", "vid": null}, "13": {"text": "Rest if you experience heat exhaustion.", "img": "https://www.wikihow.com/images/thumb/2/2e/Survive-in-the-Desert-Step-13.jpg/v4-460px-Survive-in-the-Desert-Step-13.jpg", "vid": null}, "14": {"text": "Stay away from dangerous animals.", "img": "https://www.wikihow.com/images/thumb/e/e1/Survive-in-the-Desert-Step-14.jpg/v4-460px-Survive-in-the-Desert-Step-14.jpg", "vid": null}, "15": {"text": "Steer clear of spiny plants.", "img": "https://www.wikihow.com/images/thumb/d/d4/Survive-in-the-Desert-Step-15.jpg/v4-460px-Survive-in-the-Desert-Step-15.jpg", "vid": null}}