{"video_url": "https://www.youtube.com/embed/K8ujig0Wn0M", "1": {"text": "Get up at a specific time every day so you\u2019re awake when others are.", "img": "https://www.wikihow.com/images/thumb/9/9f/Survive-Working-at-Home-As-an-Extrovert-Step-1.jpg/v4-460px-Survive-Working-at-Home-As-an-Extrovert-Step-1.jpg", "vid": null}, "2": {"text": "Take a shower and get dressed to make yourself socially presentable.", "img": "https://www.wikihow.com/images/thumb/6/65/Survive-Working-at-Home-As-an-Extrovert-Step-2.jpg/v4-460px-Survive-Working-at-Home-As-an-Extrovert-Step-2.jpg", "vid": null}, "3": {"text": "Give yourself time to get out of the house.", "img": "https://www.wikihow.com/images/thumb/5/57/Survive-Working-at-Home-As-an-Extrovert-Step-3.jpg/v4-460px-Survive-Working-at-Home-As-an-Extrovert-Step-3.jpg", "vid": null}, "4": {"text": "Talk to your coworkers via video chat or on the phone.", "img": "https://www.wikihow.com/images/thumb/f/f0/Survive-Working-at-Home-As-an-Extrovert-Step-4.jpg/v4-460px-Survive-Working-at-Home-As-an-Extrovert-Step-4.jpg", "vid": null}, "5": {"text": "Join a group of working professionals in your field.", "img": "https://www.wikihow.com/images/thumb/e/ee/Survive-Working-at-Home-As-an-Extrovert-Step-5.jpg/v4-460px-Survive-Working-at-Home-As-an-Extrovert-Step-5.jpg", "vid": null}, "6": {"text": "Volunteer to travel for your job.", "img": "https://www.wikihow.com/images/thumb/b/b0/Survive-Working-at-Home-As-an-Extrovert-Step-6.jpg/v4-460px-Survive-Working-at-Home-As-an-Extrovert-Step-6.jpg", "vid": null}, "7": {"text": "Work outside your home if you can.", "img": "https://www.wikihow.com/images/thumb/f/f7/Survive-Working-at-Home-As-an-Extrovert-Step-7.jpg/v4-460px-Survive-Working-at-Home-As-an-Extrovert-Step-7.jpg", "vid": null}, "8": {"text": "Sign up for a co-working space.", "img": "https://www.wikihow.com/images/thumb/1/18/Survive-Working-at-Home-As-an-Extrovert-Step-8.jpg/v4-460px-Survive-Working-at-Home-As-an-Extrovert-Step-8.jpg", "vid": null}, "9": {"text": "Go to groups or clubs that involve your hobbies.", "img": "https://www.wikihow.com/images/thumb/1/16/Survive-Working-at-Home-As-an-Extrovert-Step-9.jpg/v4-460px-Survive-Working-at-Home-As-an-Extrovert-Step-9.jpg", "vid": null}, "10": {"text": "Join a fitness class for some social interaction.", "img": "https://www.wikihow.com/images/thumb/1/12/Survive-Working-at-Home-As-an-Extrovert-Step-10.jpg/v4-460px-Survive-Working-at-Home-As-an-Extrovert-Step-10.jpg", "vid": null}, "11": {"text": "Make plans with your friends in the evenings.", "img": "https://www.wikihow.com/images/thumb/5/5f/Survive-Working-at-Home-As-an-Extrovert-Step-11.jpg/v4-460px-Survive-Working-at-Home-As-an-Extrovert-Step-11.jpg", "vid": null}, "12": {"text": "Call your friends and family members on days you don\u2019t have plans.", "img": "https://www.wikihow.com/images/thumb/2/2c/Survive-Working-at-Home-As-an-Extrovert-Step-12.jpg/v4-460px-Survive-Working-at-Home-As-an-Extrovert-Step-12.jpg", "vid": null}}