{"video_url": "https://www.youtube.com/embed/BAB2l0CYk-I?showinfo=0", "1": {"text": "Check that hedgehog-keeping is legal in your area.", "img": "https://www.wikihow.com/images/thumb/a/a2/Take-Care-of-a-Hedgehog-Step-1-Version-4.jpg/v4-460px-Take-Care-of-a-Hedgehog-Step-1-Version-4.jpg", "vid": null}, "2": {"text": "Opt to buy your hedgehog from a licensed breeder.", "img": "https://www.wikihow.com/images/thumb/4/49/Take-Care-of-a-Hedgehog-Step-2-Version-4.jpg/v4-460px-Take-Care-of-a-Hedgehog-Step-2-Version-4.jpg", "vid": null}, "3": {"text": "Check that the hedgehog is healthy.", "img": "https://www.wikihow.com/images/thumb/d/de/Take-Care-of-a-Hedgehog-Step-3-Version-4.jpg/v4-460px-Take-Care-of-a-Hedgehog-Step-3-Version-4.jpg", "vid": null}, "4": {"text": "Bring the hedgehog home appropriately.", "img": "https://www.wikihow.com/images/thumb/5/57/Take-Care-of-a-Hedgehog-Step-4-Version-4.jpg/v4-460px-Take-Care-of-a-Hedgehog-Step-4-Version-4.jpg", "vid": null}, "5": {"text": "Be prepared for self-anointing, or anting.", "img": "https://www.wikihow.com/images/thumb/7/7f/Take-Care-of-a-Hedgehog-Step-5-Version-4.jpg/v4-460px-Take-Care-of-a-Hedgehog-Step-5-Version-4.jpg", "vid": null}, "6": {"text": "Provide a good enclosure.", "img": "https://www.wikihow.com/images/thumb/6/64/Take-Care-of-a-Hedgehog-Step-6-Version-4.jpg/v4-460px-Take-Care-of-a-Hedgehog-Step-6-Version-4.jpg", "vid": null}, "7": {"text": "Select good bedding material.", "img": "https://www.wikihow.com/images/thumb/f/f4/Take-Care-of-a-Hedgehog-Step-7-Version-4.jpg/v4-460px-Take-Care-of-a-Hedgehog-Step-7-Version-4.jpg", "vid": null}, "8": {"text": "Furnish the enclosure.", "img": "https://www.wikihow.com/images/thumb/8/86/Take-Care-of-a-Hedgehog-Step-8-Version-4.jpg/v4-460px-Take-Care-of-a-Hedgehog-Step-8-Version-4.jpg", "vid": null}, "9": {"text": "Ensure a suitable temperature.", "img": "https://www.wikihow.com/images/thumb/0/05/Take-Care-of-a-Hedgehog-Step-9-Version-4.jpg/v4-460px-Take-Care-of-a-Hedgehog-Step-9-Version-4.jpg", "vid": null}, "10": {"text": "Feed your hedgehog a varied diet.", "img": "https://www.wikihow.com/images/thumb/e/e6/Take-Care-of-a-Hedgehog-Step-10-Version-4.jpg/v4-460px-Take-Care-of-a-Hedgehog-Step-10-Version-4.jpg", "vid": null}, "11": {"text": "Choose a quality diet.", "img": "https://www.wikihow.com/images/thumb/3/3f/Take-Care-of-a-Hedgehog-Step-11-Version-3.jpg/v4-460px-Take-Care-of-a-Hedgehog-Step-11-Version-3.jpg", "vid": null}, "12": {"text": "Leave kibble out if you are unavailable at mealtime.", "img": "https://www.wikihow.com/images/thumb/e/e0/Take-Care-of-a-Hedgehog-Step-12-Version-3.jpg/v4-460px-Take-Care-of-a-Hedgehog-Step-12-Version-3.jpg", "vid": null}, "13": {"text": "Feed a variety of treats to avoid nutritional deficiencies.", "img": "https://www.wikihow.com/images/thumb/6/6d/Take-Care-of-a-Hedgehog-Step-13-Version-3.jpg/v4-460px-Take-Care-of-a-Hedgehog-Step-13-Version-3.jpg", "vid": null}, "14": {"text": "Know what foods to avoid.", "img": "https://www.wikihow.com/images/thumb/b/b3/Take-Care-of-a-Hedgehog-Step-14-Version-3.jpg/v4-460px-Take-Care-of-a-Hedgehog-Step-14-Version-3.jpg", "vid": null}, "15": {"text": "Adjust food amounts if your hedgehog gains weight.", "img": "https://www.wikihow.com/images/thumb/9/91/Take-Care-of-a-Hedgehog-Step-15-Version-3.jpg/v4-460px-Take-Care-of-a-Hedgehog-Step-15-Version-3.jpg", "vid": null}, "16": {"text": "Feed in the early evening.", "img": "https://www.wikihow.com/images/thumb/e/ea/Take-Care-of-a-Hedgehog-Step-16-Version-3.jpg/v4-460px-Take-Care-of-a-Hedgehog-Step-16-Version-3.jpg", "vid": null}, "17": {"text": "Provide a proper food bowl.", "img": "https://www.wikihow.com/images/thumb/1/13/Take-Care-of-a-Hedgehog-Step-17-Version-3.jpg/v4-460px-Take-Care-of-a-Hedgehog-Step-17-Version-3.jpg", "vid": null}, "18": {"text": "Provide a water bottle with a drinking tube or a water bowl.", "img": "https://www.wikihow.com/images/thumb/0/0b/Take-Care-of-a-Hedgehog-Step-18-Version-3.jpg/v4-460px-Take-Care-of-a-Hedgehog-Step-18-Version-3.jpg", "vid": null}, "19": {"text": "Keep the hedgehog in a quiet, peaceful space.", "img": "https://www.wikihow.com/images/thumb/0/05/Take-Care-of-a-Hedgehog-Step-19-Version-3.jpg/v4-460px-Take-Care-of-a-Hedgehog-Step-19-Version-3.jpg", "vid": null}, "20": {"text": "Give the hedgie plenty of opportunity for exercise.", "img": "https://www.wikihow.com/images/thumb/2/22/Take-Care-of-a-Hedgehog-Step-20-Version-3.jpg/v4-460px-Take-Care-of-a-Hedgehog-Step-20-Version-3.jpg", "vid": null}, "21": {"text": "Watch your hog's behavior and food/water intake.", "img": "https://www.wikihow.com/images/thumb/5/58/Take-Care-of-a-Hedgehog-Step-21-Version-3.jpg/v4-460px-Take-Care-of-a-Hedgehog-Step-21-Version-3.jpg", "vid": null}, "22": {"text": "Handle your hedgehog frequently.", "img": "https://www.wikihow.com/images/thumb/4/4d/Take-Care-of-a-Hedgehog-Step-22-Version-3.jpg/v4-460px-Take-Care-of-a-Hedgehog-Step-22-Version-3.jpg", "vid": null}, "23": {"text": "Clean the hedgehog's home regularly.", "img": "https://www.wikihow.com/images/thumb/c/c5/Take-Care-of-a-Hedgehog-Step-23-Version-3.jpg/v4-460px-Take-Care-of-a-Hedgehog-Step-23-Version-3.jpg", "vid": null}, "24": {"text": "Bathe your hedgehog on an as-needed basis.", "img": "https://www.wikihow.com/images/thumb/3/37/Take-Care-of-a-Hedgehog-Step-24-Version-3.jpg/v4-460px-Take-Care-of-a-Hedgehog-Step-24-Version-3.jpg", "vid": null}, "25": {"text": "Be sure to check your hedgehog's nails regularly.", "img": "https://www.wikihow.com/images/thumb/e/e9/Take-Care-of-a-Hedgehog-Step-25-Version-3.jpg/v4-460px-Take-Care-of-a-Hedgehog-Step-25-Version-3.jpg", "vid": null}, "26": {"text": "Be prepared for quilling.", "img": "https://www.wikihow.com/images/thumb/0/0d/Take-Care-of-a-Hedgehog-Step-26-Version-3.jpg/v4-460px-Take-Care-of-a-Hedgehog-Step-26-Version-3.jpg", "vid": null}}