{"video_url": "https://www.youtube.com/embed/jhaYy13CzjM?showinfo=0", "1": {"text": "Find a reputable clinic or dispensary in your area.", "img": "https://www.wikihow.com/images/thumb/6/64/Take-CBD-Oil-for-Anxiety-Step-1-Version-2.jpg/v4-460px-Take-CBD-Oil-for-Anxiety-Step-1-Version-2.jpg", "vid": null}, "2": {"text": "Choose a CBD product that has been lab tested for purity.", "img": "https://www.wikihow.com/images/thumb/a/aa/Take-CBD-Oil-for-Anxiety-Step-2-Version-2.jpg/v4-460px-Take-CBD-Oil-for-Anxiety-Step-2-Version-2.jpg", "vid": null}, "3": {"text": "Check the label to find out how much CBD is in the product.", "img": "https://www.wikihow.com/images/thumb/a/a4/Take-CBD-Oil-for-Anxiety-Step-3-Version-2.jpg/v4-460px-Take-CBD-Oil-for-Anxiety-Step-3-Version-2.jpg", "vid": null}, "4": {"text": "Research the laws about using CBD oil in your area.", "img": "https://www.wikihow.com/images/thumb/3/34/Take-CBD-Oil-for-Anxiety-Step-4-Version-2.jpg/v4-460px-Take-CBD-Oil-for-Anxiety-Step-4-Version-2.jpg", "vid": null}, "5": {"text": "Talk to your doctor before using CBD oil.", "img": "https://www.wikihow.com/images/thumb/7/7d/Take-CBD-Oil-for-Anxiety-Step-5-Version-2.jpg/v4-460px-Take-CBD-Oil-for-Anxiety-Step-5-Version-2.jpg", "vid": null}, "6": {"text": "Ask your doctor about the correct dosage for anxiety.", "img": "https://www.wikihow.com/images/thumb/6/6c/Take-CBD-Oil-for-Anxiety-Step-6-Version-2.jpg/v4-460px-Take-CBD-Oil-for-Anxiety-Step-6-Version-2.jpg", "vid": null}, "7": {"text": "Try a tincture to absorb the CBD quickly.", "img": "https://www.wikihow.com/images/thumb/3/3a/Take-CBD-Oil-for-Anxiety-Step-7-Version-2.jpg/v4-460px-Take-CBD-Oil-for-Anxiety-Step-7-Version-2.jpg", "vid": null}, "8": {"text": "Experiment with edibles if you don\u2019t mind a delayed release.", "img": "https://www.wikihow.com/images/thumb/7/7d/Take-CBD-Oil-for-Anxiety-Step-8-Version-2.jpg/v4-460px-Take-CBD-Oil-for-Anxiety-Step-8-Version-2.jpg", "vid": null}, "9": {"text": "Use a topical CBD rub to soothe tense muscles.", "img": "https://www.wikihow.com/images/thumb/a/ae/Take-CBD-Oil-for-Anxiety-Step-9-Version-2.jpg/v4-460px-Take-CBD-Oil-for-Anxiety-Step-9-Version-2.jpg", "vid": null}, "10": {"text": "Be cautious when using vape pens.", "img": "https://www.wikihow.com/images/thumb/d/d7/Take-CBD-Oil-for-Anxiety-Step-10-Version-2.jpg/v4-460px-Take-CBD-Oil-for-Anxiety-Step-10-Version-2.jpg", "vid": null}, "11": {"text": "Talk to your doctor if you experience any side effects.", "img": "https://www.wikihow.com/images/thumb/6/69/Take-CBD-Oil-for-Anxiety-Step-11-Version-2.jpg/v4-460px-Take-CBD-Oil-for-Anxiety-Step-11-Version-2.jpg", "vid": null}, "12": {"text": "Find a doctor who has experience with CBD and anxiety.", "img": "https://www.wikihow.com/images/thumb/d/dd/Take-CBD-Oil-for-Anxiety-Step-12-Version-2.jpg/v4-460px-Take-CBD-Oil-for-Anxiety-Step-12-Version-2.jpg", "vid": null}, "13": {"text": "Use CBD oil in combination with psychotherapy.", "img": "https://www.wikihow.com/images/thumb/6/6a/Take-CBD-Oil-for-Anxiety-Step-13-Version-2.jpg/v4-460px-Take-CBD-Oil-for-Anxiety-Step-13-Version-2.jpg", "vid": null}, "14": {"text": "Practice self-care", "img": "https://www.wikihow.com/images/thumb/6/69/Take-CBD-Oil-for-Anxiety-Step-14.jpg/v4-460px-Take-CBD-Oil-for-Anxiety-Step-14.jpg", "vid": null}}