{"video_url": "https://www.youtube.com/embed/py7YxPSmpU8", "1": {"text": "Set aside an enclosed container to serve as a habitat for your ladybug.", "img": "https://www.wikihow.com/images/thumb/9/90/Take-Care-of-a-Ladybug-Step-7-Version-2.jpg/v4-460px-Take-Care-of-a-Ladybug-Step-7-Version-2.jpg", "vid": null}, "2": {"text": "Put down some sticks, rocks, or shells to give your ladybug a place to hide.", "img": "https://www.wikihow.com/images/thumb/5/51/Take-Care-of-a-Ladybug-Step-8-Version-2.jpg/v4-460px-Take-Care-of-a-Ladybug-Step-8-Version-2.jpg", "vid": null}, "3": {"text": "Feed your ladybug small amounts of raisins, lettuce, or honey every day.", "img": "https://www.wikihow.com/images/thumb/7/75/Take-Care-of-a-Ladybug-Step-9-Version-2.jpg/v4-460px-Take-Care-of-a-Ladybug-Step-9-Version-2.jpg", "vid": null}, "4": {"text": "Place a damp paper towel or sponge inside your habitat as a water source.", "img": "https://www.wikihow.com/images/thumb/9/91/Take-Care-of-a-Ladybug-Step-10.jpg/v4-460px-Take-Care-of-a-Ladybug-Step-10.jpg", "vid": null}, "5": {"text": "Release your ladybug after a few days so it can thrive in its natural habitat.", "img": "https://www.wikihow.com/images/thumb/2/25/Take-Care-of-a-Ladybug-Step-11.jpg/v4-460px-Take-Care-of-a-Ladybug-Step-11.jpg", "vid": null}, "6": {"text": "Look for ladybugs in places with lush growth.", "img": "https://www.wikihow.com/images/thumb/2/2f/Take-Care-of-a-Ladybug-Step-1-Version-2.jpg/v4-460px-Take-Care-of-a-Ladybug-Step-1-Version-2.jpg", "vid": null}, "7": {"text": "Scoop up your ladybug gently by hand for a simple solution.", "img": "https://www.wikihow.com/images/thumb/0/00/Take-Care-of-a-Ladybug-Step-2-Version-2.jpg/v4-460px-Take-Care-of-a-Ladybug-Step-2-Version-2.jpg", "vid": null}, "8": {"text": "Use a net to sweep or \u201cbeat\u201d for large numbers of ladybugs at once.", "img": "https://www.wikihow.com/images/thumb/e/e7/Take-Care-of-a-Ladybug-Step-3-Version-2.jpg/v4-460px-Take-Care-of-a-Ladybug-Step-3-Version-2.jpg", "vid": null}, "9": {"text": "Craft your own simple ladybug feeder to make the bugs come to you.", "img": "https://www.wikihow.com/images/thumb/c/c0/Take-Care-of-a-Ladybug-Step-4-Version-2.jpg/v4-460px-Take-Care-of-a-Ladybug-Step-4-Version-2.jpg", "vid": null}, "10": {"text": "Lure ladybugs in after dark using a makeshift light tent.", "img": "https://www.wikihow.com/images/thumb/2/2b/Take-Care-of-a-Ladybug-Step-5-Version-2.jpg/v4-460px-Take-Care-of-a-Ladybug-Step-5-Version-2.jpg", "vid": null}, "11": {"text": "Store your ladybug in a box or jar until you can set up a habitat for it.", "img": "https://www.wikihow.com/images/thumb/0/0a/Take-Care-of-a-Ladybug-Step-6-Version-2.jpg/v4-460px-Take-Care-of-a-Ladybug-Step-6-Version-2.jpg", "vid": null}}