{"video_url": "https://www.youtube.com/embed/NEMOUPHsmXs?showinfo=0", "1": {"text": "Make sure that the puppy you are getting is right for you.", "img": "https://www.wikihow.com/images/thumb/d/df/Take-Care-of-Puppies-Step-1-Version-3.jpg/v4-460px-Take-Care-of-Puppies-Step-1-Version-3.jpg", "vid": null}, "2": {"text": " Puppy-proof your house", "img": "https://www.wikihow.com/images/thumb/9/9e/Take-Care-of-Puppies-Step-2-Version-3.jpg/v4-460px-Take-Care-of-Puppies-Step-2-Version-3.jpg", "vid": null}, "3": {"text": "Provide space for the puppy.", "img": "https://www.wikihow.com/images/thumb/c/c6/Take-Care-of-Puppies-Step-3-Version-3.jpg/v4-460px-Take-Care-of-Puppies-Step-3-Version-3.jpg", "vid": null}, "4": {"text": "Buy two metal (stainless steel) bowls \u2014 one for food and one for water.", "img": "https://www.wikihow.com/images/thumb/4/43/Take-Care-of-Puppies-Step-4-Version-3.jpg/v4-460px-Take-Care-of-Puppies-Step-4-Version-3.jpg", "vid": null}, "5": {"text": "Provide a puppy bed.", "img": "https://www.wikihow.com/images/thumb/f/f5/Take-Care-of-Puppies-Step-5-Version-3.jpg/v4-460px-Take-Care-of-Puppies-Step-5-Version-3.jpg", "vid": null}, "6": {"text": "Shower him with toys.", "img": "https://www.wikihow.com/images/thumb/e/e5/Take-Care-of-Puppies-Step-6-Version-3.jpg/v4-460px-Take-Care-of-Puppies-Step-6-Version-3.jpg", "vid": null}, "7": {"text": "Choose the right puppy treats.", "img": "https://www.wikihow.com/images/thumb/5/5c/Take-Care-of-Puppies-Step-7-Version-3.jpg/v4-460px-Take-Care-of-Puppies-Step-7-Version-3.jpg", "vid": null}, "8": {"text": "Get him quality puppy food.", "img": "https://www.wikihow.com/images/thumb/a/a4/Take-Care-of-Puppies-Step-8-Version-3.jpg/v4-460px-Take-Care-of-Puppies-Step-8-Version-3.jpg", "vid": null}, "9": {"text": "Buy the basic grooming tools.", "img": "https://www.wikihow.com/images/thumb/f/f6/Take-Care-of-Puppies-Step-9-Version-3.jpg/v4-460px-Take-Care-of-Puppies-Step-9-Version-3.jpg", "vid": null}, "10": {"text": "Provide a nylon harness, flat collar (webbed nylon or leather), and metal tag.", "img": "https://www.wikihow.com/images/thumb/5/59/Take-Care-of-Puppies-Step-10-Version-3.jpg/v4-460px-Take-Care-of-Puppies-Step-10-Version-3.jpg", "vid": null}, "11": {"text": "Get the puppy comfortable in your home.", "img": "https://www.wikihow.com/images/thumb/5/51/Take-Care-of-Puppies-Step-11-Version-3.jpg/v4-460px-Take-Care-of-Puppies-Step-11-Version-3.jpg", "vid": null}, "12": {"text": "Pet him often.", "img": "https://www.wikihow.com/images/thumb/1/12/Take-Care-of-Puppies-Step-12-Version-4.jpg/v4-460px-Take-Care-of-Puppies-Step-12-Version-4.jpg", "vid": null}, "13": {"text": "Handle your puppy with care.", "img": "https://www.wikihow.com/images/thumb/9/9f/Take-Care-of-Puppies-Step-13-Version-3.jpg/v4-460px-Take-Care-of-Puppies-Step-13-Version-3.jpg", "vid": null}, "14": {"text": "Protect your puppy.", "img": "https://www.wikihow.com/images/thumb/8/83/Take-Care-of-Puppies-Step-14-Version-3.jpg/v4-460px-Take-Care-of-Puppies-Step-14-Version-3.jpg", "vid": null}, "15": {"text": "Have a microchip implanted.", "img": "https://www.wikihow.com/images/thumb/4/4b/Take-Care-of-Puppies-Step-15-Version-3.jpg/v4-460px-Take-Care-of-Puppies-Step-15-Version-3.jpg", "vid": null}, "16": {"text": "Provide a safe area for him to play.", "img": "https://www.wikihow.com/images/thumb/b/b1/Take-Care-of-Puppies-Step-16-Version-3.jpg/v4-460px-Take-Care-of-Puppies-Step-16-Version-3.jpg", "vid": null}, "17": {"text": "Choose the right dog food.", "img": "https://www.wikihow.com/images/thumb/1/13/Take-Care-of-Puppies-Step-17-Version-3.jpg/v4-460px-Take-Care-of-Puppies-Step-17-Version-3.jpg", "vid": null}, "18": {"text": "Feed your puppy properly.", "img": "https://www.wikihow.com/images/thumb/9/90/Take-Care-of-Puppies-Step-18-Version-3.jpg/v4-460px-Take-Care-of-Puppies-Step-18-Version-3.jpg", "vid": null}, "19": {"text": "Follow the special feeding guidelines for small or toy breed dogs.", "img": "https://www.wikihow.com/images/thumb/0/04/Take-Care-of-Puppies-Step-19-Version-3.jpg/v4-460px-Take-Care-of-Puppies-Step-19-Version-3.jpg", "vid": null}, "20": {"text": "Avoid buffet-style feeding.", "img": "https://www.wikihow.com/images/thumb/2/25/Take-Care-of-Puppies-Step-20-Version-3.jpg/v4-460px-Take-Care-of-Puppies-Step-20-Version-3.jpg", "vid": null}, "21": {"text": "Watch your puppy eat.", "img": "https://www.wikihow.com/images/thumb/b/ba/Take-Care-of-Puppies-Step-21-Version-2.jpg/v4-460px-Take-Care-of-Puppies-Step-21-Version-2.jpg", "vid": null}, "22": {"text": "Do not feed your dog table scraps.", "img": "https://www.wikihow.com/images/thumb/d/d0/Take-Care-of-Puppies-Step-22-Version-3.jpg/v4-460px-Take-Care-of-Puppies-Step-22-Version-3.jpg", "vid": null}, "23": {"text": "Protect your dog from toxic foods.", "img": "https://www.wikihow.com/images/thumb/e/e2/Take-Care-of-Puppies-Step-23-Version-3.jpg/v4-460px-Take-Care-of-Puppies-Step-23-Version-3.jpg", "vid": null}, "24": {"text": "Provide adequate fresh water.", "img": "https://www.wikihow.com/images/thumb/6/68/Take-Care-of-Puppies-Step-24-Version-3.jpg/v4-460px-Take-Care-of-Puppies-Step-24-Version-3.jpg", "vid": null}, "25": {"text": "Keep your puppy's environment safe.", "img": "https://www.wikihow.com/images/thumb/3/3a/Take-Care-of-Puppies-Step-25-Version-2.jpg/v4-460px-Take-Care-of-Puppies-Step-25-Version-2.jpg", "vid": null}, "26": {"text": "Make sure he gets plenty of exercises.", "img": "https://www.wikihow.com/images/thumb/3/39/Take-Care-of-Puppies-Step-26-Version-2.jpg/v4-460px-Take-Care-of-Puppies-Step-26-Version-2.jpg", "vid": null}, "27": {"text": "Choose a veterinarian if you don\u2019t already have one.", "img": "https://www.wikihow.com/images/thumb/8/8f/Take-Care-of-Puppies-Step-27-Version-2.jpg/v4-460px-Take-Care-of-Puppies-Step-27-Version-2.jpg", "vid": null}, "28": {"text": "Vaccinate your puppy.", "img": "https://www.wikihow.com/images/thumb/0/05/Take-Care-of-Puppies-Step-28-Version-2.jpg/v4-460px-Take-Care-of-Puppies-Step-28-Version-2.jpg", "vid": null}, "29": {"text": "Socialize your puppy.", "img": "https://www.wikihow.com/images/thumb/4/4e/Take-Care-of-Puppies-Step-29-Version-2.jpg/v4-460px-Take-Care-of-Puppies-Step-29-Version-2.jpg", "vid": null}, "30": {"text": "Get your puppy spayed or neutered.", "img": "https://www.wikihow.com/images/thumb/3/37/Take-Care-of-Puppies-Step-30-Version-2.jpg/v4-460px-Take-Care-of-Puppies-Step-30-Version-2.jpg", "vid": null}, "31": {"text": "Make vet trips fun.", "img": "https://www.wikihow.com/images/thumb/d/d0/Take-Care-of-Puppies-Step-31-Version-2.jpg/v4-460px-Take-Care-of-Puppies-Step-31-Version-2.jpg", "vid": null}, "32": {"text": "Watch for health problems.", "img": "https://www.wikihow.com/images/thumb/f/f1/Take-Care-of-Puppies-Step-32-Version-2.jpg/v4-460px-Take-Care-of-Puppies-Step-32-Version-2.jpg", "vid": null}, "33": {"text": "Brush your puppy daily", "img": "https://www.wikihow.com/images/thumb/9/95/Take-Care-of-Puppies-Step-33-Version-2.jpg/v4-460px-Take-Care-of-Puppies-Step-33-Version-2.jpg", "vid": null}, "34": {"text": "Trim your puppy's nails", "img": "https://www.wikihow.com/images/thumb/e/e0/Take-Care-of-Puppies-Step-34-Version-2.jpg/v4-460px-Take-Care-of-Puppies-Step-34-Version-2.jpg", "vid": null}, "35": {"text": "Keep your puppy's teeth and gums healthy.", "img": "https://www.wikihow.com/images/thumb/f/ff/Take-Care-of-Puppies-Step-35-Version-2.jpg/v4-460px-Take-Care-of-Puppies-Step-35-Version-2.jpg", "vid": null}, "36": {"text": "Only bathe your puppy when he needs it.", "img": "https://www.wikihow.com/images/thumb/b/b8/Take-Care-of-Puppies-Step-36-Version-3.jpg/v4-460px-Take-Care-of-Puppies-Step-36-Version-3.jpg", "vid": null}, "37": {"text": " Housebreak your dog", "img": "https://www.wikihow.com/images/thumb/6/6c/Take-Care-of-Puppies-Step-37-Version-2.jpg/v4-460px-Take-Care-of-Puppies-Step-37-Version-2.jpg", "vid": null}, "38": {"text": "Teach your dog basic commands.", "img": "https://www.wikihow.com/images/thumb/a/a5/Take-Care-of-Puppies-Step-39-Version-2.jpg/v4-460px-Take-Care-of-Puppies-Step-39-Version-2.jpg", "vid": null}, "39": {"text": "Get your dog used to car rides.", "img": "https://www.wikihow.com/images/thumb/b/bb/Take-Care-of-Puppies-Step-40-Version-2.jpg/v4-460px-Take-Care-of-Puppies-Step-40-Version-2.jpg", "vid": null}, "40": {"text": "Enroll in an obedience class for puppies.", "img": "https://www.wikihow.com/images/thumb/3/33/Take-Care-of-Puppies-Step-41-Version-2.jpg/v4-460px-Take-Care-of-Puppies-Step-41-Version-2.jpg", "vid": null}}