{"video_url": "https://www.youtube.com/embed/J2yCAl6ZgxE?showinfo=0", "1": {"text": "Determine growing conditions.", "img": "https://www.wikihow.com/images/thumb/c/c7/Take-Care-of-a-Wandering-Jew-Plant-Step-1-Version-2.jpg/v4-460px-Take-Care-of-a-Wandering-Jew-Plant-Step-1-Version-2.jpg", "vid": null}, "2": {"text": "Choose an adequate pot for your plant.", "img": "https://www.wikihow.com/images/thumb/8/8f/Take-Care-of-a-Wandering-Jew-Plant-Step-2-Version-2.jpg/v4-460px-Take-Care-of-a-Wandering-Jew-Plant-Step-2-Version-2.jpg", "vid": null}, "3": {"text": "Pot your Wandering Jew plant.", "img": "https://www.wikihow.com/images/thumb/b/b5/Take-Care-of-a-Wandering-Jew-Plant-Step-3-Version-2.jpg/v4-460px-Take-Care-of-a-Wandering-Jew-Plant-Step-3-Version-2.jpg", "vid": null}, "4": {"text": "Give your plant enough sunlight.", "img": "https://www.wikihow.com/images/thumb/e/ee/Take-Care-of-a-Wandering-Jew-Plant-Step-4-Version-2.jpg/v4-460px-Take-Care-of-a-Wandering-Jew-Plant-Step-4-Version-2.jpg", "vid": null}, "5": {"text": "Water your plant often.", "img": "https://www.wikihow.com/images/thumb/a/a1/Take-Care-of-a-Wandering-Jew-Plant-Step-5-Version-2.jpg/v4-460px-Take-Care-of-a-Wandering-Jew-Plant-Step-5-Version-2.jpg", "vid": null}, "6": {"text": "Fertilize regularly.", "img": "https://www.wikihow.com/images/thumb/f/fd/Take-Care-of-a-Wandering-Jew-Plant-Step-6-Version-2.jpg/v4-460px-Take-Care-of-a-Wandering-Jew-Plant-Step-6-Version-2.jpg", "vid": null}, "7": {"text": "Prune your plant.", "img": "https://www.wikihow.com/images/thumb/c/c4/Take-Care-of-a-Wandering-Jew-Plant-Step-7-Version-2.jpg/v4-460px-Take-Care-of-a-Wandering-Jew-Plant-Step-7-Version-2.jpg", "vid": null}, "8": {"text": "Remove diseased, rotted, and dead leaves.", "img": "https://www.wikihow.com/images/thumb/0/06/Take-Care-of-a-Wandering-Jew-Plant-Step-8.jpg/v4-460px-Take-Care-of-a-Wandering-Jew-Plant-Step-8.jpg", "vid": null}, "9": {"text": "Treat aphids.", "img": "https://www.wikihow.com/images/thumb/b/bb/Take-Care-of-a-Wandering-Jew-Plant-Step-9.jpg/v4-460px-Take-Care-of-a-Wandering-Jew-Plant-Step-9.jpg", "vid": null}, "10": {"text": "Refresh brown leaves.", "img": "https://www.wikihow.com/images/thumb/8/87/Take-Care-of-a-Wandering-Jew-Plant-Step-10.jpg/v4-460px-Take-Care-of-a-Wandering-Jew-Plant-Step-10.jpg", "vid": null}, "11": {"text": "Restore faded leaves.", "img": "https://www.wikihow.com/images/thumb/a/aa/Take-Care-of-a-Wandering-Jew-Plant-Step-11.jpg/v4-460px-Take-Care-of-a-Wandering-Jew-Plant-Step-11.jpg", "vid": null}, "12": {"text": "Remove root rot.", "img": "https://www.wikihow.com/images/thumb/b/b7/Take-Care-of-a-Wandering-Jew-Plant-Step-12.jpg/v4-460px-Take-Care-of-a-Wandering-Jew-Plant-Step-12.jpg", "vid": null}}