{"video_url": "https://www.youtube.com/embed/a25oqnFrXGM?showinfo=0", "1": {"text": "Use a lint-free cloth to remove factory grease.", "img": "https://www.wikihow.com/images/thumb/1/10/Take-Care-of-Swords-Step-1-Version-2.jpg/v4-460px-Take-Care-of-Swords-Step-1-Version-2.jpg", "vid": null}, "2": {"text": "Apply lacquer thinner to swords for stubborn gunk.", "img": "https://www.wikihow.com/images/thumb/5/59/Take-Care-of-Swords-Step-2-Version-2.jpg/v4-460px-Take-Care-of-Swords-Step-2-Version-2.jpg", "vid": null}, "3": {"text": "Use lacquer thinner with benzene to wipe gunk off Japanese swords.", "img": "https://www.wikihow.com/images/thumb/9/9c/Take-Care-of-Swords-Step-3-Version-2.jpg/v4-460px-Take-Care-of-Swords-Step-3-Version-2.jpg", "vid": null}, "4": {"text": "Wipe the blade dry to prevent moisture damage.", "img": "https://www.wikihow.com/images/thumb/3/3e/Take-Care-of-Swords-Step-4-Version-2.jpg/v4-460px-Take-Care-of-Swords-Step-4-Version-2.jpg", "vid": null}, "5": {"text": "Choose sewing machine oil for a basic and cheap oiling material.", "img": "https://www.wikihow.com/images/thumb/e/e5/Take-Care-of-Swords-Step-5-Version-3.jpg/v4-460px-Take-Care-of-Swords-Step-5-Version-3.jpg", "vid": null}, "6": {"text": "Pick choji oil for traditional oiling of Japanese swords.", "img": "https://www.wikihow.com/images/thumb/c/cd/Take-Care-of-Swords-Step-6.jpg/v4-460px-Take-Care-of-Swords-Step-6.jpg", "vid": null}, "7": {"text": "Put a small amount of oil on a lint-free cloth.", "img": "https://www.wikihow.com/images/thumb/e/eb/Take-Care-of-Swords-Step-7.jpg/v4-460px-Take-Care-of-Swords-Step-7.jpg", "vid": null}, "8": {"text": "Wipe the oil onto the entire length of the blade.", "img": "https://www.wikihow.com/images/thumb/0/0d/Take-Care-of-Swords-Step-8.jpg/v4-460px-Take-Care-of-Swords-Step-8.jpg", "vid": null}, "9": {"text": "Avoid over-oiling the blade by wiping away excess oil.", "img": "https://www.wikihow.com/images/thumb/3/3f/Take-Care-of-Swords-Step-9.jpg/v4-460px-Take-Care-of-Swords-Step-9.jpg", "vid": null}, "10": {"text": "Repeat oiling every ten days with new swords.", "img": "https://www.wikihow.com/images/thumb/3/34/Take-Care-of-Swords-Step-10.jpg/v4-460px-Take-Care-of-Swords-Step-10.jpg", "vid": null}, "11": {"text": "Continue oiling each week in humid climates.", "img": "https://www.wikihow.com/images/thumb/b/be/Take-Care-of-Swords-Step-11.jpg/v4-460px-Take-Care-of-Swords-Step-11.jpg", "vid": null}, "12": {"text": "Repeat oiling monthly in dry, temperate climates.", "img": "https://www.wikihow.com/images/thumb/e/ef/Take-Care-of-Swords-Step-12.jpg/v4-460px-Take-Care-of-Swords-Step-12.jpg", "vid": null}, "13": {"text": "Coat wooden sword handles lightly with lemon oil every six months.", "img": "https://www.wikihow.com/images/thumb/3/31/Take-Care-of-Swords-Step-13.jpg/v4-460px-Take-Care-of-Swords-Step-13.jpg", "vid": null}, "14": {"text": "Use leather wax paste on leather hilts to prevent cracking.", "img": "https://www.wikihow.com/images/thumb/3/37/Take-Care-of-Swords-Step-14.jpg/v4-460px-Take-Care-of-Swords-Step-14.jpg", "vid": null}, "15": {"text": "Coat your sword in Vaseline and wrap in rags to store.", "img": "https://www.wikihow.com/images/thumb/7/7d/Take-Care-of-Swords-Step-15.jpg/v4-460px-Take-Care-of-Swords-Step-15.jpg", "vid": null}, "16": {"text": "Choose Renaissance wax for professional-grade storage.", "img": "https://www.wikihow.com/images/thumb/7/74/Take-Care-of-Swords-Step-16.jpg/v4-460px-Take-Care-of-Swords-Step-16.jpg", "vid": null}, "17": {"text": "Keep the sword in a cool, dry place when storing.", "img": "https://www.wikihow.com/images/thumb/2/25/Take-Care-of-Swords-Step-17.jpg/v4-460px-Take-Care-of-Swords-Step-17.jpg", "vid": null}, "18": {"text": "Prevent scratches by gently handling your sword.", "img": "https://www.wikihow.com/images/thumb/d/d1/Take-Care-of-Swords-Step-18.jpg/v4-460px-Take-Care-of-Swords-Step-18.jpg", "vid": null}, "19": {"text": "Avoid overhandling to minimize damage from your skin\u2019s natural oils.", "img": "https://www.wikihow.com/images/thumb/f/f2/Take-Care-of-Swords-Step-19.jpg/v4-460px-Take-Care-of-Swords-Step-19.jpg", "vid": null}, "20": {"text": "Remove rust and scratches with metal abrasive pads.", "img": "https://www.wikihow.com/images/thumb/8/86/Take-Care-of-Swords-Step-20.jpg/v4-460px-Take-Care-of-Swords-Step-20.jpg", "vid": null}, "21": {"text": "Polish steel blades with Scotch-brite pads and metal polish.", "img": "https://www.wikihow.com/images/thumb/c/ca/Take-Care-of-Swords-Step-21.jpg/v4-460px-Take-Care-of-Swords-Step-21.jpg", "vid": null}, "22": {"text": "Polish Japanese blades with an Uchiko ball.", "img": "https://www.wikihow.com/images/thumb/a/a6/Take-Care-of-Swords-Step-22.jpg/v4-460px-Take-Care-of-Swords-Step-22.jpg", "vid": null}, "23": {"text": "Use flour for a cheap alternative to the Uchiko ball.", "img": "https://www.wikihow.com/images/thumb/e/e4/Take-Care-of-Swords-Step-23.jpg/v4-460px-Take-Care-of-Swords-Step-23.jpg", "vid": null}, "24": {"text": "Use a professional for deep nicks or extensive rust damage.", "img": "https://www.wikihow.com/images/thumb/a/a0/Take-Care-of-Swords-Step-24.jpg/v4-460px-Take-Care-of-Swords-Step-24.jpg", "vid": null}}