{"video_url": "https://www.youtube.com/embed/fw5GRlZyKzg?showinfo=0", "1": {"text": "Simply say, \u201cThank you.", "img": "https://www.wikihow.com/images/thumb/f/f6/Take-Compliments-Step-1-Version-2.jpg/v4-460px-Take-Compliments-Step-1-Version-2.jpg", "vid": null}, "2": {"text": "Express your gratitude.", "img": "https://www.wikihow.com/images/thumb/0/02/Take-Compliments-Step-2-Version-2.jpg/v4-460px-Take-Compliments-Step-2-Version-2.jpg", "vid": null}, "3": {"text": "Give credit where credit is due.", "img": "https://www.wikihow.com/images/thumb/b/b0/Take-Compliments-Step-3-Version-2.jpg/v4-460px-Take-Compliments-Step-3-Version-2.jpg", "vid": null}, "4": {"text": "Return a compliment.", "img": "https://www.wikihow.com/images/thumb/3/3f/Take-Compliments-Step-4-Version-2.jpg/v4-460px-Take-Compliments-Step-4-Version-2.jpg", "vid": null}, "5": {"text": "Be gracious.", "img": "https://www.wikihow.com/images/thumb/c/c9/Take-Compliments-Step-5-Version-2.jpg/v4-460px-Take-Compliments-Step-5-Version-2.jpg", "vid": null}, "6": {"text": "Demonstrate appropriate nonverbal behavior.", "img": "https://www.wikihow.com/images/thumb/8/81/Take-Compliments-Step-6-Version-2.jpg/v4-460px-Take-Compliments-Step-6-Version-2.jpg", "vid": null}, "7": {"text": "Respond to a backhanded compliment.", "img": "https://www.wikihow.com/images/thumb/a/ae/Take-Compliments-Step-7-Version-2.jpg/v4-460px-Take-Compliments-Step-7-Version-2.jpg", "vid": null}, "8": {"text": "Own your strengths.", "img": "https://www.wikihow.com/images/thumb/4/4f/Take-Compliments-Step-8-Version-2.jpg/v4-460px-Take-Compliments-Step-8-Version-2.jpg", "vid": null}, "9": {"text": "Avoid disconfirming the compliment.", "img": "https://www.wikihow.com/images/thumb/d/d7/Take-Compliments-Step-9.jpg/v4-460px-Take-Compliments-Step-9.jpg", "vid": null}, "10": {"text": "See yourself the way that others see you.", "img": "https://www.wikihow.com/images/thumb/6/6f/Take-Compliments-Step-10.jpg/v4-460px-Take-Compliments-Step-10.jpg", "vid": null}, "11": {"text": "Boost your self-esteem.", "img": "https://www.wikihow.com/images/thumb/9/94/Take-Compliments-Step-11.jpg/v4-460px-Take-Compliments-Step-11.jpg", "vid": null}}