{"video_url": "https://www.youtube.com/embed/qoaLkLio_HM", "1": {"text": "Look for a rounder, thicker body shape.", "img": "https://www.wikihow.com/images/thumb/9/9b/Tell-if-Your-Goldfish-Is-a-Male-or-Female-Step-1-Version-2.jpg/v4-460px-Tell-if-Your-Goldfish-Is-a-Male-or-Female-Step-1-Version-2.jpg", "vid": null}, "2": {"text": "Look for a protruding vent.", "img": "https://www.wikihow.com/images/thumb/0/0d/Tell-if-Your-Goldfish-Is-a-Male-or-Female-Step-2-Version-2.jpg/v4-460px-Tell-if-Your-Goldfish-Is-a-Male-or-Female-Step-2-Version-2.jpg", "vid": null}, "3": {"text": "Look for tubercles.", "img": "https://www.wikihow.com/images/thumb/d/d0/Tell-if-Your-Goldfish-Is-a-Male-or-Female-Step-3-Version-2.jpg/v4-460px-Tell-if-Your-Goldfish-Is-a-Male-or-Female-Step-3-Version-2.jpg", "vid": null}, "4": {"text": "Look for a thinner, more streamlined body shape.", "img": "https://www.wikihow.com/images/thumb/f/f7/Tell-if-Your-Goldfish-Is-a-Male-or-Female-Step-4.jpg/v4-460px-Tell-if-Your-Goldfish-Is-a-Male-or-Female-Step-4.jpg", "vid": null}, "5": {"text": "Look for a concave vent.", "img": "https://www.wikihow.com/images/thumb/6/68/Tell-if-Your-Goldfish-Is-a-Male-or-Female-Step-5.jpg/v4-460px-Tell-if-Your-Goldfish-Is-a-Male-or-Female-Step-5.jpg", "vid": null}, "6": {"text": "Look for a midline ridge.", "img": "https://www.wikihow.com/images/thumb/9/9f/Tell-if-Your-Goldfish-Is-a-Male-or-Female-Step-6.jpg/v4-460px-Tell-if-Your-Goldfish-Is-a-Male-or-Female-Step-6.jpg", "vid": null}, "7": {"text": "Watch for chasing behavior.", "img": "https://www.wikihow.com/images/thumb/a/af/Tell-if-Your-Goldfish-Is-a-Male-or-Female-Step-7.jpg/v4-460px-Tell-if-Your-Goldfish-Is-a-Male-or-Female-Step-7.jpg", "vid": null}, "8": {"text": "Understand that gender differences will only appear once the goldfish reaches maturity.", "img": "https://www.wikihow.com/images/thumb/8/83/Tell-if-Your-Goldfish-Is-a-Male-or-Female-Step-8.jpg/v4-460px-Tell-if-Your-Goldfish-Is-a-Male-or-Female-Step-8.jpg", "vid": null}, "9": {"text": "Know that there is no foolproof method for sexing goldfish, other than observing the spawning process.", "img": "https://www.wikihow.com/images/thumb/c/cb/Tell-if-Your-Goldfish-Is-a-Male-or-Female-Step-9.jpg/v4-460px-Tell-if-Your-Goldfish-Is-a-Male-or-Female-Step-9.jpg", "vid": null}, "10": {"text": "Understand that these identification methods only hold true for healthy, well-fed goldfish.", "img": "https://www.wikihow.com/images/thumb/2/28/Tell-if-Your-Goldfish-Is-a-Male-or-Female-Step-10.jpg/v4-460px-Tell-if-Your-Goldfish-Is-a-Male-or-Female-Step-10.jpg", "vid": null}}