{"video_url": "https://www.youtube.com/embed/S-LIHg25OdA", "1": {"text": "Find the right time and place.", "img": "https://www.wikihow.com/images/thumb/1/17/Tell-a-Girl-You-Love-Her-%28Teenagers%29-Step-2-Version-5.jpg/v4-460px-Tell-a-Girl-You-Love-Her-%28Teenagers%29-Step-2-Version-5.jpg", "vid": null}, "2": {"text": "Practice what you are going to say.", "img": "https://www.wikihow.com/images/thumb/f/f2/Tell-a-Girl-You-Love-Her-%28Teenagers%29-Step-1-Version-5.jpg/v4-460px-Tell-a-Girl-You-Love-Her-%28Teenagers%29-Step-1-Version-5.jpg", "vid": null}, "3": {"text": "Don\u2019t worry if she doesn't say it back right away.", "img": "https://www.wikihow.com/images/thumb/6/67/Tell-a-Girl-You-Love-Her-%28Teenagers%29-Step-3-Version-5.jpg/v4-460px-Tell-a-Girl-You-Love-Her-%28Teenagers%29-Step-3-Version-5.jpg", "vid": null}, "4": {"text": "Say, \u201cI love you.", "img": "https://www.wikihow.com/images/thumb/7/71/Tell-a-Girl-You-Love-Her-%28Teenagers%29-Step-4-Version-5.jpg/v4-460px-Tell-a-Girl-You-Love-Her-%28Teenagers%29-Step-4-Version-5.jpg", "vid": null}, "5": {"text": "Show her that you love her.", "img": "https://www.wikihow.com/images/thumb/0/0b/Tell-a-Girl-You-Love-Her-%28Teenagers%29-Step-5-Version-5.jpg/v4-460px-Tell-a-Girl-You-Love-Her-%28Teenagers%29-Step-5-Version-5.jpg", "vid": null}, "6": {"text": "Write her a love note.", "img": "https://www.wikihow.com/images/thumb/7/75/Tell-a-Girl-You-Love-Her-%28Teenagers%29-Step-6-Version-4.jpg/v4-460px-Tell-a-Girl-You-Love-Her-%28Teenagers%29-Step-6-Version-4.jpg", "vid": null}, "7": {"text": "Be considerate of her response.", "img": "https://www.wikihow.com/images/thumb/4/47/Tell-a-Girl-You-Love-Her-%28Teenagers%29-Step-7-Version-4.jpg/v4-460px-Tell-a-Girl-You-Love-Her-%28Teenagers%29-Step-7-Version-4.jpg", "vid": null}, "8": {"text": "Consider if you try to impress her.", "img": "https://www.wikihow.com/images/thumb/1/14/Tell-a-Girl-You-Love-Her-%28Teenagers%29-Step-8-Version-3.jpg/v4-460px-Tell-a-Girl-You-Love-Her-%28Teenagers%29-Step-8-Version-3.jpg", "vid": null}, "9": {"text": "Determine if she is always on your mind.", "img": "https://www.wikihow.com/images/thumb/2/2c/Tell-a-Girl-You-Love-Her-%28Teenagers%29-Step-9-Version-3.jpg/v4-460px-Tell-a-Girl-You-Love-Her-%28Teenagers%29-Step-9-Version-3.jpg", "vid": null}, "10": {"text": "Evaluate if she makes you want to be a better person.", "img": "https://www.wikihow.com/images/thumb/8/84/Tell-a-Girl-You-Love-Her-%28Teenagers%29-Step-10-Version-3.jpg/v4-460px-Tell-a-Girl-You-Love-Her-%28Teenagers%29-Step-10-Version-3.jpg", "vid": null}, "11": {"text": "Examine if you want to see her happy.", "img": "https://www.wikihow.com/images/thumb/c/ca/Tell-a-Girl-You-Love-Her-%28Teenagers%29-Step-11-Version-3.jpg/v4-460px-Tell-a-Girl-You-Love-Her-%28Teenagers%29-Step-11-Version-3.jpg", "vid": null}, "12": {"text": "Be certain about your decision.", "img": "https://www.wikihow.com/images/thumb/1/16/Tell-a-Girl-You-Love-Her-%28Teenagers%29-Step-12-Version-2.jpg/v4-460px-Tell-a-Girl-You-Love-Her-%28Teenagers%29-Step-12-Version-2.jpg", "vid": null}}