{"video_url": "https://www.youtube.com/embed/SI7MvEkPEcE?showinfo=0", "1": {"text": "Note if it is too painful to walk on your foot.", "img": "https://www.wikihow.com/images/thumb/b/b5/Tell-if-a-Foot-Is-Broken-Step-1.jpg/v4-460px-Tell-if-a-Foot-Is-Broken-Step-1.jpg", "vid": null}, "2": {"text": "Try to take your socks and shoes off.", "img": "https://www.wikihow.com/images/thumb/b/b4/Tell-if-a-Foot-Is-Broken-Step-2.jpg/v4-460px-Tell-if-a-Foot-Is-Broken-Step-2.jpg", "vid": null}, "3": {"text": "Compare your feet and look for signs of bruising, swelling, and injury.", "img": "https://www.wikihow.com/images/thumb/3/39/Tell-if-a-Foot-Is-Broken-Step-3.jpg/v4-460px-Tell-if-a-Foot-Is-Broken-Step-3.jpg", "vid": null}, "4": {"text": "Check if the foot is broken or just sprained.", "img": "https://www.wikihow.com/images/thumb/5/58/Tell-if-a-Foot-Is-Broken-Step-4.jpg/v4-460px-Tell-if-a-Foot-Is-Broken-Step-4.jpg", "vid": null}, "5": {"text": "Head to the nearest emergency room.", "img": "https://www.wikihow.com/images/thumb/8/86/Tell-if-a-Foot-Is-Broken-Step-5.jpg/v4-460px-Tell-if-a-Foot-Is-Broken-Step-5.jpg", "vid": null}, "6": {"text": "Let the doctor examine your foot.", "img": "https://www.wikihow.com/images/thumb/b/b3/Tell-if-a-Foot-Is-Broken-Step-6.jpg/v4-460px-Tell-if-a-Foot-Is-Broken-Step-6.jpg", "vid": null}, "7": {"text": "Allow the doctor to X-ray your foot.", "img": "https://www.wikihow.com/images/thumb/9/9c/Tell-if-a-Foot-Is-Broken-Step-7.jpg/v4-460px-Tell-if-a-Foot-Is-Broken-Step-7.jpg", "vid": null}, "8": {"text": "Ask the doctor about your treatment options.", "img": "https://www.wikihow.com/images/thumb/4/41/Tell-if-a-Foot-Is-Broken-Step-8.jpg/v4-460px-Tell-if-a-Foot-Is-Broken-Step-8.jpg", "vid": null}, "9": {"text": "Stay off your foot as much as possible.", "img": "https://www.wikihow.com/images/thumb/9/94/Tell-if-a-Foot-Is-Broken-Step-9.jpg/v4-460px-Tell-if-a-Foot-Is-Broken-Step-9.jpg", "vid": null}, "10": {"text": "Elevate your foot and apply ice to reduce swelling.", "img": "https://www.wikihow.com/images/thumb/8/87/Tell-if-a-Foot-Is-Broken-Step-10.jpg/v4-460px-Tell-if-a-Foot-Is-Broken-Step-10.jpg", "vid": null}, "11": {"text": "Take pain relievers, as prescribed by your doctor.", "img": "https://www.wikihow.com/images/thumb/4/40/Tell-if-a-Foot-Is-Broken-Step-11.jpg/v4-460px-Tell-if-a-Foot-Is-Broken-Step-11.jpg", "vid": null}, "12": {"text": "Schedule a follow up exam with your doctor.", "img": "https://www.wikihow.com/images/thumb/b/bc/Tell-if-a-Foot-Is-Broken-Step-12.jpg/v4-460px-Tell-if-a-Foot-Is-Broken-Step-12.jpg", "vid": null}}