{"video_url": "https://www.youtube.com/embed/zA99Qn2T_9g?showinfo=0", "1": {"text": "Buy flour or cornstarch.", "img": "https://www.wikihow.com/images/thumb/e/e4/Thicken-Gravy-Step-1-Version-4.jpg/v4-460px-Thicken-Gravy-Step-1-Version-4.jpg", "vid": null}, "2": {"text": "Mix cornstarch or flour with a little water.", "img": null, "vid": "/4/41/Thicken Gravy Step 2 Version 2.360p.mp4"}, "3": {"text": "Add the water and flour or cornstarch mixture to the gravy.", "img": null, "vid": "/1/16/Thicken Gravy Step 3 Version 2.360p.mp4"}, "4": {"text": "Remove your mixture from the heat source when the gravy thickens.", "img": "https://www.wikihow.com/images/thumb/3/3a/Thicken-Gravy-Step-4-Version-4.jpg/v4-460px-Thicken-Gravy-Step-4-Version-4.jpg", "vid": null}, "5": {"text": "Choose a fat that complements the gravy.", "img": "https://www.wikihow.com/images/thumb/0/0e/Thicken-Gravy-Step-5-Version-4.jpg/v4-460px-Thicken-Gravy-Step-5-Version-4.jpg", "vid": null}, "6": {"text": "Melt the butter or fat in a heavy saucepan.", "img": "https://www.wikihow.com/images/thumb/4/42/Thicken-Gravy-Step-6-Version-4.jpg/v4-460px-Thicken-Gravy-Step-6-Version-4.jpg", "vid": null}, "7": {"text": "Add a similar weight of sifted flour to the melted butter or fat.", "img": null, "vid": "/c/c9/Thicken Gravy Step 7 Version 2.360p.mp4"}, "8": {"text": "Stir the gravy into the mixture.", "img": null, "vid": "/1/18/Thicken Gravy Step 8 Version 2.360p.mp4"}, "9": {"text": "Add 2 teaspoons of arrowroot for every tablespoon of flour or cornstarch that is called for in the gravy recipe.", "img": null, "vid": "/5/58/Thicken Gravy Step 9 Version 2.360p.mp4"}, "10": {"text": "Stir the arrowroot constantly while bringing the gravy to the boil.", "img": null, "vid": "/1/1a/Thicken Gravy Step 10 Version 2.360p.mp4"}, "11": {"text": "Remove the gravy immediately once it has reached its boiling point.", "img": null, "vid": "/d/de/Thicken Gravy Step 11 Version 2.360p.mp4"}, "12": {"text": "Let the gravy cool and then serve.", "img": "https://www.wikihow.com/images/thumb/b/b3/Thicken-Gravy-Step-12-Version-3.jpg/v4-460px-Thicken-Gravy-Step-12-Version-3.jpg", "vid": null}}