{"video_url": "https://www.youtube.com/embed/Up52-MFELGo?showinfo=0", "1": {"text": "Fold the sarong diagonally.", "img": null, "vid": "/f/f4/Tie a Sarong Step 1.360p.mp4"}, "2": {"text": "Wrap the sarong around your waist.", "img": null, "vid": "/3/3f/Tie a Sarong Step 2.360p.mp4"}, "3": {"text": "Gather the two ends of the sarong and tie a knot on the side.", "img": null, "vid": "/7/70/Tie a Sarong Step 3.360p.mp4"}, "4": {"text": "Hold the sarong horizontally.", "img": "https://www.wikihow.com/images/thumb/6/68/Tie-a-Sarong-Step-4-Version-3.jpg/v4-460px-Tie-a-Sarong-Step-4-Version-3.jpg", "vid": null}, "5": {"text": "Bring the top corners together in front of your body.", "img": "https://www.wikihow.com/images/thumb/c/cd/Tie-a-Sarong-Step-5-Version-3.jpg/v4-460px-Tie-a-Sarong-Step-5-Version-3.jpg", "vid": null}, "6": {"text": "Twist the two corners around each other twice.", "img": null, "vid": "/0/07/Tie a Sarong Step 6.360p.mp4"}, "7": {"text": "Finished.", "img": "https://www.wikihow.com/images/thumb/9/92/Tie-a-Sarong-Step-7-Version-4.jpg/v4-460px-Tie-a-Sarong-Step-7-Version-4.jpg", "vid": null}, "8": {"text": "Hold the sarong horizontally.", "img": "https://www.wikihow.com/images/thumb/9/95/Tie-a-Sarong-Step-8-Version-4.jpg/v4-460px-Tie-a-Sarong-Step-8-Version-4.jpg", "vid": null}, "9": {"text": "Take a corner of the sarong in each hand.", "img": "https://www.wikihow.com/images/thumb/4/40/Tie-a-Sarong-Step-9-Version-4.jpg/v4-460px-Tie-a-Sarong-Step-9-Version-4.jpg", "vid": null}, "10": {"text": "Make a knot.", "img": "https://www.wikihow.com/images/thumb/2/21/Tie-a-Sarong-Step-10-Version-3.jpg/v4-460px-Tie-a-Sarong-Step-10-Version-3.jpg", "vid": null}, "11": {"text": "Twist the material to the side of the hip.", "img": null, "vid": "/7/71/Tie a Sarong Step 11 Version 2.360p.mp4"}, "12": {"text": "Fluff out the corners.", "img": null, "vid": "/f/fd/Tie a Sarong Step 12 Version 2.360p.mp4"}, "13": {"text": "Alternatively, tie the skirt so you are completely covered.", "img": null, "vid": "/3/37/Tie a Sarong Step 13.360p.mp4"}, "14": {"text": "Wear as a one shoulder dress.", "img": null, "vid": "/2/2b/Tie a Sarong Step 14.360p.mp4"}, "15": {"text": "Wear as a side-slit dress.", "img": null, "vid": "/9/93/Tie a Sarong Step 15.360p.mp4"}, "16": {"text": "Wear as a draped dress.", "img": null, "vid": "/d/d0/Tie a Sarong Step 16.360p.mp4"}, "17": {"text": "Wear as a bandeau cascade dress.", "img": null, "vid": "/e/ef/Tie a Sarong Step 17.360p.mp4"}, "18": {"text": "Wear as a toga dress.", "img": "https://www.wikihow.com/images/thumb/d/d7/Tie-a-Sarong-Step-18-Version-3.jpg/v4-460px-Tie-a-Sarong-Step-18-Version-3.jpg", "vid": null}, "19": {"text": "Wear as a wrap dress.", "img": "https://www.wikihow.com/images/thumb/4/44/Tie-a-Sarong-Step-19-Version-3.jpg/v4-460px-Tie-a-Sarong-Step-19-Version-3.jpg", "vid": null}, "20": {"text": "Wear as a jumpsuit.", "img": null, "vid": "/d/d6/Tie a Sarong Step 20.360p.mp4"}}