{"video_url": "https://www.youtube.com/embed/obkC9ALiC_w?showinfo=0", "1": {"text": "Position yourself to lace your skate.", "img": "https://www.wikihow.com/images/thumb/a/a9/Tie-Ice-Skates-Step-1-Version-4.jpg/v4-460px-Tie-Ice-Skates-Step-1-Version-4.jpg", "vid": null}, "2": {"text": "Tighten the laced portion of the boot.", "img": null, "vid": "/2/2d/Tie Ice Skates Step 2 Version 3.360p.mp4"}, "3": {"text": "Take up the slack.", "img": null, "vid": "/b/b2/Tie Ice Skates Step 3 Version 3.360p.mp4"}, "4": {"text": "Lace the remaining top portion of the boot.", "img": null, "vid": "/6/62/Tie Ice Skates Step 4 Version 3.360p.mp4"}, "5": {"text": "Loop around the hooks.", "img": "https://www.wikihow.com/images/thumb/1/17/Tie-Ice-Skates-Step-5-Version-2.jpg/v4-460px-Tie-Ice-Skates-Step-5-Version-2.jpg", "vid": null}, "6": {"text": "Tighten around the ankle with a lacing trick.", "img": null, "vid": "/7/71/Tie Ice Skates Step 6.360p.mp4"}, "7": {"text": "Cross the laces twice.", "img": null, "vid": "/c/c1/Tie Ice Skates Step 7 Version 3.360p.mp4"}, "8": {"text": "Tighten the knot.", "img": null, "vid": "/b/b0/Tie Ice Skates Step 8 Version 3.360p.mp4"}, "9": {"text": "Take care of excess laces.", "img": "https://www.wikihow.com/images/thumb/9/98/Tie-Ice-Skates-Step-9.jpg/v4-460px-Tie-Ice-Skates-Step-9.jpg", "vid": null}, "10": {"text": "Tie a bow in the last of the laces.", "img": null, "vid": "/d/d0/Tie Ice Skates Step 10 Version 3.360p.mp4"}}