{"video_url": "https://www.youtube.com/embed/TuV_WFBjU8U?showinfo=0", "1": {"text": "Pull up your hair.", "img": null, "vid": "/0/02/Tie a Sikh Turban Step 1.360p.mp4"}, "2": {"text": "Pull your hair to the top of your head as if you were making a ponytail there.", "img": null, "vid": "/d/d7/Tie a Sikh Turban Step 2.360p.mp4"}, "3": {"text": "Begin twisting the rope of hair around itself.", "img": null, "vid": "/9/9a/Tie a Sikh Turban Step 3.360p.mp4"}, "4": {"text": "Tie on a patka.", "img": null, "vid": "/5/51/Tie a Sikh Turban Step 4.360p.mp4"}, "5": {"text": "Start with a patka cloth.", "img": null, "vid": "/8/87/Tie a Sikh Turban Step 5.360p.mp4"}, "6": {"text": "Pull the corner strings up from the back.", "img": null, "vid": "/9/9e/Tie a Sikh Turban Step 6.360p.mp4"}, "7": {"text": "Wrap the ends around the front of the knot.", "img": null, "vid": "/f/f3/Tie a Sikh Turban Step 7.360p.mp4"}, "8": {"text": "Hold one corner of your turban in your mouth.", "img": null, "vid": "/b/bb/Tie a Sikh Turban Step 8.360p.mp4"}, "9": {"text": "Wrap the turban around the back of your head and then up around your hair knot.", "img": null, "vid": "/e/e9/Tie a Sikh Turban Step 9.360p.mp4"}, "10": {"text": "Loop it around your head again.", "img": null, "vid": "/c/c8/Tie a Sikh Turban Step 10.360p.mp4"}, "11": {"text": "Keep wrapping it around your head.", "img": null, "vid": "/7/77/Tie a Sikh Turban Step 11.360p.mp4"}, "12": {"text": "Tuck the end in.", "img": null, "vid": "/6/65/Tie a Sikh Turban Step 12.360p.mp4"}, "13": {"text": "Tuck the end from your mouth in.", "img": null, "vid": "/f/f5/Tie a Sikh Turban Step 13.360p.mp4"}, "14": {"text": "Hold one end of the turban in your mouth.", "img": null, "vid": "/4/4e/Tie a Sikh Turban Step 14.360p.mp4"}, "15": {"text": "Wrap the turban around the back of your head.", "img": null, "vid": "/0/06/Tie a Sikh Turban Step 15.360p.mp4"}, "16": {"text": "Wrap it low on the left side.", "img": null, "vid": "/0/08/Tie a Sikh Turban Step 16.360p.mp4"}, "17": {"text": "Keep wrapping it.", "img": null, "vid": "/3/3f/Tie a Sikh Turban Step 17.360p.mp4"}, "18": {"text": "Wrap the end around the peak.", "img": null, "vid": "/8/87/Tie a Sikh Turban Step 18.360p.mp4"}, "19": {"text": "Tuck in the other end.", "img": null, "vid": "/d/df/Tie a Sikh Turban Step 19.360p.mp4"}, "20": {"text": "Make adjustments.", "img": null, "vid": "/9/98/Tie a Sikh Turban Step 20.360p.mp4"}}