{"video_url": "https://www.youtube.com/embed/iaFUH9WbJiM?showinfo=0", "1": {"text": "Cross the 2 string ends to create an X shape.", "img": null, "vid": "/3/3d/Tie Pants Strings Step 1.360p.mp4"}, "2": {"text": "Feed the left-hand string into the opening near the waistband.", "img": null, "vid": "/1/13/Tie Pants Strings Step 2.360p.mp4"}, "3": {"text": "Wrap the left-hand string around and back into the opening.", "img": null, "vid": "/f/fc/Tie Pants Strings Step 3.360p.mp4"}, "4": {"text": "Wrap the left-hand string around the right-hand string again.", "img": null, "vid": "/0/02/Tie Pants Strings Step 4.360p.mp4"}, "5": {"text": "Lay the left-hand string over the right-hand string above the X cross.", "img": null, "vid": "/8/8b/Tie Pants Strings Step 5.360p.mp4"}, "6": {"text": "Bring the left-hand string around and through the newly-created loop.", "img": null, "vid": "/1/19/Tie Pants Strings Step 6.360p.mp4"}, "7": {"text": "Pull on the left-hand string to make the knot taut.", "img": null, "vid": "/a/ad/Tie Pants Strings Step 7.360p.mp4"}, "8": {"text": "Slide the knot up and down the right-hand string to adjust it.", "img": null, "vid": "/b/b9/Tie Pants Strings Step 8.360p.mp4"}, "9": {"text": "Pull the string loop out so it makes an oval shape.", "img": "https://www.wikihow.com/images/thumb/2/24/Tie-Pants-Strings-Step-9.jpg/v4-460px-Tie-Pants-Strings-Step-9.jpg", "vid": null}, "10": {"text": "Divide the oval into 2 equal \u201cbunny ear\u201d loops.", "img": null, "vid": "/0/09/Tie Pants Strings Step 10.360p.mp4"}, "11": {"text": "Squeeze the long sides of each \u201cbunny ear\u201d together.", "img": "https://www.wikihow.com/images/thumb/c/c1/Tie-Pants-Strings-Step-11.jpg/v4-460px-Tie-Pants-Strings-Step-11.jpg", "vid": null}, "12": {"text": "Tie a basic shoelace knot with the 2 strings you created.", "img": null, "vid": "/e/e4/Tie Pants Strings Step 12.360p.mp4"}}