{"video_url": "https://www.youtube.com/embed/-ua-HqRB_UE?showinfo=0", "1": {"text": "Use a square bandana to form an even headband.", "img": "https://www.wikihow.com/images/thumb/8/82/Tie-a-Bandana-Like-a-Headband-Step-1-Version-7.jpg/v4-460px-Tie-a-Bandana-Like-a-Headband-Step-1-Version-7.jpg", "vid": null}, "2": {"text": "Lay the bandana flat and smooth out any wrinkles.", "img": "https://www.wikihow.com/images/thumb/1/1f/Tie-a-Bandana-Like-a-Headband-Step-2-Version-7.jpg/v4-460px-Tie-a-Bandana-Like-a-Headband-Step-2-Version-7.jpg", "vid": null}, "3": {"text": "Bring the bottom corner to meet the top corner to form a triangle.", "img": null, "vid": "/5/5b/Tie a Bandana Like a Headband Step 3 Version 6.360p.mp4"}, "4": {"text": "Fold the long end of the triangle to make a long strip.", "img": null, "vid": "/4/4b/Tie a Bandana Like a Headband Step 4 Version 4.360p.mp4"}, "5": {"text": "Spray the folded bandana with hairspray.", "img": null, "vid": "/e/eb/Tie a Bandana Like a Headband Step 5 Version 6.360p.mp4"}, "6": {"text": "Place the center of the bandana against your forehead.", "img": "https://www.wikihow.com/images/thumb/1/1e/Tie-a-Bandana-Like-a-Headband-Step-6-Version-8.jpg/v4-460px-Tie-a-Bandana-Like-a-Headband-Step-6-Version-8.jpg", "vid": null}, "7": {"text": "Wrap the two ends of the bandana around the back of your head.", "img": null, "vid": "/3/3a/Tie a Bandana Like a Headband Step 7 Version 6.360p.mp4"}, "8": {"text": "Tie the ends of the bandana into a double knot to form a headband.", "img": null, "vid": "/b/bc/Tie a Bandana Like a Headband Step 8 Version 6.360p.mp4"}, "9": {"text": "Make any adjustments and smooth out any wrinkles in your headband.", "img": "https://www.wikihow.com/images/thumb/5/5b/Tie-a-Bandana-Like-a-Headband-Step-9-Version-7.jpg/v4-460px-Tie-a-Bandana-Like-a-Headband-Step-9-Version-7.jpg", "vid": null}}