{"video_url": "https://www.youtube.com/embed/ZyTzDXqmIlY?showinfo=0", "1": {"text": "Put the bib 4 inches (10\u00a0cm) - 5 inches (13\u00a0cm) below your collar bone.", "img": "https://www.wikihow.com/images/thumb/8/8a/Tie-an-Apron-Step-1-Version-3.jpg/v4-460px-Tie-an-Apron-Step-1-Version-3.jpg", "vid": null}, "2": {"text": "Tie a knot in the back of the loop if the apron has a single bib loop.", "img": "https://www.wikihow.com/images/thumb/b/b2/Tie-an-Apron-Step-2-Version-3.jpg/v4-460px-Tie-an-Apron-Step-2-Version-3.jpg", "vid": null}, "3": {"text": "Thread the tie through the loop if the apron has a tie/loop closure.", "img": "https://www.wikihow.com/images/thumb/3/31/Tie-an-Apron-Step-3-Version-3.jpg/v4-460px-Tie-an-Apron-Step-3-Version-3.jpg", "vid": null}, "4": {"text": "Cut the neck loop and tie a knot if you have a long single neck loop.", "img": "https://www.wikihow.com/images/thumb/d/d5/Tie-an-Apron-Step-4-Version-3.jpg/v4-460px-Tie-an-Apron-Step-4-Version-3.jpg", "vid": null}, "5": {"text": "Bring your apron\u2019s strings together in the back.", "img": "https://www.wikihow.com/images/thumb/8/8a/Tie-an-Apron-Step-5-Version-3.jpg/v4-460px-Tie-an-Apron-Step-5-Version-3.jpg", "vid": null}, "6": {"text": "Tie them together using a knot or a bow.", "img": "https://www.wikihow.com/images/thumb/2/25/Tie-an-Apron-Step-6-Version-3.jpg/v4-460px-Tie-an-Apron-Step-6-Version-3.jpg", "vid": null}, "7": {"text": "Tug on your knot to test its strength.", "img": "https://www.wikihow.com/images/thumb/a/ae/Tie-an-Apron-Step-7-Version-3.jpg/v4-460px-Tie-an-Apron-Step-7-Version-3.jpg", "vid": null}, "8": {"text": "Practice tying with your eyes closed to get faster.", "img": "https://www.wikihow.com/images/thumb/a/a6/Tie-an-Apron-Step-8-Version-3.jpg/v4-460px-Tie-an-Apron-Step-8-Version-3.jpg", "vid": null}, "9": {"text": "Test to see if the apron falls above or below your knees.", "img": "https://www.wikihow.com/images/thumb/d/d8/Tie-an-Apron-Step-9-Version-3.jpg/v4-460px-Tie-an-Apron-Step-9-Version-3.jpg", "vid": null}, "10": {"text": "Cross your apron\u2019s ties behind you and bring them around to the front.", "img": "https://www.wikihow.com/images/thumb/0/01/Tie-an-Apron-Step-10-Version-3.jpg/v4-460px-Tie-an-Apron-Step-10-Version-3.jpg", "vid": null}, "11": {"text": "Tie your apron in a knot or a bow.", "img": "https://www.wikihow.com/images/thumb/8/8b/Tie-an-Apron-Step-11-Version-3.jpg/v4-460px-Tie-an-Apron-Step-11-Version-3.jpg", "vid": null}, "12": {"text": "Test your knot for strength by pulling on it gently.", "img": null, "vid": null}}