{"video_url": "https://www.youtube.com/embed/2-62s6uFDVU?showinfo=0", "1": {"text": "Find a clean, dry work space.", "img": null, "vid": "/0/09/Tint Car Windows Step 1.360p.mp4"}, "2": {"text": "Remove any stickers or adhesives from the windows.", "img": null, "vid": "/c/c8/Tint Car Windows Step 2.360p.mp4"}, "3": {"text": "Clean up the windows using soapy water and a 1\" razor blade.", "img": null, "vid": "/7/7e/Tint Car Windows Step 3.360p.mp4"}, "4": {"text": "Take a clean rag and dry the window.", "img": null, "vid": "/8/89/Tint Car Windows Step 4.360p.mp4"}, "5": {"text": "Roll the window back up before beginning, but leave your car on.", "img": null, "vid": "/c/ca/Tint Car Windows Step 5.360p.mp4"}, "6": {"text": "Determine which side of the tint is adhesive.", "img": null, "vid": "/5/55/Tint Car Windows Step 6.360p.mp4"}, "7": {"text": "Spray the outside of the window with soapy water.", "img": null, "vid": "/b/bf/Tint Car Windows Step 7.360p.mp4"}, "8": {"text": "Place the tinting over the outside of the window so that it covers the entire window.", "img": null, "vid": "/e/eb/Tint Car Windows Step 8.360p.mp4"}, "9": {"text": "Cut away a manageable slab of tinting.", "img": null, "vid": "/e/e7/Tint Car Windows Step 9.360p.mp4"}, "10": {"text": "Spray the front of the film with water.", "img": null, "vid": "/5/51/Tint Car Windows Step 10.360p.mp4"}, "11": {"text": "Take your knife and cut along the bottom and left edges of the window.", "img": null, "vid": "/9/90/Tint Car Windows Step 11.360p.mp4"}, "12": {"text": "Pull the film 1\" towards the left edge.", "img": null, "vid": "/b/b9/Tint Car Windows Step 12.360p.mp4"}, "13": {"text": "Cut the right edge, then slide the tint halfway back towards the center.", "img": null, "vid": "/8/87/Tint Car Windows Step 13.360p.mp4"}, "14": {"text": "Pull the film down roughly one inch, so the bottom edge is lower than the window.", "img": null, "vid": "/8/8c/Tint Car Windows Step 14.360p.mp4"}, "15": {"text": "Lower the window a half inch, then use the top of the window to cut the film to shape.", "img": null, "vid": "/8/8c/Tint Car Windows Step 15.360p.mp4"}, "16": {"text": "Clean up any of the corners that have excess film.", "img": null, "vid": "/1/13/Tint Car Windows Step 16.360p.mp4"}, "17": {"text": "Realign your film so that it fits the window perfectly, with some excess on every edge.", "img": null, "vid": "/a/ae/Tint Car Windows Step 17.360p.mp4"}, "18": {"text": "Working from the top down, use a heat gun and a hard card to push the bubbles to the bottom.", "img": null, "vid": "/4/43/Tint Car Windows Step 18.360p.mp4"}, "19": {"text": "Prep the inside of the window with soapy water and a squeegee.", "img": null, "vid": "/2/26/Tint Car Windows Step 19.360p.mp4"}, "20": {"text": "Peel off the top half of the release liner from the tinting film.", "img": null, "vid": "/1/1c/Tint Car Windows Step 20.360p.mp4"}, "21": {"text": "Spray off the now-exposed section with fresh water.", "img": null, "vid": "/5/5b/Tint Car Windows Step 21.360p.mp4"}, "22": {"text": "Line up and adhere the top of the tint to the window.", "img": null, "vid": "/0/02/Tint Car Windows Step 22.360p.mp4"}, "23": {"text": "Slightly fold the tint to work it underneath the seal.", "img": null, "vid": "/5/56/Tint Car Windows Step 23.360p.mp4"}, "24": {"text": "Spray down the window again, then use your hard edge to push the water out the edges.", "img": null, "vid": "/c/c3/Tint Car Windows Step 24.360p.mp4"}, "25": {"text": "Roll the window up, then spray the bottom half of the window with soapy water.", "img": null, "vid": "/8/81/Tint Car Windows Step 25.360p.mp4"}, "26": {"text": "Pull off the remaining release layer, then spray the exposed tint with water.", "img": null, "vid": "/7/78/Tint Car Windows Step 26.360p.mp4"}, "27": {"text": "Use your fingers and hard edge to tuck the bottom of the tint into the bottom seal.", "img": null, "vid": "/5/56/Tint Car Windows Step 27.360p.mp4"}, "28": {"text": "Smooth out the window with your hard edge, pushing all the water and air bubbles towards the edges.", "img": null, "vid": "/2/20/Tint Car Windows Step 28.360p.mp4"}}