{"video_url": "https://www.youtube.com/embed/i70YNdbkes0?showinfo=0", "1": {"text": "Have the proper trainer mindset.", "img": "https://www.wikihow.com/images/thumb/a/a9/Fire-Drill-Train-Your-Dog-Step-8-Version-2.jpg/v4-460px-Fire-Drill-Train-Your-Dog-Step-8-Version-2.jpg", "vid": null}, "2": {"text": "Choose the right location.", "img": "https://www.wikihow.com/images/thumb/7/7c/Train-a-Dog-to-Come-Step-1-Version-2.jpg/v4-460px-Train-a-Dog-to-Come-Step-1-Version-2.jpg", "vid": null}, "3": {"text": "Leash your dog.", "img": "https://www.wikihow.com/images/thumb/a/af/Train-a-Dog-to-Come-Step-2-Version-2.jpg/v4-460px-Train-a-Dog-to-Come-Step-2-Version-2.jpg", "vid": null}, "4": {"text": "Say \u201ccome\u201d and begin taking quick steps backward.", "img": "https://www.wikihow.com/images/thumb/e/ed/Train-a-Dog-to-Come-Step-3-Version-2.jpg/v4-460px-Train-a-Dog-to-Come-Step-3-Version-2.jpg", "vid": null}, "5": {"text": "Consider using a hand signal as well.", "img": "https://www.wikihow.com/images/thumb/6/6a/Train-a-Dog-to-Come-Step-4-Version-2.jpg/v4-460px-Train-a-Dog-to-Come-Step-4-Version-2.jpg", "vid": null}, "6": {"text": "Move backward until your dog reaches you.", "img": "https://www.wikihow.com/images/thumb/a/a4/Train-a-Dog-to-Come-Step-5-Version-2.jpg/v4-460px-Train-a-Dog-to-Come-Step-5-Version-2.jpg", "vid": null}, "7": {"text": "Offer positive reinforcement.", "img": "https://www.wikihow.com/images/thumb/8/8c/Train-a-Dog-to-Come-Step-6-Version-2.jpg/v4-460px-Train-a-Dog-to-Come-Step-6-Version-2.jpg", "vid": null}, "8": {"text": "Add distractions and distance.", "img": "https://www.wikihow.com/images/thumb/f/f8/Train-a-Dog-to-Come-Step-7-Version-2.jpg/v4-460px-Train-a-Dog-to-Come-Step-7-Version-2.jpg", "vid": null}, "9": {"text": "Use the method while on walks.", "img": "https://www.wikihow.com/images/thumb/c/cc/Train-a-Dog-to-Come-Step-8-Version-2.jpg/v4-460px-Train-a-Dog-to-Come-Step-8-Version-2.jpg", "vid": null}, "10": {"text": "Issue the command without backing up.", "img": "https://www.wikihow.com/images/thumb/c/c5/Train-a-Dog-to-Come-Step-9-Version-2.jpg/v4-460px-Train-a-Dog-to-Come-Step-9-Version-2.jpg", "vid": null}, "11": {"text": "Consider group training sessions.", "img": "https://www.wikihow.com/images/thumb/9/9f/Train-a-Dog-to-Come-Step-10-Version-2.jpg/v4-460px-Train-a-Dog-to-Come-Step-10-Version-2.jpg", "vid": null}, "12": {"text": "Try recalling your dog off leash.", "img": "https://www.wikihow.com/images/thumb/1/19/Train-a-Dog-to-Come-Step-11-Version-2.jpg/v4-460px-Train-a-Dog-to-Come-Step-11-Version-2.jpg", "vid": null}, "13": {"text": "Use restrained recalls.", "img": "https://www.wikihow.com/images/thumb/5/54/Train-a-Dog-to-Come-Step-12-Version-2.jpg/v4-460px-Train-a-Dog-to-Come-Step-12-Version-2.jpg", "vid": null}, "14": {"text": "Try a \u201cround-robin\u201d approach.", "img": "https://www.wikihow.com/images/thumb/e/e3/Train-a-Dog-to-Come-Step-13-Version-2.jpg/v4-460px-Train-a-Dog-to-Come-Step-13-Version-2.jpg", "vid": null}, "15": {"text": "Expand the range of training.", "img": "https://www.wikihow.com/images/thumb/9/9c/Train-a-Dog-to-Come-Step-14-Version-2.jpg/v4-460px-Train-a-Dog-to-Come-Step-14-Version-2.jpg", "vid": null}, "16": {"text": "Get help.", "img": "https://www.wikihow.com/images/thumb/7/71/Train-a-Dog-to-Come-Step-15-Version-2.jpg/v4-460px-Train-a-Dog-to-Come-Step-15-Version-2.jpg", "vid": null}}