{"video_url": "https://www.youtube.com/embed/6yMpBxRCt2g", "1": {"text": "Use gentle hair products.", "img": "https://www.wikihow.com/images/thumb/2/20/Treat-Thinning-Hair-Step-5-Version-7.jpg/v4-460px-Treat-Thinning-Hair-Step-5-Version-7.jpg", "vid": null}, "2": {"text": "Comb instead of brushing.", "img": "https://www.wikihow.com/images/thumb/f/f9/Treat-Thinning-Hair-Step-6-Version-7.jpg/v4-460px-Treat-Thinning-Hair-Step-6-Version-7.jpg", "vid": null}, "3": {"text": "Let it air dry.", "img": "https://www.wikihow.com/images/thumb/3/37/Treat-Thinning-Hair-Step-7-Version-7.jpg/v4-460px-Treat-Thinning-Hair-Step-7-Version-7.jpg", "vid": null}, "4": {"text": "Use heat-free styling techniques.", "img": "https://www.wikihow.com/images/thumb/f/f3/Treat-Thinning-Hair-Step-8-Version-8.jpg/v4-460px-Treat-Thinning-Hair-Step-8-Version-8.jpg", "vid": null}, "5": {"text": "Avoid hairstyles that pull on your hair.", "img": "https://www.wikihow.com/images/thumb/a/a1/Treat-Thinning-Hair-Step-9-Version-7.jpg/v4-460px-Treat-Thinning-Hair-Step-9-Version-7.jpg", "vid": null}, "6": {"text": "Massage your scalp with a nutritional oil.", "img": "https://www.wikihow.com/images/thumb/f/f0/Treat-Thinning-Hair-Step-10-Version-7.jpg/v4-460px-Treat-Thinning-Hair-Step-10-Version-7.jpg", "vid": null}, "7": {"text": "Consider trying a hair growth treatment.", "img": "https://www.wikihow.com/images/thumb/4/40/Treat-Thinning-Hair-Step-11-Version-7.jpg/v4-460px-Treat-Thinning-Hair-Step-11-Version-7.jpg", "vid": null}, "8": {"text": "See if hormonal causes are at play.", "img": "https://www.wikihow.com/images/thumb/9/9c/Treat-Thinning-Hair-Step-1-Version-7.jpg/v4-460px-Treat-Thinning-Hair-Step-1-Version-7.jpg", "vid": null}, "9": {"text": "Determine if it's a medical condition.", "img": "https://www.wikihow.com/images/thumb/9/9e/Treat-Thinning-Hair-Step-2-Version-7.jpg/v4-460px-Treat-Thinning-Hair-Step-2-Version-7.jpg", "vid": null}, "10": {"text": "Check your medications.", "img": "https://www.wikihow.com/images/thumb/b/be/Treat-Thinning-Hair-Step-3-Version-7.jpg/v4-460px-Treat-Thinning-Hair-Step-3-Version-7.jpg", "vid": null}, "11": {"text": "Figure out if stress is the culprit.", "img": "https://www.wikihow.com/images/thumb/0/06/Treat-Thinning-Hair-Step-4-Version-8.jpg/v4-460px-Treat-Thinning-Hair-Step-4-Version-8.jpg", "vid": null}, "12": {"text": "Lower your stress.", "img": "https://www.wikihow.com/images/thumb/d/d9/Treat-Thinning-Hair-Step-12-Version-6.jpg/v4-460px-Treat-Thinning-Hair-Step-12-Version-6.jpg", "vid": null}, "13": {"text": "Eat more protein.", "img": "https://www.wikihow.com/images/thumb/9/90/Treat-Thinning-Hair-Step-13-Version-7.jpg/v4-460px-Treat-Thinning-Hair-Step-13-Version-7.jpg", "vid": null}, "14": {"text": "Eat omega-3s.", "img": "https://www.wikihow.com/images/thumb/5/5f/Treat-Thinning-Hair-Step-14-Version-6.jpg/v4-460px-Treat-Thinning-Hair-Step-14-Version-6.jpg", "vid": null}, "15": {"text": "Take biotin supplements.", "img": "https://www.wikihow.com/images/thumb/5/58/Treat-Thinning-Hair-Step-15-Version-6.jpg/v4-460px-Treat-Thinning-Hair-Step-15-Version-6.jpg", "vid": null}}