{"video_url": "https://www.youtube.com/embed/4tIg0cB-_0s", "1": {"text": "Never lie to her.", "img": "https://www.wikihow.com/images/thumb/5/53/Treat-Your-Girlfriend-Step-1-Version-2.jpg/v4-460px-Treat-Your-Girlfriend-Step-1-Version-2.jpg", "vid": null}, "2": {"text": "Respect her intelligence.", "img": "https://www.wikihow.com/images/thumb/a/aa/Treat-Your-Girlfriend-Step-2-Version-2.jpg/v4-460px-Treat-Your-Girlfriend-Step-2-Version-2.jpg", "vid": null}, "3": {"text": "Listen to what she says (and remember it).", "img": "https://www.wikihow.com/images/thumb/e/ed/Treat-Your-Girlfriend-Step-3-Version-2.jpg/v4-460px-Treat-Your-Girlfriend-Step-3-Version-2.jpg", "vid": null}, "4": {"text": "Give her your attention.", "img": "https://www.wikihow.com/images/thumb/d/d5/Treat-Your-Girlfriend-Step-4-Version-2.jpg/v4-460px-Treat-Your-Girlfriend-Step-4-Version-2.jpg", "vid": null}, "5": {"text": "Reach a mutual agreement about which types of things constitute gentlemanly behavior.", "img": "https://www.wikihow.com/images/thumb/1/17/Treat-Your-Girlfriend-Step-5-Version-2.jpg/v4-460px-Treat-Your-Girlfriend-Step-5-Version-2.jpg", "vid": null}, "6": {"text": "Respect her boundaries in terms of displaying your affection.", "img": "https://www.wikihow.com/images/thumb/7/71/Treat-Your-Girlfriend-Step-6-Version-2.jpg/v4-460px-Treat-Your-Girlfriend-Step-6-Version-2.jpg", "vid": null}, "7": {"text": "Be fearless around your girlfriend.", "img": "https://www.wikihow.com/images/thumb/c/c3/Treat-Your-Girlfriend-Step-7-Version-2.jpg/v4-460px-Treat-Your-Girlfriend-Step-7-Version-2.jpg", "vid": null}, "8": {"text": "Be proactive.", "img": "https://www.wikihow.com/images/thumb/4/41/Treat-Your-Girlfriend-Step-8-Version-2.jpg/v4-460px-Treat-Your-Girlfriend-Step-8-Version-2.jpg", "vid": null}, "9": {"text": "Keep in touch.", "img": "https://www.wikihow.com/images/thumb/a/ad/Treat-Your-Girlfriend-Step-9-Version-2.jpg/v4-460px-Treat-Your-Girlfriend-Step-9-Version-2.jpg", "vid": null}, "10": {"text": "Don't be materialistic.", "img": "https://www.wikihow.com/images/thumb/b/bf/Treat-Your-Girlfriend-Step-10-Version-2.jpg/v4-460px-Treat-Your-Girlfriend-Step-10-Version-2.jpg", "vid": null}, "11": {"text": "Do things \"just because\".", "img": "https://www.wikihow.com/images/thumb/b/b2/Treat-Your-Girlfriend-Step-11-Version-2.jpg/v4-460px-Treat-Your-Girlfriend-Step-11-Version-2.jpg", "vid": null}, "12": {"text": "Strive to be yourself around her.", "img": "https://www.wikihow.com/images/thumb/5/5d/Treat-Your-Girlfriend-Step-12-Version-2.jpg/v4-460px-Treat-Your-Girlfriend-Step-12-Version-2.jpg", "vid": null}, "13": {"text": "Let her know that she's valuable to you.", "img": "https://www.wikihow.com/images/thumb/4/4c/Treat-Your-Girlfriend-Step-13-Version-2.jpg/v4-460px-Treat-Your-Girlfriend-Step-13-Version-2.jpg", "vid": null}, "14": {"text": "Be imaginative with your date ideas.", "img": "https://www.wikihow.com/images/thumb/2/2d/Treat-Your-Girlfriend-Step-14-Version-2.jpg/v4-460px-Treat-Your-Girlfriend-Step-14-Version-2.jpg", "vid": null}, "15": {"text": "Make the night about her.", "img": "https://www.wikihow.com/images/thumb/4/4d/Treat-Your-Girlfriend-Step-15-Version-2.jpg/v4-460px-Treat-Your-Girlfriend-Step-15-Version-2.jpg", "vid": null}, "16": {"text": "Pay for her (respectfully).", "img": "https://www.wikihow.com/images/thumb/8/86/Treat-Your-Girlfriend-Step-16-Version-2.jpg/v4-460px-Treat-Your-Girlfriend-Step-16-Version-2.jpg", "vid": null}, "17": {"text": "Praise her without objectifying her.", "img": "https://www.wikihow.com/images/thumb/0/03/Treat-Your-Girlfriend-Step-17.jpg/v4-460px-Treat-Your-Girlfriend-Step-17.jpg", "vid": null}, "18": {"text": "Make her feel like she's special.", "img": "https://www.wikihow.com/images/thumb/9/9e/Treat-Your-Girlfriend-Step-18.jpg/v4-460px-Treat-Your-Girlfriend-Step-18.jpg", "vid": null}}