{"video_url": "https://www.youtube.com/embed/qAFFAmuNgUI?showinfo=0", "1": {"text": "Recognize a pinched nerve.", "img": "https://www.wikihow.com/images/thumb/c/ca/Treat-a-Pinched-Nerve-Step-1-Version-9.jpg/v4-460px-Treat-a-Pinched-Nerve-Step-1-Version-9.jpg", "vid": null}, "2": {"text": "Notice the symptoms.", "img": "https://www.wikihow.com/images/thumb/e/ec/Treat-a-Pinched-Nerve-Step-2-Version-8.jpg/v4-460px-Treat-a-Pinched-Nerve-Step-2-Version-8.jpg", "vid": null}, "3": {"text": "Avoid overuse.", "img": "https://www.wikihow.com/images/thumb/1/13/Treat-a-Pinched-Nerve-Step-3-Version-8.jpg/v4-460px-Treat-a-Pinched-Nerve-Step-3-Version-8.jpg", "vid": null}, "4": {"text": "Get some sleep.", "img": "https://www.wikihow.com/images/thumb/a/a5/Treat-a-Pinched-Nerve-Step-4-Version-8.jpg/v4-460px-Treat-a-Pinched-Nerve-Step-4-Version-8.jpg", "vid": null}, "5": {"text": "Use a brace or splint.", "img": "https://www.wikihow.com/images/thumb/2/2e/Treat-a-Pinched-Nerve-Step-5-Version-9.jpg/v4-460px-Treat-a-Pinched-Nerve-Step-5-Version-9.jpg", "vid": null}, "6": {"text": "Apply ice and heat.", "img": "https://www.wikihow.com/images/thumb/9/9e/Treat-a-Pinched-Nerve-Step-6-Version-8.jpg/v4-460px-Treat-a-Pinched-Nerve-Step-6-Version-8.jpg", "vid": null}, "7": {"text": "Get a massage.", "img": "https://www.wikihow.com/images/thumb/c/cd/Treat-a-Pinched-Nerve-Step-7-Version-7.jpg/v4-460px-Treat-a-Pinched-Nerve-Step-7-Version-7.jpg", "vid": null}, "8": {"text": "Take pain relieving medication.", "img": "https://www.wikihow.com/images/thumb/e/e6/Treat-a-Pinched-Nerve-Step-8-Version-8.jpg/v4-460px-Treat-a-Pinched-Nerve-Step-8-Version-8.jpg", "vid": null}, "9": {"text": "See a doctor.", "img": "https://www.wikihow.com/images/thumb/9/91/Treat-a-Pinched-Nerve-Step-9-Version-8.jpg/v4-460px-Treat-a-Pinched-Nerve-Step-9-Version-8.jpg", "vid": null}, "10": {"text": "Perform low-impact exercise.", "img": "https://www.wikihow.com/images/thumb/7/71/Treat-a-Pinched-Nerve-Step-10-Version-4.jpg/v4-460px-Treat-a-Pinched-Nerve-Step-10-Version-4.jpg", "vid": null}, "11": {"text": "Increase calcium intake.", "img": "https://www.wikihow.com/images/thumb/4/4a/Treat-a-Pinched-Nerve-Step-11-Version-4.jpg/v4-460px-Treat-a-Pinched-Nerve-Step-11-Version-4.jpg", "vid": null}, "12": {"text": "Eat more foods with potassium.", "img": "https://www.wikihow.com/images/thumb/e/ee/Treat-a-Pinched-Nerve-Step-12-Version-4.jpg/v4-460px-Treat-a-Pinched-Nerve-Step-12-Version-4.jpg", "vid": null}, "13": {"text": "See a physical therapist.", "img": "https://www.wikihow.com/images/thumb/4/47/Treat-a-Pinched-Nerve-Step-13-Version-4.jpg/v4-460px-Treat-a-Pinched-Nerve-Step-13-Version-4.jpg", "vid": null}, "14": {"text": "Consider epidural steroid injection.", "img": "https://www.wikihow.com/images/thumb/e/e6/Treat-a-Pinched-Nerve-Step-14-Version-2.jpg/v4-460px-Treat-a-Pinched-Nerve-Step-14-Version-2.jpg", "vid": null}, "15": {"text": "Talk to your doctor about surgery.", "img": "https://www.wikihow.com/images/thumb/5/50/Treat-a-Pinched-Nerve-Step-15-Version-2.jpg/v4-460px-Treat-a-Pinched-Nerve-Step-15-Version-2.jpg", "vid": null}, "16": {"text": "Strive for continued relief.", "img": "https://www.wikihow.com/images/thumb/e/eb/Treat-a-Pinched-Nerve-Step-16-Version-2.jpg/v4-460px-Treat-a-Pinched-Nerve-Step-16-Version-2.jpg", "vid": null}, "17": {"text": "Avoid future pinched nerves.", "img": "https://www.wikihow.com/images/thumb/d/d4/Treat-a-Pinched-Nerve-Step-17-Version-2.jpg/v4-460px-Treat-a-Pinched-Nerve-Step-17-Version-2.jpg", "vid": null}}