{"video_url": "https://www.youtube.com/embed/MO8QvZIPPps?showinfo=0", "1": {"text": "Get a cutting utensil.", "img": "https://www.wikihow.com/images/thumb/f/f5/Trim-an-Aloe-Vera-Plant-Step-1-Version-4.jpg/v4-460px-Trim-an-Aloe-Vera-Plant-Step-1-Version-4.jpg", "vid": null}, "2": {"text": "Trim damaged leaves.", "img": null, "vid": "/5/58/Trim an Aloe Vera Plant Step 2 Version 2.360p.mp4"}, "3": {"text": "Cut excess outer leaves.", "img": null, "vid": "/4/44/Trim an Aloe Vera Plant Step 3 Version 2.360p.mp4"}, "4": {"text": "Remove old stems and blossoms.", "img": null, "vid": "/a/a7/Trim an Aloe Vera Plant Step 4 Version 2.360p.mp4"}, "5": {"text": "Remove suckers.", "img": null, "vid": "/6/6e/Trim an Aloe Vera Plant Step 5 Version 2.360p.mp4"}, "6": {"text": "Remove the plant from its pot.", "img": null, "vid": "/e/ec/Trim an Aloe Vera Plant Step 6 Version 2.360p.mp4"}, "7": {"text": "Prune the roots.", "img": null, "vid": "/d/d2/Trim an Aloe Vera Plant Step 7 Version 2.360p.mp4"}}