{"video_url": "https://www.youtube.com/embed/rYlof6Nfugk", "1": {"text": "Make a slip knot", "img": "https://www.wikihow.com/images/thumb/a/aa/Turn-in-Crochet-Step-1-Version-4.jpg/v4-460px-Turn-in-Crochet-Step-1-Version-4.jpg", "vid": null}, "2": {"text": "Insert the crochet hook into the loop.", "img": null, "vid": "/5/5d/Turn in Crochet Step 2.360p.mp4"}, "3": {"text": "Hold the yarn and hook properly.", "img": null, "vid": "/a/a5/Turn in Crochet Step 3.360p.mp4"}, "4": {"text": "Crochet a stitch.There are many different types of stitches and patterns, but this article will stick to the simplest:", "img": null, "vid": "/8/8e/Turn in Crochet Step 4.360p.mp4"}, "5": {"text": "Repeat.", "img": null, "vid": "/7/71/Turn in Crochet Step 5.360p.mp4"}, "6": {"text": "Create a turning chain.", "img": null, "vid": "/7/79/Turn in Crochet Step 6.360p.mp4"}, "7": {"text": "Flip your work.", "img": null, "vid": "/b/b3/Turn in Crochet Step 7.360p.mp4"}, "8": {"text": "Find the first stitch of the previous row.", "img": "https://www.wikihow.com/images/thumb/3/32/Turn-in-Crochet-Step-8-Version-3.jpg/v4-460px-Turn-in-Crochet-Step-8-Version-3.jpg", "vid": null}, "9": {"text": "Continue working in your pattern.", "img": null, "vid": "/0/04/Turn in Crochet Step 9.360p.mp4"}}