{"video_url": "https://www.youtube.com/embed/7XwyZwlyS_Q?showinfo=0", "1": {"text": "Fill the sink partially full of hot water.", "img": "https://www.wikihow.com/images/thumb/b/bc/Unclog-a-Kitchen-Sink-Step-1-Version-8.jpg/v4-460px-Unclog-a-Kitchen-Sink-Step-1-Version-8.jpg", "vid": null}, "2": {"text": "Position the plunger over the drain.", "img": "https://www.wikihow.com/images/thumb/5/5c/Unclog-a-Kitchen-Sink-Step-2-Version-8.jpg/v4-460px-Unclog-a-Kitchen-Sink-Step-2-Version-8.jpg", "vid": null}, "3": {"text": "Work the plunger up and down quickly.", "img": "https://www.wikihow.com/images/thumb/e/ea/Unclog-a-Kitchen-Sink-Step-3-Version-8.jpg/v4-460px-Unclog-a-Kitchen-Sink-Step-3-Version-8.jpg", "vid": null}, "4": {"text": "Continue using the plunger until the clog is dislodged.", "img": "https://www.wikihow.com/images/thumb/c/c6/Unclog-a-Kitchen-Sink-Step-4-Version-7.jpg/v4-460px-Unclog-a-Kitchen-Sink-Step-4-Version-7.jpg", "vid": null}, "5": {"text": "Put on a pair of rubber gloves.", "img": "https://www.wikihow.com/images/thumb/c/c8/Unclog-a-Kitchen-Sink-Step-5-Version-6.jpg/v4-460px-Unclog-a-Kitchen-Sink-Step-5-Version-6.jpg", "vid": null}, "6": {"text": "Push 1 cup of baking soda down the sink drain.", "img": "https://www.wikihow.com/images/thumb/c/c5/Unclog-a-Kitchen-Sink-Step-6-Version-6.jpg/v4-460px-Unclog-a-Kitchen-Sink-Step-6-Version-6.jpg", "vid": null}, "7": {"text": "Pour 1 cup of vinegar into the drain opening.", "img": "https://www.wikihow.com/images/thumb/6/64/Unclog-a-Kitchen-Sink-Step-7-Version-6.jpg/v4-460px-Unclog-a-Kitchen-Sink-Step-7-Version-6.jpg", "vid": null}, "8": {"text": "Wait 5 minutes to allow the solution to work on the clog.", "img": "https://www.wikihow.com/images/thumb/1/11/Unclog-a-Kitchen-Sink-Step-8-Version-6.jpg/v4-460px-Unclog-a-Kitchen-Sink-Step-8-Version-6.jpg", "vid": null}, "9": {"text": "Pour 4 cups of boiling water down the drain if the warm water fails to work.", "img": "https://www.wikihow.com/images/thumb/8/81/Unclog-a-Kitchen-Sink-Step-9-Version-6.jpg/v4-460px-Unclog-a-Kitchen-Sink-Step-9-Version-6.jpg", "vid": null}, "10": {"text": "Open the cabinet beneath your sink.", "img": "https://www.wikihow.com/images/thumb/d/d4/Unclog-a-Kitchen-Sink-Step-10-Version-6.jpg/v4-460px-Unclog-a-Kitchen-Sink-Step-10-Version-6.jpg", "vid": null}, "11": {"text": "Detach the trap.", "img": "https://www.wikihow.com/images/thumb/9/92/Unclog-a-Kitchen-Sink-Step-11-Version-6.jpg/v4-460px-Unclog-a-Kitchen-Sink-Step-11-Version-6.jpg", "vid": null}, "12": {"text": "Empty water from the trap into the bucket.", "img": "https://www.wikihow.com/images/thumb/2/26/Unclog-a-Kitchen-Sink-Step-12-Version-6.jpg/v4-460px-Unclog-a-Kitchen-Sink-Step-12-Version-6.jpg", "vid": null}, "13": {"text": "Remove the horizontal pipe that connects the trap to the stub pipe in the wall.", "img": "https://www.wikihow.com/images/thumb/5/51/Unclog-a-Kitchen-Sink-Step-13-Version-6.jpg/v4-460px-Unclog-a-Kitchen-Sink-Step-13-Version-6.jpg", "vid": null}, "14": {"text": "Pull out about 18\" (46 cm) of cable from the stub pipe.", "img": "https://www.wikihow.com/images/thumb/0/06/Unclog-a-Kitchen-Sink-Step-14-Version-6.jpg/v4-460px-Unclog-a-Kitchen-Sink-Step-14-Version-6.jpg", "vid": null}, "15": {"text": "Crank the handle in a clockwise direction.", "img": "https://www.wikihow.com/images/thumb/f/fe/Unclog-a-Kitchen-Sink-Step-15-Version-6.jpg/v4-460px-Unclog-a-Kitchen-Sink-Step-15-Version-6.jpg", "vid": null}, "16": {"text": "Retract the cable from the stub pipe.", "img": "https://www.wikihow.com/images/thumb/1/15/Unclog-a-Kitchen-Sink-Step-16-Version-6.jpg/v4-460px-Unclog-a-Kitchen-Sink-Step-16-Version-6.jpg", "vid": null}, "17": {"text": "Turn on the hot water to see if the sink drains.", "img": "https://www.wikihow.com/images/thumb/3/3b/Unclog-a-Kitchen-Sink-Step-17-Version-4.jpg/v4-460px-Unclog-a-Kitchen-Sink-Step-17-Version-4.jpg", "vid": null}}