{"video_url": "https://www.youtube.com/embed/H27RhlAFkKQ?showinfo=0", "1": {"text": "Find a bra you can use for practice.", "img": "https://www.wikihow.com/images/thumb/0/02/Undo-a-Bra-One-Handed-Step-1-Version-2.jpg/v4-460px-Undo-a-Bra-One-Handed-Step-1-Version-2.jpg", "vid": null}, "2": {"text": "Check out the mechanism that keeps a bra fastened.", "img": "https://www.wikihow.com/images/thumb/d/d2/Undo-a-Bra-One-Handed-Step-2-Version-2.jpg/v4-460px-Undo-a-Bra-One-Handed-Step-2-Version-2.jpg", "vid": null}, "3": {"text": "Practice unhooking the bra with one hand.", "img": "https://www.wikihow.com/images/thumb/2/2a/Undo-a-Bra-One-Handed-Step-3.jpg/v4-460px-Undo-a-Bra-One-Handed-Step-3.jpg", "vid": null}, "4": {"text": "Slide your hand up the back of her shirt to her bra band.", "img": null, "vid": "/d/d5/Undo a Bra One Handed Step 4.360p.mp4"}, "5": {"text": "Slip your middle and index fingers under the band and pull it away from her body.", "img": null, "vid": "/1/14/Undo a Bra One Handed Step 5.360p.mp4"}, "6": {"text": "Place your thumb on the other side of the band.", "img": "https://www.wikihow.com/images/thumb/6/68/Undo-a-Bra-One-Handed-Step-6-Version-3.jpg/v4-460px-Undo-a-Bra-One-Handed-Step-6-Version-3.jpg", "vid": null}, "7": {"text": "Slide or push your thumb over your two fingers, unhooking the hooks.", "img": null, "vid": "/6/64/Undo a Bra One Handed Step 7.360p.mp4"}, "8": {"text": "Move you hand up between her breasts and feel for the clasp in the center of the bra.", "img": "https://www.wikihow.com/images/thumb/2/2c/Undo-a-Bra-One-Handed-Step-8.jpg/v4-460px-Undo-a-Bra-One-Handed-Step-8.jpg", "vid": null}, "9": {"text": "Slide your middle and index finger under the clasp and lift it away from her body.", "img": "https://www.wikihow.com/images/thumb/7/78/Undo-a-Bra-One-Handed-Step-9.jpg/v4-460px-Undo-a-Bra-One-Handed-Step-9.jpg", "vid": null}, "10": {"text": "Press your thumb against the clasp.", "img": "https://www.wikihow.com/images/thumb/f/f3/Undo-a-Bra-One-Handed-Step-10.jpg/v4-460px-Undo-a-Bra-One-Handed-Step-10.jpg", "vid": null}}