{"video_url": "https://www.youtube.com/embed/84oopBo2qvk?showinfo=0", "1": {"text": "Yawn or chew gum to open your eustachian tubes.", "img": null, "vid": "/5/52/Unplug Ears Step 1.360p.mp4"}, "2": {"text": "Try the Toynbee maneuver to unclog your ears.", "img": null, "vid": "/7/78/Unplug Ears Step 2 Version 2.360p.mp4"}, "3": {"text": "Do the valsalva maneuver to relieve pressure.", "img": null, "vid": "/1/19/Unplug Ears Step 3 Version 2.360p.mp4"}, "4": {"text": "Use steam to thin your earwax.", "img": null, "vid": "/d/d0/Unplug Ears Step 4 Version 2.360p.mp4"}, "5": {"text": "Apply a warm compress to drain the fluid in your ear.", "img": null, "vid": "/5/5f/Unplug Ears Step 5 Version 2.360p.mp4"}, "6": {"text": "Dry the fluid in your ear with a mixture of a vinegar and water.", "img": null, "vid": "/a/a3/Unplug Ears Step 6 Version 2.360p.mp4"}, "7": {"text": "Soften your earwax with a few drops of oil.", "img": null, "vid": "/e/ed/Unplug Ears Step 7 Version 2.360p.mp4"}, "8": {"text": "Take a decongestant if manual methods don\u2019t work.", "img": null, "vid": "/0/0a/Unplug Ears Step 8 Version 2.360p.mp4"}, "9": {"text": "Use a nasal spray with antihistamine if you have allergies.", "img": null, "vid": "/7/7e/Unplug Ears Step 9 Version 2.360p.mp4"}, "10": {"text": "See a healthcare provider if the issue persists.", "img": null, "vid": "/0/0d/Unplug Ears Step 10 Version 2.360p.mp4"}}