{"video_url": "https://www.youtube.com/embed/pweqKkY9MgY?showinfo=0", "1": {"text": "Be aware of the risks of ear candling.", "img": "https://www.wikihow.com/images/thumb/8/84/Use-Ear-Candles-Step-1-Version-2.jpg/v4-460px-Use-Ear-Candles-Step-1-Version-2.jpg", "vid": null}, "2": {"text": "Have a friend or family member assist you.", "img": "https://www.wikihow.com/images/thumb/1/12/Use-Ear-Candles-Step-2-Version-2.jpg/v4-460px-Use-Ear-Candles-Step-2-Version-2.jpg", "vid": null}, "3": {"text": "Size the tapered, or small, end of the candle to your ear.", "img": "https://www.wikihow.com/images/thumb/d/d0/Use-Ear-Candles-Step-3-Version-2.jpg/v4-460px-Use-Ear-Candles-Step-3-Version-2.jpg", "vid": null}, "4": {"text": "Wash your hands and your ear.", "img": "https://www.wikihow.com/images/thumb/5/5b/Use-Ear-Candles-Step-4-Version-2.jpg/v4-460px-Use-Ear-Candles-Step-4-Version-2.jpg", "vid": null}, "5": {"text": "Cover your head with a damp towel.", "img": "https://www.wikihow.com/images/thumb/6/6b/Use-Ear-Candles-Step-5-Version-2.jpg/v4-460px-Use-Ear-Candles-Step-5-Version-2.jpg", "vid": null}, "6": {"text": "Sit upright for the candling process.", "img": "https://www.wikihow.com/images/thumb/3/3b/Use-Ear-Candles-Step-6-Version-2.jpg/v4-460px-Use-Ear-Candles-Step-6-Version-2.jpg", "vid": null}, "7": {"text": "Rub the area behind your ear.", "img": "https://www.wikihow.com/images/thumb/f/f3/Use-Ear-Candles-Step-7-Version-2.jpg/v4-460px-Use-Ear-Candles-Step-7-Version-2.jpg", "vid": null}, "8": {"text": "Put a paper plate or pie tin over your ear.", "img": "https://www.wikihow.com/images/thumb/4/4a/Use-Ear-Candles-Step-8-Version-2.jpg/v4-460px-Use-Ear-Candles-Step-8-Version-2.jpg", "vid": null}, "9": {"text": "Position the tapered end of the candle in your ear canal.", "img": "https://www.wikihow.com/images/thumb/3/30/Use-Ear-Candles-Step-9.jpg/v4-460px-Use-Ear-Candles-Step-9.jpg", "vid": null}, "10": {"text": "Light the large end of the candle.", "img": "https://www.wikihow.com/images/thumb/9/9a/Use-Ear-Candles-Step-10.jpg/v4-460px-Use-Ear-Candles-Step-10.jpg", "vid": null}, "11": {"text": "Burn the candle for approximately fifteen minutes.", "img": "https://www.wikihow.com/images/thumb/1/1b/Use-Ear-Candles-Step-11.jpg/v4-460px-Use-Ear-Candles-Step-11.jpg", "vid": null}, "12": {"text": "Trim the candle every two inches.", "img": "https://www.wikihow.com/images/thumb/d/df/Use-Ear-Candles-Step-12.jpg/v4-460px-Use-Ear-Candles-Step-12.jpg", "vid": null}, "13": {"text": "Allow the candle burn to within 3\u20134 inches (7.6\u201310.2\u00a0cm).", "img": "https://www.wikihow.com/images/thumb/b/b2/Use-Ear-Candles-Step-13.jpg/v4-460px-Use-Ear-Candles-Step-13.jpg", "vid": null}, "14": {"text": "Observe debris on the candle stub.", "img": "https://www.wikihow.com/images/thumb/a/af/Use-Ear-Candles-Step-14.jpg/v4-460px-Use-Ear-Candles-Step-14.jpg", "vid": null}, "15": {"text": "Clean the ear.", "img": "https://www.wikihow.com/images/thumb/e/ed/Use-Ear-Candles-Step-15.jpg/v4-460px-Use-Ear-Candles-Step-15.jpg", "vid": null}, "16": {"text": "Repeat the ear candling on the other ear.", "img": "https://www.wikihow.com/images/thumb/0/01/Use-Ear-Candles-Step-16.jpg/v4-460px-Use-Ear-Candles-Step-16.jpg", "vid": null}, "17": {"text": "Wipe the outside of your ear.", "img": "https://www.wikihow.com/images/thumb/6/60/Use-Ear-Candles-Step-17.jpg/v4-460px-Use-Ear-Candles-Step-17.jpg", "vid": null}, "18": {"text": "Apply an over the counter eardrops to remove wax.", "img": "https://www.wikihow.com/images/thumb/1/10/Use-Ear-Candles-Step-18.jpg/v4-460px-Use-Ear-Candles-Step-18.jpg", "vid": null}, "19": {"text": "Try oil or glycerin drops to soften wax.", "img": "https://www.wikihow.com/images/thumb/e/ed/Use-Ear-Candles-Step-19.jpg/v4-460px-Use-Ear-Candles-Step-19.jpg", "vid": null}, "20": {"text": "Irrigate wax plugs.", "img": "https://www.wikihow.com/images/thumb/4/4a/Use-Ear-Candles-Step-20.jpg/v4-460px-Use-Ear-Candles-Step-20.jpg", "vid": null}, "21": {"text": "Vacuum your ear canals.", "img": "https://www.wikihow.com/images/thumb/b/ba/Use-Ear-Candles-Step-21.jpg/v4-460px-Use-Ear-Candles-Step-21.jpg", "vid": null}, "22": {"text": "Dry out your ear.", "img": "https://www.wikihow.com/images/thumb/6/68/Use-Ear-Candles-Step-22.jpg/v4-460px-Use-Ear-Candles-Step-22.jpg", "vid": null}, "23": {"text": "Avoid cleaning too often or with instruments.", "img": "https://www.wikihow.com/images/thumb/2/23/Use-Ear-Candles-Step-23.jpg/v4-460px-Use-Ear-Candles-Step-23.jpg", "vid": null}, "24": {"text": "Talk to your doctor about professional treatment options.", "img": "https://www.wikihow.com/images/thumb/5/54/Use-Ear-Candles-Step-24.jpg/v4-460px-Use-Ear-Candles-Step-24.jpg", "vid": null}}