{"video_url": "https://www.youtube.com/embed/bbawyOZuAZ8?showinfo=0", "1": {"text": "Find agar agar and decide which form works best for you.", "img": "https://www.wikihow.com/images/thumb/d/d0/Use-Agar-Agar-Step-1-Version-5.jpg/v4-460px-Use-Agar-Agar-Step-1-Version-5.jpg", "vid": null}, "2": {"text": "Add agar agar to the liquid and mix with a whisk.", "img": null, "vid": "/d/d0/Use Agar Agar Step 2 Version 3.360p.mp4"}, "3": {"text": "Bring the solution to a boil and allow it to simmer.", "img": "https://www.wikihow.com/images/thumb/d/d7/Use-Agar-Agar-Step-3-Version-5.jpg/v4-460px-Use-Agar-Agar-Step-3-Version-5.jpg", "vid": null}, "4": {"text": "Pour the mixture into a mold or container and leave it out at room-temperature to gel.", "img": null, "vid": "/3/3d/Use Agar Agar Step 4 Version 2.360p.mp4"}, "5": {"text": "Make jelly candies by preparing agar agar with fruit juices or sweetened milk.", "img": null, "vid": "/1/1c/Use Agar Agar Step 5 Version 2.360p.mp4"}, "6": {"text": "Make edible cocktails with agar agar.", "img": "https://www.wikihow.com/images/thumb/2/29/Use-Agar-Agar-Step-6-Version-3.jpg/v4-460px-Use-Agar-Agar-Step-6-Version-3.jpg", "vid": null}, "7": {"text": "Use agar agar as a substitute for egg whites.", "img": null, "vid": "/b/b4/Use Agar Agar Step 7 Version 2.360p.mp4"}, "8": {"text": "Make vegan puddings or custards with an agar agar fluid gel.", "img": "https://www.wikihow.com/images/thumb/e/e2/Use-Agar-Agar-Step-8-Version-4.jpg/v4-460px-Use-Agar-Agar-Step-8-Version-4.jpg", "vid": null}, "9": {"text": "Use agar agar as an appetite suppressant.", "img": "https://www.wikihow.com/images/thumb/c/c4/Use-Agar-Agar-Step-9-Version-3.jpg/v4-460px-Use-Agar-Agar-Step-9-Version-3.jpg", "vid": null}, "10": {"text": "Use agar agar pills to stimulate bowel movements and act as a laxative.", "img": "https://www.wikihow.com/images/thumb/6/67/Use-Agar-Agar-Step-10-Version-3.jpg/v4-460px-Use-Agar-Agar-Step-10-Version-3.jpg", "vid": null}}