{"video_url": "https://www.youtube.com/embed/ERrDxQz0lEY", "1": {"text": "Take a look at your wheelchair to see what type you have.", "img": "https://www.wikihow.com/images/thumb/d/db/Use-a-Wheelchair-Step-1-Version-2.jpg/v4-460px-Use-a-Wheelchair-Step-1-Version-2.jpg", "vid": null}, "2": {"text": "Read your wheelchair\u2019s instruction manual to find its brakes.", "img": "https://www.wikihow.com/images/thumb/3/35/Use-a-Wheelchair-Step-2-Version-2.jpg/v4-460px-Use-a-Wheelchair-Step-2-Version-2.jpg", "vid": null}, "3": {"text": "Explore your wheelchair seat and backrest.", "img": "https://www.wikihow.com/images/thumb/5/50/Use-a-Wheelchair-Step-3-Version-2.jpg/v4-460px-Use-a-Wheelchair-Step-3-Version-2.jpg", "vid": null}, "4": {"text": "Turn your brakes on.", "img": "https://www.wikihow.com/images/thumb/3/38/Use-a-Wheelchair-Step-4-Version-2.jpg/v4-460px-Use-a-Wheelchair-Step-4-Version-2.jpg", "vid": null}, "5": {"text": "Fold or swing your footplates to the side.", "img": "https://www.wikihow.com/images/thumb/d/db/Use-a-Wheelchair-Step-5-Version-2.jpg/v4-460px-Use-a-Wheelchair-Step-5-Version-2.jpg", "vid": null}, "6": {"text": "Place your hands on the armrests to gently lower yourself.", "img": "https://www.wikihow.com/images/thumb/5/54/Use-a-Wheelchair-Step-6-Version-2.jpg/v4-460px-Use-a-Wheelchair-Step-6-Version-2.jpg", "vid": null}, "7": {"text": "Fold or swing your footplates back.", "img": "https://www.wikihow.com/images/thumb/3/3f/Use-a-Wheelchair-Step-7.jpg/v4-460px-Use-a-Wheelchair-Step-7.jpg", "vid": null}, "8": {"text": "Grip the wheelchair\u2019s handrails and push towards your face to go forward.", "img": "https://www.wikihow.com/images/thumb/9/9a/Use-a-Wheelchair-Step-8.jpg/v4-460px-Use-a-Wheelchair-Step-8.jpg", "vid": null}, "9": {"text": "Grip the wheelchair\u2019s handrails and push towards your back to go backward.", "img": "https://www.wikihow.com/images/thumb/1/15/Use-a-Wheelchair-Step-9.jpg/v4-460px-Use-a-Wheelchair-Step-9.jpg", "vid": null}, "10": {"text": "Practice at home.", "img": "https://www.wikihow.com/images/thumb/6/6d/Use-a-Wheelchair-Step-10.jpg/v4-460px-Use-a-Wheelchair-Step-10.jpg", "vid": null}, "11": {"text": "Hold your right wheel still and move the left wheel forward to turn right.", "img": "https://www.wikihow.com/images/thumb/f/f1/Use-a-Wheelchair-Step-11.jpg/v4-460px-Use-a-Wheelchair-Step-11.jpg", "vid": null}, "12": {"text": "Hold your left wheel still and move the right wheel forward to turn left.", "img": "https://www.wikihow.com/images/thumb/5/5a/Use-a-Wheelchair-Step-12.jpg/v4-460px-Use-a-Wheelchair-Step-12.jpg", "vid": null}, "13": {"text": "Hold your right wheel and move the left wheel backward to turn back and right.", "img": "https://www.wikihow.com/images/thumb/e/e9/Use-a-Wheelchair-Step-13.jpg/v4-460px-Use-a-Wheelchair-Step-13.jpg", "vid": null}, "14": {"text": "Hold your left wheel and move the right wheel backward to turn back and left.", "img": "https://www.wikihow.com/images/thumb/4/41/Use-a-Wheelchair-Step-14.jpg/v4-460px-Use-a-Wheelchair-Step-14.jpg", "vid": null}, "15": {"text": "Get close to a chair or bed.", "img": "https://www.wikihow.com/images/thumb/9/9a/Use-a-Wheelchair-Step-15.jpg/v4-460px-Use-a-Wheelchair-Step-15.jpg", "vid": null}, "16": {"text": "Turn your brakes on.", "img": "https://www.wikihow.com/images/thumb/8/86/Use-a-Wheelchair-Step-16.jpg/v4-460px-Use-a-Wheelchair-Step-16.jpg", "vid": null}, "17": {"text": "Fold or swing the footplates out of the way.", "img": "https://www.wikihow.com/images/thumb/3/32/Use-a-Wheelchair-Step-17.jpg/v4-460px-Use-a-Wheelchair-Step-17.jpg", "vid": null}, "18": {"text": "Place your hands on both armrests and lean forward.", "img": "https://www.wikihow.com/images/thumb/3/39/Use-a-Wheelchair-Step-18.jpg/v4-460px-Use-a-Wheelchair-Step-18.jpg", "vid": null}}