{"video_url": "https://www.youtube.com/embed/izomt9v_Q3w?showinfo=0", "1": {"text": "Soak your calloused skin in warm water.", "img": "https://www.wikihow.com/images/thumb/e/ea/Use-a-Pumice-Stone-Step-1-Version-3.jpg/v4-460px-Use-a-Pumice-Stone-Step-1-Version-3.jpg", "vid": null}, "2": {"text": "Wait until your dry skin has softened.", "img": "https://www.wikihow.com/images/thumb/9/92/Use-a-Pumice-Stone-Step-2-Version-3.jpg/v4-460px-Use-a-Pumice-Stone-Step-2-Version-3.jpg", "vid": null}, "3": {"text": "Wet the stone.", "img": "https://www.wikihow.com/images/thumb/6/6b/Use-a-Pumice-Stone-Step-3-Version-3.jpg/v4-460px-Use-a-Pumice-Stone-Step-3-Version-3.jpg", "vid": null}, "4": {"text": "Rub it gently over the calloused area.", "img": "https://www.wikihow.com/images/thumb/7/76/Use-a-Pumice-Stone-Step-4-Version-3.jpg/v4-460px-Use-a-Pumice-Stone-Step-4-Version-3.jpg", "vid": null}, "5": {"text": "Rinse and repeat.", "img": "https://www.wikihow.com/images/thumb/6/62/Use-a-Pumice-Stone-Step-5-Version-3.jpg/v4-460px-Use-a-Pumice-Stone-Step-5-Version-3.jpg", "vid": null}, "6": {"text": "Dry and moisturize your skin.", "img": "https://www.wikihow.com/images/thumb/3/3b/Use-a-Pumice-Stone-Step-6-Version-3.jpg/v4-460px-Use-a-Pumice-Stone-Step-6-Version-3.jpg", "vid": null}, "7": {"text": "Scrub it after use.", "img": "https://www.wikihow.com/images/thumb/f/f5/Use-a-Pumice-Stone-Step-7-Version-3.jpg/v4-460px-Use-a-Pumice-Stone-Step-7-Version-3.jpg", "vid": null}, "8": {"text": "Allow it to completely dry out.", "img": "https://www.wikihow.com/images/thumb/f/f8/Use-a-Pumice-Stone-Step-8-Version-3.jpg/v4-460px-Use-a-Pumice-Stone-Step-8-Version-3.jpg", "vid": null}, "9": {"text": "Boil it if necessary.", "img": "https://www.wikihow.com/images/thumb/9/90/Use-a-Pumice-Stone-Step-9-Version-3.jpg/v4-460px-Use-a-Pumice-Stone-Step-9-Version-3.jpg", "vid": null}, "10": {"text": "Replace the stone when it wears down.", "img": "https://www.wikihow.com/images/thumb/2/2e/Use-a-Pumice-Stone-Step-10-Version-3.jpg/v4-460px-Use-a-Pumice-Stone-Step-10-Version-3.jpg", "vid": null}, "11": {"text": "Use it to remove hair.", "img": "https://www.wikihow.com/images/thumb/1/19/Use-a-Pumice-Stone-Step-11-Version-3.jpg/v4-460px-Use-a-Pumice-Stone-Step-11-Version-3.jpg", "vid": null}, "12": {"text": "Use it to remove pills from clothing.", "img": "https://www.wikihow.com/images/thumb/3/3c/Use-a-Pumice-Stone-Step-12-Version-2.jpg/v4-460px-Use-a-Pumice-Stone-Step-12-Version-2.jpg", "vid": null}, "13": {"text": "Use it to clean your toilet.", "img": "https://www.wikihow.com/images/thumb/9/9b/Use-a-Pumice-Stone-Step-13-Version-3.jpg/v4-460px-Use-a-Pumice-Stone-Step-13-Version-3.jpg", "vid": null}}