{"video_url": "https://www.youtube.com/embed/qrfh6QR8FOE?showinfo=0", "1": {"text": "Squeeze the juice from three fresh lemons.", "img": "https://www.wikihow.com/images/thumb/b/b6/Dye-Your-Hair-With-Lemon-Juice-Step-1-Version-5.jpg/v4-460px-Dye-Your-Hair-With-Lemon-Juice-Step-1-Version-5.jpg", "vid": null}, "2": {"text": "Add two parts lemon juice and one part leave-in conditioner to a spray bottle.", "img": "https://www.wikihow.com/images/thumb/e/e1/Dye-Your-Hair-With-Lemon-Juice-Step-2-Version-5.jpg/v4-460px-Dye-Your-Hair-With-Lemon-Juice-Step-2-Version-5.jpg", "vid": null}, "3": {"text": "Protect your skin with a layer of sunscreen.", "img": "https://www.wikihow.com/images/thumb/9/95/Dye-Your-Hair-With-Lemon-Juice-Step-3-Version-5.jpg/v4-460px-Dye-Your-Hair-With-Lemon-Juice-Step-3-Version-5.jpg", "vid": null}, "4": {"text": "Spritz the mixture all over your hair for a full dye.", "img": "https://www.wikihow.com/images/thumb/5/5a/Dye-Your-Hair-With-Lemon-Juice-Step-4-Version-5.jpg/v4-460px-Dye-Your-Hair-With-Lemon-Juice-Step-4-Version-5.jpg", "vid": null}, "5": {"text": "Use a cotton ball soaked with the mixture to highlight specific strands.", "img": "https://www.wikihow.com/images/thumb/f/f4/Dye-Your-Hair-With-Lemon-Juice-Step-5-Version-5.jpg/v4-460px-Dye-Your-Hair-With-Lemon-Juice-Step-5-Version-5.jpg", "vid": null}, "6": {"text": "Expose your hair to direct sunlight for 1-2 hours.", "img": "https://www.wikihow.com/images/thumb/e/e1/Dye-Your-Hair-With-Lemon-Juice-Step-6-Version-5.jpg/v4-460px-Dye-Your-Hair-With-Lemon-Juice-Step-6-Version-5.jpg", "vid": null}, "7": {"text": "Rinse the lemon mixture out of your hair.", "img": "https://www.wikihow.com/images/thumb/0/0c/Dye-Your-Hair-With-Lemon-Juice-Step-7-Version-5.jpg/v4-460px-Dye-Your-Hair-With-Lemon-Juice-Step-7-Version-5.jpg", "vid": null}, "8": {"text": "Apply a deep conditioner.", "img": "https://www.wikihow.com/images/thumb/d/d6/Dye-Your-Hair-With-Lemon-Juice-Step-8-Version-5.jpg/v4-460px-Dye-Your-Hair-With-Lemon-Juice-Step-8-Version-5.jpg", "vid": null}, "9": {"text": "Dry and style your hair as you normally would.", "img": "https://www.wikihow.com/images/thumb/f/f0/Dye-Your-Hair-With-Lemon-Juice-Step-9-Version-4.jpg/v4-460px-Dye-Your-Hair-With-Lemon-Juice-Step-9-Version-4.jpg", "vid": null}, "10": {"text": "Repeat this ritual for 3-4 days in a row.", "img": "https://www.wikihow.com/images/thumb/3/31/Dye-Your-Hair-With-Lemon-Juice-Step-10-Version-3.jpg/v4-460px-Dye-Your-Hair-With-Lemon-Juice-Step-10-Version-3.jpg", "vid": null}, "11": {"text": "Expect subtle changes in color.", "img": "https://www.wikihow.com/images/thumb/4/46/Dye-Your-Hair-With-Lemon-Juice-Step-11-Version-3.jpg/v4-460px-Dye-Your-Hair-With-Lemon-Juice-Step-11-Version-3.jpg", "vid": null}, "12": {"text": "Give your hair a few weeks of recovery time.", "img": "https://www.wikihow.com/images/thumb/2/2e/Dye-Your-Hair-With-Lemon-Juice-Step-12-Version-3.jpg/v4-460px-Dye-Your-Hair-With-Lemon-Juice-Step-12-Version-3.jpg", "vid": null}, "13": {"text": "Add chamomile tea to your lemon mixture.", "img": "https://www.wikihow.com/images/thumb/a/a2/Dye-Your-Hair-With-Lemon-Juice-Step-13-Version-3.jpg/v4-460px-Dye-Your-Hair-With-Lemon-Juice-Step-13-Version-3.jpg", "vid": null}, "14": {"text": "Add a teaspoon of ground cinnamon.", "img": "https://www.wikihow.com/images/thumb/7/7c/Dye-Your-Hair-With-Lemon-Juice-Step-14-Version-3.jpg/v4-460px-Dye-Your-Hair-With-Lemon-Juice-Step-14-Version-3.jpg", "vid": null}, "15": {"text": "Add a squirt of honey.", "img": "https://www.wikihow.com/images/thumb/4/43/Dye-Your-Hair-With-Lemon-Juice-Step-15.jpg/v4-460px-Dye-Your-Hair-With-Lemon-Juice-Step-15.jpg", "vid": null}}