{"video_url": "https://www.youtube.com/embed/upbjaVNkDaE?showinfo=0", "1": {"text": "Buy leaves that are a bright, dark green color.", "img": "https://www.wikihow.com/images/thumb/1/19/Use-Curry-Leaves-Step-1.jpg/v4-460px-Use-Curry-Leaves-Step-1.jpg", "vid": null}, "2": {"text": "Remove the curry leaves from the stems and rinse them in cool water.", "img": null, "vid": "/0/01/Use Curry Leaves Step 2.360p.mp4"}, "3": {"text": "Heat 1 to 2\u00a0US\u00a0tbsp (15 to 30\u00a0mL) of cooking oil over medium-high heat.", "img": null, "vid": "/2/21/Use Curry Leaves Step 3.360p.mp4"}, "4": {"text": "Saut\u00e9 the curry leaves for 3 to 5 minutes until they\u2019re crisp.", "img": null, "vid": "/8/8d/Use Curry Leaves Step 4.360p.mp4"}, "5": {"text": "Cook the rest of your dish with the curry leaves to infuse it with flavor.", "img": "https://www.wikihow.com/images/thumb/0/02/Use-Curry-Leaves-Step-5.jpg/v4-460px-Use-Curry-Leaves-Step-5.jpg", "vid": null}, "6": {"text": "Set the saut\u00e9d leaves to the side to use as a finishing seasoning.", "img": "https://www.wikihow.com/images/thumb/2/2f/Use-Curry-Leaves-Step-6.jpg/v4-460px-Use-Curry-Leaves-Step-6.jpg", "vid": null}, "7": {"text": "Mix curry leaves, mustard seeds, and coconut for a traditional flavor.", "img": null, "vid": "/1/1c/Use Curry Leaves Step 7.360p.mp4"}, "8": {"text": "Cook a rice dish with saut\u00e9d curry leaves to infuse it with flavor.", "img": "https://www.wikihow.com/images/thumb/c/c7/Use-Curry-Leaves-Step-8.jpg/v4-460px-Use-Curry-Leaves-Step-8.jpg", "vid": null}, "9": {"text": "Pair your vegetable sides with curry leaves to add a lemon essence.", "img": "https://www.wikihow.com/images/thumb/0/05/Use-Curry-Leaves-Step-9.jpg/v4-460px-Use-Curry-Leaves-Step-9.jpg", "vid": null}, "10": {"text": "Complement curries with curry leaves to infuse them with freshness.", "img": "https://www.wikihow.com/images/thumb/3/39/Use-Curry-Leaves-Step-10.jpg/v4-460px-Use-Curry-Leaves-Step-10.jpg", "vid": null}, "11": {"text": "Bake an aromatic loaf of bread by adding chopped curry leaves.", "img": "https://www.wikihow.com/images/thumb/8/8b/Use-Curry-Leaves-Step-11.jpg/v4-460px-Use-Curry-Leaves-Step-11.jpg", "vid": null}, "12": {"text": "Make a chutney to add to many dishes for an instant infusion of flavor.", "img": null, "vid": "/c/cf/Use Curry Leaves Step 12.360p.mp4"}}