{"video_url": "https://www.youtube.com/embed/EuT10DDOMTg?showinfo=0", "1": {"text": "Rinse your dishes.", "img": "https://www.wikihow.com/images/thumb/2/25/Use-a-Dishwasher-Step-1-Version-4.jpg/v4-460px-Use-a-Dishwasher-Step-1-Version-4.jpg", "vid": null}, "2": {"text": "Load the bottom rack.", "img": "https://www.wikihow.com/images/thumb/2/20/Use-a-Dishwasher-Step-2-Version-5.jpg/v4-460px-Use-a-Dishwasher-Step-2-Version-5.jpg", "vid": null}, "3": {"text": "Load the top rack.", "img": "https://www.wikihow.com/images/thumb/2/20/Use-a-Dishwasher-Step-3-Version-5.jpg/v4-460px-Use-a-Dishwasher-Step-3-Version-5.jpg", "vid": null}, "4": {"text": "Use the correct amount of detergent.", "img": "https://www.wikihow.com/images/thumb/9/97/Use-a-Dishwasher-Step-4-Version-4.jpg/v4-460px-Use-a-Dishwasher-Step-4-Version-4.jpg", "vid": null}, "5": {"text": "Be careful when loading plastics.", "img": null, "vid": "/0/05/Use a Dishwasher Step 5 Version 3.360p.mp4"}, "6": {"text": "Avoid loading certain items.", "img": "https://www.wikihow.com/images/thumb/8/8c/Use-a-Dishwasher-Step-6-Version-4.jpg/v4-460px-Use-a-Dishwasher-Step-6-Version-4.jpg", "vid": null}, "7": {"text": "Run the lightest cycle, if possible.", "img": "https://www.wikihow.com/images/thumb/f/fd/Use-a-Dishwasher-Step-7-Version-4.jpg/v4-460px-Use-a-Dishwasher-Step-7-Version-4.jpg", "vid": null}, "8": {"text": "Choose a more intense cycle for dirtier dishes.", "img": "https://www.wikihow.com/images/thumb/1/12/Use-a-Dishwasher-Step-8-Version-4.jpg/v4-460px-Use-a-Dishwasher-Step-8-Version-4.jpg", "vid": null}, "9": {"text": "Let the dishes air dry in most circumstances.", "img": "https://www.wikihow.com/images/thumb/3/3a/Use-a-Dishwasher-Step-9-Version-4.jpg/v4-460px-Use-a-Dishwasher-Step-9-Version-4.jpg", "vid": null}, "10": {"text": "Clean the exterior.", "img": null, "vid": "/c/c4/Use a Dishwasher Step 10 Version 3.360p.mp4"}, "11": {"text": "Clean the filter.", "img": null, "vid": "/1/1a/Use a Dishwasher Step 11 Version 3.360p.mp4"}, "12": {"text": "Remove and clean the accessories.", "img": null, "vid": "/c/cc/Use a Dishwasher Step 12.360p.mp4"}, "13": {"text": "Wipe down the tub.", "img": "https://www.wikihow.com/images/thumb/7/7a/Use-a-Dishwasher-Step-13-Version-2.jpg/v4-460px-Use-a-Dishwasher-Step-13-Version-2.jpg", "vid": null}}