{"video_url": "https://www.youtube.com/embed/aqiYiv0nS-I", "1": {"text": "Understand the difference between who and whom.", "img": "https://www.wikihow.com/images/thumb/9/93/WhoWhomSlide1.1.jpg/v4-460px-WhoWhomSlide1.1.jpg", "vid": null}, "2": {"text": "Use who when referring to the subject of a sentence or clause.", "img": "https://www.wikihow.com/images/thumb/f/f3/WhoWhomSlide2.jpg/v4-460px-WhoWhomSlide2.jpg", "vid": null}, "3": {"text": "Use whom when referring to the object of a verb or preposition.", "img": "https://www.wikihow.com/images/thumb/3/37/WhoWhomSlide3.jpg/v4-460px-WhoWhomSlide3.jpg", "vid": null}, "4": {"text": "Ask yourself if the answer to the question would be he/she or him/her.", "img": "https://www.wikihow.com/images/thumb/d/d5/Use-Who-and-Whom-Step-4.jpg/v4-460px-Use-Who-and-Whom-Step-4.jpg", "vid": null}, "5": {"text": "When trying to decide whether who or whom is correct, simplify the sentence.", "img": "https://www.wikihow.com/images/thumb/c/cc/WhoWhomSlide5.jpg/v4-460px-WhoWhomSlide5.jpg", "vid": null}, "6": {"text": "Remember that the distinction between who and whom is less important in informal spoken language than it is in formal written language.", "img": "https://www.wikihow.com/images/thumb/8/83/WhoWhomSlide6.jpg/v4-460px-WhoWhomSlide6.jpg", "vid": null}}