{"video_url": "https://www.youtube.com/embed/q8cPVPH3EMI?showinfo=0", "1": {"text": "Soak the steamer in cool water for 5 minutes before using it if it's new.", "img": "https://www.wikihow.com/images/thumb/2/29/Use-a-Bamboo-Steamer-Basket-Step-1.jpg/v4-460px-Use-a-Bamboo-Steamer-Basket-Step-1.jpg", "vid": null}, "2": {"text": "Line each basket tier you\u2019re using with leafy greens or parchment.", "img": null, "vid": "/8/8e/Use a Bamboo Steamer Basket Step 2.360p.mp4"}, "3": {"text": "Chop food into uniform pieces and space them evenly in a single layer.", "img": null, "vid": "/7/7c/Use a Bamboo Steamer Basket Step 3.360p.mp4"}, "4": {"text": "Separate meat and seafood from veggies and use the bottom tier.", "img": "https://www.wikihow.com/images/thumb/9/92/Use-a-Bamboo-Steamer-Basket-Step-4.jpg/v4-460px-Use-a-Bamboo-Steamer-Basket-Step-4.jpg", "vid": null}, "5": {"text": "Distribute veggies and tofu in the mid-to-top tiers based on size.", "img": null, "vid": "/e/e9/Use a Bamboo Steamer Basket Step 5.360p.mp4"}, "6": {"text": "Put dumplings or pre-soaked rice in a middle tier by itself.", "img": "https://www.wikihow.com/images/thumb/5/5e/Use-a-Bamboo-Steamer-Basket-Step-6.jpg/v4-460px-Use-a-Bamboo-Steamer-Basket-Step-6.jpg", "vid": null}, "7": {"text": "Add about 5\u00a0cm (2.0\u00a0in) of water to a shallow pan.", "img": null, "vid": "/3/39/Use a Bamboo Steamer Basket Step 7.360p.mp4"}, "8": {"text": "Place the pan over medium heat until the water comes to a simmer.", "img": "https://www.wikihow.com/images/thumb/b/b4/Use-a-Bamboo-Steamer-Basket-Step-8.jpg/v4-460px-Use-a-Bamboo-Steamer-Basket-Step-8.jpg", "vid": null}, "9": {"text": "Put the steamer in the pan and add either its own cover or the pan\u2019s lid.", "img": null, "vid": "/9/97/Use a Bamboo Steamer Basket Step 9.360p.mp4"}, "10": {"text": "Allow the food to steam until it\u2019s done to your liking.", "img": "https://www.wikihow.com/images/thumb/7/7b/Use-a-Bamboo-Steamer-Basket-Step-10.jpg/v4-460px-Use-a-Bamboo-Steamer-Basket-Step-10.jpg", "vid": null}, "11": {"text": "Check the water level under the basket if you\u2019re cooking for 10+ minutes.", "img": "https://www.wikihow.com/images/thumb/c/ce/Use-a-Bamboo-Steamer-Basket-Step-11.jpg/v4-460px-Use-a-Bamboo-Steamer-Basket-Step-11.jpg", "vid": null}, "12": {"text": "Remove the steamer from the heat and the food from the steamer.", "img": null, "vid": "/7/76/Use a Bamboo Steamer Basket Step 12.360p.mp4"}, "13": {"text": "Rinse the steamer under warm water for a quick cleaning.", "img": null, "vid": "/7/71/Use a Bamboo Steamer Basket Step 13.360p.mp4"}, "14": {"text": "Wipe away stuck food bits with a nylon scrubber if necessary.", "img": "https://www.wikihow.com/images/thumb/a/a2/Use-a-Bamboo-Steamer-Basket-Step-14.jpg/v4-460px-Use-a-Bamboo-Steamer-Basket-Step-14.jpg", "vid": null}, "15": {"text": "Turn to a tea bag or a lemon to get rid of odors in the basket.", "img": null, "vid": "/1/1d/Use a Bamboo Steamer Basket Step 15.360p.mp4"}, "16": {"text": "Wipe cooking oil on the steamer basket after it air dries.", "img": null, "vid": "/5/5b/Use a Bamboo Steamer Basket Step 16.360p.mp4"}}