{"video_url": "https://www.youtube.com/embed/7QQbk4HFfUU?showinfo=0", "1": {"text": "Camp out in the backyard if you\u2019re starved for fresh air.", "img": "https://www.wikihow.com/images/thumb/c/c8/Vacation-at-Home-During-Coronavirus-Step-1-Version-2.jpg/v4-460px-Vacation-at-Home-During-Coronavirus-Step-1-Version-2.jpg", "vid": null}, "2": {"text": "Have a hotdog or marshmallow roast for a summer camp vibe.", "img": "https://www.wikihow.com/images/thumb/5/57/Vacation-at-Home-During-Coronavirus-Step-2-Version-2.jpg/v4-460px-Vacation-at-Home-During-Coronavirus-Step-2-Version-2.jpg", "vid": null}, "3": {"text": "Dine al fresco on your porch or patio to make meals more fun.", "img": "https://www.wikihow.com/images/thumb/2/2c/Vacation-at-Home-During-Coronavirus-Step-3-Version-2.jpg/v4-460px-Vacation-at-Home-During-Coronavirus-Step-3-Version-2.jpg", "vid": null}, "4": {"text": "Play an outdoor game like croquet or bocce to get moving.", "img": "https://www.wikihow.com/images/thumb/2/28/Vacation-at-Home-During-Coronavirus-Step-4-Version-2.jpg/v4-460px-Vacation-at-Home-During-Coronavirus-Step-4-Version-2.jpg", "vid": null}, "5": {"text": "Splash around in an inflatable pool to cool off.", "img": "https://www.wikihow.com/images/thumb/5/50/Vacation-at-Home-During-Coronavirus-Step-5-Version-2.jpg/v4-460px-Vacation-at-Home-During-Coronavirus-Step-5-Version-2.jpg", "vid": null}, "6": {"text": "Walk a local hiking trail if any are open.", "img": "https://www.wikihow.com/images/thumb/9/96/Vacation-at-Home-During-Coronavirus-Step-6-Version-2.jpg/v4-460px-Vacation-at-Home-During-Coronavirus-Step-6-Version-2.jpg", "vid": null}, "7": {"text": "Catch some rays in your backyard if you feel cooped up.", "img": "https://www.wikihow.com/images/thumb/f/f0/Vacation-at-Home-During-Coronavirus-Step-7-Version-2.jpg/v4-460px-Vacation-at-Home-During-Coronavirus-Step-7-Version-2.jpg", "vid": null}, "8": {"text": "Unwind with a luxurious bubble bath if you\u2019re tense.", "img": "https://www.wikihow.com/images/thumb/f/f5/Vacation-at-Home-During-Coronavirus-Step-8-Version-2.jpg/v4-460px-Vacation-at-Home-During-Coronavirus-Step-8-Version-2.jpg", "vid": null}, "9": {"text": "Drink a cocktail on the porch or patio to get into vacation mode.", "img": "https://www.wikihow.com/images/thumb/7/78/Vacation-at-Home-During-Coronavirus-Step-9-Version-2.jpg/v4-460px-Vacation-at-Home-During-Coronavirus-Step-9-Version-2.jpg", "vid": null}, "10": {"text": "Set the mood by playing some relaxing music.", "img": "https://www.wikihow.com/images/thumb/a/ad/Vacation-at-Home-During-Coronavirus-Step-10-Version-2.jpg/v4-460px-Vacation-at-Home-During-Coronavirus-Step-10-Version-2.jpg", "vid": null}, "11": {"text": "Relieve stress and tension with a little light yoga.", "img": "https://www.wikihow.com/images/thumb/9/9f/Vacation-at-Home-During-Coronavirus-Step-11-Version-2.jpg/v4-460px-Vacation-at-Home-During-Coronavirus-Step-11-Version-2.jpg", "vid": null}, "12": {"text": "Watch your favorite shows and movies.", "img": "https://www.wikihow.com/images/thumb/c/c2/Become-an-iOS-Developer-Step-13.jpg/v4-460px-Become-an-iOS-Developer-Step-13.jpg", "vid": null}, "13": {"text": "Take a virtual walk through a museum if you\u2019re an art lover.", "img": "https://www.wikihow.com/images/thumb/1/17/Vacation-at-Home-During-Coronavirus-Step-12-Version-2.jpg/v4-460px-Vacation-at-Home-During-Coronavirus-Step-12-Version-2.jpg", "vid": null}, "14": {"text": "Visit your favorite zoo online for a digital safari experience.", "img": "https://www.wikihow.com/images/thumb/a/a1/Vacation-at-Home-During-Coronavirus-Step-13-Version-2.jpg/v4-460px-Vacation-at-Home-During-Coronavirus-Step-13-Version-2.jpg", "vid": null}, "15": {"text": "Have an underwater adventure with a reef or aquarium live cam.", "img": "https://www.wikihow.com/images/thumb/8/80/Vacation-at-Home-During-Coronavirus-Step-14-Version-2.jpg/v4-460px-Vacation-at-Home-During-Coronavirus-Step-14-Version-2.jpg", "vid": null}, "16": {"text": "Stroll around a national park via Google Arts & Culture if you love nature.", "img": "https://www.wikihow.com/images/thumb/f/f0/Vacation-at-Home-During-Coronavirus-Step-15-Version-2.jpg/v4-460px-Vacation-at-Home-During-Coronavirus-Step-15-Version-2.jpg", "vid": null}, "17": {"text": "Go into orbit using the International Space Station livestream.", "img": "https://www.wikihow.com/images/thumb/d/d4/Vacation-at-Home-During-Coronavirus-Step-16-Version-2.jpg/v4-460px-Vacation-at-Home-During-Coronavirus-Step-16-Version-2.jpg", "vid": null}, "18": {"text": "Tidy up and decorate your space to help it feel more luxurious.", "img": "https://www.wikihow.com/images/thumb/6/65/Vacation-at-Home-During-Coronavirus-Step-17-Version-2.jpg/v4-460px-Vacation-at-Home-During-Coronavirus-Step-17-Version-2.jpg", "vid": null}, "19": {"text": "Freshen up your rooms with some nice scents.", "img": "https://www.wikihow.com/images/thumb/f/f9/Vacation-at-Home-During-Coronavirus-Step-18-Version-2.jpg/v4-460px-Vacation-at-Home-During-Coronavirus-Step-18-Version-2.jpg", "vid": null}, "20": {"text": "Turn your bathroom into a relaxing spa.", "img": "https://www.wikihow.com/images/thumb/6/68/Vacation-at-Home-During-Coronavirus-Step-19.jpg/v4-460px-Vacation-at-Home-During-Coronavirus-Step-19.jpg", "vid": null}, "21": {"text": "Take turns bringing \u201croom service\u201d to others in your home.", "img": "https://www.wikihow.com/images/thumb/9/94/Vacation-at-Home-During-Coronavirus-Step-20.jpg/v4-460px-Vacation-at-Home-During-Coronavirus-Step-20.jpg", "vid": null}, "22": {"text": "Livestream a concert to enjoy live music from home.", "img": "https://www.wikihow.com/images/thumb/5/59/Vacation-at-Home-During-Coronavirus-Step-21.jpg/v4-460px-Vacation-at-Home-During-Coronavirus-Step-21.jpg", "vid": null}, "23": {"text": "Join a virtual karaoke party if you like to sing.", "img": "https://www.wikihow.com/images/thumb/1/1a/Vacation-at-Home-During-Coronavirus-Step-22.jpg/v4-460px-Vacation-at-Home-During-Coronavirus-Step-22.jpg", "vid": null}, "24": {"text": "Organize or attend a movie watching party with friends.", "img": "https://www.wikihow.com/images/thumb/9/97/Vacation-at-Home-During-Coronavirus-Step-23.jpg/v4-460px-Vacation-at-Home-During-Coronavirus-Step-23.jpg", "vid": null}, "25": {"text": "Break out the boardgames if you live with other people.", "img": "https://www.wikihow.com/images/thumb/d/df/Vacation-at-Home-During-Coronavirus-Step-24.jpg/v4-460px-Vacation-at-Home-During-Coronavirus-Step-24.jpg", "vid": null}, "26": {"text": "Have a video game day so you can explore a virtual world.", "img": "https://www.wikihow.com/images/thumb/0/01/Vacation-at-Home-During-Coronavirus-Step-25.jpg/v4-460px-Vacation-at-Home-During-Coronavirus-Step-25.jpg", "vid": null}, "27": {"text": "Do some crafts if you\u2019re the artsy type.", "img": "https://www.wikihow.com/images/thumb/0/05/Vacation-at-Home-During-Coronavirus-Step-26.jpg/v4-460px-Vacation-at-Home-During-Coronavirus-Step-26.jpg", "vid": null}, "28": {"text": "Start a jam session or dance party in your living room to blow off steam.", "img": "https://www.wikihow.com/images/thumb/c/cc/Vacation-at-Home-During-Coronavirus-Step-27.jpg/v4-460px-Vacation-at-Home-During-Coronavirus-Step-27.jpg", "vid": null}}