{"video_url": "https://www.youtube.com/embed/UtyNgZh9lnQ?showinfo=0", "1": {"text": "Pick your goal wake-up time.", "img": "https://www.wikihow.com/images/thumb/7/73/Wake-Up-Early-Step-1-Version-8.jpg/v4-460px-Wake-Up-Early-Step-1-Version-8.jpg", "vid": null}, "2": {"text": "Set your alarm clock 15 minutes earlier than normal.", "img": "https://www.wikihow.com/images/thumb/4/42/Wake-Up-Early-Step-2-Version-7.jpg/v4-460px-Wake-Up-Early-Step-2-Version-7.jpg", "vid": null}, "3": {"text": "Give yourself enough time for a good night's rest.", "img": "https://www.wikihow.com/images/thumb/c/cb/Wake-Up-Early-Step-3-Version-7.jpg/v4-460px-Wake-Up-Early-Step-3-Version-7.jpg", "vid": null}, "4": {"text": "Get excited.", "img": "https://www.wikihow.com/images/thumb/e/e0/Wake-Up-Early-Step-4-Version-7.jpg/v4-460px-Wake-Up-Early-Step-4-Version-7.jpg", "vid": null}, "5": {"text": "Get ready for the benefits.", "img": "https://www.wikihow.com/images/thumb/3/33/Wake-Up-Early-Step-5-Version-7.jpg/v4-460px-Wake-Up-Early-Step-5-Version-7.jpg", "vid": null}, "6": {"text": "Mentally prepare yourself to wake up early.", "img": "https://www.wikihow.com/images/thumb/e/ee/Wake-Up-Early-Step-6-Version-7.jpg/v4-460px-Wake-Up-Early-Step-6-Version-7.jpg", "vid": null}, "7": {"text": "Start a nighttime routine.", "img": "https://www.wikihow.com/images/thumb/a/a4/Wake-Up-Early-Step-7-Version-7.jpg/v4-460px-Wake-Up-Early-Step-7-Version-7.jpg", "vid": null}, "8": {"text": "Dim the lights about an hour before you go to sleep.", "img": "https://www.wikihow.com/images/thumb/8/8b/Wake-Up-Early-Step-8-Version-6.jpg/v4-460px-Wake-Up-Early-Step-8-Version-6.jpg", "vid": null}, "9": {"text": "Get a decent amount of shut-eye", "img": "https://www.wikihow.com/images/thumb/5/54/Wake-Up-Early-Step-9-Version-6.jpg/v4-460px-Wake-Up-Early-Step-9-Version-6.jpg", "vid": null}, "10": {"text": "Sleep with the curtains half-open.", "img": "https://www.wikihow.com/images/thumb/2/25/Wake-Up-Early-Step-10-Version-6.jpg/v4-460px-Wake-Up-Early-Step-10-Version-6.jpg", "vid": null}, "11": {"text": "Try to fall back asleep if you wake up at night.", "img": "https://www.wikihow.com/images/thumb/c/c2/Wake-Up-Early-Step-11-Version-6.jpg/v4-460px-Wake-Up-Early-Step-11-Version-6.jpg", "vid": null}, "12": {"text": "Adjust the temperature.", "img": "https://www.wikihow.com/images/thumb/9/94/Wake-Up-Early-Step-12-Version-6.jpg/v4-460px-Wake-Up-Early-Step-12-Version-6.jpg", "vid": null}, "13": {"text": "Put your alarm clock away from your bed.", "img": "https://www.wikihow.com/images/thumb/a/a2/Wake-Up-Early-Step-13-Version-6.jpg/v4-460px-Wake-Up-Early-Step-13-Version-6.jpg", "vid": null}, "14": {"text": "Avoid snoozing your alarm clock.", "img": "https://www.wikihow.com/images/thumb/e/e8/Wake-Up-Early-Step-14-Version-6.jpg/v4-460px-Wake-Up-Early-Step-14-Version-6.jpg", "vid": null}, "15": {"text": "Wake up your senses.", "img": "https://www.wikihow.com/images/thumb/d/d4/Wake-Up-Early-Step-15-Version-7.jpg/v4-460px-Wake-Up-Early-Step-15-Version-7.jpg", "vid": null}, "16": {"text": "Try to wake up at the end of a sleep cycle to minimize grogginess.", "img": "https://www.wikihow.com/images/thumb/a/ac/Wake-Up-Early-Step-16-Version-5.jpg/v4-460px-Wake-Up-Early-Step-16-Version-5.jpg", "vid": null}, "17": {"text": "Exercise early enough in the day.", "img": "https://www.wikihow.com/images/thumb/8/8d/Wake-Up-Early-Step-17-Version-3.jpg/v4-460px-Wake-Up-Early-Step-17-Version-3.jpg", "vid": null}, "18": {"text": "Avoid drinking caffeinated drinks at night.", "img": "https://www.wikihow.com/images/thumb/b/b3/Wake-Up-Early-Step-18-Version-3.jpg/v4-460px-Wake-Up-Early-Step-18-Version-3.jpg", "vid": null}, "19": {"text": "Get more sleep on days after you under-sleep.", "img": "https://www.wikihow.com/images/thumb/8/8f/Wake-Up-Early-Step-19-Version-2.jpg/v4-460px-Wake-Up-Early-Step-19-Version-2.jpg", "vid": null}, "20": {"text": "Avoid eating large meals before bedtime.", "img": "https://www.wikihow.com/images/thumb/b/bd/Wake-Up-Early-Step-20-Version-2.jpg/v4-460px-Wake-Up-Early-Step-20-Version-2.jpg", "vid": null}}