{"video_url": "https://www.youtube.com/embed/tUkhB-70vDw?showinfo=0", "1": {"text": "Find a dependable alarm clock.", "img": "https://www.wikihow.com/images/thumb/5/5f/Wake-Up-Step-1-Version-4.jpg/v4-460px-Wake-Up-Step-1-Version-4.jpg", "vid": null}, "2": {"text": "Place your alarm clock in an optimal position.", "img": "https://www.wikihow.com/images/thumb/d/d1/Wake-Up-Step-2-Version-4.jpg/v4-460px-Wake-Up-Step-2-Version-4.jpg", "vid": null}, "3": {"text": "Set your alarm clock in advance.", "img": "https://www.wikihow.com/images/thumb/a/ae/Wake-Up-Step-3-Version-4.jpg/v4-460px-Wake-Up-Step-3-Version-4.jpg", "vid": null}, "4": {"text": "Go to bed at the same time every day.", "img": "https://www.wikihow.com/images/thumb/2/26/Wake-Up-Step-4-Version-4.jpg/v4-460px-Wake-Up-Step-4-Version-4.jpg", "vid": null}, "5": {"text": "Get out of bed when you wake up.", "img": "https://www.wikihow.com/images/thumb/2/2c/Wake-Up-Step-5-Version-4.jpg/v4-460px-Wake-Up-Step-5-Version-4.jpg", "vid": null}, "6": {"text": "Establish a proper sleeping environment.", "img": "https://www.wikihow.com/images/thumb/c/c7/Wake-Up-Step-6-Version-4.jpg/v4-460px-Wake-Up-Step-6-Version-4.jpg", "vid": null}, "7": {"text": "Find an alarm clock with multiple alarms.", "img": "https://www.wikihow.com/images/thumb/2/29/Wake-Up-Step-7-Version-4.jpg/v4-460px-Wake-Up-Step-7-Version-4.jpg", "vid": null}, "8": {"text": "Set up your alarm clock to meet your needs.", "img": "https://www.wikihow.com/images/thumb/b/bd/Wake-Up-Step-8-Version-4.jpg/v4-460px-Wake-Up-Step-8-Version-4.jpg", "vid": null}, "9": {"text": "Have a backup plan in place.", "img": "https://www.wikihow.com/images/thumb/5/5b/Wake-Up-Step-9-Version-4.jpg/v4-460px-Wake-Up-Step-9-Version-4.jpg", "vid": null}, "10": {"text": "Get out of bed as soon as you wake.", "img": "https://www.wikihow.com/images/thumb/6/66/Wake-Up-Step-10-Version-4.jpg/v4-460px-Wake-Up-Step-10-Version-4.jpg", "vid": null}, "11": {"text": "Find a quiet place.", "img": "https://www.wikihow.com/images/thumb/4/4d/Wake-Up-Step-11-Version-4.jpg/v4-460px-Wake-Up-Step-11-Version-4.jpg", "vid": null}, "12": {"text": "Decide on the length of your nap.", "img": "https://www.wikihow.com/images/thumb/f/f8/Wake-Up-Step-12-Version-4.jpg/v4-460px-Wake-Up-Step-12-Version-4.jpg", "vid": null}, "13": {"text": "Set an alarm.", "img": "https://www.wikihow.com/images/thumb/4/4f/Wake-Up-Step-13-Version-4.jpg/v4-460px-Wake-Up-Step-13-Version-4.jpg", "vid": null}, "14": {"text": "Have a backup plan for waking up.", "img": "https://www.wikihow.com/images/thumb/3/3b/Wake-Up-Step-14-Version-4.jpg/v4-460px-Wake-Up-Step-14-Version-4.jpg", "vid": null}, "15": {"text": "Stand up as soon as you are woken up.", "img": "https://www.wikihow.com/images/thumb/a/aa/Wake-Up-Step-15-Version-4.jpg/v4-460px-Wake-Up-Step-15-Version-4.jpg", "vid": null}, "16": {"text": "Stay standing as much as possible.", "img": "https://www.wikihow.com/images/thumb/f/f9/Wake-Up-Step-16-Version-4.jpg/v4-460px-Wake-Up-Step-16-Version-4.jpg", "vid": null}, "17": {"text": "Splash water on your face.", "img": "https://www.wikihow.com/images/thumb/5/5b/Wake-Up-Step-17.jpg/v4-460px-Wake-Up-Step-17.jpg", "vid": null}, "18": {"text": "Lower your body temperature.", "img": "https://www.wikihow.com/images/thumb/c/cf/Wake-Up-Step-18.jpg/v4-460px-Wake-Up-Step-18.jpg", "vid": null}, "19": {"text": "Raise your heart rate.", "img": "https://www.wikihow.com/images/thumb/0/04/Wake-Up-Step-19.jpg/v4-460px-Wake-Up-Step-19.jpg", "vid": null}, "20": {"text": "Engage your mind in an entertaining task.", "img": "https://www.wikihow.com/images/thumb/0/03/Wake-Up-Step-20.jpg/v4-460px-Wake-Up-Step-20.jpg", "vid": null}, "21": {"text": "Eliminate the source of your tiredness.", "img": "https://www.wikihow.com/images/thumb/8/8a/Wake-Up-Step-21.jpg/v4-460px-Wake-Up-Step-21.jpg", "vid": null}}