{"video_url": "https://www.youtube.com/embed/Yt0ciNEBP9Q?showinfo=0", "1": {"text": "Warm up your body.", "img": "https://www.wikihow.com/images/thumb/f/fe/Walk-Step-1-Version-3.jpg/v4-460px-Walk-Step-1-Version-3.jpg", "vid": null}, "2": {"text": "Improve your walking posture.", "img": "https://www.wikihow.com/images/thumb/e/ed/Walk-Step-2-Version-3.jpg/v4-460px-Walk-Step-2-Version-3.jpg", "vid": null}, "3": {"text": "Walk heel to toe.", "img": "https://www.wikihow.com/images/thumb/2/29/Walk-Step-3-Version-3.jpg/v4-460px-Walk-Step-3-Version-3.jpg", "vid": null}, "4": {"text": "Straighten out your legs if you have tight hips or hamstrings.", "img": null, "vid": null}, "5": {"text": "Avoid hyperextending your knee.", "img": "https://www.wikihow.com/images/thumb/7/75/Walk-Step-4-Version-3.jpg/v4-460px-Walk-Step-4-Version-3.jpg", "vid": null}, "6": {"text": "Walk at a fast pace.", "img": "https://www.wikihow.com/images/thumb/f/ff/Walk-Step-5-Version-4.jpg/v4-460px-Walk-Step-5-Version-4.jpg", "vid": null}, "7": {"text": "Make walking a habit.", "img": "https://www.wikihow.com/images/thumb/a/aa/Walk-Step-6-Version-3.jpg/v4-460px-Walk-Step-6-Version-3.jpg", "vid": null}, "8": {"text": "Start gradually.", "img": "https://www.wikihow.com/images/thumb/8/8a/Walk-Step-7-Version-4.jpg/v4-460px-Walk-Step-7-Version-4.jpg", "vid": null}, "9": {"text": "Aim to walk for 21 minutes per day.", "img": "https://www.wikihow.com/images/thumb/7/7d/Walk-Step-8-Version-3.jpg/v4-460px-Walk-Step-8-Version-3.jpg", "vid": null}, "10": {"text": "Walk almost every day.", "img": "https://www.wikihow.com/images/thumb/b/b6/Walk-Step-9-Version-3.jpg/v4-460px-Walk-Step-9-Version-3.jpg", "vid": null}, "11": {"text": "Track your steps.", "img": "https://www.wikihow.com/images/thumb/3/3f/Walk-Step-10-Version-3.jpg/v4-460px-Walk-Step-10-Version-3.jpg", "vid": null}, "12": {"text": "Buy decent shoes for walking.", "img": "https://www.wikihow.com/images/thumb/1/12/Walk-Step-11-Version-3.jpg/v4-460px-Walk-Step-11-Version-3.jpg", "vid": null}, "13": {"text": "Wear the right clothing.", "img": "https://www.wikihow.com/images/thumb/c/ce/Walk-Step-12-Version-3.jpg/v4-460px-Walk-Step-12-Version-3.jpg", "vid": null}, "14": {"text": "Stay safe.", "img": "https://www.wikihow.com/images/thumb/d/dd/Walk-Step-13-Version-3.jpg/v4-460px-Walk-Step-13-Version-3.jpg", "vid": null}, "15": {"text": "Switch the locale.", "img": "https://www.wikihow.com/images/thumb/a/ac/Walk-Step-14-Version-3.jpg/v4-460px-Walk-Step-14-Version-3.jpg", "vid": null}, "16": {"text": "Walk on a treadmill.", "img": "https://www.wikihow.com/images/thumb/5/5b/Walk-Step-15-Version-3.jpg/v4-460px-Walk-Step-15-Version-3.jpg", "vid": null}}