{"video_url": "https://www.youtube.com/embed/n9u_7R-0BiA", "1": {"text": "Rinse your hair thoroughly with warm water.", "img": null, "vid": "/0/08/Wash Your Hair Step 1 Version 5.360p.mp4"}, "2": {"text": "Condition your hair before you shampoo if you have long hair.", "img": null, "vid": "/d/dc/Wash Your Hair Step 2 Version 5.360p.mp4"}, "3": {"text": "Gently massage shampoo into the roots of your hair.", "img": null, "vid": "/d/d1/Wash Your Hair Step 3 Version 5.360p.mp4"}, "4": {"text": "Do not shampoo the ends of your hair if you have longer hair.", "img": "https://www.wikihow.com/images/thumb/9/9f/Wash-Your-Hair-Step-4-Version-5.jpg/v4-460px-Wash-Your-Hair-Step-4-Version-5.jpg", "vid": null}, "5": {"text": "Rinse your hair and squeeze out the excess water.", "img": null, "vid": "/0/00/Wash Your Hair Step 5 Version 5.360p.mp4"}, "6": {"text": "Evenly spread conditioner into your hair if it is less than 3 inches long.", "img": null, "vid": "/4/44/Wash Your Hair Step 6 Version 5.360p.mp4"}, "7": {"text": "Apply conditioner on the midsection and ends of your hair if you have longer hair.", "img": null, "vid": "/2/28/Wash Your Hair Step 7 Version 5.360p.mp4"}, "8": {"text": "Leave the conditioner in your hair for 10 minutes after your shower if you have longer hair.", "img": "https://www.wikihow.com/images/thumb/9/91/Wash-Your-Hair-Step-8-Version-5.jpg/v4-460px-Wash-Your-Hair-Step-8-Version-5.jpg", "vid": null}, "9": {"text": "Rinse your hair with cool water if you have long hair.", "img": null, "vid": "/7/72/Wash Your Hair Step 9 Version 5.360p.mp4"}, "10": {"text": "Use a leave in conditioner or hair mask.", "img": "https://www.wikihow.com/images/thumb/2/2e/Wash-Your-Hair-Step-10-Version-5.jpg/v4-460px-Wash-Your-Hair-Step-10-Version-5.jpg", "vid": null}, "11": {"text": "Buy shampoo and conditioner for normal hair if your hair is shorter than 3 inches.", "img": "https://www.wikihow.com/images/thumb/b/b6/Wash-Your-Hair-Step-11-Version-5.jpg/v4-460px-Wash-Your-Hair-Step-11-Version-5.jpg", "vid": null}, "12": {"text": "Thicken the volume of your hair if you have fine, limp or oily hair.", "img": "https://www.wikihow.com/images/thumb/5/55/Wash-Your-Hair-Step-12-Version-5.jpg/v4-460px-Wash-Your-Hair-Step-12-Version-5.jpg", "vid": null}, "13": {"text": "Strengthen your hair with protein based shampoos if you treat your hair.", "img": "https://www.wikihow.com/images/thumb/4/49/Wash-Your-Hair-Step-13-Version-5.jpg/v4-460px-Wash-Your-Hair-Step-13-Version-5.jpg", "vid": null}, "14": {"text": "Find a shampoo to soften and tame your hair if you have coarse or curly hair.", "img": "https://www.wikihow.com/images/thumb/2/2b/Wash-Your-Hair-Step-14-Version-5.jpg/v4-460px-Wash-Your-Hair-Step-14-Version-5.jpg", "vid": null}, "15": {"text": "Use creamy shampoos if you have dry or frizzy hair.", "img": "https://www.wikihow.com/images/thumb/7/73/Wash-Your-Hair-Step-15-Version-5.jpg/v4-460px-Wash-Your-Hair-Step-15-Version-5.jpg", "vid": null}, "16": {"text": "Rotate the kind of shampoo you use if you have dandruff.", "img": "https://www.wikihow.com/images/thumb/5/51/Wash-Your-Hair-Step-16-Version-5.jpg/v4-460px-Wash-Your-Hair-Step-16-Version-5.jpg", "vid": null}}