{"video_url": "https://www.youtube.com/embed/WbZ7QcamCdc?showinfo=0", "1": {"text": "Scrape any leftover food into the trash or garbage disposal.", "img": "https://www.wikihow.com/images/thumb/3/35/Wash-Dishes-Step-1-Version-3.jpg/v4-460px-Wash-Dishes-Step-1-Version-3.jpg", "vid": null}, "2": {"text": "Fill your sink halfway with hot water and add 1\u00a0US\u00a0tbsp (15\u00a0ml) of dish soap.", "img": "https://www.wikihow.com/images/thumb/2/2a/Wash-Dishes-Step-2-Version-2.jpg/v4-460px-Wash-Dishes-Step-2-Version-2.jpg", "vid": null}, "3": {"text": "Work from lightly to heavily soiled dishes.", "img": "https://www.wikihow.com/images/thumb/0/0c/Wash-Dishes-Step-3-Version-2.jpg/v4-460px-Wash-Dishes-Step-3-Version-2.jpg", "vid": null}, "4": {"text": "Scrub your dishes underwater with a sponge or dishcloth.", "img": "https://www.wikihow.com/images/thumb/c/cb/Wash-Dishes-Step-4-Version-2.jpg/v4-460px-Wash-Dishes-Step-4-Version-2.jpg", "vid": null}, "5": {"text": "Rinse off the soap with hot water.", "img": "https://www.wikihow.com/images/thumb/3/37/Wash-Dishes-Step-5-Version-2.jpg/v4-460px-Wash-Dishes-Step-5-Version-2.jpg", "vid": null}, "6": {"text": "Let the dishes dry on a rack or a clean towel.", "img": "https://www.wikihow.com/images/thumb/2/21/Wash-Dishes-Step-6-Version-2.jpg/v4-460px-Wash-Dishes-Step-6-Version-2.jpg", "vid": null}, "7": {"text": "Rinse off your sink after you put your dishes away.", "img": null, "vid": null}, "8": {"text": "Get rid of any leftover food on your dishes and rinse them off.", "img": "https://www.wikihow.com/images/thumb/f/f0/Wash-Dishes-Step-7-Version-2.jpg/v4-460px-Wash-Dishes-Step-7-Version-2.jpg", "vid": null}, "9": {"text": "Put cups, small bowls, and plastics on the top shelf of your dishwasher.", "img": "https://www.wikihow.com/images/thumb/b/bf/Wash-Dishes-Step-8-Version-2.jpg/v4-460px-Wash-Dishes-Step-8-Version-2.jpg", "vid": null}, "10": {"text": "Load plates, serving bowls, and other larger cookware on the bottom rack.", "img": "https://www.wikihow.com/images/thumb/8/87/Wash-Dishes-Step-9-Version-2.jpg/v4-460px-Wash-Dishes-Step-9-Version-2.jpg", "vid": null}, "11": {"text": "Put the utensils into the basket on the bottom rack or door.", "img": "https://www.wikihow.com/images/thumb/a/ad/Wash-Dishes-Step-10-Version-2.jpg/v4-460px-Wash-Dishes-Step-10-Version-2.jpg", "vid": null}, "12": {"text": "Fill the designated compartment with a detergent made for use in a dishwasher.", "img": "https://www.wikihow.com/images/thumb/1/1b/Wash-Dishes-Step-11-Version-2.jpg/v4-460px-Wash-Dishes-Step-11-Version-2.jpg", "vid": null}, "13": {"text": "Run the dishwasher.", "img": "https://www.wikihow.com/images/thumb/3/36/Wash-Dishes-Step-12-Version-2.jpg/v4-460px-Wash-Dishes-Step-12-Version-2.jpg", "vid": null}, "14": {"text": "Pour hot water into the skillet immediately after you\u2019re done using it.", "img": "https://www.wikihow.com/images/thumb/d/d6/Wash-Dishes-Step-13-Version-2.jpg/v4-460px-Wash-Dishes-Step-13-Version-2.jpg", "vid": null}, "15": {"text": "Scrub off excess food with a new sponge or stiff-bristled brush.", "img": "https://www.wikihow.com/images/thumb/7/7d/Wash-Dishes-Step-14-Version-2.jpg/v4-460px-Wash-Dishes-Step-14-Version-2.jpg", "vid": null}, "16": {"text": "Dry the skillet on the stovetop.", "img": "https://www.wikihow.com/images/thumb/3/30/Wash-Dishes-Step-15-Version-2.jpg/v4-460px-Wash-Dishes-Step-15-Version-2.jpg", "vid": null}, "17": {"text": "Rub vegetable oil into the skillet with a paper towel.", "img": "https://www.wikihow.com/images/thumb/0/00/Wash-Dishes-Step-16-Version-2.jpg/v4-460px-Wash-Dishes-Step-16-Version-2.jpg", "vid": null}}