{"video_url": "https://www.youtube.com/embed/qt03eUTHc6U", "1": {"text": "Prepare your underarms.", "img": "https://www.wikihow.com/images/thumb/0/03/Wax-Your-Armpits-Step-1-Version-6.jpg/v4-460px-Wax-Your-Armpits-Step-1-Version-6.jpg", "vid": null}, "2": {"text": "Wrap yourself up in an old towel.", "img": "https://www.wikihow.com/images/thumb/9/90/Wax-Your-Armpits-Step-2-Version-6.jpg/v4-460px-Wax-Your-Armpits-Step-2-Version-6.jpg", "vid": null}, "3": {"text": "Powder your underarms.", "img": null, "vid": "/e/e6/Wax Your Armpits Step 3 Version 3.360p.mp4"}, "4": {"text": "Heat up body wax.", "img": "https://www.wikihow.com/images/thumb/d/d0/Wax-Your-Armpits-Step-4-Version-6.jpg/v4-460px-Wax-Your-Armpits-Step-4-Version-6.jpg", "vid": null}, "5": {"text": "Use a waxing stick to apply wax to your armpit.", "img": null, "vid": "/7/76/Wax Your Armpits Step 5 Version 3.360p.mp4"}, "6": {"text": "Apply a wax strip", "img": null, "vid": "/8/8d/Wax Your Armpits Step 6 Version 3.360p.mp4"}, "7": {"text": "Remove the strip.", "img": null, "vid": "/6/65/Wax Your Armpits Step 7 Version 3.360p.mp4"}, "8": {"text": "Examine your armpits in the mirror.", "img": null, "vid": "/e/ed/Wax Your Armpits Step 8 Version 2.360p.mp4"}, "9": {"text": "Remove excess wax with oil.", "img": null, "vid": "/6/68/Wax Your Armpits Step 9 Version 3.360p.mp4"}, "10": {"text": "Clean the area.", "img": null, "vid": "/6/61/Wax Your Armpits Step 10 Version 3.360p.mp4"}}