{"video_url": "https://www.youtube.com/embed/jJVlNqaTcXQ", "1": {"text": "Choose elevator shoes or shoe lifts for an invisible boost of height.", "img": "https://www.wikihow.com/images/thumb/1/1d/Wear-High-Heels-%28for-Men%29-Step-1-Version-3.jpg/v4-460px-Wear-High-Heels-%28for-Men%29-Step-1-Version-3.jpg", "vid": null}, "2": {"text": "Go with low-heeled boots for a subtle, trendy look.", "img": "https://www.wikihow.com/images/thumb/e/ed/Wear-High-Heels-%28for-Men%29-Step-2-Version-3.jpg/v4-460px-Wear-High-Heels-%28for-Men%29-Step-2-Version-3.jpg", "vid": null}, "3": {"text": "Wear low heels or wedges to feel fashionable but comfortable.", "img": "https://www.wikihow.com/images/thumb/b/bb/Wear-High-Heels-%28for-Men%29-Step-3-Version-3.jpg/v4-460px-Wear-High-Heels-%28for-Men%29-Step-3-Version-3.jpg", "vid": null}, "4": {"text": "Go with stilettos if you\u2019re feeling confident and experienced.", "img": "https://www.wikihow.com/images/thumb/4/4e/Wear-High-Heels-%28for-Men%29-Step-4-Version-3.jpg/v4-460px-Wear-High-Heels-%28for-Men%29-Step-4-Version-3.jpg", "vid": null}, "5": {"text": "Figure out your size in women\u2019s shoes.", "img": "https://www.wikihow.com/images/thumb/9/91/Wear-High-Heels-%28for-Men%29-Step-5-Version-3.jpg/v4-460px-Wear-High-Heels-%28for-Men%29-Step-5-Version-3.jpg", "vid": null}, "6": {"text": "Go to a department store if you have smaller feet.", "img": "https://www.wikihow.com/images/thumb/a/a9/Wear-High-Heels-%28for-Men%29-Step-6-Version-2.jpg/v4-460px-Wear-High-Heels-%28for-Men%29-Step-6-Version-2.jpg", "vid": null}, "7": {"text": "Try on your heels in the store if you feel comfortable.", "img": "https://www.wikihow.com/images/thumb/d/d6/Wear-High-Heels-%28for-Men%29-Step-7.jpg/v4-460px-Wear-High-Heels-%28for-Men%29-Step-7.jpg", "vid": null}, "8": {"text": "Order from an online or specialty store if you have larger feet.", "img": "https://www.wikihow.com/images/thumb/1/1c/Wear-High-Heels-%28for-Men%29-Step-8.jpg/v4-460px-Wear-High-Heels-%28for-Men%29-Step-8.jpg", "vid": null}, "9": {"text": "Test your heels\u2019 stability with the \u201crocking technique.", "img": "https://www.wikihow.com/images/thumb/6/61/Wear-High-Heels-%28for-Men%29-Step-9.jpg/v4-460px-Wear-High-Heels-%28for-Men%29-Step-9.jpg", "vid": null}, "10": {"text": "Try on your heels to test the fit.", "img": "https://www.wikihow.com/images/thumb/1/12/Wear-High-Heels-%28for-Men%29-Step-10.jpg/v4-460px-Wear-High-Heels-%28for-Men%29-Step-10.jpg", "vid": null}, "11": {"text": "Stretch your feet with warm-up exercises.", "img": "https://www.wikihow.com/images/thumb/6/64/Wear-High-Heels-%28for-Men%29-Step-11.jpg/v4-460px-Wear-High-Heels-%28for-Men%29-Step-11.jpg", "vid": null}, "12": {"text": "Sit down and slip on your heels.", "img": "https://www.wikihow.com/images/thumb/0/09/Wear-High-Heels-%28for-Men%29-Step-12.jpg/v4-460px-Wear-High-Heels-%28for-Men%29-Step-12.jpg", "vid": null}, "13": {"text": "Stand up straight and find your balance.", "img": "https://www.wikihow.com/images/thumb/4/48/Wear-High-Heels-%28for-Men%29-Step-13.jpg/v4-460px-Wear-High-Heels-%28for-Men%29-Step-13.jpg", "vid": null}, "14": {"text": "Take a few small steps, relaxing your knees and hips.", "img": "https://www.wikihow.com/images/thumb/f/f7/Wear-High-Heels-%28for-Men%29-Step-14.jpg/v4-460px-Wear-High-Heels-%28for-Men%29-Step-14.jpg", "vid": null}, "15": {"text": "Keep your chest up and your lower abs tight.", "img": "https://www.wikihow.com/images/thumb/6/6c/Wear-High-Heels-%28for-Men%29-Step-15.jpg/v4-460px-Wear-High-Heels-%28for-Men%29-Step-15.jpg", "vid": null}, "16": {"text": "Place one foot in front of the other as you walk.", "img": "https://www.wikihow.com/images/thumb/d/d0/Wear-High-Heels-%28for-Men%29-Step-16.jpg/v4-460px-Wear-High-Heels-%28for-Men%29-Step-16.jpg", "vid": null}, "17": {"text": "Practice your walk in front of a mirror a few times.", "img": "https://www.wikihow.com/images/thumb/d/d6/Wear-High-Heels-%28for-Men%29-Step-17.jpg/v4-460px-Wear-High-Heels-%28for-Men%29-Step-17.jpg", "vid": null}, "18": {"text": "Practice walking in your heels whenever you can.", "img": "https://www.wikihow.com/images/thumb/1/1b/Wear-High-Heels-%28for-Men%29-Step-18.jpg/v4-460px-Wear-High-Heels-%28for-Men%29-Step-18.jpg", "vid": null}, "19": {"text": "Wear slacks and a regular shirt with elevator shoes.", "img": "https://www.wikihow.com/images/thumb/2/2a/Dress-Professionally-Step-13-Version-2.jpg/v4-460px-Dress-Professionally-Step-13-Version-2.jpg", "vid": null}, "20": {"text": "Pair low-heeled boots with dark wash jeans.", "img": "https://www.wikihow.com/images/thumb/e/e8/Wear-Booties-Step-7-Version-2.jpg/v4-460px-Wear-Booties-Step-7-Version-2.jpg", "vid": null}, "21": {"text": "Wear tight jeans, leggings or capris to show off higher heels.", "img": "https://www.wikihow.com/images/thumb/a/a3/Dress-Up-Jeans-Step-20.jpg/v4-460px-Dress-Up-Jeans-Step-20.jpg", "vid": null}, "22": {"text": "Choose a dress or skirt for a trendy, gender-bending look.", "img": "https://www.wikihow.com/images/thumb/f/f8/Know-if-You-Are-Transgender-Step-11.jpg/v4-460px-Know-if-You-Are-Transgender-Step-11.jpg", "vid": null}, "23": {"text": "Continue wearing your heels in private if you feel like it.", "img": "https://www.wikihow.com/images/thumb/8/8b/Wear-High-Heels-%28for-Men%29-Step-19.jpg/v4-460px-Wear-High-Heels-%28for-Men%29-Step-19.jpg", "vid": null}, "24": {"text": "Walk around in a safe, uncrowded area to build up your confidence.", "img": "https://www.wikihow.com/images/thumb/0/04/Wear-High-Heels-%28for-Men%29-Step-20.jpg/v4-460px-Wear-High-Heels-%28for-Men%29-Step-20.jpg", "vid": null}, "25": {"text": "Walk on the streets if you\u2019re feeling comfortable and confident.", "img": "https://www.wikihow.com/images/thumb/8/84/Wear-High-Heels-%28for-Men%29-Step-21.jpg/v4-460px-Wear-High-Heels-%28for-Men%29-Step-21.jpg", "vid": null}}