{"video_url": "https://www.youtube.com/embed/1J4ebqqeG2M?showinfo=0", "1": {"text": "Set out the eggs.", "img": "https://www.wikihow.com/images/thumb/6/6a/Whisk-Eggs-Step-1-Version-4.jpg/v4-460px-Whisk-Eggs-Step-1-Version-4.jpg", "vid": null}, "2": {"text": "Separate the whites from the yolks, if necessary.", "img": null, "vid": "/c/c3/Whisk Eggs Step 2 Version 2.360p.mp4"}, "3": {"text": "Figure out how much you need to whisk your egg whites.", "img": "https://www.wikihow.com/images/thumb/3/32/Whisk-Eggs-Step-3-Version-4.jpg/v4-460px-Whisk-Eggs-Step-3-Version-4.jpg", "vid": null}, "4": {"text": "Select a clean, dry glass, copper, or stainless-steel bowl.", "img": "https://www.wikihow.com/images/thumb/8/82/Whisk-Eggs-Step-4-Version-4.jpg/v4-460px-Whisk-Eggs-Step-4-Version-4.jpg", "vid": null}, "5": {"text": "Choose a clean balloon whisk with many thin wires.", "img": "https://www.wikihow.com/images/thumb/e/e5/Whisk-Eggs-Step-5-Version-3.jpg/v4-460px-Whisk-Eggs-Step-5-Version-3.jpg", "vid": null}, "6": {"text": "Hold the whisk firmly and begin to slowly whisk the egg whites.", "img": null, "vid": "/f/f2/Whisk Eggs Step 6 Version 2.360p.mp4"}, "7": {"text": "Add cream of tartar to your egg whites once they are foamy.", "img": null, "vid": "/3/35/Whisk Eggs Step 7 Version 2.360p.mp4"}, "8": {"text": "Increase your speed.", "img": null, "vid": "/6/62/Whisk Eggs Step 8 Version 2.360p.mp4"}, "9": {"text": "Select either a stand or a hand-held mixer.", "img": "https://www.wikihow.com/images/thumb/1/16/Whisk-Eggs-Step-9-Version-3.jpg/v4-460px-Whisk-Eggs-Step-9-Version-3.jpg", "vid": null}, "10": {"text": "Whisk your egg whites at low speed until foamy, for about one minute.", "img": null, "vid": "/a/ab/Whisk Eggs Step 10.360p.mp4"}, "11": {"text": "Increase the speed gradually and continue to whisk your eggs.", "img": null, "vid": "/4/43/Whisk Eggs Step 11 Version 2.360p.mp4"}, "12": {"text": "Keep an eye on your whites.", "img": "https://www.wikihow.com/images/thumb/5/52/Whisk-Eggs-Step-12-Version-3.jpg/v4-460px-Whisk-Eggs-Step-12-Version-3.jpg", "vid": null}, "13": {"text": "Select fresh eggs when baking.", "img": "https://www.wikihow.com/images/thumb/e/e4/Whisk-Eggs-Step-13-Version-3.jpg/v4-460px-Whisk-Eggs-Step-13-Version-3.jpg", "vid": null}, "14": {"text": "Use the whisk attachment on your stand mixer.", "img": "https://www.wikihow.com/images/thumb/7/7a/Whisk-Eggs-Step-14-Version-3.jpg/v4-460px-Whisk-Eggs-Step-14-Version-3.jpg", "vid": null}, "15": {"text": "Combine eggs and sugar according to your recipe.", "img": null, "vid": "/9/9f/Whisk Eggs Step 15 Version 2.360p.mp4"}, "16": {"text": "Continue beating until the mixture is pale yellow.", "img": null, "vid": "/9/92/Whisk Eggs Step 16 Version 2.360p.mp4"}, "17": {"text": "Check for ribboning.", "img": null, "vid": "/c/c5/Whisk Eggs Step 17 Version 2.360p.mp4"}}