{"video_url": "https://www.youtube.com/embed/nWyJAGwCBp8?showinfo=0", "1": {"text": "Pour hydrogen peroxide, vinegar, lemon juice, or denture cleaner into a bowl.", "img": "https://www.wikihow.com/images/thumb/1/1d/Whiten-Nails-Step-1-Version-6.jpg/v4-460px-Whiten-Nails-Step-1-Version-6.jpg", "vid": null}, "2": {"text": "Soak your nails for up to 10 minutes to bleach them.", "img": "https://www.wikihow.com/images/thumb/6/67/Whiten-Nails-Step-2-Version-6.jpg/v4-460px-Whiten-Nails-Step-2-Version-6.jpg", "vid": null}, "3": {"text": "Rinse your nails off in warm water to remove the solution.", "img": "https://www.wikihow.com/images/thumb/5/56/Whiten-Nails-Step-3-Version-6.jpg/v4-460px-Whiten-Nails-Step-3-Version-6.jpg", "vid": null}, "4": {"text": "Soak your nails 2-3 times per week until they\u2019re white.", "img": "https://www.wikihow.com/images/thumb/5/51/Whiten-Nails-Step-4-Version-5.jpg/v4-460px-Whiten-Nails-Step-4-Version-5.jpg", "vid": null}, "5": {"text": "Apply a whitening toothpaste to your nails and let it sit for 10 minutes.", "img": null, "vid": "/5/51/Whiten Nails Step 5 Version 6.360p.mp4"}, "6": {"text": "Make a baking soda paste and let it sit on your nails for 30 minutes.", "img": null, "vid": "/e/e2/Whiten Nails Step 6 Version 6.360p.mp4"}, "7": {"text": "Scrub a baking soda-lemon juice paste onto your nails and wait 10 minutes.", "img": null, "vid": "/c/ca/Whiten Nails Step 7 Version 6.360p.mp4"}, "8": {"text": "Wipe your nails down with nail polish remover for polish stains.", "img": null, "vid": "/5/51/Whiten Nails Step 8 Version 5.360p.mp4"}, "9": {"text": "Color your tips white with a whitening nail pencil for a quick fix.", "img": null, "vid": "/f/fa/Whiten Nails Step 9 Version 4.360p.mp4"}, "10": {"text": "Use a base coat when painting your nails to prevent yellowing.", "img": null, "vid": "/2/2f/Whiten Nails Step 10 Version 6.360p.mp4"}, "11": {"text": "Choose lighter colors of nail polish instead of darker shades.", "img": "https://www.wikihow.com/images/thumb/e/e8/Whiten-Nails-Step-11-Version-7.jpg/v4-460px-Whiten-Nails-Step-11-Version-7.jpg", "vid": null}}