{"video_url": "https://www.youtube.com/embed/B3kp4fk7-Is", "1": {"text": "Assess your melee environment.", "img": "https://www.wikihow.com/images/thumb/b/b4/Win-a-Swordfight-Step-1-Version-2.jpg/v4-460px-Win-a-Swordfight-Step-1-Version-2.jpg", "vid": null}, "2": {"text": "Grip the sword properly with both hands.", "img": "https://www.wikihow.com/images/thumb/f/f3/Win-a-Swordfight-Step-2-Version-2.jpg/v4-460px-Win-a-Swordfight-Step-2-Version-2.jpg", "vid": null}, "3": {"text": "Hold your sword in the \"ready\" position at all times.", "img": "https://www.wikihow.com/images/thumb/2/25/Win-a-Swordfight-Step-3-Version-2.jpg/v4-460px-Win-a-Swordfight-Step-3-Version-2.jpg", "vid": null}, "4": {"text": "Open your body at a 45-degree angle, your left foot ahead of your right.", "img": "https://www.wikihow.com/images/thumb/7/75/Win-a-Swordfight-Step-4-Version-2.jpg/v4-460px-Win-a-Swordfight-Step-4-Version-2.jpg", "vid": null}, "5": {"text": "Practice the 8 different angles of attack.", "img": "https://www.wikihow.com/images/thumb/3/33/Win-a-Swordfight-Step-5-Version-2.jpg/v4-460px-Win-a-Swordfight-Step-5-Version-2.jpg", "vid": null}, "6": {"text": "Step away from your opponent's attack.", "img": "https://www.wikihow.com/images/thumb/1/19/Win-a-Swordfight-Step-6-Version-2.jpg/v4-460px-Win-a-Swordfight-Step-6-Version-2.jpg", "vid": null}, "7": {"text": "Perform a block against your opponent's move.", "img": "https://www.wikihow.com/images/thumb/b/b9/Win-a-Swordfight-Step-7-Version-2.jpg/v4-460px-Win-a-Swordfight-Step-7-Version-2.jpg", "vid": null}, "8": {"text": "Parry your opponent's attack with your sword.", "img": "https://www.wikihow.com/images/thumb/9/94/Win-a-Swordfight-Step-8-Version-2.jpg/v4-460px-Win-a-Swordfight-Step-8-Version-2.jpg", "vid": null}, "9": {"text": "Displace your opponent's sword and hit them as they attack.", "img": "https://www.wikihow.com/images/thumb/0/0d/Win-a-Swordfight-Step-9-Version-2.jpg/v4-460px-Win-a-Swordfight-Step-9-Version-2.jpg", "vid": null}, "10": {"text": "Counter cut against your opponent's attack.", "img": "https://www.wikihow.com/images/thumb/2/24/Win-a-Swordfight-Step-10-Version-2.jpg/v4-460px-Win-a-Swordfight-Step-10-Version-2.jpg", "vid": null}, "11": {"text": "Avoid stabbing movements with your sword.", "img": "https://www.wikihow.com/images/thumb/0/0b/Win-a-Swordfight-Step-11-Version-2.jpg/v4-460px-Win-a-Swordfight-Step-11-Version-2.jpg", "vid": null}, "12": {"text": "Execute the basic attacking movement.", "img": "https://www.wikihow.com/images/thumb/f/fc/Win-a-Swordfight-Step-12-Version-2.jpg/v4-460px-Win-a-Swordfight-Step-12-Version-2.jpg", "vid": null}, "13": {"text": "Perform a feint and kick to your opponent's groin.", "img": "https://www.wikihow.com/images/thumb/8/89/Win-a-Swordfight-Step-13-Version-2.jpg/v4-460px-Win-a-Swordfight-Step-13-Version-2.jpg", "vid": null}, "14": {"text": "Avoid lifting your arms and sword behind your head.", "img": "https://www.wikihow.com/images/thumb/c/c4/Win-a-Swordfight-Step-14.jpg/v4-460px-Win-a-Swordfight-Step-14.jpg", "vid": null}, "15": {"text": "Control the flow of the fight.", "img": "https://www.wikihow.com/images/thumb/a/a2/Win-a-Swordfight-Step-15.jpg/v4-460px-Win-a-Swordfight-Step-15.jpg", "vid": null}}