{"video_url": "https://www.youtube.com/embed/awgAoZWEuwM?showinfo=0", "1": {"text": "Place the burger on a piece of paper or foil 2.5 times the size of the burger.", "img": "https://www.wikihow.com/images/thumb/c/c8/Wrap-a-Burger-Step-1.jpg/v4-460px-Wrap-a-Burger-Step-1.jpg", "vid": null}, "2": {"text": "Bring two sides of the paper together over the burger.", "img": null, "vid": "/f/fc/Wrap a Burger Step 2.360p.mp4"}, "3": {"text": "Fold the top edge of the paper down until it's against the burger.", "img": null, "vid": "/a/a9/Wrap a Burger Step 3.360p.mp4"}, "4": {"text": "Tuck in the top edges of the paper on the sides of the burger.", "img": null, "vid": "/a/ac/Wrap a Burger Step 4.360p.mp4"}, "5": {"text": "Push the remaining triangle-shaped pieces under the burger.", "img": null, "vid": "/0/05/Wrap a Burger Step 5.360p.mp4"}, "6": {"text": "Cut the burger in half or roll back the paper to eat it in the wrap.", "img": "https://www.wikihow.com/images/thumb/f/fb/Wrap-a-Burger-Step-6.jpg/v4-460px-Wrap-a-Burger-Step-6.jpg", "vid": null}, "7": {"text": "Clean a head of lettuce and tear off 2 large leaves.", "img": "https://www.wikihow.com/images/thumb/0/0a/Wrap-a-Burger-Step-7.jpg/v4-460px-Wrap-a-Burger-Step-7.jpg", "vid": null}, "8": {"text": "Place the leaves of lettuce on a plate and put your burger on them.", "img": "https://www.wikihow.com/images/thumb/3/3a/Wrap-a-Burger-Step-8.jpg/v4-460px-Wrap-a-Burger-Step-8.jpg", "vid": null}, "9": {"text": "Fold the lettuce leaves up and over the burger.", "img": null, "vid": "/8/88/Wrap a Burger Step 9.360p.mp4"}, "10": {"text": "Place a cooked burger and your desired toppings on a large tortilla.", "img": "https://www.wikihow.com/images/thumb/b/bb/Wrap-a-Burger-Step-10.jpg/v4-460px-Wrap-a-Burger-Step-10.jpg", "vid": null}, "11": {"text": "Fold the tortilla over the center of the burger.", "img": null, "vid": "/3/3b/Wrap a Burger Step 11.360p.mp4"}, "12": {"text": "Roll the tortilla around the burger on the other edge.", "img": null, "vid": "/c/cc/Wrap a Burger Step 12.360p.mp4"}}