{"video_url": "https://www.youtube.com/embed/wl9n3_yJ3mg?showinfo=0", "1": {"text": "Remove all of the price tags.", "img": "https://www.wikihow.com/images/thumb/6/65/Wrap-a-Present-Step-1-Version-9.jpg/v4-460px-Wrap-a-Present-Step-1-Version-9.jpg", "vid": null}, "2": {"text": "Place the gift in a box.", "img": "https://www.wikihow.com/images/thumb/1/18/Wrap-a-Present-Step-2-Version-9.jpg/v4-460px-Wrap-a-Present-Step-2-Version-9.jpg", "vid": null}, "3": {"text": "Unroll the wrapping paper.", "img": null, "vid": "/5/5b/Wrap a Present Step 3 Version 8.360p.mp4"}, "4": {"text": "Lay the box topside down over your wrapping paper.", "img": "https://www.wikihow.com/images/thumb/5/5a/Wrap-a-Present-Step-4-Version-9.jpg/v4-460px-Wrap-a-Present-Step-4-Version-9.jpg", "vid": null}, "5": {"text": "Wrap the paper over the box.", "img": null, "vid": "/4/47/Wrap a Present Step 5 Version 8.360p.mp4"}, "6": {"text": "Cut the paper so the wrapping paper overlaps.", "img": null, "vid": "/a/a4/Wrap a Present Step 6 Version 7.360p.mp4"}, "7": {"text": "Tape one side of the paper to the box.", "img": null, "vid": "/5/59/Wrap a Present Step 7 Version 7.360p.mp4"}, "8": {"text": "Fold over the other side of the paper and tape it down.", "img": null, "vid": "/2/2c/Wrap a Present Step 8 Version 7.360p.mp4"}, "9": {"text": "Tuck in the paper on the corners of the box.", "img": null, "vid": "/1/10/Wrap a Present Step 9 Version 7.360p.mp4"}, "10": {"text": "Crease the triangle-shaped folds.", "img": null, "vid": "/2/27/Wrap a Present Step 10 Version 8.360p.mp4"}, "11": {"text": "Fold the upper and lower flap together.", "img": null, "vid": "/5/57/Wrap a Present Step 11 Version 7.360p.mp4"}, "12": {"text": "Secure the sides with tape.", "img": "https://www.wikihow.com/images/thumb/3/32/Wrap-a-Present-Step-12-Version-8.jpg/v4-460px-Wrap-a-Present-Step-12-Version-8.jpg", "vid": null}, "13": {"text": "Repeat on the other side.", "img": null, "vid": "/1/18/Wrap a Present Step 13 Version 7.360p.mp4"}, "14": {"text": "Measure your object.", "img": "https://www.wikihow.com/images/thumb/e/e8/Wrap-a-Present-Step-14-Version-8.jpg/v4-460px-Wrap-a-Present-Step-14-Version-8.jpg", "vid": null}, "15": {"text": "Cut out your tissue paper.", "img": "https://www.wikihow.com/images/thumb/8/83/Wrap-a-Present-Step-15-Version-8.jpg/v4-460px-Wrap-a-Present-Step-15-Version-8.jpg", "vid": null}, "16": {"text": "Place the object in the center of the paper.", "img": "https://www.wikihow.com/images/thumb/b/ba/Wrap-a-Present-Step-16-Version-8.jpg/v4-460px-Wrap-a-Present-Step-16-Version-8.jpg", "vid": null}, "17": {"text": "Wrap the paper around the round side.", "img": null, "vid": "/4/4e/Wrap a Present Step 17 Version 7.360p.mp4"}, "18": {"text": "Twist both ends to enclose the cylinder.", "img": null, "vid": "/1/12/Wrap a Present Step 18 Version 8.360p.mp4"}, "19": {"text": "Flip over the box.", "img": null, "vid": "/5/50/Wrap a Present Step 19 Version 7.360p.mp4"}, "20": {"text": "Add a To/From tag.", "img": "https://www.wikihow.com/images/thumb/5/54/Wrap-a-Present-Step-20-Version-8.jpg/v4-460px-Wrap-a-Present-Step-20-Version-8.jpg", "vid": null}, "21": {"text": " around the gift.", "img": null, "vid": "/1/15/Wrap a Present Step 21 Version 7.360p.mp4"}, "22": {"text": "Add stick-on bows.", "img": "https://www.wikihow.com/images/thumb/2/27/Wrap-a-Present-Step-22-Version-8.jpg/v4-460px-Wrap-a-Present-Step-22-Version-8.jpg", "vid": null}, "23": {"text": "Use fake berries or herbs as embellishments.", "img": "https://www.wikihow.com/images/thumb/4/4a/Wrap-a-Present-Step-23-Version-8.jpg/v4-460px-Wrap-a-Present-Step-23-Version-8.jpg", "vid": null}, "24": {"text": "Tie bells around the ribbons.", "img": "https://www.wikihow.com/images/thumb/7/77/Wrap-a-Present-Step-24-Version-6.jpg/v4-460px-Wrap-a-Present-Step-24-Version-6.jpg", "vid": null}}