{"video_url": "https://www.youtube.com/embed/njZAQ9vapek?showinfo=0", "1": {"text": "Clarify why you\u2019re writing a book.", "img": "https://www.wikihow.com/images/thumb/5/54/Write-a-Book-Step-1-Version-3.jpg/v4-460px-Write-a-Book-Step-1-Version-3.jpg", "vid": null}, "2": {"text": "Set up a workspace that works for you.", "img": "https://www.wikihow.com/images/thumb/b/b2/Write-a-Book-Step-2-Version-3.jpg/v4-460px-Write-a-Book-Step-2-Version-3.jpg", "vid": null}, "3": {"text": "Schedule writing into your daily routine.", "img": "https://www.wikihow.com/images/thumb/7/75/Write-a-Book-Step-3-Version-3.jpg/v4-460px-Write-a-Book-Step-3-Version-3.jpg", "vid": null}, "4": {"text": "Establish daily and weekly writing goals.", "img": "https://www.wikihow.com/images/thumb/1/1e/Write-a-Book-Step-4-Version-3.jpg/v4-460px-Write-a-Book-Step-4-Version-3.jpg", "vid": null}, "5": {"text": "Write without worrying about editing.", "img": "https://www.wikihow.com/images/thumb/e/e9/Write-a-Book-Step-5-Version-4.jpg/v4-460px-Write-a-Book-Step-5-Version-4.jpg", "vid": null}, "6": {"text": "Get feedback early and often.", "img": "https://www.wikihow.com/images/thumb/6/64/Write-a-Book-Step-6-Version-3.jpg/v4-460px-Write-a-Book-Step-6-Version-3.jpg", "vid": null}, "7": {"text": "Start with a big, captivating idea.", "img": "https://www.wikihow.com/images/thumb/0/08/Write-a-Book-Step-7-Version-3.jpg/v4-460px-Write-a-Book-Step-7-Version-3.jpg", "vid": null}, "8": {"text": "Research", "img": "https://www.wikihow.com/images/thumb/1/1f/Write-a-Book-Step-8-Version-3.jpg/v4-460px-Write-a-Book-Step-8-Version-3.jpg", "vid": null}, "9": {"text": "Break your big idea into manageable pieces.", "img": "https://www.wikihow.com/images/thumb/2/20/Write-a-Book-Step-9-Version-3.jpg/v4-460px-Write-a-Book-Step-9-Version-3.jpg", "vid": null}, "10": {"text": "Develop at least one unforgettable character.", "img": "https://www.wikihow.com/images/thumb/2/21/Write-a-Book-Step-10-Version-3.jpg/v4-460px-Write-a-Book-Step-10-Version-3.jpg", "vid": null}, "11": {"text": "Emphasize conflict and tension in your narrative.", "img": "https://www.wikihow.com/images/thumb/5/53/Write-a-Book-Step-11-Version-3.jpg/v4-460px-Write-a-Book-Step-11-Version-3.jpg", "vid": null}, "12": {"text": "Make sure everything you include advances the story.", "img": "https://www.wikihow.com/images/thumb/1/14/Write-a-Book-Step-12-Version-3.jpg/v4-460px-Write-a-Book-Step-12-Version-3.jpg", "vid": null}, "13": {"text": "Keep revising your book, but don\u2019t make excuses for not submitting it.", "img": "https://www.wikihow.com/images/thumb/7/79/Write-a-Book-Step-13-Version-3.jpg/v4-460px-Write-a-Book-Step-13-Version-3.jpg", "vid": null}, "14": {"text": "Hire a literary agent if you\u2019re aiming for traditional publication.", "img": "https://www.wikihow.com/images/thumb/7/7e/Write-a-Book-Step-14-Version-3.jpg/v4-460px-Write-a-Book-Step-14-Version-3.jpg", "vid": null}, "15": {"text": "Look into self-publishing options if the traditional route isn\u2019t ideal.", "img": "https://www.wikihow.com/images/thumb/7/75/Write-a-Book-Step-15-Version-3.jpg/v4-460px-Write-a-Book-Step-15-Version-3.jpg", "vid": null}}