{"video_url": "https://www.youtube.com/embed/SXvycUS6MA4?showinfo=0", "1": {"text": "Find your style", "img": "https://www.wikihow.com/images/thumb/2/2a/Write-an-Essay-Step-17-Version-3.jpg/v4-460px-Write-an-Essay-Step-17-Version-3.jpg", "vid": null}, "2": {"text": "Establish your reason for writing.", "img": "https://www.wikihow.com/images/thumb/e/ee/Write-Step-2-Version-4.jpg/v4-460px-Write-Step-2-Version-4.jpg", "vid": null}, "3": {"text": "Read different authors, genres, and styles of writing.", "img": "https://www.wikihow.com/images/thumb/1/1b/Write-Step-1-Version-4.jpg/v4-460px-Write-Step-1-Version-4.jpg", "vid": null}, "4": {"text": "Brainstorm", "img": "https://www.wikihow.com/images/thumb/4/46/Write-Step-4-Version-3.jpg/v4-460px-Write-Step-4-Version-3.jpg", "vid": null}, "5": {"text": "Map out subjects, topics, and arguments for non-creative pieces.", "img": "https://www.wikihow.com/images/thumb/d/d8/Write-Step-3-Version-3.jpg/v4-460px-Write-Step-3-Version-3.jpg", "vid": null}, "6": {"text": "Try freewriting to get your ideas flowing.", "img": "https://www.wikihow.com/images/thumb/d/d7/Write-Step-7-Version-3.jpg/v4-460px-Write-Step-7-Version-3.jpg", "vid": null}, "7": {"text": "Identify your audience and what they know about your subject.", "img": "https://www.wikihow.com/images/thumb/e/ec/Write-Step-6-Version-4.jpg/v4-460px-Write-Step-6-Version-4.jpg", "vid": null}, "8": {"text": "Research your topic.", "img": "https://www.wikihow.com/images/thumb/3/3b/Write-Step-5-Version-4.jpg/v4-460px-Write-Step-5-Version-4.jpg", "vid": null}, "9": {"text": "Set up your timeline or goals.", "img": "https://www.wikihow.com/images/thumb/5/5d/Write-Step-8-Version-4.jpg/v4-460px-Write-Step-8-Version-4.jpg", "vid": null}, "10": {"text": "Outline your piece.", "img": "https://www.wikihow.com/images/thumb/f/fe/Write-Step-9-Version-4.jpg/v4-460px-Write-Step-9-Version-4.jpg", "vid": null}, "11": {"text": "Provide conflict, climax, and resolution in a creative piece.", "img": "https://www.wikihow.com/images/thumb/1/17/Write-Step-10-Version-4.jpg/v4-460px-Write-Step-10-Version-4.jpg", "vid": null}, "12": {"text": "Give an analytical piece an introduction, evidence, analysis, and conclusion.", "img": "https://www.wikihow.com/images/thumb/a/af/Write-Step-11-Version-4.jpg/v4-460px-Write-Step-11-Version-4.jpg", "vid": null}, "13": {"text": "Write your first draft.", "img": "https://www.wikihow.com/images/thumb/5/50/Write-Step-6-Version-3.jpg/v4-460px-Write-Step-6-Version-3.jpg", "vid": null}, "14": {"text": "Edit", "img": "https://www.wikihow.com/images/thumb/6/6b/Write-Step-8-Version-3.jpg/v4-460px-Write-Step-8-Version-3.jpg", "vid": null}, "15": {"text": "Rewrite until you're ready to get an outside opinion.", "img": "https://www.wikihow.com/images/thumb/2/28/Write-Step-14-Version-4.jpg/v4-460px-Write-Step-14-Version-4.jpg", "vid": null}, "16": {"text": "Proofread your piece for technical errors.", "img": "https://www.wikihow.com/images/thumb/3/3c/Write-Step-9-Version-3.jpg/v4-460px-Write-Step-9-Version-3.jpg", "vid": null}, "17": {"text": "Ask for outside opinions.", "img": "https://www.wikihow.com/images/thumb/d/d6/Write-Step-11-Version-3.jpg/v4-460px-Write-Step-11-Version-3.jpg", "vid": null}, "18": {"text": "Incorporate the feedback you received from others.", "img": "https://www.wikihow.com/images/thumb/d/da/Write-Step-12-Version-3.jpg/v4-460px-Write-Step-12-Version-3.jpg", "vid": null}, "19": {"text": "Omit needless words.", "img": "https://www.wikihow.com/images/thumb/c/c1/Write-Step-13-Version-3.jpg/v4-460px-Write-Step-13-Version-3.jpg", "vid": null}, "20": {"text": "Keep your vocabulary simple.", "img": "https://www.wikihow.com/images/thumb/3/3a/Write-Step-14-Version-3.jpg/v4-460px-Write-Step-14-Version-3.jpg", "vid": null}, "21": {"text": "Use verbs to move your sentence.", "img": "https://www.wikihow.com/images/thumb/2/2f/Write-Step-15-Version-3.jpg/v4-460px-Write-Step-15-Version-3.jpg", "vid": null}, "22": {"text": "Pay attention to verb voice.", "img": "https://www.wikihow.com/images/thumb/1/1b/Write-Step-16-Version-3.jpg/v4-460px-Write-Step-16-Version-3.jpg", "vid": null}, "23": {"text": "Use figurative language for effect in creative pieces.", "img": "https://www.wikihow.com/images/thumb/c/c0/Write-Step-17-Version-3.jpg/v4-460px-Write-Step-17-Version-3.jpg", "vid": null}, "24": {"text": "Choose your punctuation carefully.", "img": "https://www.wikihow.com/images/thumb/4/4d/Write-Step-18-Version-3.jpg/v4-460px-Write-Step-18-Version-3.jpg", "vid": null}}